date,open,high,low,close,adj_close,volume,source
2010-01-04,10.82,11.04,10.78,10.85,10.85,34420000.0,investing
2010-01-05,10.86,11.29,10.63,11.17,11.17,60660000.0,investing
2010-01-06,11.08,11.34,10.99,11.22,11.22,32060000.000000004,investing
2010-01-07,11.23,11.25,10.56,10.84,10.84,46470000.0,investing
2010-01-08,10.75,11.17,10.62,11.1,11.1,32430000.0,investing
2010-01-11,11.25,11.31,10.82,10.9,10.9,29140000.0,investing
2010-01-12,10.65,10.66,10.14,10.26,10.26,46120000.0,investing
2010-01-13,10.31,10.56,9.97,10.46,10.46,33520000.000000004,investing
2010-01-14,10.43,10.95,10.43,10.73,10.73,33870000.0,investing
2010-01-15,10.7,10.7,10.04,10.13,10.13,31000000.0,investing
2010-01-19,10.14,10.3,10.04,10.28,10.28,18550000.0,investing
2010-01-20,10.0,10.07,9.73,9.98,9.98,42200000.0,investing
2010-01-21,10.07,10.24,9.76,9.8,9.8,38270000.0,investing
2010-01-22,9.7,9.71,9.09,9.13,9.13,44450000.0,investing
2010-01-25,9.28,9.42,9.17,9.33,9.33,24000000.0,investing
2010-01-26,9.36,9.74,9.27,9.44,9.44,25160000.0,investing
2010-01-27,9.48,9.74,9.35,9.72,9.72,21640000.0,investing
2010-01-28,9.73,9.75,9.1,9.4,9.4,32250000.0,investing
2010-01-29,9.45,9.5,8.57,8.72,8.72,42660000.0,investing
2010-02-01,8.88,9.2,8.84,9.17,9.17,19410000.0,investing
2010-02-02,9.27,9.5,9.25,9.35,9.35,21670000.0,investing
2010-02-03,9.16,9.32,8.93,9.02,9.02,25370000.0,investing
2010-02-04,9.11,9.18,8.55,8.61,8.61,26700000.0,investing
2010-02-05,8.63,8.71,8.27,8.7,8.7,36410000.0,investing
2010-02-08,8.77,9.05,8.59,8.91,8.91,20270000.0,investing
2010-02-09,9.17,9.28,8.84,9.08,9.08,20850000.0,investing
2010-02-10,8.61,8.73,8.18,8.54,8.54,70630000.0,investing
2010-02-11,8.56,8.78,8.42,8.53,8.53,50940000.0,investing
2010-02-12,8.42,8.74,8.32,8.44,8.44,44240000.0,investing
2010-02-16,8.64,8.71,8.49,8.63,8.63,25230000.0,investing
2010-02-17,8.79,8.79,8.56,8.73,8.73,18430000.0,investing
2010-02-18,8.65,8.77,8.59,8.76,8.76,22490000.0,investing
2010-02-19,8.77,9.14,8.66,8.9,8.9,28670000.0,investing
2010-02-22,9.07,9.11,8.91,8.94,8.94,16120000.000000002,investing
2010-02-23,8.83,8.83,8.42,8.61,8.61,28630000.0,investing
2010-02-24,8.7,9.23,8.64,9.09,9.09,34310000.0,investing
2010-02-25,8.87,9.09,8.72,9.07,9.07,20930000.0,investing
2010-02-26,9.08,9.15,8.87,9.06,9.06,20390000.0,investing
2010-03-01,9.24,9.79,9.2,9.77,9.77,39160000.0,investing
2010-03-02,9.54,9.74,9.51,9.57,9.57,40230000.0,investing
2010-03-03,9.58,9.7,9.39,9.45,9.45,25130000.0,investing
2010-03-04,9.41,9.43,9.17,9.41,9.41,19760000.0,investing
2010-03-05,9.56,9.58,9.32,9.46,9.46,15690000.0,investing
2010-03-08,9.48,9.65,9.36,9.59,9.59,26710000.0,investing
2010-03-09,9.46,9.6,9.34,9.41,9.41,33740000.0,investing
2010-03-10,9.63,9.96,9.57,9.87,9.87,39340000.0,investing
2010-03-11,9.85,9.9,9.62,9.8,9.8,20020000.0,investing
2010-03-12,10.08,10.25,9.7,9.97,9.97,33690000.0,investing
2010-03-15,9.92,9.94,9.6,9.73,9.73,25970000.0,investing
2010-03-16,9.85,10.24,9.8,10.21,10.21,24370000.0,investing
2010-03-17,10.33,10.51,10.23,10.4,10.4,26410000.0,investing
2010-03-18,10.3,10.4,10.05,10.16,10.16,20230000.0,investing
2010-03-19,10.27,10.27,9.95,9.95,9.95,19780000.0,investing
2010-03-22,9.83,10.36,9.75,10.33,10.33,19350000.0,investing
2010-03-23,10.4,10.57,10.34,10.54,10.54,22130000.0,investing
2010-03-24,10.62,10.63,10.37,10.43,10.43,18190000.0,investing
2010-03-25,10.67,10.79,10.35,10.38,10.38,24980000.0,investing
2010-03-26,10.54,10.73,10.26,10.49,10.49,25900000.0,investing
2010-03-29,10.66,10.79,10.58,10.63,10.63,22230000.0,investing
2010-03-30,10.72,10.9,10.67,10.79,10.79,37350000.0,investing
2010-03-31,10.72,10.75,10.36,10.37,10.37,38780000.0,investing
2010-04-01,11.03,11.05,10.11,10.17,10.17,127590000.0,investing
2010-04-05,10.37,10.64,10.25,10.6,10.6,52480000.0,investing
2010-04-06,10.63,10.64,10.21,10.23,10.23,42610000.0,investing
2010-04-07,10.23,10.65,10.13,10.56,10.56,44200000.0,investing
2010-04-08,10.53,10.68,10.37,10.58,10.58,33100000.0,investing
2010-04-09,10.71,10.82,10.65,10.73,10.73,24270000.0,investing
2010-04-12,10.74,10.95,10.58,10.82,10.82,37160000.0,investing
2010-04-13,10.79,10.85,10.63,10.76,10.76,28040000.0,investing
2010-04-14,11.05,11.4,10.99,11.3,11.3,49940000.0,investing
2010-04-15,11.21,11.38,11.12,11.18,11.18,29170000.0,investing
2010-04-16,11.09,11.1,10.69,10.92,10.92,36310000.0,investing
2010-04-19,10.81,11.0,10.48,10.79,10.79,26300000.0,investing
2010-04-20,10.87,10.97,10.67,10.75,10.75,24290000.0,investing
2010-04-21,10.94,11.08,10.54,10.74,10.74,38630000.0,investing
2010-04-22,10.61,11.01,10.41,10.93,10.93,31720000.0,investing
2010-04-23,10.98,11.01,10.75,11.0,11.0,25340000.0,investing
2010-04-26,10.97,11.03,10.88,10.97,10.97,17540000.0,investing
2010-04-27,10.84,10.85,10.28,10.34,10.34,32060000.000000004,investing
2010-04-28,10.42,10.48,9.72,10.24,10.24,66819999.99999999,investing
2010-04-29,10.4,10.41,10.05,10.21,10.21,23940000.0,investing
2010-04-30,10.14,10.15,9.33,9.35,9.35,52940000.0,investing
2010-05-03,9.42,9.94,9.42,9.89,9.89,49170000.0,investing
2010-05-04,9.65,9.67,9.31,9.52,9.52,50190000.0,investing
2010-05-05,9.29,9.49,8.98,9.26,9.26,37390000.0,investing
2010-05-06,9.29,9.44,7.32,8.75,8.75,66629999.99999999,investing
2010-05-07,8.8,8.8,8.04,8.57,8.57,64580000.0,investing
2010-05-10,9.2,9.25,8.83,9.09,9.09,38080000.0,investing
2010-05-11,8.88,9.07,8.72,8.82,8.82,38780000.0,investing
2010-05-12,8.9,9.39,8.87,9.33,9.33,40610000.0,investing
2010-05-13,9.32,9.46,9.08,9.14,9.14,32340000.000000004,investing
2010-05-14,8.96,9.07,8.75,8.94,8.94,41970000.0,investing
2010-05-17,8.94,9.21,8.78,9.17,9.17,39770000.0,investing
2010-05-18,9.32,9.42,8.95,9.07,9.07,48380000.0,investing
2010-05-19,9.0,9.24,8.7,8.96,8.96,29980000.0,investing
2010-05-20,8.7,9.02,8.48,8.74,8.74,38300000.0,investing
2010-05-21,8.41,9.03,8.37,8.93,8.93,38500000.0,investing
2010-05-24,8.97,9.24,8.77,8.79,8.79,28880000.0,investing
2010-05-25,8.45,8.82,8.32,8.8,8.8,33080000.0,investing
2010-05-26,8.95,9.14,8.63,8.69,8.69,36250000.0,investing
2010-05-27,8.99,9.46,8.95,9.44,9.44,37420000.0,investing
2010-05-28,9.4,9.4,8.81,9.09,9.09,42980000.0,investing
2010-06-01,8.94,9.02,8.66,8.66,8.66,41910000.0,investing
2010-06-02,8.76,9.21,8.75,9.18,9.18,42960000.0,investing
2010-06-03,9.28,9.46,9.06,9.24,9.24,44000000.0,investing
2010-06-04,8.97,9.38,8.81,8.86,8.86,33060000.000000004,investing
2010-06-07,8.99,8.99,8.36,8.38,8.38,35450000.0,investing
2010-06-08,8.45,8.6,8.27,8.54,8.54,33549999.999999996,investing
2010-06-09,8.65,8.9,8.47,8.53,8.53,28670000.0,investing
2010-06-10,8.72,8.83,8.58,8.77,8.77,24130000.0,investing
2010-06-11,8.65,8.94,8.59,8.93,8.93,23510000.0,investing
2010-06-14,9.09,9.17,8.9,8.91,8.91,26400000.0,investing
2010-06-15,9.05,9.75,9.03,9.68,9.68,52150000.0,investing
2010-06-16,9.52,9.98,9.46,9.91,9.91,39000000.0,investing
2010-06-17,10.0,10.1,9.77,9.92,9.92,28560000.0,investing
2010-06-18,9.9,10.14,9.82,10.0,10.0,24580000.0,investing
2010-06-21,10.25,10.29,9.86,9.92,9.92,26690000.0,investing
2010-06-22,9.94,10.12,9.6,9.64,9.64,26930000.0,investing
2010-06-23,9.66,9.99,9.56,9.82,9.82,28390000.0,investing
2010-06-24,9.82,9.9,9.52,9.62,9.62,33940000.0,investing
2010-06-25,9.71,9.75,9.37,9.46,9.46,30360000.0,investing
2010-06-28,9.73,10.09,9.64,10.02,10.02,57250000.0,investing
2010-06-29,9.24,9.3,8.6,8.67,8.67,88460000.0,investing
2010-06-30,8.72,8.92,8.45,8.49,8.49,38840000.0,investing
2010-07-01,8.51,8.54,8.01,8.38,8.38,50080000.0,investing
2010-07-02,8.41,8.44,8.06,8.22,8.22,21530000.0,investing
2010-07-06,8.53,8.64,8.21,8.35,8.35,39810000.0,investing
2010-07-07,8.56,8.9,8.44,8.89,8.89,30840000.0,investing
2010-07-08,8.94,9.0,8.53,8.69,8.69,31370000.0,investing
2010-07-09,8.7,8.71,8.44,8.57,8.57,30610000.0,investing
2010-07-12,8.53,8.75,8.5,8.55,8.55,27470000.0,investing
2010-07-13,8.75,8.8,8.51,8.73,8.73,39240000.0,investing
2010-07-14,8.83,8.88,8.55,8.75,8.75,39360000.0,investing
2010-07-15,8.74,8.74,8.48,8.66,8.66,27460000.0,investing
2010-07-16,8.55,8.57,8.25,8.27,8.27,25500000.0,investing
2010-07-19,8.33,8.46,8.23,8.43,8.43,21290000.0,investing
2010-07-20,8.32,8.48,8.13,8.45,8.45,33100000.0,investing
2010-07-21,8.55,8.56,8.15,8.17,8.17,37630000.0,investing
2010-07-22,8.35,8.59,8.24,8.54,8.54,34890000.0,investing
2010-07-23,8.46,8.61,8.34,8.48,8.48,25000000.0,investing
2010-07-26,8.47,8.51,8.34,8.51,8.51,31010000.0,investing
2010-07-27,8.57,8.6,8.34,8.43,8.43,29280000.0,investing
2010-07-28,8.36,8.53,8.14,8.24,8.24,30440000.0,investing
2010-07-29,8.28,8.31,7.68,7.78,7.78,54090000.0,investing
2010-07-30,7.55,7.6,7.26,7.28,7.28,68690000.0,investing
2010-08-02,7.39,7.75,7.3,7.65,7.65,40160000.0,investing
2010-08-03,7.58,7.61,7.43,7.47,7.47,24110000.0,investing
2010-08-04,7.55,7.68,7.41,7.64,7.64,25850000.0,investing
2010-08-05,7.6,7.8,6.82,7.7,7.7,19310000.0,investing
2010-08-06,7.59,7.7,7.41,7.58,7.58,26050000.0,investing
2010-08-09,7.66,7.7,7.45,7.54,7.54,19870000.0,investing
2010-08-10,7.35,7.35,7.13,7.27,7.27,31020000.0,investing
2010-08-11,7.03,7.25,7.0,7.15,7.15,41290000.0,investing
2010-08-12,6.97,7.4,6.89,7.37,7.37,39790000.0,investing
2010-08-13,7.3,7.58,7.28,7.28,7.28,24140000.0,investing
2010-08-16,7.25,7.35,7.15,7.18,7.18,21120000.0,investing
2010-08-17,7.31,7.48,7.23,7.31,7.31,19180000.0,investing
2010-08-18,7.31,7.47,7.25,7.45,7.45,16290000.0,investing
2010-08-19,7.36,7.44,7.12,7.18,7.18,28780000.0,investing
2010-08-20,7.15,7.26,7.04,7.12,7.12,22310000.0,investing
2010-08-23,7.18,7.45,7.18,7.38,7.38,28040000.0,investing
2010-08-24,7.2,7.3,7.05,7.06,7.06,25200000.0,investing
2010-08-25,7.03,7.16,6.92,7.1,7.1,23350000.0,investing
2010-08-26,7.17,7.23,6.77,6.78,6.78,30010000.0,investing
2010-08-27,6.91,6.93,6.4,6.83,6.83,42460000.0,investing
2010-08-30,6.89,6.9,6.52,6.54,6.54,32210000.0,investing
2010-08-31,6.45,6.6,6.36,6.46,6.46,36320000.0,investing
2010-09-01,6.64,6.78,6.55,6.73,6.73,31490000.0,investing
2010-09-02,6.73,6.86,6.7,6.83,6.83,22910000.0,investing
2010-09-03,6.95,7.09,6.82,7.05,7.05,22900000.0,investing
2010-09-07,7.0,7.0,6.71,6.75,6.75,27020000.0,investing
2010-09-08,6.78,6.8,6.52,6.6,6.6,27990000.0,investing
2010-09-09,6.73,6.87,6.68,6.8,6.8,27510000.0,investing
2010-09-10,6.78,6.8,6.5,6.51,6.51,32900000.0,investing
2010-09-13,6.66,7.12,6.65,7.05,7.05,45830000.0,investing
2010-09-14,7.05,7.38,6.95,7.27,7.27,48980000.0,investing
2010-09-15,7.02,7.04,6.85,6.94,6.94,59840000.0,investing
2010-09-16,6.98,7.11,6.92,7.1,7.1,24650000.0,investing
2010-09-17,7.08,7.15,6.72,6.76,6.76,57860000.0,investing
2010-09-20,6.8,6.98,6.76,6.94,6.94,32810000.000000004,investing
2010-09-21,6.94,7.05,6.85,6.88,6.88,31330000.0,investing
2010-09-22,6.86,6.88,6.67,6.72,6.72,30390000.0,investing
2010-09-23,6.61,6.9,6.59,6.67,6.67,29980000.0,investing
2010-09-24,6.87,7.22,6.86,7.2,7.2,44570000.0,investing
2010-09-27,7.17,7.2,7.01,7.03,7.03,30160000.0,investing
2010-09-28,7.09,7.2,7.01,7.15,7.15,26830000.0,investing
2010-09-29,7.15,7.55,7.14,7.29,7.29,42030000.0,investing
2010-09-30,7.4,7.49,7.12,7.21,7.21,32580000.0,investing
2010-10-01,7.28,7.34,7.19,7.29,7.29,26810000.0,investing
2010-10-04,7.25,7.27,6.97,6.99,6.99,35870000.0,investing
2010-10-05,7.15,7.15,6.92,6.93,6.93,60480000.0,investing
2010-10-06,6.95,6.96,6.76,6.95,6.95,33560000.0,investing
2010-10-07,7.03,7.11,6.95,7.11,7.11,44160000.0,investing
2010-10-08,7.2,7.64,7.2,7.59,7.59,86690000.0,investing
2010-10-11,7.66,7.9,7.56,7.67,7.67,47500000.0,investing
2010-10-12,7.63,7.87,7.58,7.75,7.75,37610000.0,investing
2010-10-13,7.89,7.9,7.65,7.65,7.65,43290000.0,investing
2010-10-14,7.65,7.74,7.5,7.59,7.59,25760000.0,investing
2010-10-15,7.7,7.71,7.5,7.61,7.61,23830000.0,investing
2010-10-18,7.62,7.64,7.5,7.54,7.54,16680000.0,investing
2010-10-19,7.43,7.53,7.27,7.3,7.3,28620000.0,investing
2010-10-20,7.37,7.76,7.34,7.69,7.69,39760000.0,investing
2010-10-21,7.71,7.75,7.5,7.5,7.5,20140000.0,investing
2010-10-22,7.53,7.71,7.51,7.69,7.69,15430000.0,investing
2010-10-25,7.7,7.88,7.7,7.81,7.81,16770000.0,investing
2010-10-26,7.78,7.8,7.62,7.72,7.72,16050000.0,investing
2010-10-27,7.68,7.98,7.66,7.97,7.97,22080000.0,investing
2010-10-28,8.0,8.01,7.78,7.94,7.94,20020000.0,investing
2010-10-29,8.2,8.27,8.12,8.26,8.26,86550000.0,investing
2010-11-01,8.29,8.3,8.05,8.14,8.14,32570000.0,investing
2010-11-02,8.21,8.22,8.05,8.11,8.11,19620000.0,investing
2010-11-03,8.13,8.14,7.93,8.09,8.09,25030000.0,investing
2010-11-04,8.47,8.68,8.45,8.56,8.56,44750000.0,investing
2010-11-05,8.57,8.78,8.47,8.65,8.65,24730000.0,investing
2010-11-08,8.62,8.64,8.22,8.24,8.24,47040000.0,investing
2010-11-09,8.3,8.32,7.83,7.9,7.9,48960000.0,investing
2010-11-10,7.92,7.99,7.75,7.87,7.87,40780000.0,investing
2010-11-11,7.77,7.89,7.7,7.85,7.85,33280000.0,investing
2010-11-12,7.8,7.86,7.46,7.72,7.72,38610000.0,investing
2010-11-15,7.65,7.66,7.42,7.42,7.42,35160000.0,investing
2010-11-16,7.36,7.41,7.13,7.22,7.22,37490000.0,investing
2010-11-17,7.25,7.32,7.09,7.1,7.1,29870000.0,investing
2010-11-18,7.27,7.33,7.19,7.29,7.29,31840000.0,investing
2010-11-19,7.27,7.54,7.26,7.39,7.39,31300000.0,investing
2010-11-22,7.45,7.5,7.23,7.32,7.32,22880000.0,investing
2010-11-23,7.21,7.52,7.18,7.42,7.42,36900000.0,investing
2010-11-24,7.48,7.85,7.47,7.75,7.75,54450000.0,investing
2010-11-26,7.64,7.68,7.55,7.65,7.65,10180000.0,investing
2010-11-29,7.57,7.63,7.48,7.57,7.57,18390000.0,investing
2010-11-30,7.47,7.5,7.23,7.27,7.27,29110000.0,investing
2010-12-01,7.45,7.53,7.32,7.39,7.39,28870000.0,investing
2010-12-02,7.44,7.91,7.42,7.91,7.91,47370000.0,investing
2010-12-03,7.8,7.98,7.74,7.92,7.92,29770000.0,investing
2010-12-06,7.87,8.04,7.8,7.96,7.96,26410000.0,investing
2010-12-07,8.12,8.29,7.88,7.92,7.92,36450000.0,investing
2010-12-08,7.89,7.95,7.72,7.94,7.94,26080000.0,investing
2010-12-09,8.33,8.33,8.1,8.19,8.19,30060000.0,investing
2010-12-10,8.2,8.32,8.07,8.25,8.25,31090000.0,investing
2010-12-13,8.38,8.38,8.14,8.14,8.14,28080000.0,investing
2010-12-14,8.15,8.19,8.0,8.06,8.06,25960000.0,investing
2010-12-15,8.0,8.11,7.88,7.92,7.92,20300000.0,investing
2010-12-16,7.96,8.1,7.88,8.05,8.05,19340000.0,investing
2010-12-17,8.06,8.22,8.0,8.21,8.21,42520000.0,investing
2010-12-20,8.29,8.37,8.1,8.12,8.12,24270000.0,investing
2010-12-21,8.2,8.29,8.09,8.14,8.14,30140000.0,investing
2010-12-22,8.17,8.3,8.09,8.28,8.28,43110000.0,investing
2010-12-23,8.08,8.1,7.91,7.94,7.94,35760000.0,investing
2010-12-27,7.88,7.9,7.75,7.81,7.81,15100000.0,investing
2010-12-28,7.81,7.85,7.65,7.76,7.76,15170000.0,investing
2010-12-29,7.78,7.82,7.65,7.75,7.75,13890000.0,investing
2010-12-30,7.71,7.92,7.68,7.9,7.9,13040000.0,investing
2010-12-31,7.91,8.04,7.84,8.02,8.02,15600000.0,investing
2011-01-03,8.14,8.48,8.14,8.28,8.28,43350000.0,investing
2011-01-04,8.38,8.58,8.36,8.44,8.44,44650000.0,investing
2011-01-05,8.41,8.78,8.4,8.54,8.54,38760000.0,investing
2011-01-06,8.67,8.7,8.55,8.58,8.58,25280000.0,investing
2011-01-07,8.56,8.7,8.45,8.64,8.64,24520000.0,investing
2011-01-10,8.68,8.68,8.39,8.55,8.55,30500000.0,investing
2011-01-11,8.62,8.73,8.48,8.72,8.72,27510000.0,investing
2011-01-12,8.85,9.49,8.84,9.34,9.34,92090000.0,investing
2011-01-13,9.79,9.87,9.58,9.63,9.63,75460000.0,investing
2011-01-14,9.73,9.86,9.65,9.71,9.71,40680000.0,investing
2011-01-18,9.75,9.91,9.59,9.66,9.66,28230000.0,investing
2011-01-19,9.61,9.68,9.22,9.37,9.37,43370000.0,investing
2011-01-20,9.46,9.66,9.27,9.6,9.6,31240000.0,investing
2011-01-21,10.0,10.0,9.73,9.84,9.84,56870000.0,investing
2011-01-24,9.83,10.08,9.62,10.05,10.05,65250000.0,investing
2011-01-25,10.05,10.22,9.89,9.97,9.97,51960000.0,investing
2011-01-26,10.02,10.1,9.9,9.95,9.95,38740000.0,investing
2011-01-27,10.36,10.65,10.33,10.59,10.59,82720000.0,investing
2011-01-28,10.76,10.77,10.16,10.37,10.37,51670000.0,investing
2011-01-31,10.5,10.63,10.25,10.54,10.54,34390000.0,investing
2011-02-01,10.67,10.9,10.65,10.81,10.81,40680000.0,investing
2011-02-02,10.69,11.0,10.68,10.89,10.89,28360000.0,investing
2011-02-03,11.0,11.02,10.74,10.89,10.89,24580000.0,investing
2011-02-04,10.9,11.1,10.81,11.05,11.05,28160000.0,investing
2011-02-07,11.17,11.43,11.15,11.29,11.29,51400000.0,investing
2011-02-08,11.33,11.46,11.02,11.44,11.44,39780000.0,investing
2011-02-09,11.47,11.6,11.18,11.26,11.26,49450000.0,investing
2011-02-10,11.07,11.38,11.02,11.31,11.31,36650000.0,investing
2011-02-11,11.21,11.5,11.14,11.32,11.32,53460000.0,investing
2011-02-14,11.53,11.95,11.51,11.65,11.65,66910000.0,investing
2011-02-15,11.68,11.82,11.51,11.67,11.67,37150000.0,investing
2011-02-16,11.8,11.82,11.55,11.63,11.63,32020000.000000004,investing
2011-02-17,11.58,11.87,11.55,11.8,11.8,25480000.0,investing
2011-02-18,11.88,11.89,11.65,11.7,11.7,23580000.0,investing
2011-02-22,11.45,11.45,10.85,10.92,10.92,55900000.0,investing
2011-02-23,10.84,10.88,10.27,10.55,10.55,59320000.0,investing
2011-02-24,10.61,10.95,10.45,10.91,10.91,49020000.0,investing
2011-02-25,11.14,11.45,11.11,11.44,11.44,39360000.0,investing
2011-02-28,11.62,11.66,10.92,11.13,11.13,47720000.0,investing
2011-03-01,11.2,11.3,10.94,10.96,10.96,28850000.0,investing
2011-03-02,10.97,11.28,10.96,11.09,11.09,40710000.0,investing
2011-03-03,11.28,11.63,11.26,11.57,11.57,35260000.0,investing
2011-03-04,11.6,11.67,11.39,11.64,11.64,32880000.000000004,investing
2011-03-07,11.66,11.67,10.85,11.03,11.03,52680000.0,investing
2011-03-08,10.98,11.1,10.81,10.89,10.89,33530000.0,investing
2011-03-09,10.83,10.84,10.3,10.32,10.32,57900000.0,investing
2011-03-10,10.06,10.14,9.65,9.93,9.93,69380000.0,investing
2011-03-11,9.91,10.29,9.9,10.24,10.24,46220000.0,investing
2011-03-14,10.66,10.85,10.34,10.36,10.36,51210000.0,investing
2011-03-15,10.01,10.54,9.85,10.43,10.43,56310000.0,investing
2011-03-16,10.33,10.6,10.0,10.05,10.05,56640000.0,investing
2011-03-17,10.25,10.37,10.14,10.21,10.21,27590000.0,investing
2011-03-18,10.4,10.41,10.02,10.07,10.07,33229999.999999996,investing
2011-03-21,10.28,10.43,10.18,10.36,10.36,27830000.0,investing
2011-03-22,10.27,10.37,10.16,10.35,10.35,35930000.0,investing
2011-03-23,10.35,10.7,10.19,10.61,10.61,52510000.0,investing
2011-03-24,11.33,11.55,11.19,11.5,11.5,100900000.0,investing
2011-03-25,11.52,11.7,11.41,11.55,11.55,34160000.0,investing
2011-03-28,11.62,11.82,11.51,11.55,11.55,33900000.0,investing
2011-03-29,11.53,11.8,11.46,11.76,11.76,31040000.0,investing
2011-03-30,11.88,11.89,11.54,11.58,11.58,33730000.0,investing
2011-03-31,11.58,11.68,11.39,11.47,11.47,31680000.0,investing
2011-04-01,11.53,11.62,11.22,11.3,11.3,38970000.0,investing
2011-04-04,11.3,11.33,11.07,11.19,11.19,22510000.0,investing
2011-04-05,11.29,11.35,10.95,11.02,11.02,41140000.0,investing
2011-04-06,11.07,11.26,11.01,11.24,11.24,24140000.0,investing
2011-04-07,11.23,11.3,11.0,11.14,11.14,28560000.0,investing
2011-04-08,11.19,11.28,10.98,11.07,11.07,25280000.0,investing
2011-04-11,11.09,11.13,10.69,10.74,10.74,28720000.0,investing
2011-04-12,10.55,10.59,10.3,10.53,10.53,45080000.0,investing
2011-04-13,10.63,10.76,10.48,10.62,10.62,31190000.0,investing
2011-04-14,10.45,10.67,10.36,10.65,10.65,25880000.0,investing
2011-04-15,10.6,10.8,10.5,10.75,10.75,25570000.0,investing
2011-04-18,10.55,10.61,10.26,10.42,10.42,23120000.0,investing
2011-04-19,10.44,10.58,10.32,10.52,10.52,20530000.0,investing
2011-04-20,10.9,11.4,10.89,11.39,11.39,52610000.0,investing
2011-04-21,11.47,11.72,11.24,11.52,11.52,43510000.0,investing
2011-04-25,11.46,11.49,11.25,11.33,11.33,20450000.0,investing
2011-04-26,11.36,11.65,11.31,11.61,11.61,27360000.0,investing
2011-04-27,11.6,11.83,11.57,11.79,11.79,29750000.0,investing
2011-04-28,11.7,11.77,11.27,11.48,11.48,37390000.0,investing
2011-04-29,11.45,11.45,11.15,11.32,11.32,36680000.0,investing
2011-05-02,11.37,11.41,11.15,11.24,11.24,21590000.0,investing
2011-05-03,11.2,11.23,10.8,10.9,10.9,36970000.0,investing
2011-05-04,10.87,10.98,10.6,10.74,10.74,29580000.0,investing
2011-05-05,10.67,11.07,10.6,10.91,10.91,35310000.0,investing
2011-05-06,11.1,11.13,10.87,10.87,10.87,22670000.0,investing
2011-05-09,10.82,10.86,10.25,10.46,10.46,49680000.0,investing
2011-05-10,10.5,10.71,10.38,10.63,10.63,24400000.0,investing
2011-05-11,10.69,10.93,10.38,10.41,10.41,40700000.0,investing
2011-05-12,10.39,10.72,10.23,10.66,10.66,30720000.0,investing
2011-05-13,10.66,10.67,10.36,10.4,10.4,30550000.0,investing
2011-05-16,10.38,10.87,10.32,10.55,10.55,38660000.0,investing
2011-05-17,10.42,10.49,9.79,9.94,9.94,74900000.0,investing
2011-05-18,10.03,10.1,9.79,10.06,10.06,37500000.0,investing
2011-05-19,10.12,10.21,9.95,10.17,10.17,34770000.0,investing
2011-05-20,10.1,10.17,9.93,10.0,10.0,21770000.0,investing
2011-05-23,9.81,9.83,9.57,9.71,9.71,27620000.0,investing
2011-05-24,9.83,9.84,9.6,9.62,9.62,23200000.0,investing
2011-05-25,9.57,9.64,9.43,9.61,9.61,36420000.0,investing
2011-05-26,9.59,9.83,9.49,9.79,9.79,36010000.0,investing
2011-05-27,9.83,10.05,9.8,10.02,10.02,25520000.0,investing
2011-05-31,10.14,10.23,10.04,10.2,10.2,27200000.0,investing
2011-06-01,10.03,10.03,9.52,9.55,9.55,53890000.0,investing
2011-06-02,9.65,9.66,9.34,9.41,9.41,45820000.0,investing
2011-06-03,9.25,9.38,9.15,9.16,9.16,32049999.999999996,investing
2011-06-06,9.17,9.43,9.02,9.04,9.04,49130000.0,investing
2011-06-07,9.13,9.14,8.91,8.95,8.95,42490000.0,investing
2011-06-08,8.85,8.87,8.49,8.5,8.5,56120000.0,investing
2011-06-09,8.53,8.65,8.32,8.49,8.49,41180000.0,investing
2011-06-10,8.61,8.65,8.38,8.44,8.44,46220000.0,investing
2011-06-13,8.45,8.59,8.28,8.29,8.29,34700000.0,investing
2011-06-14,8.4,8.56,8.2,8.4,8.4,35940000.0,investing
2011-06-15,8.33,8.36,8.05,8.07,8.07,44050000.0,investing
2011-06-16,8.12,8.13,7.81,7.87,7.87,54510000.0,investing
2011-06-17,7.99,8.01,7.64,7.83,7.83,43160000.0,investing
2011-06-20,7.83,8.11,7.81,7.91,7.91,32939999.999999996,investing
2011-06-21,8.0,8.18,7.85,8.14,8.14,35260000.0,investing
2011-06-22,8.15,8.32,8.1,8.17,8.17,29110000.0,investing
2011-06-23,8.05,8.45,7.94,8.43,8.43,56030000.0,investing
2011-06-24,7.72,7.77,7.2,7.21,7.21,117830000.0,investing
2011-06-27,7.25,7.41,7.2,7.34,7.34,34490000.0,investing
2011-06-28,7.34,7.38,7.26,7.35,7.35,28890000.0,investing
2011-06-29,7.37,7.59,7.31,7.47,7.47,38050000.0,investing
2011-06-30,7.53,7.61,7.44,7.48,7.48,37980000.0,investing
2011-07-01,7.46,7.85,7.37,7.83,7.83,30640000.0,investing
2011-07-05,7.88,7.99,7.69,7.78,7.78,32210000.0,investing
2011-07-06,7.73,7.74,7.48,7.56,7.56,24560000.0,investing
2011-07-07,7.63,7.89,7.61,7.82,7.82,23410000.0,investing
2011-07-08,7.69,7.79,7.61,7.68,7.68,20460000.0,investing
2011-07-11,7.55,7.7,7.45,7.49,7.49,22310000.0,investing
2011-07-12,7.39,7.45,7.21,7.31,7.31,28780000.0,investing
2011-07-13,7.4,7.76,7.37,7.49,7.49,30420000.0,investing
2011-07-14,7.52,7.59,7.23,7.29,7.29,31780000.0,investing
2011-07-15,7.37,7.45,7.26,7.41,7.41,23630000.0,investing
2011-07-18,7.36,7.55,7.13,7.23,7.23,25880000.0,investing
2011-07-19,7.28,7.53,7.28,7.52,7.52,29170000.0,investing
2011-07-20,7.53,7.6,7.4,7.6,7.6,29430000.0,investing
2011-07-21,7.69,7.75,7.49,7.64,7.64,82190000.0,investing
2011-07-22,7.71,8.2,7.69,8.09,8.09,47030000.0,investing
2011-07-25,7.9,7.96,7.76,7.89,7.89,25090000.0,investing
2011-07-26,7.85,7.99,7.8,7.86,7.86,21590000.0,investing
2011-07-27,7.8,7.8,7.38,7.43,7.43,45400000.0,investing
2011-07-28,7.48,7.56,7.31,7.42,7.42,31680000.0,investing
2011-07-29,7.3,7.53,7.22,7.37,7.37,44890000.0,investing
2011-08-01,7.57,7.59,7.2,7.41,7.41,38050000.0,investing
2011-08-02,7.32,7.38,7.02,7.04,7.04,35880000.0,investing
2011-08-03,7.07,7.12,6.69,6.99,6.99,53040000.0,investing
2011-08-04,6.81,6.86,6.37,6.4,6.4,50720000.0,investing
2011-08-05,6.52,6.75,6.09,6.31,6.31,55680000.0,investing
2011-08-08,6.0,6.19,5.65,5.71,5.71,55280000.0,investing
2011-08-09,5.96,6.2,5.76,6.19,6.19,44660000.0,investing
2011-08-10,5.98,6.04,5.71,5.72,5.72,57550000.0,investing
2011-08-11,5.78,6.5,5.78,6.37,6.37,57390000.0,investing
2011-08-12,6.41,6.54,6.16,6.18,6.18,29280000.0,investing
2011-08-15,6.27,6.48,6.18,6.48,6.48,23310000.0,investing
2011-08-16,6.41,6.47,6.19,6.29,6.29,20070000.0,investing
2011-08-17,6.35,6.41,6.07,6.11,6.11,29680000.0,investing
2011-08-18,5.88,5.89,5.6,5.64,5.64,45550000.0,investing
2011-08-19,5.5,5.66,5.2,5.25,5.25,49900000.0,investing
2011-08-22,5.41,5.52,5.22,5.26,5.26,35010000.0,investing
2011-08-23,5.32,5.66,5.27,5.66,5.66,33810000.0,investing
2011-08-24,5.63,5.66,5.18,5.3,5.3,64870000.00000001,investing
2011-08-25,5.32,5.54,5.31,5.38,5.38,31590000.0,investing
2011-08-26,5.43,5.84,5.38,5.66,5.66,48600000.0,investing
2011-08-29,5.96,6.16,5.91,6.14,6.14,30880000.0,investing
2011-08-30,6.02,6.09,5.85,5.95,5.95,34540000.0,investing
2011-08-31,6.07,6.12,5.83,5.91,5.91,33299999.999999996,investing
2011-09-01,5.94,6.06,5.74,5.74,5.74,25650000.0,investing
2011-09-02,5.6,5.62,5.45,5.5,5.5,22740000.0,investing
2011-09-06,5.28,5.7,5.28,5.67,5.67,24120000.0,investing
2011-09-07,5.82,6.07,5.82,6.06,6.06,32670000.0,investing
2011-09-08,6.03,6.63,6.0,6.25,6.25,63010000.0,investing
2011-09-09,6.19,6.71,6.19,6.35,6.35,54170000.0,investing
2011-09-12,6.3,6.71,6.28,6.68,6.68,46730000.0,investing
2011-09-13,6.88,6.95,6.76,6.86,6.86,51210000.0,investing
2011-09-14,6.95,7.35,6.93,7.2,7.2,68480000.0,investing
2011-09-15,7.35,7.42,6.9,7.04,7.04,60710000.0,investing
2011-09-16,7.09,7.16,6.94,7.03,7.03,68700000.0,investing
2011-09-19,6.97,7.24,6.8,6.88,6.88,57270000.0,investing
2011-09-20,6.92,7.09,6.84,6.85,6.85,32780000.0,investing
2011-09-21,6.88,6.94,6.6,6.61,6.61,48820000.0,investing
2011-09-22,6.28,6.49,6.22,6.43,6.43,46340000.0,investing
2011-09-23,6.4,6.77,6.3,6.65,6.65,34170000.0,investing
2011-09-26,6.68,6.69,6.37,6.58,6.58,31680000.0,investing
2011-09-27,6.68,6.74,6.41,6.46,6.46,32080000.0,investing
2011-09-28,6.5,6.5,6.1,6.12,6.12,34900000.0,investing
2011-09-29,6.13,6.2,5.61,5.87,5.87,50180000.0,investing
2011-09-30,5.44,5.5,5.01,5.04,5.04,63530000.0,investing
2011-10-03,4.96,5.03,4.32,4.33,4.33,56810000.0,investing
2011-10-04,4.2,4.52,3.97,4.52,4.52,57670000.0,investing
2011-10-05,4.5,4.98,4.36,4.95,4.95,53150000.0,investing
2011-10-06,4.95,5.0,4.77,4.96,4.96,35910000.0,investing
2011-10-07,4.94,5.03,4.84,4.95,4.95,29680000.0,investing
2011-10-10,5.21,5.28,5.09,5.16,5.16,26960000.0,investing
2011-10-11,5.16,5.29,5.12,5.2,5.2,23830000.0,investing
2011-10-12,5.28,5.3,5.18,5.2,5.2,25600000.0,investing
2011-10-13,5.11,5.58,5.1,5.52,5.52,37580000.0,investing
2011-10-14,5.59,5.7,5.44,5.7,5.7,31320000.0,investing
2011-10-17,5.63,5.68,5.41,5.43,5.43,29640000.0,investing
2011-10-18,5.46,5.8,5.4,5.77,5.77,31430000.0,investing
2011-10-19,5.74,5.84,5.51,5.53,5.53,27550000.0,investing
2011-10-20,5.52,5.64,5.37,5.59,5.59,23440000.0,investing
2011-10-21,5.67,5.85,5.4,5.46,5.46,39300000.0,investing
2011-10-24,5.45,5.68,5.45,5.66,5.66,34550000.0,investing
2011-10-25,5.61,5.64,5.48,5.49,5.49,26540000.0,investing
2011-10-26,5.53,5.61,5.21,5.46,5.46,50100000.0,investing
2011-10-27,5.7,5.76,5.49,5.7,5.7,53870000.0,investing
2011-10-28,5.68,5.9,5.65,5.88,5.88,21810000.0,investing
2011-10-31,5.77,5.79,5.57,5.59,5.59,23710000.0,investing
2011-11-01,5.39,5.46,5.29,5.29,5.29,30230000.0,investing
2011-11-02,5.4,5.53,5.34,5.43,5.43,22590000.0,investing
2011-11-03,5.51,5.87,5.36,5.84,5.84,32500000.0,investing
2011-11-04,5.67,5.95,5.58,5.89,5.89,20810000.0,investing
2011-11-07,5.81,5.91,5.69,5.85,5.85,24820000.0,investing
2011-11-08,5.89,5.96,5.75,5.91,5.91,23170000.0,investing
2011-11-09,5.72,5.72,5.33,5.35,5.35,36740000.0,investing
2011-11-10,5.5,5.55,5.06,5.18,5.18,53080000.0,investing
2011-11-11,5.26,5.44,5.26,5.43,5.43,19290000.0,investing
2011-11-14,5.4,5.43,5.22,5.35,5.35,22950000.0,investing
2011-11-15,5.31,5.71,5.25,5.46,5.46,41900000.0,investing
2011-11-16,5.45,6.84,5.45,6.74,6.74,72160000.0,investing
2011-11-17,6.91,7.0,6.28,6.33,6.33,96100000.0,investing
2011-11-18,6.36,6.53,6.15,6.29,6.29,43620000.0,investing
2011-11-21,6.08,6.16,5.86,6.09,6.09,41400000.0,investing
2011-11-22,6.06,6.36,6.01,6.1,6.1,38110000.0,investing
2011-11-23,6.03,6.04,5.67,5.71,5.71,39720000.0,investing
2011-11-25,5.66,5.86,5.46,5.5,5.5,18260000.0,investing
2011-11-28,5.75,5.86,5.55,5.62,5.62,22270000.0,investing
2011-11-29,5.63,5.75,5.56,5.64,5.64,20820000.0,investing
2011-11-30,5.86,6.02,5.77,5.99,5.99,19710000.0,investing
2011-12-01,5.96,5.98,5.75,5.89,5.89,22140000.0,investing
2011-12-02,5.99,6.01,5.68,5.8,5.8,27340000.0,investing
2011-12-05,5.87,5.89,5.68,5.73,5.73,26030000.0,investing
2011-12-06,5.75,5.77,5.5,5.65,5.65,31720000.0,investing
2011-12-07,5.62,6.08,5.56,6.06,6.06,31520000.0,investing
2011-12-08,5.97,6.1,5.78,5.82,5.82,32619999.999999996,investing
2011-12-09,5.84,5.99,5.79,5.89,5.89,23990000.0,investing
2011-12-12,5.72,5.84,5.63,5.82,5.82,20000000.0,investing
2011-12-13,5.8,5.95,5.57,5.61,5.61,20520000.0,investing
2011-12-14,5.64,5.73,5.31,5.45,5.45,36990000.0,investing
2011-12-15,5.53,5.58,5.48,5.55,5.55,17190000.0,investing
2011-12-16,5.59,5.7,5.51,5.68,5.68,23100000.0,investing
2011-12-19,5.7,5.74,5.44,5.45,5.45,31610000.0,investing
2011-12-20,5.59,5.82,5.58,5.79,5.79,19290000.0,investing
2011-12-21,5.89,5.9,5.52,5.54,5.54,26620000.0,investing
2011-12-22,5.71,6.55,5.69,6.41,6.41,67720000.0,investing
2011-12-23,6.49,6.54,6.25,6.39,6.39,23490000.0,investing
2011-12-27,6.35,6.4,6.2,6.25,6.25,13530000.0,investing
2011-12-28,6.26,6.33,6.06,6.17,6.17,19370000.0,investing
2011-12-29,6.18,6.3,6.14,6.27,6.27,13900000.0,investing
2011-12-30,6.26,6.37,6.25,6.29,6.29,15260000.0,investing
2012-01-03,6.64,6.96,6.59,6.75,6.75,42040000.0,investing
2012-01-04,6.7,7.05,6.6,6.99,6.99,43040000.0,investing
2012-01-05,6.96,7.33,6.9,7.16,7.16,53470000.0,investing
2012-01-06,7.17,7.32,7.05,7.2,7.2,33009999.999999996,investing
2012-01-09,7.23,7.34,7.12,7.29,7.29,28690000.0,investing
2012-01-10,7.4,7.44,7.21,7.25,7.25,26670000.0,investing
2012-01-11,7.27,7.29,7.14,7.22,7.22,20210000.0,investing
2012-01-12,7.22,7.32,7.12,7.27,7.27,30030000.0,investing
2012-01-13,7.22,7.29,7.09,7.23,7.23,29230000.0,investing
2012-01-17,7.3,7.38,7.14,7.16,7.16,30680000.0,investing
2012-01-18,7.25,7.75,7.21,7.65,7.65,48910000.0,investing
2012-01-19,7.73,7.94,7.68,7.88,7.88,43930000.0,investing
2012-01-20,7.83,7.98,7.68,7.76,7.76,38680000.0,investing
2012-01-23,7.79,8.06,7.77,7.87,7.87,33189999.999999996,investing
2012-01-24,7.85,7.97,7.76,7.95,7.95,29260000.0,investing
2012-01-25,8.0,8.04,7.79,7.86,7.86,30960000.0,investing
2012-01-26,7.77,7.8,7.45,7.55,7.55,42240000.0,investing
2012-01-27,7.47,7.62,7.34,7.43,7.43,29120000.0,investing
2012-01-30,7.34,7.59,7.29,7.56,7.56,21770000.0,investing
2012-01-31,7.6,7.68,7.52,7.59,7.59,21800000.0,investing
2012-02-01,7.74,7.84,7.6,7.7,7.7,26900000.0,investing
2012-02-02,7.73,7.81,7.68,7.72,7.72,20660000.0,investing
2012-02-03,7.88,7.97,7.74,7.95,7.95,15180000.0,investing
2012-02-06,7.7,7.88,7.68,7.72,7.72,32640000.0,investing
2012-02-07,7.73,7.92,7.7,7.88,7.88,20250000.0,investing
2012-02-08,7.94,8.23,7.89,8.16,8.16,42120000.0,investing
2012-02-09,8.2,8.2,7.99,8.16,8.16,27440000.0,investing
2012-02-10,8.09,8.11,7.8,7.91,7.91,26190000.0,investing
2012-02-13,8.02,8.02,7.7,7.85,7.85,24810000.0,investing
2012-02-14,7.92,8.36,7.92,8.34,8.34,41150000.0,investing
2012-02-15,8.4,8.55,8.27,8.28,8.28,33450000.000000004,investing
2012-02-16,8.38,8.5,8.3,8.46,8.46,18760000.0,investing
2012-02-17,8.44,8.58,8.34,8.43,8.43,18920000.0,investing
2012-02-21,8.43,8.46,8.16,8.21,8.21,18770000.0,investing
2012-02-22,8.21,8.24,8.01,8.04,8.04,19380000.0,investing
2012-02-23,8.03,8.03,7.74,7.82,7.82,31630000.0,investing
2012-02-24,7.89,8.07,7.85,7.95,7.95,17300000.0,investing
2012-02-27,8.35,8.79,8.31,8.56,8.56,59880000.0,investing
2012-02-28,8.8,9.16,8.77,8.88,8.88,71860000.0,investing
2012-02-29,9.07,9.1,8.51,8.55,8.55,48160000.0,investing
2012-03-01,8.59,8.84,8.53,8.71,8.71,33730000.0,investing
2012-03-02,8.74,8.91,8.61,8.64,8.64,24790000.0,investing
2012-03-05,8.56,8.59,8.17,8.2,8.2,30170000.0,investing
2012-03-06,7.96,8.04,7.78,8.0,8.0,37490000.0,investing
2012-03-07,8.04,8.25,7.84,8.09,8.09,32060000.000000004,investing
2012-03-08,8.13,8.24,8.01,8.16,8.16,18800000.0,investing
2012-03-09,8.16,8.36,8.12,8.33,8.33,25550000.0,investing
2012-03-12,8.26,8.3,8.01,8.08,8.08,19890000.0,investing
2012-03-13,8.24,8.5,8.2,8.49,8.49,31190000.0,investing
2012-03-14,8.68,8.85,8.52,8.58,8.58,34000000.0,investing
2012-03-15,8.63,8.88,8.46,8.83,8.83,34670000.0,investing
2012-03-16,8.87,8.89,8.67,8.82,8.82,33080000.0,investing
2012-03-19,8.76,8.8,8.61,8.63,8.63,26240000.0,investing
2012-03-20,8.58,8.63,8.45,8.57,8.57,18190000.0,investing
2012-03-21,8.74,8.98,8.71,8.74,8.74,30790000.0,investing
2012-03-22,8.73,8.77,8.48,8.71,8.71,33390000.0,investing
2012-03-23,8.49,8.61,8.25,8.4,8.4,47820000.0,investing
2012-03-26,8.42,8.44,8.11,8.25,8.25,35600000.0,investing
2012-03-27,8.33,8.65,8.31,8.57,8.57,39450000.0,investing
2012-03-28,8.51,8.75,8.45,8.64,8.64,35130000.0,investing
2012-03-29,8.61,8.76,8.41,8.42,8.42,45880000.0,investing
2012-03-30,8.53,8.54,8.08,8.1,8.1,50950000.0,investing
2012-04-02,8.17,8.25,7.96,8.1,8.1,27370000.0,investing
2012-04-03,8.03,8.09,7.92,7.99,7.99,26510000.0,investing
2012-04-04,7.75,7.8,7.45,7.66,7.66,52000000.0,investing
2012-04-05,7.65,7.78,7.58,7.59,7.59,19750000.0,investing
2012-04-09,7.44,7.47,7.33,7.35,7.35,17390000.0,investing
2012-04-10,7.32,7.42,7.03,7.15,7.15,23150000.0,investing
2012-04-11,7.23,7.43,7.15,7.17,7.17,22620000.0,investing
2012-04-12,7.28,7.55,7.11,7.14,7.14,57620000.0,investing
2012-04-13,7.07,7.1,6.93,6.96,6.96,97320000.0,investing
2012-04-16,7.05,7.2,6.95,7.12,7.12,56310000.0,investing
2012-04-17,7.15,7.33,7.09,7.24,7.24,40080000.0,investing
2012-04-18,7.16,7.23,7.04,7.07,7.07,28850000.0,investing
2012-04-19,7.07,7.31,6.96,7.0,7.0,31230000.0,investing
2012-04-20,6.8,6.84,6.64,6.64,6.64,50180000.0,investing
2012-04-23,6.55,6.75,6.46,6.63,6.63,35940000.0,investing
2012-04-24,6.66,6.74,6.5,6.51,6.51,28540000.0,investing
2012-04-25,6.64,6.69,6.4,6.52,6.52,31170000.0,investing
2012-04-26,6.5,6.67,6.5,6.6,6.6,24060000.0,investing
2012-04-27,6.65,6.68,6.49,6.57,6.57,23210000.0,investing
2012-04-30,6.57,6.68,6.51,6.59,6.59,19130000.0,investing
2012-05-01,6.57,6.83,6.52,6.68,6.68,29570000.0,investing
2012-05-02,6.65,6.87,6.65,6.82,6.82,28170000.0,investing
2012-05-03,6.91,6.97,6.42,6.47,6.47,34530000.0,investing
2012-05-04,6.65,6.89,6.55,6.55,6.55,34520000.0,investing
2012-05-07,6.6,6.75,6.4,6.5,6.5,36600000.0,investing
2012-05-08,6.43,6.43,6.09,6.24,6.24,35850000.0,investing
2012-05-09,6.13,6.44,6.04,6.36,6.36,36710000.0,investing
2012-05-10,6.45,6.47,6.21,6.29,6.29,25420000.0,investing
2012-05-11,6.24,6.41,6.22,6.36,6.36,18440000.0,investing
2012-05-14,6.21,6.27,6.1,6.21,6.21,30450000.0,investing
2012-05-15,6.17,6.18,5.96,6.02,6.02,44150000.0,investing
2012-05-16,6.11,6.53,6.02,6.15,6.15,54060000.0,investing
2012-05-17,6.16,6.25,5.91,5.95,5.95,32700000.000000004,investing
2012-05-18,6.0,6.01,5.59,5.62,5.62,33620000.0,investing
2012-05-21,5.65,5.81,5.63,5.78,5.78,27210000.0,investing
2012-05-22,5.81,5.84,5.63,5.71,5.71,25410000.0,investing
2012-05-23,5.63,5.8,5.59,5.75,5.75,25620000.0,investing
2012-05-24,5.75,5.83,5.67,5.74,5.74,22190000.0,investing
2012-05-25,5.76,6.01,5.75,5.96,5.96,21180000.0,investing
2012-05-29,6.04,6.15,6.02,6.12,6.12,20990000.0,investing
2012-05-30,6.04,6.05,5.89,5.99,5.99,25220000.0,investing
2012-05-31,5.99,5.99,5.74,5.84,5.84,30720000.0,investing
2012-06-01,5.7,5.75,5.4,5.45,5.45,30330000.0,investing
2012-06-04,5.47,5.56,5.3,5.39,5.39,18700000.0,investing
2012-06-05,5.41,5.65,5.39,5.59,5.59,31260000.0,investing
2012-06-06,5.67,5.81,5.64,5.75,5.75,35080000.0,investing
2012-06-07,5.87,5.89,5.64,5.67,5.67,33189999.999999996,investing
2012-06-08,5.65,5.9,5.64,5.88,5.88,19020000.0,investing
2012-06-11,5.97,6.04,5.7,5.71,5.71,21460000.0,investing
2012-06-12,5.72,5.94,5.72,5.92,5.92,21280000.0,investing
2012-06-13,5.91,5.99,5.81,5.86,5.86,31200000.0,investing
2012-06-14,5.85,5.89,5.65,5.75,5.75,32600000.0,investing
2012-06-15,5.77,5.9,5.69,5.89,5.89,27550000.0,investing
2012-06-18,5.81,6.0,5.81,5.94,5.94,19380000.0,investing
2012-06-19,6.02,6.15,5.98,6.1,6.1,22650000.0,investing
2012-06-20,6.12,6.2,6.0,6.12,6.12,30270000.0,investing
2012-06-21,5.92,5.97,5.61,5.64,5.64,51270000.0,investing
2012-06-22,5.68,5.75,5.53,5.74,5.74,33490000.000000004,investing
2012-06-25,5.66,5.73,5.55,5.59,5.59,19800000.0,investing
2012-06-26,5.61,5.69,5.52,5.63,5.63,17690000.0,investing
2012-06-27,5.63,5.74,5.56,5.72,5.72,13840000.0,investing
2012-06-28,5.63,5.98,5.6,5.97,5.97,34680000.0,investing
2012-06-29,6.1,6.32,6.07,6.31,6.31,32250000.0,investing
2012-07-02,6.73,6.82,6.45,6.55,6.55,51150000.0,investing
2012-07-03,6.58,6.93,6.57,6.89,6.89,46400000.0,investing
2012-07-05,6.84,6.91,6.66,6.81,6.81,21910000.0,investing
2012-07-06,6.7,6.75,6.55,6.71,6.71,22710000.0,investing
2012-07-09,6.71,6.82,6.42,6.49,6.49,19840000.0,investing
2012-07-10,6.43,6.48,6.06,6.16,6.16,36370000.0,investing
2012-07-11,6.2,6.25,6.01,6.21,6.21,33360000.0,investing
2012-07-12,6.14,6.18,5.94,6.13,6.13,38540000.0,investing
2012-07-13,6.13,6.24,6.04,6.13,6.13,25680000.0,investing
2012-07-16,6.09,6.1,5.85,6.0,6.0,27490000.0,investing
2012-07-17,6.02,6.08,5.74,5.77,5.77,35520000.0,investing
2012-07-18,5.7,5.96,5.68,5.84,5.84,24950000.0,investing
2012-07-19,5.9,6.01,5.76,5.78,5.78,23680000.0,investing
2012-07-20,5.98,6.13,5.8,5.83,5.83,44480000.0,investing
2012-07-23,5.71,5.8,5.57,5.62,5.62,42240000.0,investing
2012-07-24,5.68,5.76,5.56,5.72,5.72,32290000.0,investing
2012-07-25,5.71,5.93,5.71,5.84,5.84,27640000.0,investing
2012-07-26,5.92,6.08,5.89,5.96,5.96,22590000.0,investing
2012-07-27,6.04,6.3,5.99,6.28,6.28,23950000.0,investing
2012-07-30,6.2,6.24,6.01,6.11,6.11,27540000.0,investing
2012-07-31,6.22,6.5,6.18,6.21,6.21,51580000.0,investing
2012-08-01,6.31,6.42,6.17,6.27,6.27,23400000.0,investing
2012-08-02,6.19,6.3,6.08,6.16,6.16,17630000.0,investing
2012-08-03,6.32,6.45,6.24,6.33,6.33,22470000.0,investing
2012-08-06,6.39,6.64,6.32,6.57,6.57,26900000.0,investing
2012-08-07,6.7,6.98,6.67,6.82,6.82,43060000.0,investing
2012-08-08,6.75,6.94,6.64,6.89,6.89,31850000.0,investing
2012-08-09,6.82,6.92,6.7,6.81,6.81,20530000.0,investing
2012-08-10,6.75,6.85,6.65,6.76,6.76,22000000.0,investing
2012-08-13,6.76,6.78,6.6,6.71,6.71,16000000.0,investing
2012-08-14,6.77,6.78,6.46,6.55,6.55,27520000.0,investing
2012-08-15,6.56,6.59,6.42,6.49,6.49,34550000.0,investing
2012-08-16,6.55,6.67,6.51,6.61,6.61,15840000.0,investing
2012-08-17,6.61,6.69,6.51,6.57,6.57,14960000.0,investing
2012-08-20,6.54,6.6,6.4,6.49,6.49,16020000.0,investing
2012-08-21,6.47,6.63,6.41,6.46,6.46,24480000.0,investing
2012-08-22,6.44,6.48,6.26,6.32,6.32,26040000.0,investing
2012-08-23,6.29,6.3,6.16,6.25,6.25,18180000.0,investing
2012-08-24,6.23,6.31,6.07,6.3,6.3,19080000.0,investing
2012-08-27,6.3,6.31,6.15,6.23,6.23,13220000.0,investing
2012-08-28,6.24,6.3,6.18,6.2,6.2,14260000.0,investing
2012-08-29,6.22,6.29,6.17,6.2,6.2,16110000.0,investing
2012-08-30,6.21,6.26,6.12,6.18,6.18,18490000.0,investing
2012-08-31,6.22,6.3,6.17,6.21,6.21,20650000.0,investing
2012-09-04,6.21,6.22,6.07,6.09,6.09,18710000.0,investing
2012-09-05,6.11,6.21,6.02,6.19,6.19,29150000.0,investing
2012-09-06,6.4,6.7,6.39,6.67,6.67,45890000.0,investing
2012-09-07,6.55,6.57,6.25,6.42,6.42,63820000.0,investing
2012-09-10,6.42,6.49,6.35,6.41,6.41,21170000.0,investing
2012-09-11,6.44,6.47,6.29,6.36,6.36,29080000.0,investing
2012-09-12,6.38,6.48,6.37,6.47,6.47,16730000.0,investing
2012-09-13,6.47,6.66,6.42,6.6,6.6,30520000.0,investing
2012-09-14,6.64,6.8,6.62,6.7,6.7,20530000.0,investing
2012-09-17,6.69,6.74,6.51,6.57,6.57,20440000.0,investing
2012-09-18,6.54,6.57,6.4,6.48,6.48,18300000.0,investing
2012-09-19,6.55,6.72,6.55,6.65,6.65,24790000.0,investing
2012-09-20,6.58,6.6,6.39,6.45,6.45,37500000.0,investing
2012-09-21,6.5,6.52,6.3,6.36,6.36,26890000.0,investing
2012-09-24,6.25,6.26,6.11,6.25,6.25,38120000.0,investing
2012-09-25,6.35,6.36,6.09,6.11,6.11,36270000.0,investing
2012-09-26,6.1,6.1,5.87,5.94,5.94,33660000.0,investing
2012-09-27,6.01,6.07,5.9,6.01,6.01,38650000.0,investing
2012-09-28,6.05,6.24,5.97,5.98,5.98,41030000.0,investing
2012-10-01,6.07,6.1,5.72,5.77,5.77,40670000.0,investing
2012-10-02,5.81,5.85,5.74,5.84,5.84,20220000.0,investing
2012-10-03,5.88,5.9,5.77,5.84,5.84,14780000.0,investing
2012-10-04,5.84,5.89,5.77,5.88,5.88,14780000.0,investing
2012-10-05,5.91,6.03,5.85,5.89,5.89,17270000.0,investing
2012-10-08,5.83,5.9,5.8,5.85,5.85,11140000.0,investing
2012-10-09,5.83,5.86,5.7,5.75,5.75,16390000.0,investing
2012-10-10,5.79,5.8,5.64,5.76,5.76,16790000.0,investing
2012-10-11,5.77,5.79,5.67,5.75,5.75,23650000.0,investing
2012-10-12,5.76,5.8,5.62,5.67,5.67,20030000.0,investing
2012-10-15,5.76,5.76,5.64,5.72,5.72,15010000.0,investing
2012-10-16,5.72,5.8,5.67,5.78,5.78,16460000.0,investing
2012-10-17,5.75,5.85,5.67,5.78,5.78,16540000.0,investing
2012-10-18,5.78,5.82,5.65,5.65,5.65,16870000.0,investing
2012-10-19,5.76,5.77,5.44,5.45,5.45,23350000.0,investing
2012-10-22,5.46,5.47,5.35,5.44,5.44,26370000.0,investing
2012-10-23,5.35,5.49,5.29,5.41,5.41,36240000.0,investing
2012-10-24,5.47,5.5,5.16,5.17,5.17,35480000.0,investing
2012-10-25,5.2,5.71,5.18,5.69,5.69,46180000.0,investing
2012-10-26,5.6,5.69,5.41,5.47,5.47,28150000.0,investing
2012-10-31,5.54,5.65,5.38,5.42,5.42,18550000.0,investing
2012-11-01,5.52,5.8,5.51,5.79,5.79,20760000.0,investing
2012-11-02,5.82,5.87,5.65,5.71,5.71,24450000.0,investing
2012-11-05,5.7,5.88,5.62,5.84,5.84,20050000.0,investing
2012-11-06,5.88,6.09,5.86,6.09,6.09,46490000.0,investing
2012-11-07,5.94,6.02,5.76,5.91,5.91,39730000.0,investing
2012-11-08,5.87,5.93,5.66,5.69,5.69,30620000.0,investing
2012-11-09,5.69,5.8,5.59,5.62,5.62,22100000.0,investing
2012-11-12,5.63,5.69,5.5,5.57,5.57,19270000.0,investing
2012-11-13,5.47,5.81,5.46,5.74,5.74,29130000.0,investing
2012-11-14,5.79,5.82,5.52,5.55,5.55,21270000.0,investing
2012-11-15,5.64,5.64,5.41,5.47,5.47,19620000.0,investing
2012-11-16,5.48,5.51,5.33,5.47,5.47,25900000.0,investing
2012-11-19,5.56,5.67,5.51,5.54,5.54,28110000.0,investing
2012-11-20,5.48,5.59,5.45,5.55,5.55,17350000.0,investing
2012-11-21,5.53,5.56,5.46,5.52,5.52,17430000.0,investing
2012-11-23,5.57,5.71,5.54,5.68,5.68,13670000.0,investing
2012-11-26,5.68,5.79,5.62,5.7,5.7,29440000.0,investing
2012-11-27,5.71,5.78,5.65,5.68,5.68,34240000.0,investing
2012-11-28,5.62,5.79,5.58,5.77,5.77,24170000.0,investing
2012-11-29,5.8,5.92,5.74,5.91,5.91,25010000.0,investing
2012-11-30,5.88,5.98,5.85,5.96,5.96,20270000.0,investing
2012-12-03,6.02,6.03,5.9,5.93,5.93,15080000.0,investing
2012-12-04,6.0,6.05,5.92,6.04,6.04,20650000.0,investing
2012-12-05,6.05,6.2,6.01,6.18,6.18,18640000.0,investing
2012-12-06,6.15,6.42,6.1,6.41,6.41,30380000.0,investing
2012-12-07,6.42,6.51,6.35,6.43,6.43,22050000.0,investing
2012-12-10,6.45,6.73,6.43,6.67,6.67,32460000.0,investing
2012-12-11,6.7,6.84,6.63,6.77,6.77,24440000.0,investing
2012-12-12,6.86,6.86,6.64,6.71,6.71,28350000.0,investing
2012-12-13,6.74,6.8,6.62,6.66,6.66,24050000.0,investing
2012-12-14,6.74,6.89,6.69,6.85,6.85,23370000.0,investing
2012-12-17,6.85,6.9,6.54,6.61,6.61,34770000.0,investing
2012-12-18,6.62,6.71,6.55,6.7,6.7,28810000.0,investing
2012-12-19,6.71,6.87,6.7,6.82,6.82,25580000.0,investing
2012-12-20,6.84,6.87,6.73,6.79,6.79,20000000.0,investing
2012-12-21,6.48,6.49,6.18,6.32,6.32,58150000.0,investing
2012-12-24,6.38,6.38,6.18,6.23,6.23,6850000.0,investing
2012-12-26,6.23,6.34,6.17,6.17,6.17,10340000.0,investing
2012-12-27,6.18,6.26,6.07,6.22,6.22,18460000.0,investing
2012-12-28,6.16,6.28,6.11,6.13,6.13,15130000.0,investing
2012-12-31,6.14,6.36,6.11,6.34,6.34,18790000.0,investing
2013-01-02,6.6,6.67,6.45,6.63,6.63,29560000.0,investing
2013-01-03,6.64,6.97,6.61,6.9,6.9,39100000.0,investing
2013-01-04,6.95,6.96,6.85,6.96,6.96,18800000.0,investing
2013-01-07,7.06,7.28,7.03,7.18,7.18,31140000.0,investing
2013-01-08,7.14,7.29,7.06,7.23,7.23,30800000.0,investing
2013-01-09,7.25,7.38,7.24,7.31,7.31,20650000.0,investing
2013-01-10,7.37,7.44,7.28,7.42,7.42,18690000.0,investing
2013-01-11,7.39,7.56,7.3,7.54,7.54,25840000.0,investing
2013-01-14,7.5,7.69,7.46,7.6,7.6,31490000.0,investing
2013-01-15,7.54,7.62,7.43,7.6,7.6,20790000.0,investing
2013-01-16,7.63,7.75,7.59,7.67,7.67,18980000.0,investing
2013-01-17,7.7,7.87,7.7,7.81,7.81,28640000.0,investing
2013-01-18,7.81,7.99,7.79,7.88,7.88,33159999.999999996,investing
2013-01-22,7.84,7.93,7.7,7.84,7.84,23290000.0,investing
2013-01-23,7.88,7.9,7.68,7.78,7.78,23850000.0,investing
2013-01-24,7.72,7.89,7.7,7.83,7.83,18820000.0,investing
2013-01-25,7.89,8.08,7.83,7.87,7.87,30080000.0,investing
2013-01-28,7.89,7.99,7.78,7.82,7.82,20640000.0,investing
2013-01-29,7.81,7.82,7.54,7.58,7.58,35140000.0,investing
2013-01-30,7.58,7.73,7.55,7.65,7.65,21180000.0,investing
2013-01-31,7.64,7.7,7.54,7.56,7.56,25680000.0,investing
2013-02-01,7.65,7.84,7.65,7.83,7.83,18710000.0,investing
2013-02-04,7.8,8.01,7.73,7.76,7.76,27030000.0,investing
2013-02-05,7.82,7.93,7.67,7.87,7.87,21160000.0,investing
2013-02-06,7.7,8.06,7.7,7.95,7.95,46550000.0,investing
2013-02-07,7.98,8.04,7.63,7.73,7.73,58980000.0,investing
2013-02-08,7.78,7.81,7.66,7.75,7.75,24730000.0,investing
2013-02-11,7.76,7.95,7.72,7.91,7.91,20220000.0,investing
2013-02-12,7.91,7.98,7.85,7.92,7.92,19870000.0,investing
2013-02-13,7.95,7.98,7.85,7.95,7.95,15370000.0,investing
2013-02-14,7.9,8.09,7.86,8.08,8.08,24540000.0,investing
2013-02-15,8.11,8.22,7.89,7.91,7.91,40150000.0,investing
2013-02-19,7.9,8.12,7.88,8.12,8.12,24710000.0,investing
2013-02-20,8.2,8.25,7.86,7.88,7.88,32450000.000000004,investing
2013-02-21,7.82,7.88,7.64,7.68,7.68,37870000.0,investing
2013-02-22,7.76,8.03,7.72,8.02,8.02,28720000.0,investing
2013-02-25,8.12,8.22,7.88,7.93,7.93,36300000.0,investing
2013-02-26,7.98,8.08,7.85,7.96,7.96,25970000.0,investing
2013-02-27,7.97,8.23,7.95,8.18,8.18,21600000.0,investing
2013-02-28,8.23,8.49,8.22,8.38,8.38,44040000.0,investing
2013-03-01,8.32,8.36,8.2,8.25,8.25,19220000.0,investing
2013-03-04,8.23,8.54,8.2,8.4,8.4,40980000.0,investing
2013-03-05,8.55,8.79,8.52,8.73,8.73,36710000.0,investing
2013-03-06,8.82,8.88,8.64,8.65,8.65,19930000.0,investing
2013-03-07,8.77,8.95,8.71,8.94,8.94,26160000.0,investing
2013-03-08,9.03,9.24,8.92,9.2,9.2,34820000.0,investing
2013-03-11,9.15,9.4,9.0,9.35,9.35,43540000.0,investing
2013-03-12,9.36,9.45,9.2,9.32,9.32,35260000.0,investing
2013-03-13,9.35,9.66,9.35,9.51,9.51,41500000.0,investing
2013-03-14,9.62,9.74,9.58,9.69,9.69,25200000.0,investing
2013-03-15,9.74,9.75,9.27,9.37,9.37,43400000.0,investing
2013-03-18,9.05,9.32,8.98,9.18,9.18,29070000.0,investing
2013-03-19,9.27,9.4,9.09,9.24,9.24,26660000.0,investing
2013-03-20,9.33,9.48,9.19,9.31,9.31,31550000.0,investing
2013-03-21,9.35,9.37,9.07,9.07,9.07,39420000.0,investing
2013-03-22,9.75,10.27,9.73,10.04,10.04,99810000.0,investing
2013-03-25,10.01,10.13,9.78,9.88,9.88,39370000.0,investing
2013-03-26,9.92,10.1,9.8,9.92,9.92,29910000.0,investing
2013-03-27,9.76,10.04,9.68,9.96,9.96,27590000.0,investing
2013-03-28,10.01,10.03,9.87,9.97,9.97,21790000.0,investing
2013-04-01,9.97,9.98,9.34,9.38,9.38,44910000.0,investing
2013-04-02,9.51,9.71,9.24,9.3,9.3,36020000.0,investing
2013-04-03,9.35,9.45,9.05,9.1,9.1,31010000.0,investing
2013-04-04,9.09,9.33,9.04,9.31,9.31,30490000.0,investing
2013-04-05,9.15,9.59,9.12,9.31,9.31,41680000.0,investing
2013-04-08,9.29,9.41,9.06,9.39,9.39,27070000.0,investing
2013-04-09,9.45,9.67,9.39,9.57,9.57,21310000.0,investing
2013-04-10,9.64,10.22,9.63,10.09,10.09,49800000.0,investing
2013-04-11,9.91,10.15,9.77,9.98,9.98,28750000.0,investing
2013-04-12,9.92,10.09,9.83,10.01,10.01,19490000.0,investing
2013-04-15,9.93,9.96,9.56,9.56,9.56,28380000.0,investing
2013-04-16,9.78,9.89,9.7,9.87,9.87,28030000.0,investing
2013-04-17,9.74,9.76,9.35,9.39,9.39,37550000.0,investing
2013-04-18,9.53,9.58,9.11,9.23,9.23,34730000.0,investing
2013-04-19,9.26,9.47,9.1,9.35,9.35,32770000.000000004,investing
2013-04-22,9.36,9.43,9.14,9.31,9.31,25030000.0,investing
2013-04-23,9.4,9.49,9.27,9.42,9.42,24320000.0,investing
2013-04-24,9.4,9.5,9.31,9.41,9.41,21300000.0,investing
2013-04-25,9.36,9.64,9.32,9.53,9.53,28190000.0,investing
2013-04-26,9.5,9.73,9.41,9.43,9.43,20560000.0,investing
2013-04-29,9.48,9.5,9.34,9.35,9.35,17190000.0,investing
2013-04-30,9.41,9.46,9.19,9.42,9.42,27800000.0,investing
2013-05-01,9.42,9.47,9.15,9.2,9.2,29160000.0,investing
2013-05-02,9.1,9.36,9.07,9.32,9.32,26670000.0,investing
2013-05-03,9.45,9.7,9.43,9.63,9.63,23340000.0,investing
2013-05-06,9.73,9.94,9.7,9.76,9.76,21110000.0,investing
2013-05-07,9.8,9.98,9.66,9.97,9.97,26890000.0,investing
2013-05-08,9.92,10.26,9.82,10.23,10.23,37050000.0,investing
2013-05-09,10.22,10.75,10.21,10.71,10.71,46670000.0,investing
2013-05-10,10.6,10.9,10.6,10.82,10.82,35310000.0,investing
2013-05-13,10.75,10.81,10.6,10.66,10.66,22570000.0,investing
2013-05-14,10.7,10.71,10.52,10.65,10.65,20580000.0,investing
2013-05-15,10.68,11.0,10.63,10.87,10.87,25070000.0,investing
2013-05-16,10.93,11.26,10.93,11.06,11.06,35920000.0,investing
2013-05-17,11.16,11.42,11.13,11.31,11.31,30550000.0,investing
2013-05-20,11.31,11.4,11.08,11.21,11.21,24660000.0,investing
2013-05-21,11.21,11.32,11.16,11.23,11.23,18960000.0,investing
2013-05-22,11.23,11.68,10.8,10.92,10.92,51840000.0,investing
2013-05-23,10.73,11.49,10.57,11.39,11.39,57180000.0,investing
2013-05-24,11.3,11.66,11.29,11.59,11.59,28600000.0,investing
2013-05-28,11.74,11.88,11.69,11.78,11.78,25640000.0,investing
2013-05-29,11.69,11.92,11.6,11.83,11.83,25210000.0,investing
2013-05-30,11.81,11.99,11.75,11.89,11.89,25790000.0,investing
2013-05-31,11.83,11.91,11.68,11.68,11.68,23850000.0,investing
2013-06-03,11.74,11.99,11.4,11.73,11.73,26380000.0,investing
2013-06-04,11.73,12.0,11.65,11.71,11.71,26370000.0,investing
2013-06-05,11.69,12.14,11.67,12.02,12.02,40890000.0,investing
2013-06-06,12.18,12.54,12.14,12.35,12.35,47860000.0,investing
2013-06-07,12.56,12.72,12.37,12.65,12.65,32420000.0,investing
2013-06-10,12.64,13.08,12.64,12.95,12.95,40490000.0,investing
2013-06-11,12.87,13.2,12.63,12.81,12.81,49710000.0,investing
2013-06-12,12.98,13.12,12.46,12.49,12.49,34200000.0,investing
2013-06-13,12.53,12.92,12.47,12.91,12.91,30210000.0,investing
2013-06-14,13.08,13.16,12.64,12.76,12.76,29740000.0,investing
2013-06-17,13.16,13.5,13.08,13.24,13.24,50590000.0,investing
2013-06-18,13.34,13.76,13.31,13.75,13.75,57590000.0,investing
2013-06-19,13.82,14.11,13.63,13.97,13.97,83960000.0,investing
2013-06-20,13.48,13.81,13.19,13.54,13.54,75250000.0,investing
2013-06-21,13.85,14.05,13.7,13.9,13.9,73390000.0,investing
2013-06-24,13.81,13.87,13.16,13.46,13.46,68200000.0,investing
2013-06-25,13.74,13.82,13.41,13.75,13.75,32880000.000000004,investing
2013-06-26,13.89,14.31,13.87,14.18,14.18,44890000.0,investing
2013-06-27,14.3,14.53,14.27,14.34,14.34,38750000.0,investing
2013-06-28,14.3,14.47,14.02,14.33,14.33,36610000.0,investing
2013-07-01,14.47,14.6,14.18,14.27,14.27,33910000.0,investing
2013-07-02,14.03,14.33,13.85,14.31,14.31,61200000.0,investing
2013-07-03,14.29,14.29,14.11,14.14,14.14,24490000.0,investing
2013-07-05,14.27,14.37,14.12,14.31,14.31,29750000.0,investing
2013-07-08,14.36,14.36,13.87,14.03,14.03,53090000.0,investing
2013-07-09,14.08,14.14,13.08,13.13,13.13,91820000.0,investing
2013-07-10,12.93,13.24,12.46,12.55,12.55,89590000.0,investing
2013-07-11,12.87,12.88,12.47,12.7,12.7,52220000.0,investing
2013-07-12,12.74,12.85,12.56,12.69,12.69,33420000.0,investing
2013-07-15,12.76,13.19,12.65,13.07,13.07,30930000.0,investing
2013-07-16,13.16,13.41,13.1,13.38,13.38,42890000.0,investing
2013-07-17,13.45,13.72,13.36,13.59,13.59,32540000.0,investing
2013-07-18,13.79,13.86,13.63,13.69,13.69,38730000.0,investing
2013-07-19,13.67,13.73,13.44,13.73,13.73,27730000.0,investing
2013-07-22,13.62,13.91,13.62,13.83,13.83,24340000.0,investing
2013-07-23,13.89,14.06,13.62,13.64,13.64,38690000.0,investing
2013-07-24,13.8,13.83,13.08,13.11,13.11,46710000.0,investing
2013-07-25,12.95,13.43,12.8,13.29,13.29,42700000.0,investing
2013-07-26,13.06,13.1,12.51,12.59,12.59,68780000.0,investing
2013-07-29,12.67,12.87,12.39,12.47,12.47,40800000.0,investing
2013-07-30,12.5,12.69,12.31,12.6,12.6,48770000.0,investing
2013-07-31,12.67,13.29,12.65,13.24,13.24,45060000.0,investing
2013-08-01,13.38,13.63,13.3,13.57,13.57,32860000.0,investing
2013-08-02,13.5,13.6,13.33,13.5,13.5,26500000.0,investing
2013-08-05,13.51,14.18,13.5,14.17,14.17,43750000.0,investing
2013-08-06,14.16,14.24,13.94,14.14,14.14,29100000.0,investing
2013-08-07,14.0,14.04,13.6,13.81,13.81,34740000.0,investing
2013-08-08,13.81,14.05,13.61,13.95,13.95,39510000.0,investing
2013-08-09,13.75,14.52,13.74,13.99,13.99,64629999.99999999,investing
2013-08-12,13.95,14.16,13.77,13.83,13.83,35380000.0,investing
2013-08-13,14.14,14.98,14.08,14.97,14.97,84460000.0,investing
2013-08-14,14.82,15.07,14.57,14.82,14.82,47850000.0,investing
2013-08-15,14.41,14.41,13.97,14.13,14.13,53530000.0,investing
2013-08-16,14.17,14.35,13.95,14.01,14.01,30630000.0,investing
2013-08-19,14.0,14.03,13.77,13.8,13.8,25510000.0,investing
2013-08-20,13.81,13.91,13.65,13.8,13.8,24380000.0,investing
2013-08-21,13.81,13.9,13.56,13.63,13.63,29720000.0,investing
2013-08-22,13.75,14.08,13.74,13.86,13.86,15100000.0,investing
2013-08-23,13.91,13.93,13.73,13.86,13.86,15660000.0,investing
2013-08-26,13.9,13.92,13.72,13.78,13.78,16329999.999999998,investing
2013-08-27,13.56,13.59,13.05,13.18,13.18,39900000.0,investing
2013-08-28,13.18,13.35,13.06,13.24,13.24,36140000.0,investing
2013-08-29,13.23,13.74,13.23,13.57,13.57,23790000.0,investing
2013-08-30,13.59,13.68,13.3,13.57,13.57,22280000.0,investing
2013-09-03,13.78,14.15,13.7,14.01,14.01,37060000.0,investing
2013-09-04,14.97,15.27,14.44,14.75,14.75,117540000.0,investing
2013-09-05,14.95,15.21,14.94,15.17,15.17,38710000.0,investing
2013-09-06,15.24,15.36,14.96,15.26,15.26,38110000.0,investing
2013-09-09,15.4,15.69,15.3,15.62,15.62,32750000.0,investing
2013-09-10,15.9,16.65,15.87,16.26,16.26,80820000.0,investing
2013-09-11,16.3,16.6,16.0,16.49,16.49,48500000.0,investing
2013-09-12,16.52,16.85,16.14,16.2,16.2,55890000.0,investing
2013-09-13,16.0,16.24,15.67,16.2,16.2,55800000.0,investing
2013-09-16,16.54,16.69,16.41,16.44,16.44,35780000.0,investing
2013-09-17,16.47,16.86,16.23,16.84,16.84,32439999.999999996,investing
2013-09-18,16.88,17.3,16.82,17.27,17.27,43520000.0,investing
2013-09-19,17.51,17.59,17.02,17.16,17.16,43700000.0,investing
2013-09-20,17.24,17.49,17.13,17.23,17.23,30040000.0,investing
2013-09-23,17.23,17.35,16.74,17.05,17.05,30440000.0,investing
2013-09-24,17.13,17.16,16.83,17.04,17.04,34790000.0,investing
2013-09-25,17.06,17.33,16.94,16.97,16.97,44410000.0,investing
2013-09-26,17.32,17.53,17.18,17.47,17.47,49150000.0,investing
2013-09-27,17.47,17.95,17.41,17.62,17.62,45020000.0,investing
2013-09-30,17.32,17.64,17.14,17.47,17.47,30080000.0,investing
2013-10-01,17.54,17.75,17.34,17.61,17.61,32979999.999999996,investing
2013-10-02,17.65,18.13,17.55,17.66,17.66,49130000.0,investing
2013-10-03,17.94,18.1,17.37,18.02,18.02,59040000.0,investing
2013-10-04,18.08,18.55,18.01,18.47,18.47,48080000.0,investing
2013-10-07,18.77,18.85,18.48,18.48,18.48,61970000.0,investing
2013-10-08,18.6,18.65,17.73,17.93,17.93,57010000.0,investing
2013-10-09,18.03,18.45,17.15,18.15,18.15,67710000.0,investing
2013-10-10,18.36,18.59,18.06,18.43,18.43,78690000.0,investing
2013-10-11,17.89,18.0,16.56,16.84,16.84,153910000.0,investing
2013-10-14,16.57,17.15,16.17,17.07,17.07,62910000.0,investing
2013-10-15,17.08,17.43,16.84,16.92,16.92,63040000.0,investing
2013-10-16,17.08,17.3,16.91,16.96,16.96,49100000.0,investing
2013-10-17,17.0,17.16,16.74,17.14,17.14,40710000.0,investing
2013-10-18,17.17,17.25,16.96,17.03,17.03,34970000.0,investing
2013-10-21,17.03,17.14,16.51,16.57,16.57,44890000.0,investing
2013-10-22,16.7,16.94,16.4,16.76,16.76,48360000.0,investing
2013-10-23,16.49,16.59,16.35,16.55,16.55,39250000.0,investing
2013-10-24,16.43,16.92,16.4,16.83,16.83,30290000.0,investing
2013-10-25,16.92,16.99,16.52,16.58,16.58,28680000.0,investing
2013-10-28,16.52,16.75,16.3,16.72,16.72,19930000.0,investing
2013-10-29,17.02,17.5,16.93,17.5,17.5,51380000.0,investing
2013-10-30,17.61,17.64,17.27,17.39,17.39,32369999.999999996,investing
2013-10-31,17.28,17.8,17.18,17.68,17.68,42550000.0,investing
2013-11-01,17.75,17.91,17.43,17.57,17.57,41370000.0,investing
2013-11-04,17.62,17.99,17.52,17.89,17.89,37800000.0,investing
2013-11-05,17.74,17.79,17.49,17.67,17.67,23800000.0,investing
2013-11-06,17.77,17.82,17.39,17.5,17.5,21800000.0,investing
2013-11-07,17.83,18.16,17.58,17.72,17.72,54200000.0,investing
2013-11-08,17.7,18.12,17.61,18.11,18.11,33200000.000000004,investing
2013-11-11,18.04,18.28,17.9,18.27,18.27,36990000.0,investing
2013-11-12,18.17,18.67,18.12,18.63,18.63,32229999.999999996,investing
2013-11-13,18.47,18.99,18.42,18.92,18.92,38820000.0,investing
2013-11-14,18.91,19.2,18.9,19.19,19.19,31420000.0,investing
2013-11-15,19.38,19.83,19.22,19.46,19.46,51590000.0,investing
2013-11-18,19.58,19.88,19.09,19.29,19.29,47550000.0,investing
2013-11-19,19.35,19.87,19.05,19.06,19.06,51850000.0,investing
2013-11-20,19.19,19.22,18.51,18.8,18.8,44820000.0,investing
2013-11-21,19.04,20.11,18.96,19.99,19.99,93350000.0,investing
2013-11-22,19.91,20.32,19.66,20.19,20.19,40140000.0,investing
2013-11-25,20.44,20.5,19.71,19.86,19.86,33880000.0,investing
2013-11-26,19.93,20.41,19.83,20.31,20.31,33590000.0,investing
2013-11-27,20.41,21.19,20.29,21.17,21.17,40570000.0,investing
2013-11-29,21.3,21.31,20.9,21.1,21.1,20080000.0,investing
2013-12-02,21.1,21.64,20.96,21.27,21.27,34100000.0,investing
2013-12-03,21.44,21.9,21.33,21.83,21.83,43550000.0,investing
2013-12-04,21.68,21.93,21.41,21.76,21.76,34610000.0,investing
2013-12-05,21.86,22.09,21.59,21.65,21.65,30300000.0,investing
2013-12-06,21.97,22.31,21.8,22.31,22.31,32240000.000000004,investing
2013-12-09,22.66,23.67,22.6,23.12,23.12,65760000.00000001,investing
2013-12-10,23.12,23.44,22.8,23.14,23.14,41920000.0,investing
2013-12-11,22.47,22.91,22.29,22.5,22.5,52450000.0,investing
2013-12-12,22.68,23.09,22.36,22.54,22.54,52600000.0,investing
2013-12-13,22.73,23.2,22.65,23.08,23.08,31020000.0,investing
2013-12-16,23.17,23.42,22.66,22.77,22.77,35070000.0,investing
2013-12-17,22.85,22.98,22.55,22.92,22.92,26690000.0,investing
2013-12-18,22.49,22.49,20.81,21.81,21.81,106640000.0,investing
2013-12-19,21.73,22.28,21.56,21.62,21.62,37750000.0,investing
2013-12-20,21.8,22.57,21.76,22.17,22.17,49180000.0,investing
2013-12-23,21.44,21.67,21.22,21.49,21.49,40830000.0,investing
2013-12-24,21.63,21.9,21.6,21.82,21.82,12860000.0,investing
2013-12-26,21.83,22.25,21.74,21.74,21.74,17100000.0,investing
2013-12-27,21.93,21.99,21.46,21.52,21.52,19390000.0,investing
2013-12-30,21.45,21.68,21.23,21.3,21.3,19270000.0,investing
2013-12-31,21.41,21.93,21.38,21.75,21.75,25140000.0,investing
2014-01-02,21.68,21.79,21.27,21.66,21.66,26440000.0,investing
2014-01-03,21.2,21.43,20.9,20.97,20.97,34640000.0,investing
2014-01-06,20.97,20.97,20.64,20.67,20.67,38120000.0,investing
2014-01-07,20.89,21.93,20.89,21.73,21.73,68810000.0,investing
2014-01-08,24.2,24.5,23.56,23.87,23.87,93520000.0,investing
2014-01-09,23.6,23.71,22.91,23.24,23.24,42830000.0,investing
2014-01-10,23.39,23.72,23.18,23.71,23.71,34650000.0,investing
2014-01-13,23.7,23.8,23.25,23.33,23.33,27720000.0,investing
2014-01-14,22.87,23.79,22.87,23.67,23.67,33110000.0,investing
2014-01-15,23.72,23.76,23.3,23.33,23.33,26980000.0,investing
2014-01-16,23.48,23.59,22.9,23.13,23.13,28920000.0,investing
2014-01-17,22.9,23.28,22.33,22.38,22.38,46970000.0,investing
2014-01-21,22.4,23.18,22.32,23.12,23.12,29530000.0,investing
2014-01-22,22.8,23.79,22.75,23.65,23.65,31290000.0,investing
2014-01-23,23.31,23.65,23.24,23.64,23.64,29430000.0,investing
2014-01-24,23.5,23.65,22.91,22.92,22.92,30310000.0,investing
2014-01-27,23.1,23.37,22.56,22.9,22.9,30040000.0,investing
2014-01-28,22.89,23.2,22.55,23.05,23.05,27590000.0,investing
2014-01-29,22.84,23.27,22.65,22.71,22.71,21730000.0,investing
2014-01-30,23.11,23.76,22.95,23.45,23.45,32659999.999999996,investing
2014-01-31,23.1,23.5,23.0,23.04,23.04,29560000.0,investing
2014-02-03,23.0,23.63,22.7,22.81,22.81,36040000.0,investing
2014-02-04,22.95,23.18,22.65,23.0,23.0,21400000.0,investing
2014-02-05,22.95,23.48,22.7,23.31,23.31,26120000.0,investing
2014-02-06,23.51,24.77,23.5,24.11,24.11,65349999.99999999,investing
2014-02-07,24.37,24.64,23.92,24.51,24.51,47840000.0,investing
2014-02-10,24.64,25.24,24.57,24.87,24.87,28380000.0,investing
2014-02-11,24.85,25.07,24.58,24.71,24.71,21190000.0,investing
2014-02-12,24.91,25.16,24.79,24.89,24.89,23920000.0,investing
2014-02-13,24.84,25.01,24.68,24.91,24.91,23360000.0,investing
2014-02-14,24.89,25.3,24.72,25.08,25.08,32470000.0,investing
2014-02-18,25.19,25.66,25.1,25.42,25.42,34130000.0,investing
2014-02-19,25.42,25.68,25.17,25.42,25.42,27290000.0,investing
2014-02-20,25.35,25.66,25.32,25.49,25.49,23300000.0,investing
2014-02-21,25.57,25.59,24.54,25.08,25.08,44810000.0,investing
2014-02-24,25.15,25.22,24.56,24.75,24.75,33040000.0,investing
2014-02-25,24.8,25.0,24.1,24.25,24.25,37180000.0,investing
2014-02-26,24.31,24.73,24.16,24.22,24.22,20970000.0,investing
2014-02-27,24.15,24.34,23.9,24.19,24.19,39250000.0,investing
2014-02-28,24.23,24.36,23.9,24.19,24.19,33900000.0,investing
2014-03-03,23.86,24.77,23.71,24.48,24.48,35980000.0,investing
2014-03-04,24.87,25.15,24.72,25.11,25.11,32799999.999999996,investing
2014-03-05,25.08,25.13,24.68,24.83,24.83,25960000.0,investing
2014-03-06,24.85,24.87,24.3,24.77,24.77,32310000.000000004,investing
2014-03-07,24.82,24.89,24.33,24.42,24.42,23850000.0,investing
2014-03-10,24.32,24.94,24.08,24.85,24.85,23670000.0,investing
2014-03-11,24.93,25.07,24.56,24.67,24.67,21110000.0,investing
2014-03-12,24.6,24.94,24.22,24.84,24.84,19280000.0,investing
2014-03-13,24.91,24.94,23.6,24.11,24.11,35570000.0,investing
2014-03-14,24.07,24.32,23.73,23.96,23.96,24570000.0,investing
2014-03-17,24.11,24.17,23.85,23.93,23.93,17780000.0,investing
2014-03-18,24.04,24.6,23.72,24.49,24.49,27430000.0,investing
2014-03-19,24.46,24.62,23.75,23.98,23.98,19800000.0,investing
2014-03-20,23.93,24.36,23.89,24.01,24.01,19740000.0,investing
2014-03-21,24.11,24.26,23.66,23.66,23.66,32250000.0,investing
2014-03-24,23.81,24.1,23.39,23.48,23.48,23740000.0,investing
2014-03-25,23.64,23.92,23.42,23.53,23.53,17060000.0,investing
2014-03-26,23.63,23.89,22.82,22.83,22.83,24590000.0,investing
2014-03-27,22.81,22.83,21.92,22.24,22.24,35990000.0,investing
2014-03-28,21.99,22.54,21.7,21.91,21.91,37760000.0,investing
2014-03-31,22.3,23.68,22.21,23.66,23.66,39630000.0,investing
2014-04-01,23.84,24.46,23.7,24.44,24.44,36880000.0,investing
2014-04-02,24.57,24.6,24.0,24.35,24.35,24490000.0,investing
2014-04-03,24.56,24.73,23.78,24.0,24.0,40670000.0,investing
2014-04-04,24.79,24.85,22.44,22.58,22.58,77300000.0,investing
2014-04-07,22.52,22.98,21.21,21.71,21.71,63600000.0,investing
2014-04-08,22.06,22.43,21.4,22.21,22.21,44300000.0,investing
2014-04-09,22.58,22.84,22.24,22.6,22.6,31640000.0,investing
2014-04-10,22.7,22.95,21.62,21.68,21.68,37070000.0,investing
2014-04-11,21.49,21.93,21.02,21.13,21.13,35240000.0,investing
2014-04-14,21.36,22.14,21.25,21.9,21.9,31740000.0,investing
2014-04-15,21.92,22.24,21.52,22.17,22.17,25070000.0,investing
2014-04-16,22.36,22.57,22.0,22.48,22.48,21620000.0,investing
2014-04-17,23.11,24.14,23.03,23.91,23.91,46210000.0,investing
2014-04-21,25.04,25.39,24.56,25.32,25.32,45430000.0,investing
2014-04-22,25.51,26.28,25.48,26.18,26.18,45900000.0,investing
2014-04-23,26.19,26.46,25.97,26.25,26.25,32509999.999999996,investing
2014-04-24,26.45,26.62,25.34,26.16,26.16,39790000.0,investing
2014-04-25,25.6,25.68,25.05,25.26,25.26,26020000.0,investing
2014-04-28,25.43,25.73,24.19,24.58,24.58,32170000.0,investing
2014-04-29,24.75,25.3,24.45,25.1,25.1,19750000.0,investing
2014-04-30,25.17,26.12,25.14,26.12,26.12,28810000.0,investing
2014-05-01,26.21,26.82,25.85,26.25,26.25,28240000.0,investing
2014-05-02,26.26,26.64,26.07,26.31,26.31,18330000.0,investing
2014-05-05,26.25,26.84,25.95,26.74,26.74,21130000.0,investing
2014-05-06,26.83,27.18,26.51,26.68,26.68,23080000.0,investing
2014-05-07,26.69,26.87,26.05,26.41,26.41,24490000.0,investing
2014-05-08,26.34,27.4,26.23,26.93,26.93,27020000.0,investing
2014-05-09,26.95,27.06,26.45,26.84,26.84,20680000.0,investing
2014-05-12,27.03,27.54,26.94,27.51,27.51,22400000.0,investing
2014-05-13,27.5,27.78,27.23,27.63,27.63,29540000.0,investing
2014-05-14,27.53,27.66,26.78,26.86,26.86,28160000.0,investing
2014-05-15,26.81,26.89,25.25,25.86,25.86,41520000.0,investing
2014-05-16,25.84,26.35,25.54,26.03,26.03,19890000.0,investing
2014-05-19,26.37,27.0,26.16,26.94,26.94,21930000.0,investing
2014-05-20,26.97,27.16,26.16,26.55,26.55,21830000.0,investing
2014-05-21,26.93,27.21,26.8,26.99,26.99,19020000.0,investing
2014-05-22,27.03,27.39,26.87,27.17,27.17,14940000.0,investing
2014-05-23,27.18,27.4,27.06,27.33,27.33,12410000.0,investing
2014-05-27,27.53,28.11,27.48,28.06,28.06,23530000.0,investing
2014-05-28,28.3,28.92,28.17,28.61,28.61,25380000.0,investing
2014-05-29,28.79,29.03,28.43,28.58,28.58,23290000.0,investing
2014-05-30,28.63,28.9,28.39,28.59,28.59,24070000.0,investing
2014-06-02,28.61,28.72,28.05,28.66,28.66,14520000.0,investing
2014-06-03,28.56,28.93,28.4,28.67,28.67,14010000.0,investing
2014-06-04,28.58,29.01,28.47,28.97,28.97,14380000.0,investing
2014-06-05,29.09,29.48,28.91,29.04,29.04,21880000.0,investing
2014-06-06,29.15,29.55,29.05,29.54,29.54,18320000.0,investing
2014-06-09,29.49,29.72,28.89,29.0,29.0,20640000.0,investing
2014-06-10,29.0,29.54,28.59,29.51,29.51,24110000.0,investing
2014-06-11,30.65,31.6,30.12,30.99,30.99,55470000.0,investing
2014-06-12,31.07,31.22,30.55,30.86,30.86,28150000.0,investing
2014-06-13,31.14,31.47,31.06,31.17,31.17,23280000.0,investing
2014-06-16,31.43,32.19,31.28,31.91,31.91,35500000.0,investing
2014-06-17,32.0,32.4,31.95,32.25,32.25,25200000.0,investing
2014-06-18,32.38,32.43,31.7,32.06,32.06,30100000.0,investing
2014-06-19,32.09,32.17,31.55,31.81,31.81,22400000.0,investing
2014-06-20,31.88,31.93,31.4,31.85,31.85,28270000.0,investing
2014-06-23,32.29,32.3,31.25,31.26,31.26,48590000.0,investing
2014-06-24,31.51,32.97,31.16,32.5,32.5,59690000.0,investing
2014-06-25,32.35,32.74,31.89,32.34,32.34,29800000.0,investing
2014-06-26,32.31,32.4,31.8,32.0,32.0,20350000.0,investing
2014-06-27,31.88,31.93,31.45,31.51,31.51,46780000.0,investing
2014-06-30,32.06,33.05,31.9,32.95,32.95,31060000.0,investing
2014-07-01,33.24,34.5,33.07,33.98,33.98,36350000.0,investing
2014-07-02,34.0,34.27,33.54,33.76,33.76,26620000.0,investing
2014-07-03,34.09,34.28,33.65,33.73,33.73,13880000.0,investing
2014-07-07,33.61,33.65,32.77,32.86,32.86,21380000.0,investing
2014-07-08,32.8,33.27,32.12,33.13,33.13,34640000.0,investing
2014-07-09,32.59,32.94,31.86,32.89,32.89,39290000.0,investing
2014-07-10,32.18,33.09,31.8,32.77,32.77,32920000.0,investing
2014-07-11,32.84,33.17,32.64,32.8,32.8,18870000.0,investing
2014-07-14,33.13,33.73,32.93,33.59,33.59,20350000.0,investing
2014-07-15,33.72,34.16,33.38,34.02,34.02,27200000.0,investing
2014-07-16,34.42,34.85,34.23,34.64,34.64,30800000.0,investing
2014-07-17,33.83,34.0,32.99,33.05,33.05,36950000.0,investing
2014-07-18,33.18,33.75,33.0,33.15,33.15,28530000.0,investing
2014-07-21,33.0,33.35,32.6,33.07,33.07,15790000.0,investing
2014-07-22,33.35,33.69,33.01,33.63,33.63,14380000.0,investing
2014-07-23,33.55,33.78,33.25,33.68,33.68,20910000.0,investing
2014-07-24,33.87,34.28,33.63,33.88,33.88,22690000.0,investing
2014-07-25,33.69,33.82,33.23,33.42,33.42,19660000.0,investing
2014-07-28,33.34,33.46,31.91,31.98,31.98,34200000.0,investing
2014-07-29,32.14,32.51,31.96,32.13,32.13,19380000.0,investing
2014-07-30,32.38,32.74,32.28,32.53,32.53,16000000.0,investing
2014-07-31,31.17,31.25,29.85,30.55,30.55,65000000.0,investing
2014-08-01,30.88,31.37,30.55,31.09,31.09,26180000.0,investing
2014-08-04,31.21,31.86,31.05,31.69,31.69,21820000.0,investing
2014-08-05,31.36,32.1,30.9,31.09,31.09,31700000.0,investing
2014-08-06,31.06,31.18,30.11,30.68,30.68,34910000.0,investing
2014-08-07,30.9,31.19,29.38,29.68,29.68,35980000.0,investing
2014-08-08,29.85,30.25,29.62,30.04,30.04,22890000.0,investing
2014-08-11,30.32,30.84,30.15,30.74,30.74,20600000.0,investing
2014-08-12,30.56,30.94,30.21,30.7,30.7,21500000.0,investing
2014-08-13,30.89,31.57,30.89,31.38,31.38,17830000.0,investing
2014-08-14,30.87,31.24,30.8,31.04,31.04,16870000.0,investing
2014-08-15,31.4,31.73,31.16,31.49,31.49,20560000.0,investing
2014-08-18,31.69,32.09,31.41,32.04,32.04,17510000.0,investing
2014-08-19,32.3,32.7,32.27,32.4,32.4,15020000.0,investing
2014-08-20,32.38,33.38,32.38,33.3,33.3,21270000.0,investing
2014-08-21,33.04,33.32,32.75,33.19,33.19,16590000.0,investing
2014-08-22,33.2,33.45,32.93,33.29,33.29,11760000.0,investing
2014-08-25,33.51,33.7,33.19,33.21,33.21,12700000.0,investing
2014-08-26,33.27,33.43,32.51,32.88,32.88,16079999.999999998,investing
2014-08-27,32.83,33.05,32.61,32.99,32.99,12210000.0,investing
2014-08-28,32.81,32.9,32.6,32.81,32.81,10900000.0,investing
2014-08-29,32.95,32.99,32.5,32.6,32.6,13520000.0,investing
2014-09-02,32.43,32.6,31.45,31.51,31.51,26980000.0,investing
2014-09-03,31.44,31.69,30.88,31.68,31.68,23930000.0,investing
2014-09-04,31.95,32.83,31.83,32.12,32.12,24800000.0,investing
2014-09-05,32.1,32.95,32.02,32.94,32.94,17770000.0,investing
2014-09-08,32.99,33.41,32.84,33.13,33.13,17930000.0,investing
2014-09-09,33.01,33.02,31.86,31.98,31.98,20210000.0,investing
2014-09-10,32.15,32.2,31.41,32.09,32.09,24650000.0,investing
2014-09-11,31.85,32.19,31.71,32.04,32.04,11370000.0,investing
2014-09-12,32.01,32.15,31.5,31.52,31.52,12580000.0,investing
2014-09-15,31.4,31.52,29.87,30.02,30.02,37020000.0,investing
2014-09-16,30.09,31.58,29.73,31.45,31.45,28740000.0,investing
2014-09-17,31.47,32.27,31.28,31.98,31.98,19490000.0,investing
2014-09-18,32.24,32.48,31.98,32.48,32.48,12490000.0,investing
2014-09-19,32.48,32.55,31.45,31.63,31.63,25220000.0,investing
2014-09-22,31.43,31.44,30.41,30.6,30.6,21710000.0,investing
2014-09-23,30.51,31.49,30.11,31.2,31.2,22710000.0,investing
2014-09-24,31.8,32.35,31.34,32.22,32.22,25780000.0,investing
2014-09-25,32.41,32.56,31.35,31.7,31.7,36430000.0,investing
2014-09-26,33.97,34.1,33.41,33.83,33.83,53970000.0,investing
2014-09-29,33.42,34.85,33.2,34.5,34.5,33980000.0,investing
2014-09-30,34.63,34.73,33.89,34.26,34.26,25770000.0,investing
2014-10-01,34.25,34.25,33.22,33.5,33.5,36240000.0,investing
2014-10-02,33.65,34.08,32.95,33.81,33.81,27340000.0,investing
2014-10-03,34.08,34.4,33.87,33.94,33.94,22570000.0,investing
2014-10-06,33.19,33.29,31.84,32.57,32.57,43420000.0,investing
2014-10-07,32.41,32.87,31.85,31.86,31.86,28830000.0,investing
2014-10-08,31.9,32.4,30.86,32.32,32.32,28070000.0,investing
2014-10-09,32.12,32.18,30.41,30.64,30.64,35910000.0,investing
2014-10-10,29.75,29.87,27.59,27.79,27.79,85750000.0,investing
2014-10-13,28.59,28.86,27.0,27.03,27.03,44360000.0,investing
2014-10-14,27.79,28.41,27.22,27.39,27.39,41370000.0,investing
2014-10-15,26.8,28.9,26.32,27.54,27.54,50520000.0,investing
2014-10-16,27.33,28.86,27.19,28.3,28.3,42110000.0,investing
2014-10-17,28.91,29.73,28.57,28.77,28.77,34720000.0,investing
2014-10-20,29.11,29.73,28.81,29.69,29.69,22360000.0,investing
2014-10-21,30.4,31.34,30.16,31.19,31.19,40880000.0,investing
2014-10-22,31.52,31.55,30.32,30.57,30.57,25500000.0,investing
2014-10-23,31.04,31.37,30.57,30.89,30.89,22070000.0,investing
2014-10-24,30.98,31.12,30.61,31.06,31.06,17760000.0,investing
2014-10-27,31.96,32.38,31.66,32.3,32.3,26780000.0,investing
2014-10-28,32.51,32.67,32.15,32.61,32.61,20980000.0,investing
2014-10-29,32.5,32.65,31.86,32.28,32.28,21420000.0,investing
2014-10-30,31.75,32.08,30.94,31.82,31.82,26760000.0,investing
2014-10-31,32.9,33.35,32.62,33.09,33.09,28540000.0,investing
2014-11-03,33.19,33.91,32.98,33.51,33.51,19660000.0,investing
2014-11-04,33.48,33.59,32.9,33.37,33.37,16500000.0,investing
2014-11-05,33.51,33.76,33.11,33.71,33.71,23140000.0,investing
2014-11-06,33.5,33.79,33.15,33.35,33.35,23580000.0,investing
2014-11-07,33.31,33.38,32.32,33.01,33.01,19340000.0,investing
2014-11-10,32.93,33.11,32.62,33.09,33.09,13830000.0,investing
2014-11-11,32.98,33.38,32.89,33.2,33.2,11290000.0,investing
2014-11-12,33.05,33.17,32.8,32.91,32.91,14320000.0,investing
2014-11-13,32.98,33.21,32.75,32.94,32.94,10850000.0,investing
2014-11-14,32.94,32.94,32.13,32.62,32.62,17430000.0,investing
2014-11-17,31.9,32.41,31.69,32.29,32.29,18260000.0,investing
2014-11-18,32.3,33.15,32.3,32.87,32.87,15540000.0,investing
2014-11-19,32.93,33.22,32.34,32.96,32.96,14590000.0,investing
2014-11-20,32.73,33.48,32.49,33.21,33.21,13610000.0,investing
2014-11-21,33.71,34.39,33.52,34.3,34.3,25560000.0,investing
2014-11-24,34.41,35.25,34.26,34.73,34.73,24970000.0,investing
2014-11-25,34.77,34.98,34.4,34.8,34.8,13990000.0,investing
2014-11-26,34.63,35.67,34.62,35.62,35.62,18290000.0,investing
2014-11-28,35.84,36.22,35.72,35.95,35.95,11650000.0,investing
2014-12-01,35.98,36.14,34.94,34.99,34.99,21340000.0,investing
2014-12-02,35.05,35.77,34.64,35.6,35.6,14280000.0,investing
2014-12-03,35.9,36.35,35.74,36.1,36.1,29010000.0,investing
2014-12-04,36.03,36.5,35.67,36.07,36.07,16489999.999999998,investing
2014-12-05,36.09,36.5,36.02,36.49,36.49,14110000.0,investing
2014-12-08,36.46,36.59,35.7,36.02,36.02,15820000.0,investing
2014-12-09,34.85,35.71,34.54,35.66,35.66,16500000.0,investing
2014-12-10,35.44,35.65,34.78,34.86,34.86,17040000.0,investing
2014-12-11,35.16,35.82,34.9,35.19,35.19,13280000.0,investing
2014-12-12,34.92,34.93,33.97,34.0,34.0,19800000.0,investing
2014-12-15,34.35,34.45,33.25,33.35,33.35,27310000.0,investing
2014-12-16,32.9,33.92,32.37,32.91,32.91,28610000.0,investing
2014-12-17,33.08,33.9,32.5,33.83,33.83,19430000.0,investing
2014-12-18,34.62,34.79,34.05,34.45,34.45,18200000.0,investing
2014-12-19,34.59,34.8,34.13,34.49,34.49,18470000.0,investing
2014-12-22,34.75,35.0,34.5,34.63,34.63,12690000.0,investing
2014-12-23,34.92,35.19,34.76,34.97,34.97,10950000.0,investing
2014-12-24,35.03,35.1,34.62,34.91,34.91,4670000.0,investing
2014-12-26,35.03,35.23,34.98,35.0,35.0,6880000.0,investing
2014-12-29,35.27,35.69,35.08,35.53,35.53,12370000.0,investing
2014-12-30,35.43,35.74,35.3,35.4,35.4,11480000.0,investing
2014-12-31,35.45,35.53,35.0,35.01,35.01,10710000.0,investing
2015-01-02,35.24,35.52,34.34,34.75,34.75,15140000.0,investing
2015-01-05,34.71,34.74,33.75,33.77,33.77,23710000.0,investing
2015-01-06,34.1,34.23,32.63,32.87,32.87,40090000.0,investing
2015-01-07,31.53,32.98,31.45,32.1,32.1,52550000.0,investing
2015-01-08,32.56,33.87,32.55,33.67,33.67,31950000.0,investing
2015-01-09,33.76,33.87,32.96,33.52,33.52,19330000.0,investing
2015-01-12,32.39,32.99,31.4,31.66,31.66,41980000.0,investing
2015-01-13,31.92,32.2,30.64,30.84,30.84,40260000.0,investing
2015-01-14,30.27,31.2,29.8,30.05,30.05,35770000.0,investing
2015-01-15,30.25,30.42,29.27,29.3,29.3,28510000.0,investing
2015-01-16,29.14,29.26,28.51,28.99,28.99,58430000.0,investing
2015-01-20,29.51,30.02,29.35,29.67,29.67,29880000.0,investing
2015-01-21,29.5,30.74,29.5,30.49,30.49,27260000.0,investing
2015-01-22,30.45,30.95,30.23,30.89,30.89,22300000.0,investing
2015-01-23,30.89,31.13,30.46,30.95,30.95,21160000.0,investing
2015-01-26,30.54,31.02,30.21,31.02,31.02,19180000.0,investing
2015-01-27,30.43,30.45,29.39,29.65,29.65,27590000.0,investing
2015-01-28,30.0,30.19,29.03,29.09,29.09,21690000.0,investing
2015-01-29,29.29,29.83,28.86,29.71,29.71,30280000.0,investing
2015-01-30,29.4,29.8,29.07,29.27,29.27,23450000.0,investing
2015-02-02,29.25,29.39,28.09,28.43,28.43,34020000.0,investing
2015-02-03,28.57,29.09,28.48,28.95,28.95,24010000.0,investing
2015-02-04,28.81,29.24,28.7,29.03,29.03,20930000.0,investing
2015-02-05,29.3,29.52,29.12,29.49,29.49,19790000.0,investing
2015-02-06,29.54,29.9,28.86,28.91,28.91,18740000.0,investing
2015-02-09,28.77,28.77,28.24,28.35,28.35,22390000.0,investing
2015-02-10,29.1,31.14,29.0,31.09,31.09,43830000.0,investing
2015-02-11,31.09,31.58,30.45,31.02,31.02,29780000.0,investing
2015-02-12,31.06,32.05,30.94,31.94,31.94,23790000.0,investing
2015-02-13,32.21,32.4,31.34,31.85,31.85,18740000.0,investing
2015-02-17,32.31,32.84,32.22,32.33,32.33,19880000.0,investing
2015-02-18,32.26,32.5,32.03,32.17,32.17,12350000.0,investing
2015-02-19,32.12,32.2,31.72,31.81,31.81,13430000.0,investing
2015-02-20,31.74,32.05,31.27,32.03,32.03,16530000.000000002,investing
2015-02-23,31.86,31.91,31.27,31.4,31.4,13870000.0,investing
2015-02-24,30.14,30.95,28.79,30.77,30.77,54980000.0,investing
2015-02-25,30.6,31.2,30.35,30.48,30.48,16770000.0,investing
2015-02-26,30.54,30.97,30.36,30.62,30.62,14930000.0,investing
2015-02-27,30.97,31.21,30.62,30.67,30.67,15650000.0,investing
2015-03-02,31.08,31.5,30.99,31.24,31.24,18440000.0,investing
2015-03-03,30.38,30.69,29.38,29.66,29.66,28950000.0,investing
2015-03-04,29.72,29.76,28.82,29.27,29.27,26710000.0,investing
2015-03-05,29.45,29.84,28.97,29.28,29.28,24010000.0,investing
2015-03-06,29.22,29.27,28.39,28.5,28.5,28300000.0,investing
2015-03-09,28.54,28.78,27.91,28.66,28.66,17560000.0,investing
2015-03-10,28.1,28.32,27.46,27.61,27.61,29750000.0,investing
2015-03-11,27.93,28.18,27.61,27.88,27.88,17470000.0,investing
2015-03-12,27.11,28.38,27.1,28.02,28.02,19570000.0,investing
2015-03-13,27.97,28.77,27.96,28.71,28.71,23680000.0,investing
2015-03-16,28.97,29.26,28.22,28.5,28.5,18180000.0,investing
2015-03-17,27.73,27.98,27.46,27.66,27.66,24930000.0,investing
2015-03-18,28.01,28.35,27.6,28.16,28.16,24540000.0,investing
2015-03-19,28.1,28.23,27.92,28.05,28.05,21660000.0,investing
2015-03-20,28.32,28.76,28.11,28.68,28.68,23610000.0,investing
2015-03-23,28.47,28.51,27.82,28.02,28.02,18700000.0,investing
2015-03-24,28.11,28.35,27.88,27.96,27.96,15670000.0,investing
2015-03-25,27.86,27.87,26.4,26.57,26.57,35870000.0,investing
2015-03-26,25.76,27.17,25.61,26.66,26.66,44700000.0,investing
2015-03-27,26.93,27.14,26.05,26.68,26.68,30910000.0,investing
2015-03-30,26.73,26.96,26.46,26.68,26.68,26140000.0,investing
2015-03-31,26.71,27.31,26.61,27.13,27.13,25290000.0,investing
2015-04-01,27.13,27.35,26.77,27.13,27.13,39420000.0,investing
2015-04-02,27.75,27.76,26.71,26.73,26.73,41390000.0,investing
2015-04-06,26.5,27.45,26.4,27.43,27.43,22460000.0,investing
2015-04-07,27.35,27.45,26.86,26.87,26.87,17820000.0,investing
2015-04-08,26.58,27.35,26.49,27.13,27.13,22110000.0,investing
2015-04-09,27.07,27.86,27.01,27.82,27.82,18660000.0,investing
2015-04-10,27.8,28.17,27.8,28.02,28.02,19700000.0,investing
2015-04-13,28.02,28.15,27.78,27.88,27.88,13640000.0,investing
2015-04-14,27.73,27.9,27.41,27.72,27.72,16670000.000000002,investing
2015-04-15,28.0,28.45,27.88,28.17,28.17,20140000.0,investing
2015-04-16,27.9,28.18,27.77,28.01,28.01,16390000.0,investing
2015-04-17,27.75,28.08,27.6,28.02,28.02,18160000.0,investing
2015-04-20,28.12,28.39,28.01,28.26,28.26,19900000.0,investing
2015-04-21,28.33,28.59,28.16,28.55,28.55,22170000.0,investing
2015-04-22,28.58,29.75,28.56,29.5,29.5,29660000.0,investing
2015-04-23,28.93,29.78,28.86,29.52,29.52,22040000.0,investing
2015-04-24,29.74,29.74,28.89,29.2,29.2,18760000.0,investing
2015-04-27,29.25,29.66,29.14,29.27,29.27,14870000.0,investing
2015-04-28,29.22,29.45,28.76,28.99,28.99,12370000.0,investing
2015-04-29,28.7,28.99,28.51,28.87,28.87,10960000.0,investing
2015-04-30,28.79,28.85,27.85,28.13,28.13,18990000.0,investing
2015-05-01,28.31,29.25,28.31,28.99,28.99,16700000.0,investing
2015-05-04,29.07,29.15,28.49,28.67,28.67,13910000.0,investing
2015-05-05,28.27,28.36,27.83,28.04,28.04,19350000.0,investing
2015-05-06,28.22,28.3,27.44,27.99,27.99,19770000.0,investing
2015-05-07,27.8,27.9,26.89,27.27,27.27,29690000.0,investing
2015-05-08,27.37,27.43,26.76,27.18,27.18,34960000.0,investing
2015-05-11,27.13,28.09,26.86,27.75,27.75,24590000.0,investing
2015-05-12,27.55,27.58,26.86,26.87,26.87,19520000.0,investing
2015-05-13,27.34,27.66,27.08,27.19,27.19,17530000.0,investing
2015-05-14,27.33,27.52,26.47,26.69,26.69,32200000.000000004,investing
2015-05-15,26.53,26.63,26.01,26.33,26.33,25860000.0,investing
2015-05-18,26.16,26.83,26.04,26.76,26.76,20150000.0,investing
2015-05-19,26.83,26.93,26.06,26.31,26.31,19530000.0,investing
2015-05-20,26.47,26.99,26.25,26.59,26.59,22870000.0,investing
2015-05-21,26.62,27.14,26.34,26.9,26.9,17260000.0,investing
2015-05-22,27.23,27.65,27.21,27.33,27.33,20360000.0,investing
2015-05-26,27.22,27.48,27.03,27.32,27.32,14970000.0,investing
2015-05-27,27.43,28.42,27.39,28.13,28.13,23440000.0,investing
2015-05-28,28.19,28.62,28.11,28.28,28.28,18670000.0,investing
2015-05-29,28.42,28.42,27.93,27.93,27.93,18450000.0,investing
2015-06-01,27.96,28.53,27.81,28.42,28.42,20210000.0,investing
2015-06-02,28.36,28.41,27.77,27.79,27.79,18230000.0,investing
2015-06-03,28.0,28.01,27.01,27.08,27.08,29620000.0,investing
2015-06-04,26.9,27.24,26.71,26.98,26.98,22190000.0,investing
2015-06-05,27.0,27.0,26.5,26.59,26.59,16590000.0,investing
2015-06-08,26.51,26.63,25.8,25.92,25.92,23250000.0,investing
2015-06-09,25.91,25.95,24.94,25.19,25.19,39820000.0,investing
2015-06-10,25.52,25.59,23.33,25.19,25.19,23800000.0,investing
2015-06-11,25.2,25.39,24.97,25.02,25.02,25790000.0,investing
2015-06-12,24.89,25.38,24.71,25.13,25.13,21120000.0,investing
2015-06-15,24.22,24.25,23.7,24.24,24.24,44190000.0,investing
2015-06-16,24.05,24.32,23.88,24.24,24.24,19170000.0,investing
2015-06-17,24.3,24.68,24.23,24.48,24.48,17950000.0,investing
2015-06-18,24.64,24.82,24.43,24.46,24.46,21570000.0,investing
2015-06-19,24.8,24.97,24.46,24.47,24.47,25590000.0,investing
2015-06-22,24.14,24.71,24.0,24.63,24.63,26230000.0,investing
2015-06-23,24.63,24.86,24.38,24.49,24.49,16170000.000000002,investing
2015-06-24,24.44,24.49,24.0,24.06,24.06,21240000.0,investing
2015-06-25,24.13,24.24,23.66,24.02,24.02,38350000.0,investing
2015-06-26,20.27,20.6,19.43,19.66,19.66,149010000.0,investing
2015-06-29,19.34,19.6,18.6,18.73,18.73,49130000.0,investing
2015-06-30,18.89,19.1,18.55,18.84,18.84,34680000.0,investing
2015-07-01,19.05,19.1,18.63,18.78,18.78,25030000.0,investing
2015-07-02,18.83,19.38,18.81,19.07,19.07,26180000.0,investing
2015-07-06,18.84,18.98,18.23,18.32,18.32,37880000.0,investing
2015-07-07,18.13,18.36,17.37,18.2,18.2,46290000.0,investing
2015-07-08,17.96,17.98,17.49,17.63,17.63,30900000.0,investing
2015-07-09,17.87,18.01,17.14,17.15,17.15,47090000.0,investing
2015-07-10,17.33,17.65,17.15,17.57,17.57,24280000.0,investing
2015-07-13,17.83,17.85,17.39,17.61,17.61,35790000.0,investing
2015-07-14,19.76,19.84,19.0,19.61,19.61,103880000.0,investing
2015-07-15,19.49,19.65,18.77,18.89,18.89,41980000.0,investing
2015-07-16,19.25,19.74,19.09,19.61,19.61,34720000.0,investing
2015-07-17,19.53,20.24,19.37,20.12,20.12,34080000.0,investing
2015-07-20,20.08,20.08,18.77,18.89,18.89,41990000.0,investing
2015-07-21,18.84,19.11,18.51,18.88,18.88,29340000.0,investing
2015-07-22,18.53,18.63,17.85,18.0,18.0,43640000.0,investing
2015-07-23,18.33,18.93,18.3,18.7,18.7,32810000.000000004,investing
2015-07-24,18.6,18.7,18.07,18.34,18.34,21570000.0,investing
2015-07-27,18.1,18.67,17.57,18.12,18.12,27580000.0,investing
2015-07-28,18.35,20.08,18.2,19.75,19.75,51810000.0,investing
2015-07-29,19.98,20.57,19.67,19.87,19.87,41560000.0,investing
2015-07-30,19.75,20.1,19.46,19.9,19.9,31250000.0,investing
2015-07-31,20.02,20.03,18.47,18.51,18.51,55070000.0,investing
2015-08-03,18.61,19.39,18.59,19.0,19.0,32960000.0,investing
2015-08-04,19.17,19.19,18.6,19.01,19.01,19930000.0,investing
2015-08-05,19.18,19.47,18.88,18.91,18.91,23370000.0,investing
2015-08-06,18.93,18.96,18.45,18.72,18.72,29930000.0,investing
2015-08-07,18.45,18.53,18.0,18.44,18.44,23720000.0,investing
2015-08-10,18.58,18.96,18.32,18.82,18.82,25230000.0,investing
2015-08-11,18.63,18.63,17.68,17.88,17.88,22960000.0,investing
2015-08-12,17.65,18.33,17.52,18.19,18.19,20480000.0,investing
2015-08-13,18.23,18.38,17.67,17.7,17.7,15470000.0,investing
2015-08-14,17.76,17.99,16.82,16.95,16.95,37250000.0,investing
2015-08-17,16.47,17.26,16.12,17.22,17.22,33000000.0,investing
2015-08-18,17.0,17.0,16.27,16.38,16.38,32420000.0,investing
2015-08-19,16.24,16.35,15.88,15.9,15.9,36870000.0,investing
2015-08-20,15.35,15.37,14.66,14.74,14.74,54860000.0,investing
2015-08-21,14.39,15.25,14.24,14.53,14.53,43720000.0,investing
2015-08-24,13.81,15.37,13.5,14.44,14.44,54530000.0,investing
2015-08-25,15.18,15.34,14.26,14.27,14.27,38660000.0,investing
2015-08-26,14.61,14.75,14.11,14.42,14.42,43820000.0,investing
2015-08-27,14.63,15.93,14.63,15.67,15.67,42970000.0,investing
2015-08-28,16.25,16.54,15.61,15.96,15.96,34100000.0,investing
2015-08-31,15.91,16.69,15.46,16.41,16.41,32920000.0,investing
2015-09-01,15.8,16.21,15.68,15.82,15.82,27910000.0,investing
2015-09-02,16.09,16.31,15.74,16.29,16.29,23480000.0,investing
2015-09-03,16.39,17.21,16.25,16.59,16.59,26380000.0,investing
2015-09-04,16.3,17.3,16.26,16.82,16.82,32420000.0,investing
2015-09-08,17.55,17.75,17.05,17.53,17.53,26820000.0,investing
2015-09-09,17.9,17.97,16.84,16.96,16.96,32950000.000000004,investing
2015-09-10,16.81,17.42,16.71,17.2,17.2,20810000.0,investing
2015-09-11,17.02,17.17,16.71,16.8,16.8,22110000.0,investing
2015-09-14,16.9,16.92,16.36,16.7,16.7,15180000.0,investing
2015-09-15,16.86,16.86,16.46,16.52,16.52,21320000.0,investing
2015-09-16,16.46,16.7,16.31,16.68,16.68,22360000.0,investing
2015-09-17,16.68,16.81,16.31,16.41,16.41,22830000.0,investing
2015-09-18,16.08,16.19,15.36,15.5,15.5,36700000.0,investing
2015-09-21,15.62,15.98,15.46,15.75,15.75,19020000.0,investing
2015-09-22,15.35,15.81,15.17,15.41,15.41,22760000.0,investing
2015-09-23,15.43,15.43,14.8,14.81,14.81,22570000.0,investing
2015-09-24,14.8,15.52,14.6,15.34,15.34,32799999.999999996,investing
2015-09-25,15.34,15.59,14.65,14.91,14.91,28920000.0,investing
2015-09-28,14.67,14.73,13.92,14.06,14.06,30450000.0,investing
2015-09-29,14.26,14.69,14.15,14.38,14.38,25530000.0,investing
2015-09-30,14.73,15.33,14.7,14.98,14.98,28070000.0,investing
2015-10-01,14.99,15.04,14.5,14.77,14.77,37460000.0,investing
2015-10-02,15.22,15.95,15.15,15.91,15.91,49690000.0,investing
2015-10-05,16.32,17.84,16.2,17.57,17.57,63720000.0,investing
2015-10-06,17.63,18.3,17.34,18.22,18.22,52110000.0,investing
2015-10-07,18.39,18.92,18.22,18.62,18.62,41910000.0,investing
2015-10-08,18.59,19.1,18.45,18.72,18.72,33620000.0,investing
2015-10-09,18.63,18.85,17.9,18.16,18.16,23390000.0,investing
2015-10-12,18.54,18.63,17.72,18.03,18.03,22490000.0,investing
2015-10-13,17.81,18.55,17.74,18.18,18.18,21780000.0,investing
2015-10-14,18.77,19.3,18.52,18.82,18.82,34630000.0,investing
2015-10-15,18.87,19.15,18.5,18.66,18.66,20400000.0,investing
2015-10-16,18.74,18.83,18.23,18.5,18.5,15590000.0,investing
2015-10-19,18.37,19.22,18.32,19.16,19.16,27540000.0,investing
2015-10-20,18.9,19.05,16.61,17.09,17.09,67590000.0,investing
2015-10-21,16.49,16.93,15.93,16.43,16.43,49190000.0,investing
2015-10-22,16.4,17.01,16.07,16.72,16.72,33990000.0,investing
2015-10-23,16.9,17.32,16.81,17.24,17.24,22440000.0,investing
2015-10-26,17.16,17.25,16.5,16.58,16.58,14900000.0,investing
2015-10-27,16.52,16.8,16.52,16.68,16.68,14700000.0,investing
2015-10-28,16.8,17.11,16.58,16.92,16.92,15150000.0,investing
2015-10-29,16.69,16.74,16.19,16.21,16.21,17070000.0,investing
2015-10-30,16.38,16.62,16.2,16.56,16.56,19250000.0,investing
2015-11-02,16.96,17.29,16.8,17.09,17.09,18770000.0,investing
2015-11-03,17.1,17.99,17.09,17.84,17.84,22130000.0,investing
2015-11-04,18.05,18.05,17.1,17.44,17.44,19250000.0,investing
2015-11-05,17.52,17.71,16.36,16.51,16.51,26770000.0,investing
2015-11-06,16.44,16.77,16.1,16.45,16.45,18050000.0,investing
2015-11-09,16.36,16.45,15.8,15.84,15.84,23640000.0,investing
2015-11-10,15.74,15.85,15.42,15.54,15.54,24590000.0,investing
2015-11-11,15.64,15.79,15.47,15.5,15.5,16200000.0,investing
2015-11-12,15.28,15.75,15.28,15.35,15.35,14300000.0,investing
2015-11-13,15.3,15.38,14.86,15.0,15.0,21070000.0,investing
2015-11-16,14.95,15.2,14.65,14.89,14.89,23730000.0,investing
2015-11-17,15.03,15.73,14.94,15.28,15.28,25250000.0,investing
2015-11-18,15.39,15.69,15.3,15.61,15.61,20070000.0,investing
2015-11-19,15.71,16.28,15.71,15.87,15.87,18280000.0,investing
2015-11-20,16.0,16.1,15.34,15.43,15.43,24070000.0,investing
2015-11-23,15.54,15.67,15.07,15.32,15.32,14050000.0,investing
2015-11-24,15.22,15.66,15.15,15.63,15.63,12220000.0,investing
2015-11-25,15.4,15.78,15.35,15.58,15.58,10000000.0,investing
2015-11-27,15.55,15.64,15.47,15.56,15.56,5020000.0,investing
2015-11-30,15.59,16.01,15.5,15.93,15.93,13500000.0,investing
2015-12-01,16.18,16.63,16.12,16.55,16.55,20140000.0,investing
2015-12-02,16.49,16.59,15.72,15.82,15.82,16120000.000000002,investing
2015-12-03,15.95,16.2,15.5,15.61,15.61,15210000.0,investing
2015-12-04,15.54,15.93,15.4,15.5,15.5,19070000.0,investing
2015-12-07,15.35,15.47,14.71,14.85,14.85,23580000.0,investing
2015-12-08,14.61,14.7,14.42,14.6,14.6,18190000.0,investing
2015-12-09,14.6,14.67,14.24,14.32,14.32,20920000.0,investing
2015-12-10,14.29,14.79,14.26,14.66,14.66,14820000.0,investing
2015-12-11,14.32,14.44,13.99,14.04,14.04,23720000.0,investing
2015-12-14,14.43,14.48,13.51,13.66,13.66,35210000.0,investing
2015-12-15,13.77,14.37,13.74,14.18,14.18,26460000.0,investing
2015-12-16,14.36,14.45,13.78,14.07,14.07,21970000.0,investing
2015-12-17,14.65,14.77,14.25,14.32,14.32,29020000.0,investing
2015-12-18,14.38,14.72,14.26,14.36,14.36,38530000.0,investing
2015-12-21,14.44,14.79,14.33,14.77,14.77,22220000.0,investing
2015-12-22,14.8,14.95,14.52,14.61,14.61,27100000.0,investing
2015-12-23,13.72,14.3,13.55,14.3,14.3,59120000.0,investing
2015-12-24,14.2,14.59,14.19,14.48,14.48,14290000.0,investing
2015-12-28,14.45,14.51,14.05,14.19,14.19,17660000.0,investing
2015-12-29,14.35,14.51,14.23,14.34,14.34,16100000.000000002,investing
2015-12-30,14.27,14.44,14.1,14.16,14.16,10940000.0,investing
2015-12-31,14.1,14.29,14.03,14.16,14.16,13250000.0,investing
2016-01-04,13.83,14.36,13.81,14.33,14.33,22620000.0,investing
2016-01-05,14.42,15.08,14.36,14.82,14.82,29810000.0,investing
2016-01-06,14.5,14.69,14.11,14.22,14.22,26840000.0,investing
2016-01-07,13.86,14.27,13.63,13.66,13.66,26030000.0,investing
2016-01-08,13.78,13.95,13.29,13.33,13.33,29060000.0,investing
2016-01-11,13.37,13.46,12.21,12.53,12.53,43160000.0,investing
2016-01-12,12.72,13.24,12.4,12.72,12.72,25670000.0,investing
2016-01-13,12.78,12.97,11.91,12.06,12.06,35320000.0,investing
2016-01-14,12.08,12.26,11.53,12.02,12.02,35810000.0,investing
2016-01-15,11.35,11.66,10.91,11.08,11.08,37160000.0,investing
2016-01-19,11.28,11.37,10.71,10.8,10.8,38130000.0,investing
2016-01-20,10.38,10.39,9.31,10.05,10.05,65209999.99999999,investing
2016-01-21,10.45,10.9,10.13,10.85,10.85,52300000.0,investing
2016-01-22,11.18,11.57,10.88,11.07,11.07,35090000.0,investing
2016-01-25,11.06,11.17,10.47,10.48,10.48,23870000.0,investing
2016-01-26,10.55,10.71,10.36,10.55,10.55,26180000.0,investing
2016-01-27,10.5,10.83,10.32,10.39,10.39,23010000.0,investing
2016-01-28,10.48,10.55,9.71,9.88,9.88,37390000.0,investing
2016-01-29,9.99,11.05,9.94,11.03,11.03,38450000.0,investing
2016-02-01,11.0,11.1,10.51,10.96,10.96,25820000.0,investing
2016-02-02,10.8,11.07,10.48,10.59,10.59,22090000.0,investing
2016-02-03,10.67,10.86,10.18,10.76,10.76,18100000.0,investing
2016-02-04,10.71,11.55,10.7,11.23,11.23,26160000.0,investing
2016-02-05,11.15,11.38,10.76,11.0,11.0,22660000.0,investing
2016-02-08,10.71,10.76,9.94,10.17,10.17,27420000.0,investing
2016-02-09,10.01,10.34,9.75,9.98,9.98,30180000.0,investing
2016-02-10,10.08,10.28,9.82,9.9,9.9,22090000.0,investing
2016-02-11,9.72,9.95,9.45,9.69,9.69,27110000.0,investing
2016-02-12,9.88,10.24,9.48,10.02,10.02,23860000.0,investing
2016-02-16,10.36,10.87,10.31,10.81,10.81,27490000.0,investing
2016-02-17,10.97,11.65,10.92,11.43,11.43,34400000.0,investing
2016-02-18,11.57,11.75,11.32,11.49,11.49,21620000.0,investing
2016-02-19,11.39,11.39,10.95,11.16,11.16,17910000.0,investing
2016-02-22,11.37,11.44,10.9,11.05,11.05,20000000.0,investing
2016-02-23,11.0,11.08,10.39,10.49,10.49,22690000.0,investing
2016-02-24,10.25,10.67,10.06,10.64,10.64,18550000.0,investing
2016-02-25,10.67,10.74,10.21,10.72,10.72,16149999.999999998,investing
2016-02-26,10.79,11.0,10.57,10.7,10.7,16420000.000000002,investing
2016-02-27,10.69,10.69,10.69,10.69,10.69,14710000.0,investing
2016-02-29,10.65,10.89,10.52,10.63,10.63,20720000.0,investing
2016-03-01,10.77,11.1,10.59,11.07,11.07,15640000.0,investing
2016-03-02,11.01,11.69,10.97,11.68,11.68,18200000.0,investing
2016-03-03,11.73,11.85,11.6,11.79,11.79,16320000.0,investing
2016-03-04,11.8,12.29,11.6,11.88,11.88,35280000.0,investing
2016-03-07,11.46,11.78,11.05,11.58,11.58,27780000.0,investing
2016-03-08,11.44,11.45,10.65,10.66,10.66,29650000.0,investing
2016-03-09,10.76,10.91,10.53,10.81,10.81,15130000.0,investing
2016-03-10,10.95,11.06,10.66,10.88,10.88,17770000.0,investing
2016-03-11,10.99,11.4,10.85,11.39,11.39,17260000.0,investing
2016-03-14,11.34,11.34,11.01,11.15,11.15,13530000.0,investing
2016-03-15,11.15,11.15,10.72,10.85,10.85,15160000.0,investing
2016-03-16,10.71,10.89,10.55,10.72,10.72,20470000.0,investing
2016-03-17,10.72,11.0,10.6,10.87,10.87,19980000.0,investing
2016-03-18,10.84,11.17,10.75,11.14,11.14,44830000.0,investing
2016-03-21,11.14,11.6,11.07,11.53,11.53,18080000.0,investing
2016-03-22,11.45,11.6,11.33,11.44,11.44,13460000.0,investing
2016-03-23,11.43,11.46,10.63,10.65,10.65,29420000.0,investing
2016-03-24,10.5,10.6,10.33,10.5,10.5,22820000.0,investing
2016-03-28,10.5,10.59,10.25,10.38,10.38,22900000.0,investing
2016-03-29,10.18,10.53,10.1,10.45,10.45,30890000.0,investing
2016-03-30,10.51,10.95,10.4,10.48,10.48,35170000.0,investing
2016-03-31,10.31,10.49,10.01,10.47,10.47,48130000.0,investing
2016-04-01,10.28,11.07,10.24,11.03,11.03,28460000.0,investing
2016-04-04,11.06,11.22,10.78,10.8,10.8,22480000.0,investing
2016-04-05,10.63,10.72,10.38,10.4,10.4,20760000.0,investing
2016-04-06,10.42,10.48,10.25,10.47,10.47,18410000.0,investing
2016-04-07,10.42,10.65,10.39,10.51,10.51,19470000.0,investing
2016-04-08,10.64,10.89,10.57,10.72,10.72,18950000.0,investing
2016-04-11,10.75,10.92,10.44,10.45,10.45,18260000.0,investing
2016-04-12,10.51,10.54,10.05,10.17,10.17,25680000.0,investing
2016-04-13,10.3,10.9,10.2,10.88,10.88,26110000.0,investing
2016-04-14,10.79,10.79,10.39,10.4,10.4,17780000.0,investing
2016-04-15,10.73,10.78,10.46,10.69,10.69,25330000.0,investing
2016-04-18,10.63,11.1,10.56,10.89,10.89,26370000.0,investing
2016-04-19,11.08,11.08,10.6,10.72,10.72,21010000.0,investing
2016-04-20,10.63,10.77,10.5,10.75,10.75,19270000.0,investing
2016-04-21,10.8,10.89,10.6,10.65,10.65,15630000.0,investing
2016-04-22,10.66,10.81,10.5,10.66,10.66,18720000.0,investing
2016-04-25,10.67,10.88,10.47,10.55,10.55,22500000.0,investing
2016-04-26,10.82,11.65,10.71,11.51,11.51,47100000.0,investing
2016-04-27,11.34,11.61,11.2,11.56,11.56,24350000.0,investing
2016-04-28,11.53,12.4,11.52,11.62,11.62,41190000.0,investing
2016-04-29,11.63,11.69,10.64,10.75,10.75,40160000.0,investing
2016-05-02,10.8,10.86,10.43,10.62,10.62,23790000.0,investing
2016-05-03,10.49,10.62,10.25,10.36,10.36,27850000.0,investing
2016-05-04,10.25,10.49,9.8,10.0,10.0,40870000.0,investing
2016-05-05,10.06,10.4,10.01,10.06,10.06,26460000.0,investing
2016-05-06,9.98,10.21,9.85,9.99,9.99,20960000.0,investing
2016-05-09,10.0,10.07,9.76,9.87,9.87,20480000.0,investing
2016-05-10,9.94,10.11,9.84,10.09,10.09,19610000.0,investing
2016-05-11,10.02,10.33,10.01,10.1,10.1,17810000.0,investing
2016-05-12,10.15,10.26,9.35,9.63,9.63,41070000.0,investing
2016-05-13,9.66,9.79,9.41,9.56,9.56,21520000.0,investing
2016-05-16,9.61,9.69,9.51,9.68,9.68,16250000.0,investing
2016-05-17,9.65,9.92,9.49,9.67,9.67,22110000.0,investing
2016-05-18,9.68,10.28,9.68,10.05,10.05,27020000.0,investing
2016-05-19,10.0,10.26,9.91,10.07,10.07,18850000.0,investing
2016-05-20,10.31,10.81,10.28,10.8,10.8,31190000.0,investing
2016-05-23,10.84,11.17,10.82,11.14,11.14,28370000.0,investing
2016-05-24,11.31,11.5,11.16,11.49,11.49,25440000.0,investing
2016-05-25,11.59,11.78,11.42,11.6,11.6,29210000.0,investing
2016-05-26,11.71,12.03,11.69,11.95,11.95,23640000.0,investing
2016-05-27,11.97,12.43,11.82,12.31,12.31,29840000.0,investing
2016-05-31,12.66,12.91,12.26,12.72,12.72,49600000.0,investing
2016-06-01,12.61,13.09,12.31,13.09,13.09,35760000.0,investing
2016-06-02,12.95,13.21,12.75,13.11,13.11,31940000.0,investing
2016-06-03,13.02,13.04,12.63,12.86,12.86,28330000.0,investing
2016-06-06,12.89,13.04,12.76,12.77,12.77,24860000.0,investing
2016-06-07,12.83,13.15,12.81,13.0,13.0,21410000.0,investing
2016-06-08,13.08,13.09,12.51,12.58,12.58,25870000.0,investing
2016-06-09,12.47,12.7,12.23,12.51,12.51,21880000.0,investing
2016-06-10,12.32,12.37,12.04,12.14,12.14,21440000.0,investing
2016-06-13,12.0,12.36,11.94,12.05,12.05,15570000.0,investing
2016-06-14,12.07,12.32,11.73,11.92,11.92,21910000.0,investing
2016-06-15,12.16,12.25,11.95,12.02,12.02,17490000.0,investing
2016-06-16,11.87,11.98,11.57,11.95,11.95,22450000.0,investing
2016-06-17,11.97,12.35,11.95,12.2,12.2,20600000.0,investing
2016-06-20,12.51,12.66,12.29,12.32,12.32,21480000.0,investing
2016-06-21,12.54,12.83,12.42,12.75,12.75,25060000.0,investing
2016-06-22,12.78,13.04,12.67,12.72,12.72,26970000.0,investing
2016-06-23,13.41,14.16,13.41,14.05,14.05,71200000.0,investing
2016-06-24,13.5,13.85,13.13,13.21,13.21,77490000.0,investing
2016-06-27,13.13,13.24,12.1,12.23,12.23,45940000.0,investing
2016-06-28,12.64,13.04,12.62,12.99,12.99,34840000.0,investing
2016-06-29,13.3,13.42,12.94,13.19,13.19,36880000.0,investing
2016-06-30,13.34,13.78,13.22,13.76,13.76,48490000.0,investing
2016-07-01,12.58,12.9,12.31,12.5,12.5,68850000.0,investing
2016-07-05,12.38,12.45,11.8,11.91,11.91,37300000.0,investing
2016-07-06,11.76,11.85,11.5,11.73,11.73,35750000.0,investing
2016-07-07,11.9,12.55,11.89,12.2,12.2,33460000.0,investing
2016-07-08,12.39,12.72,12.38,12.62,12.62,27960000.0,investing
2016-07-11,12.79,12.98,12.61,12.64,12.64,22800000.0,investing
2016-07-12,13.0,13.46,12.98,13.23,13.23,35230000.0,investing
2016-07-13,13.24,13.39,13.07,13.29,13.29,23070000.0,investing
2016-07-14,13.5,13.55,13.27,13.29,13.29,18700000.0,investing
2016-07-15,13.31,13.5,13.04,13.13,13.13,18050000.0,investing
2016-07-18,13.25,13.36,13.09,13.34,13.34,17180000.0,investing
2016-07-19,13.22,13.26,13.05,13.22,13.22,30570000.0,investing
2016-07-20,13.33,13.62,13.24,13.59,13.59,35670000.0,investing
2016-07-21,13.48,13.5,13.08,13.18,13.18,16730000.0,investing
2016-07-22,13.21,13.23,13.02,13.13,13.13,18760000.0,investing
2016-07-25,14.0,14.33,13.88,13.92,13.92,51360000.0,investing
2016-07-26,14.0,14.69,13.93,14.67,14.67,38960000.0,investing
2016-07-27,14.85,14.89,14.05,14.19,14.19,35040000.0,investing
2016-07-28,14.13,14.19,13.7,13.81,13.81,25500000.0,investing
2016-07-29,13.91,13.94,13.62,13.74,13.74,21790000.0,investing
2016-08-01,13.81,13.92,13.55,13.56,13.56,16360000.0,investing
2016-08-02,13.55,13.58,13.02,13.4,13.4,23710000.0,investing
2016-08-03,13.27,13.58,13.27,13.51,13.51,17320000.0,investing
2016-08-04,13.61,14.2,13.6,14.03,14.03,23400000.0,investing
2016-08-05,14.22,14.78,14.2,14.52,14.52,29100000.0,investing
2016-08-08,14.53,14.72,14.38,14.42,14.42,16160000.0,investing
2016-08-09,14.56,14.7,14.4,14.48,14.48,12570000.0,investing
2016-08-10,14.48,14.5,14.03,14.2,14.2,15000000.0,investing
2016-08-11,14.25,14.48,14.21,14.43,14.43,14450000.0,investing
2016-08-12,14.46,14.99,14.43,14.93,14.93,24910000.0,investing
2016-08-15,15.09,15.7,15.08,15.53,15.53,29110000.0,investing
2016-08-16,15.58,15.59,15.23,15.49,15.49,21870000.0,investing
2016-08-17,15.53,15.76,15.46,15.52,15.52,22550000.0,investing
2016-08-18,15.55,15.8,15.51,15.77,15.77,16590000.0,investing
2016-08-19,16.16,16.45,16.03,16.25,16.25,35060000.0,investing
2016-08-22,16.15,16.43,15.91,16.19,16.19,22150000.0,investing
2016-08-23,16.27,16.54,16.14,16.18,16.18,23740000.0,investing
2016-08-24,16.2,16.24,15.38,15.51,15.51,26690000.0,investing
2016-08-25,15.9,16.55,15.88,16.2,16.2,34840000.0,investing
2016-08-26,16.34,16.8,16.29,16.51,16.51,24240000.0,investing
2016-08-29,16.92,17.25,16.61,16.91,16.91,34470000.0,investing
2016-08-30,17.0,17.01,16.51,16.74,16.74,23620000.0,investing
2016-08-31,16.7,16.74,16.14,16.49,16.49,21960000.0,investing
2016-09-01,16.61,16.8,16.3,16.64,16.64,15720000.0,investing
2016-09-02,16.96,16.97,16.57,16.7,16.7,16100000.000000002,investing
2016-09-06,16.8,17.08,16.75,17.01,17.01,23000000.0,investing
2016-09-07,17.21,17.35,17.02,17.16,17.16,23020000.0,investing
2016-09-08,17.18,17.86,16.88,17.45,17.45,39210000.0,investing
2016-09-09,17.33,17.74,16.69,16.81,16.81,31390000.0,investing
2016-09-12,16.61,17.2,16.37,17.15,17.15,28240000.0,investing
2016-09-13,16.92,17.14,16.46,16.75,16.75,24350000.0,investing
2016-09-14,16.88,17.08,16.65,16.93,16.93,18640000.0,investing
2016-09-15,16.9,17.46,16.85,17.45,17.45,24320000.0,investing
2016-09-16,18.08,18.08,17.34,17.48,17.48,37450000.0,investing
2016-09-19,17.63,17.77,16.85,16.95,16.95,24000000.0,investing
2016-09-20,17.05,17.27,16.72,16.92,16.92,17780000.0,investing
2016-09-21,17.25,17.7,17.23,17.66,17.66,31380000.0,investing
2016-09-22,17.89,18.05,17.41,17.59,17.59,25280000.0,investing
2016-09-23,17.45,17.74,17.43,17.48,17.48,17950000.0,investing
2016-09-26,17.35,17.6,17.18,17.36,17.36,19570000.0,investing
2016-09-27,17.53,18.08,17.35,18.0,18.0,28620000.0,investing
2016-09-28,18.16,18.16,17.15,17.44,17.44,42720000.0,investing
2016-09-29,17.45,17.77,17.34,17.54,17.54,31870000.0,investing
2016-09-30,17.75,18.0,17.57,17.78,17.78,21360000.0,investing
2016-10-03,17.99,18.02,17.6,17.73,17.73,26860000.0,investing
2016-10-04,17.98,18.04,17.66,17.8,17.8,54500000.0,investing
2016-10-05,17.55,18.33,17.28,17.7,17.7,67740000.0,investing
2016-10-06,17.64,17.89,17.54,17.73,17.73,21610000.0,investing
2016-10-07,17.72,17.8,17.3,17.61,17.61,23850000.0,investing
2016-10-10,17.72,17.84,17.49,17.5,17.5,18860000.0,investing
2016-10-11,17.4,17.47,16.53,16.86,16.86,38070000.0,investing
2016-10-12,16.88,17.04,16.67,16.78,16.78,17900000.0,investing
2016-10-13,16.56,17.0,16.17,16.85,16.85,28590000.0,investing
2016-10-14,17.03,17.41,16.99,17.13,17.13,23540000.0,investing
2016-10-17,17.02,17.16,16.93,16.99,16.99,12660000.0,investing
2016-10-18,17.21,17.66,17.2,17.41,17.41,20190000.0,investing
2016-10-19,17.0,17.25,16.85,17.21,17.21,18630000.0,investing
2016-10-20,17.05,17.5,17.05,17.2,17.2,17130000.0,investing
2016-10-21,17.0,17.07,16.8,16.94,16.94,18710000.0,investing
2016-10-24,17.07,17.16,16.97,17.06,17.06,13840000.0,investing
2016-10-25,17.1,17.61,17.1,17.54,17.54,27440000.0,investing
2016-10-26,17.3,17.93,17.2,17.64,17.64,23610000.0,investing
2016-10-27,17.82,17.9,17.4,17.53,17.53,21200000.0,investing
2016-10-28,17.6,17.67,17.1,17.2,17.2,20830000.0,investing
2016-10-31,17.54,17.76,17.16,17.16,17.16,23270000.0,investing
2016-11-01,17.2,17.41,16.58,16.98,16.98,27150000.0,investing
2016-11-02,16.95,17.02,16.5,16.68,16.68,24950000.0,investing
2016-11-03,16.66,16.81,16.56,16.62,16.62,17260000.0,investing
2016-11-04,16.46,17.02,16.45,16.68,16.68,18030000.0,investing
2016-11-07,17.02,17.43,17.02,17.38,17.38,21670000.0,investing
2016-11-08,17.3,17.55,17.06,17.41,17.41,18060000.0,investing
2016-11-09,16.95,17.35,16.75,17.2,17.2,33870000.0,investing
2016-11-10,17.35,17.76,16.75,16.99,16.99,30280000.0,investing
2016-11-11,17.08,17.68,16.9,17.67,17.67,31040000.0,investing
2016-11-14,17.77,17.98,17.53,17.71,17.71,26310000.0,investing
2016-11-15,17.66,18.17,17.66,18.1,18.1,25150000.0,investing
2016-11-16,17.94,18.33,17.93,18.24,18.24,21630000.0,investing
2016-11-17,18.35,19.34,18.25,19.18,19.18,45960000.0,investing
2016-11-18,18.9,19.33,18.85,19.21,19.21,29120000.0,investing
2016-11-21,19.39,19.67,19.34,19.49,19.49,22740000.0,investing
2016-11-22,19.64,19.8,19.45,19.74,19.74,22220000.0,investing
2016-11-23,19.63,19.93,19.47,19.91,19.91,20040000.0,investing
2016-11-25,19.95,20.44,19.79,20.13,20.13,16309999.999999998,investing
2016-11-28,20.18,20.28,19.95,19.99,19.99,22210000.0,investing
2016-11-29,19.92,20.2,19.38,19.42,19.42,37920000.0,investing
2016-11-30,19.58,19.76,19.36,19.53,19.53,26030000.0,investing
2016-12-01,19.7,19.83,18.18,18.48,18.48,40710000.0,investing
2016-12-02,18.46,19.2,18.3,18.79,18.79,25890000.0,investing
2016-12-05,19.0,19.0,18.39,18.61,18.61,26640000.0,investing
2016-12-06,18.62,19.09,18.58,19.06,19.06,22270000.0,investing
2016-12-07,19.5,20.54,19.3,20.44,20.44,44740000.0,investing
2016-12-08,20.75,20.99,20.29,20.66,20.66,36260000.0,investing
2016-12-09,20.73,20.85,20.13,20.5,20.5,23980000.0,investing
2016-12-12,20.3,20.51,19.49,20.02,20.02,28680000.0,investing
2016-12-13,20.14,20.47,19.8,20.13,20.13,26250000.0,investing
2016-12-14,19.93,20.33,19.78,20.02,20.02,19490000.0,investing
2016-12-15,20.1,20.5,19.98,20.29,20.29,19450000.0,investing
2016-12-16,20.53,21.0,20.19,20.27,20.27,36640000.0,investing
2016-12-19,20.43,20.7,20.19,20.35,20.35,23560000.0,investing
2016-12-20,20.73,20.8,20.47,20.65,20.65,23020000.0,investing
2016-12-21,20.75,20.83,20.34,20.58,20.58,32030000.0,investing
2016-12-22,22.91,23.49,22.77,23.19,23.19,85870000.0,investing
2016-12-23,23.07,23.49,23.06,23.26,23.26,27780000.0,investing
2016-12-27,23.35,23.64,23.21,23.3,23.3,24210000.0,investing
2016-12-28,23.4,23.41,22.76,22.78,22.78,24030000.0,investing
2016-12-29,22.58,22.8,22.15,22.27,22.27,19890000.0,investing
2016-12-30,22.35,22.4,21.75,21.92,21.92,20270000.0,investing
2017-01-03,22.07,22.74,22.05,22.55,22.55,24960000.0,investing
2017-01-04,22.67,22.84,22.25,22.36,22.36,20430000.0,investing
2017-01-05,22.4,22.57,21.96,22.11,22.11,19760000.0,investing
2017-01-06,22.27,22.28,21.98,22.04,22.04,17780000.0,investing
2017-01-09,21.94,22.55,21.94,22.34,22.34,21540000.0,investing
2017-01-10,22.36,22.69,22.3,22.48,22.48,20640000.0,investing
2017-01-11,22.61,22.88,22.56,22.79,22.79,20910000.0,investing
2017-01-12,22.46,22.48,21.7,22.31,22.31,27590000.0,investing
2017-01-13,22.27,22.31,21.98,22.18,22.18,14030000.0,investing
2017-01-17,21.88,22.07,21.58,21.74,21.74,20050000.0,investing
2017-01-18,21.68,22.34,21.53,22.32,22.32,19490000.0,investing
2017-01-19,21.5,22.3,21.49,21.71,21.71,31260000.0,investing
2017-01-20,21.9,22.33,21.89,21.96,21.96,19980000.0,investing
2017-01-23,21.96,22.31,21.74,21.89,21.89,16070000.0,investing
2017-01-24,22.27,23.09,22.26,22.85,22.85,29460000.0,investing
2017-01-25,23.4,23.98,23.19,23.56,23.56,33380000.000000004,investing
2017-01-26,23.8,23.99,23.29,23.52,23.52,19380000.0,investing
2017-01-27,23.53,24.1,23.45,23.97,23.97,18630000.0,investing
2017-01-30,23.82,24.24,23.43,24.18,24.18,30510000.0,investing
2017-01-31,23.95,24.15,23.68,24.11,24.11,22710000.0,investing
2017-02-01,24.43,24.85,24.31,24.75,24.75,28730000.0,investing
2017-02-02,24.53,25.31,24.46,24.79,24.79,45500000.0,investing
2017-02-03,24.9,25.24,24.5,24.6,24.6,25050000.0,investing
2017-02-06,24.53,24.73,24.21,24.34,24.34,18900000.0,investing
2017-02-07,24.59,24.69,24.21,24.6,24.6,19880000.0,investing
2017-02-08,24.25,24.38,23.91,24.21,24.21,21560000.0,investing
2017-02-09,24.75,24.89,24.42,24.45,24.45,27890000.0,investing
2017-02-10,24.71,24.76,23.9,24.05,24.05,28580000.0,investing
2017-02-13,24.07,24.2,23.82,23.9,23.9,16880000.0,investing
2017-02-14,23.36,23.37,22.68,23.12,23.12,60690000.0,investing
2017-02-15,23.07,23.26,22.79,23.02,23.02,28220000.0,investing
2017-02-16,23.04,23.34,22.85,22.98,22.98,23820000.0,investing
2017-02-17,23.01,23.38,23.01,23.35,23.35,22110000.0,investing
2017-02-21,23.62,23.98,23.58,23.77,23.77,20260000.0,investing
2017-02-22,23.86,24.06,23.65,23.75,23.75,16010000.000000002,investing
2017-02-23,23.92,23.97,23.23,23.48,23.48,20170000.0,investing
2017-02-24,22.96,23.26,22.64,23.24,23.24,22020000.0,investing
2017-02-27,23.36,23.77,23.15,23.76,23.76,18000000.0,investing
2017-02-28,23.79,23.95,23.32,23.44,23.44,21450000.0,investing
2017-03-01,24.16,24.58,24.07,24.55,24.55,27990000.0,investing
2017-03-02,24.88,25.25,24.38,24.7,24.7,45940000.0,investing
2017-03-03,25.2,25.68,24.98,25.57,25.57,37970000.0,investing
2017-03-06,25.5,25.92,25.17,25.71,25.71,25530000.0,investing
2017-03-07,25.56,25.75,25.28,25.64,25.64,20310000.0,investing
2017-03-08,25.64,25.83,25.04,25.38,25.38,24920000.0,investing
2017-03-09,25.23,25.49,24.85,25.15,25.15,21790000.0,investing
2017-03-10,25.27,25.75,24.81,25.18,25.18,28920000.0,investing
2017-03-13,25.39,25.82,25.29,25.7,25.7,23770000.0,investing
2017-03-14,25.59,25.7,25.25,25.58,25.58,14590000.0,investing
2017-03-15,25.15,26.15,24.93,26.12,26.12,29780000.0,investing
2017-03-16,26.2,26.23,25.83,26.04,26.04,19150000.0,investing
2017-03-17,25.86,25.91,25.4,25.8,25.8,19130000.0,investing
2017-03-20,25.99,26.61,25.81,26.21,26.21,26920000.0,investing
2017-03-21,26.3,26.44,25.43,25.52,25.52,28400000.0,investing
2017-03-22,25.73,26.15,25.63,26.06,26.06,25090000.0,investing
2017-03-23,26.36,26.49,26.04,26.47,26.47,47120000.0,investing
2017-03-24,29.71,29.87,28.16,28.43,28.43,107480000.0,investing
2017-03-27,28.1,29.18,28.07,28.76,28.76,48190000.0,investing
2017-03-28,28.73,29.06,28.62,28.69,28.69,24780000.0,investing
2017-03-29,28.6,28.68,28.35,28.5,28.5,23060000.0,investing
2017-03-30,28.4,29.0,28.33,28.97,28.97,25090000.0,investing
2017-03-31,29.1,29.36,28.9,28.9,28.9,32340000.000000004,investing
2017-04-03,28.95,29.04,28.3,28.64,28.64,21630000.0,investing
2017-04-04,28.47,28.68,28.16,28.59,28.59,13960000.0,investing
2017-04-05,28.64,28.91,28.23,28.26,28.26,22390000.0,investing
2017-04-06,28.25,28.78,28.02,28.62,28.62,19420000.0,investing
2017-04-07,28.45,28.86,28.35,28.52,28.52,20330000.0,investing
2017-04-10,28.45,28.49,27.58,27.64,27.64,27420000.0,investing
2017-04-11,27.5,27.54,26.68,27.18,27.18,38620000.0,investing
2017-04-12,27.42,27.43,26.66,26.69,26.69,24620000.0,investing
2017-04-13,26.55,27.23,26.36,26.74,26.74,26080000.0,investing
2017-04-17,26.91,27.22,26.83,27.13,27.13,14110000.0,investing
2017-04-18,27.0,27.34,26.9,27.14,27.14,14410000.0,investing
2017-04-19,27.45,27.55,27.05,27.26,27.26,21230000.0,investing
2017-04-20,27.5,28.08,27.5,27.96,27.96,23630000.0,investing
2017-04-21,28.0,28.03,27.16,27.32,27.32,28360000.0,investing
2017-04-24,27.74,27.76,26.52,26.57,26.57,44040000.0,investing
2017-04-25,26.71,27.02,26.36,26.99,26.99,22880000.0,investing
2017-04-26,26.58,27.07,26.39,26.79,26.79,24670000.0,investing
2017-04-27,27.17,27.65,27.09,27.63,27.63,24630000.0,investing
2017-04-28,28.02,28.2,27.51,27.67,27.67,28110000.0,investing
2017-05-01,27.85,28.38,27.72,28.29,28.29,23940000.0,investing
2017-05-02,28.28,28.28,27.45,27.77,27.77,25340000.0,investing
2017-05-03,27.55,28.1,27.55,28.0,28.0,15060000.0,investing
2017-05-04,27.94,28.16,27.72,27.79,27.79,15540000.0,investing
2017-05-05,27.8,28.22,27.62,28.2,28.2,15640000.0,investing
2017-05-08,27.56,28.07,27.28,28.06,28.06,32330000.0,investing
2017-05-09,28.11,28.9,28.06,28.81,28.81,31070000.0,investing
2017-05-10,28.92,29.41,28.8,29.32,29.32,29270000.0,investing
2017-05-11,29.17,29.31,28.69,29.03,29.03,22490000.0,investing
2017-05-12,29.1,29.12,28.68,28.93,28.93,15900000.0,investing
2017-05-15,29.08,29.19,28.73,28.83,28.83,21900000.0,investing
2017-05-16,28.92,29.08,28.57,29.02,29.02,14940000.0,investing
2017-05-17,28.34,28.51,26.96,27.0,27.0,38030000.0,investing
2017-05-18,27.15,27.89,27.09,27.48,27.48,26860000.0,investing
2017-05-19,27.78,28.16,27.73,27.82,27.82,19170000.0,investing
2017-05-22,28.2,28.25,27.64,28.06,28.06,18030000.0,investing
2017-05-23,28.08,28.31,27.56,28.29,28.29,21800000.0,investing
2017-05-24,28.47,29.12,28.44,28.99,28.99,22350000.0,investing
2017-05-25,29.2,29.66,29.19,29.43,29.43,20710000.0,investing
2017-05-26,29.27,29.77,28.88,29.76,29.76,17780000.0,investing
2017-05-30,29.94,30.87,29.88,30.7,30.7,34690000.0,investing
2017-05-31,31.01,31.1,30.32,30.77,30.77,26400000.0,investing
2017-06-01,30.75,30.83,30.28,30.76,30.76,20530000.0,investing
2017-06-02,30.8,31.38,30.53,31.21,31.21,20210000.0,investing
2017-06-05,31.3,31.75,31.07,31.21,31.21,24360000.0,investing
2017-06-06,31.04,31.77,30.87,31.57,31.57,33130000.000000004,investing
2017-06-07,31.7,32.55,31.7,32.5,32.5,32640000.0,investing
2017-06-08,32.84,32.86,31.88,32.45,32.45,29160000.0,investing
2017-06-09,32.67,32.93,29.55,30.6,30.6,53060000.0,investing
2017-06-12,30.06,31.68,29.21,31.2,31.2,46550000.0,investing
2017-06-13,31.75,32.24,30.77,31.54,31.54,33770000.0,investing
2017-06-14,31.78,31.79,30.85,31.06,31.06,28930000.0,investing
2017-06-15,30.47,30.97,30.08,30.56,30.56,33670000.0,investing
2017-06-16,30.63,31.0,29.82,29.86,29.86,42880000.0,investing
2017-06-19,30.51,31.25,30.33,31.2,31.2,24910000.0,investing
2017-06-20,31.4,31.57,30.73,30.83,30.83,25790000.0,investing
2017-06-21,31.18,32.15,31.06,32.01,32.01,30580000.0,investing
2017-06-22,32.04,32.4,31.76,31.89,31.89,23050000.0,investing
2017-06-23,31.89,32.08,31.64,31.73,31.73,45320000.0,investing
2017-06-26,32.45,32.96,31.95,32.5,32.5,34750000.0,investing
2017-06-27,32.51,32.66,31.61,31.66,31.66,33220000.0,investing
2017-06-28,32.07,32.28,31.44,32.24,32.24,28420000.0,investing
2017-06-29,32.29,32.39,30.64,31.47,31.47,53950000.0,investing
2017-06-30,32.12,32.15,29.71,29.86,29.86,73310000.0,investing
2017-07-03,30.09,30.28,28.56,29.14,29.14,36830000.0,investing
2017-07-05,29.55,30.56,29.55,30.51,30.51,40440000.0,investing
2017-07-06,29.94,30.48,29.92,30.1,30.1,27140000.0,investing
2017-07-07,30.22,30.5,29.98,30.2,30.2,22020000.0,investing
2017-07-10,30.16,30.59,29.75,30.5,30.5,24910000.0,investing
2017-07-11,30.55,31.39,30.51,31.37,31.37,28530000.0,investing
2017-07-12,31.77,31.78,31.16,31.45,31.45,22260000.0,investing
2017-07-13,31.55,31.85,30.84,31.13,31.13,23770000.0,investing
2017-07-14,31.35,31.95,31.26,31.79,31.79,28890000.0,investing
2017-07-17,31.67,31.86,31.44,31.72,31.72,22320000.0,investing
2017-07-18,31.64,31.91,31.4,31.9,31.9,14040000.0,investing
2017-07-19,32.05,32.35,31.65,31.82,31.82,19980000.0,investing
2017-07-20,31.93,32.02,31.42,32.0,32.0,23180000.0,investing
2017-07-21,31.9,32.1,31.62,32.01,32.01,21150000.0,investing
2017-07-24,32.0,32.01,31.5,31.67,31.67,17420000.0,investing
2017-07-25,30.8,30.83,29.65,29.9,29.9,51220000.0,investing
2017-07-26,29.85,30.05,29.68,29.81,29.81,26390000.0,investing
2017-07-27,30.27,31.3,29.66,30.24,30.24,38970000.0,investing
2017-07-28,29.96,29.98,28.96,29.28,29.28,31850000.0,investing
2017-07-31,29.43,29.55,27.87,28.12,28.12,41110000.0,investing
2017-08-01,28.22,28.93,27.83,28.34,28.34,28220000.0,investing
2017-08-02,28.96,29.43,28.22,28.63,28.63,27230000.0,investing
2017-08-03,28.39,28.4,27.61,27.83,27.83,30290000.0,investing
2017-08-04,27.86,28.3,27.27,27.92,27.92,23950000.0,investing
2017-08-07,27.93,28.61,27.8,28.59,28.59,16590000.0,investing
2017-08-08,28.61,29.34,28.61,28.84,28.84,21900000.0,investing
2017-08-09,28.51,28.89,28.36,28.58,28.58,14180000.0,investing
2017-08-10,28.3,28.38,27.43,27.49,27.49,26150000.0,investing
2017-08-11,27.44,28.04,26.85,28.01,28.01,23380000.0,investing
2017-08-14,28.82,29.36,28.72,29.24,29.24,25250000.0,investing
2017-08-15,29.5,29.8,29.14,29.68,29.68,23970000.0,investing
2017-08-16,30.02,30.86,29.96,30.69,30.69,37880000.0,investing
2017-08-17,30.32,30.53,29.61,29.62,29.62,26150000.0,investing
2017-08-18,29.96,30.6,29.76,30.38,30.38,31180000.0,investing
2017-08-21,30.53,30.6,29.28,29.56,29.56,26250000.0,investing
2017-08-22,29.85,30.54,29.77,30.45,30.45,18820000.0,investing
2017-08-23,29.97,30.74,29.87,30.45,30.45,21200000.0,investing
2017-08-24,30.55,30.63,30.11,30.22,30.22,18060000.0,investing
2017-08-25,30.3,30.39,30.05,30.29,30.29,13930000.0,investing
2017-08-28,30.43,31.21,30.42,31.08,31.08,22530000.0,investing
2017-08-29,30.75,31.53,30.7,31.48,31.48,23150000.0,investing
2017-08-30,31.65,31.68,31.38,31.61,31.61,17470000.0,investing
2017-08-31,31.61,32.02,31.48,31.97,31.97,25690000.0,investing
2017-09-01,32.13,32.88,32.13,32.6,32.6,26030000.0,investing
2017-09-05,32.45,32.74,31.65,32.07,32.07,28960000.0,investing
2017-09-06,32.07,32.7,32.06,32.25,32.25,29290000.0,investing
2017-09-07,32.47,32.9,32.45,32.79,32.79,25350000.0,investing
2017-09-08,32.8,33.02,32.31,32.45,32.45,19650000.0,investing
2017-09-11,32.9,33.44,32.81,33.44,33.44,31010000.0,investing
2017-09-12,33.69,34.54,33.56,34.29,34.29,38690000.0,investing
2017-09-13,34.56,34.8,34.02,34.59,34.59,41590000.0,investing
2017-09-14,34.43,34.85,34.3,34.58,34.58,23010000.0,investing
2017-09-15,34.64,35.0,34.38,34.65,34.65,37420000.0,investing
2017-09-18,35.13,35.8,35.02,35.43,35.43,41330000.0,investing
2017-09-19,35.5,36.1,35.5,35.95,35.95,26390000.0,investing
2017-09-20,36.03,36.6,35.34,35.97,35.97,42240000.0,investing
2017-09-21,35.93,36.25,35.4,35.91,35.91,22460000.0,investing
2017-09-22,35.6,36.22,35.6,36.07,36.07,21560000.0,investing
2017-09-25,36.04,36.15,34.54,34.87,34.87,35610000.0,investing
2017-09-26,35.23,35.37,34.09,34.18,34.18,55110000.0,investing
2017-09-27,36.26,37.15,35.92,37.09,37.09,84590000.0,investing
2017-09-28,37.15,38.46,36.82,37.96,37.96,52570000.0,investing
2017-09-29,37.98,39.36,37.81,39.33,39.33,48710000.0,investing
2017-10-02,39.6,40.37,39.36,40.01,40.01,54240000.0,investing
2017-10-03,39.93,40.54,39.85,40.37,40.37,27320000.0,investing
2017-10-04,40.14,40.43,38.91,39.56,39.56,37910000.0,investing
2017-10-05,39.8,39.86,39.25,39.37,39.37,22500000.0,investing
2017-10-06,39.0,39.67,38.81,39.67,39.67,25150000.0,investing
2017-10-09,39.72,40.99,39.62,40.96,40.96,27280000.0,investing
2017-10-10,41.45,42.0,40.45,41.98,41.98,48210000.0,investing
2017-10-11,40.84,42.07,40.8,41.61,41.61,53020000.0,investing
2017-10-12,41.21,41.75,40.29,40.58,40.58,66790000.00000001,investing
2017-10-13,40.78,41.17,40.32,40.4,40.4,35370000.0,investing
2017-10-16,40.88,41.57,40.51,41.49,41.49,33700000.0,investing
2017-10-17,41.14,41.4,40.25,40.39,40.39,41230000.0,investing
2017-10-18,41.04,41.95,40.81,41.65,41.65,43530000.0,investing
2017-10-19,41.18,41.5,39.8,41.31,41.31,47680000.0,investing
2017-10-20,42.0,42.17,41.44,41.5,41.5,36290000.0,investing
2017-10-23,41.85,42.19,41.4,41.56,41.56,26840000.0,investing
2017-10-24,41.74,42.01,41.43,41.6,41.6,26300000.0,investing
2017-10-25,41.31,41.59,40.31,41.06,41.06,31060000.0,investing
2017-10-26,41.17,41.18,40.31,40.6,40.6,27450000.0,investing
2017-10-27,40.59,40.94,40.04,40.85,40.85,31090000.0,investing
2017-10-30,40.73,41.86,40.68,41.65,41.65,29120000.0,investing
2017-10-31,42.25,44.57,42.2,44.31,44.31,61970000.0,investing
2017-11-01,44.79,45.33,43.78,44.38,44.38,38840000.0,investing
2017-11-02,44.08,44.75,43.72,44.34,44.34,25810000.0,investing
2017-11-03,44.77,45.0,43.35,43.71,43.71,27690000.0,investing
2017-11-06,43.85,44.01,42.45,43.25,43.25,28840000.0,investing
2017-11-07,43.58,44.24,43.33,43.95,43.95,32420000.0,investing
2017-11-08,43.85,44.14,43.45,44.09,44.09,19520000.0,investing
2017-11-09,43.69,43.69,42.58,43.5,43.5,32500000.0,investing
2017-11-10,43.76,44.84,43.71,44.78,44.78,33840000.0,investing
2017-11-13,44.5,45.87,44.19,45.6,45.6,30520000.0,investing
2017-11-14,45.58,46.0,44.8,45.8,45.8,29900000.0,investing
2017-11-15,45.19,45.74,44.62,45.36,45.36,22430000.0,investing
2017-11-16,45.73,46.29,45.29,46.18,46.18,24190000.0,investing
2017-11-17,46.54,46.55,45.73,46.16,46.16,22610000.0,investing
2017-11-20,46.51,47.86,46.4,47.64,47.64,26970000.0,investing
2017-11-21,48.36,49.63,48.15,49.4,49.4,35760000.0,investing
2017-11-22,49.85,49.89,48.62,49.14,49.14,28710000.0,investing
2017-11-24,49.32,49.88,49.03,49.68,49.68,14200000.0,investing
2017-11-27,47.96,48.39,47.09,48.05,48.05,44470000.0,investing
2017-11-28,48.45,48.86,47.82,47.93,47.93,30630000.0,investing
2017-11-29,47.5,47.6,43.27,43.74,43.74,81370000.0,investing
2017-11-30,44.16,44.53,41.86,42.39,42.39,63900000.0,investing
2017-12-01,41.73,42.55,40.01,41.99,41.99,73140000.0,investing
2017-12-04,41.95,42.29,39.07,39.9,39.9,73640000.0,investing
2017-12-05,39.77,42.05,39.42,41.21,41.21,56540000.0,investing
2017-12-06,40.82,41.74,40.3,41.58,41.58,39740000.0,investing
2017-12-07,42.18,43.23,41.91,43.2,43.2,43190000.0,investing
2017-12-08,44.04,44.58,42.87,43.21,43.21,44720000.0,investing
2017-12-11,43.42,43.75,42.33,43.01,43.01,32820000.0,investing
2017-12-12,42.69,42.85,41.71,41.86,41.86,28490000.0,investing
2017-12-13,42.22,43.1,41.97,42.05,42.05,28570000.0,investing
2017-12-14,42.29,42.73,41.88,42.24,42.24,24580000.0,investing
2017-12-15,42.3,42.56,41.88,42.4,42.4,58720000.0,investing
2017-12-18,43.37,43.73,42.99,43.71,43.71,35080000.0,investing
2017-12-19,44.09,44.34,43.3,43.98,43.98,51050000.0,investing
2017-12-20,46.65,46.8,44.86,45.75,45.75,84340000.0,investing
2017-12-21,45.55,45.58,44.35,44.42,44.42,50490000.0,investing
2017-12-22,44.18,44.94,43.94,44.12,44.12,30370000.0,investing
2017-12-26,43.19,43.2,41.52,42.25,42.25,41970000.0,investing
2017-12-27,42.22,43.07,42.03,42.48,42.48,24180000.0,investing
2017-12-28,42.83,43.05,41.75,41.81,41.81,29000000.0,investing
2017-12-29,41.82,41.84,40.77,41.12,41.12,44640000.0,investing
2018-01-02,41.54,43.72,41.19,43.67,43.67,37100000.0,investing
2018-01-03,44.5,45.05,44.05,44.98,44.98,43380000.0,investing
2018-01-04,45.99,46.98,45.01,46.88,46.88,52230000.0,investing
2018-01-05,46.13,46.66,45.38,45.8,45.8,47380000.0,investing
2018-01-08,45.31,46.09,44.91,45.55,45.55,32220000.0,investing
2018-01-09,45.27,45.55,42.77,42.97,42.97,62980000.0,investing
2018-01-10,41.95,43.37,41.39,43.31,43.31,53350000.0,investing
2018-01-11,43.52,44.0,42.62,42.82,42.82,39400000.0,investing
2018-01-12,42.82,43.35,42.67,42.81,42.81,28460000.0,investing
2018-01-16,43.14,43.86,42.42,42.92,42.92,38170000.0,investing
2018-01-17,43.21,44.38,42.98,44.26,44.26,38080000.0,investing
2018-01-18,44.21,44.65,43.91,43.99,43.99,25150000.0,investing
2018-01-19,43.95,44.2,42.65,42.75,42.75,41470000.0,investing
2018-01-22,42.47,42.88,41.68,42.88,42.88,37880000.0,investing
2018-01-23,43.25,44.66,42.73,43.95,43.95,41330000.0,investing
2018-01-24,43.76,43.95,42.74,43.08,43.08,31310000.0,investing
2018-01-25,44.23,44.72,42.86,43.01,43.01,40520000.0,investing
2018-01-26,43.22,43.8,43.03,43.67,43.67,27180000.0,investing
2018-01-29,43.25,43.42,42.38,43.29,43.29,29460000.0,investing
2018-01-30,41.99,42.8,41.47,41.67,41.67,38860000.0,investing
2018-01-31,42.98,43.96,42.77,43.72,43.72,45110000.0,investing
2018-02-01,43.04,44.09,42.1,42.49,42.49,35710000.0,investing
2018-02-02,42.0,42.21,40.61,40.82,40.82,40660000.0,investing
2018-02-05,40.14,41.53,39.01,39.4,39.4,45800000.0,investing
2018-02-06,40.55,43.93,40.55,43.88,43.88,66970000.0,investing
2018-02-07,43.26,43.56,41.74,42.01,42.01,51350000.0,investing
2018-02-08,42.52,43.03,40.0,40.0,40.0,53790000.0,investing
2018-02-09,41.05,41.19,37.52,40.41,40.41,65190000.0,investing
2018-02-12,41.01,42.68,40.88,42.19,42.19,47940000.0,investing
2018-02-13,42.05,42.92,41.98,42.63,42.63,30300000.0,investing
2018-02-14,41.93,43.63,41.93,43.45,43.45,36770000.0,investing
2018-02-15,43.73,43.92,42.26,43.5,43.5,35070000.0,investing
2018-02-16,43.29,45.11,43.13,44.21,44.21,49400000.0,investing
2018-02-20,44.02,45.27,43.9,44.9,44.9,36220000.0,investing
2018-02-21,45.37,45.55,44.52,44.54,44.54,31620000.0,investing
2018-02-22,44.78,44.83,44.04,44.25,44.25,24360000.0,investing
2018-02-23,45.18,46.8,45.02,46.53,46.53,48480000.0,investing
2018-02-26,46.97,48.23,46.7,47.98,47.98,41970000.0,investing
2018-02-27,47.66,48.99,47.42,48.58,48.58,44730000.0,investing
2018-02-28,48.8,49.46,48.35,48.81,48.81,45030000.0,investing
2018-03-01,48.77,48.81,46.77,47.62,47.62,61280000.0,investing
2018-03-02,46.36,49.25,45.95,49.11,49.11,52490000.0,investing
2018-03-05,48.8,52.36,48.72,52.03,52.03,70980000.0,investing
2018-03-06,53.4,54.64,53.21,53.74,53.74,73100000.0,investing
2018-03-07,53.34,55.0,53.12,53.97,53.97,61670000.0,investing
2018-03-08,54.59,55.47,54.3,55.22,55.22,51690000.0,investing
2018-03-09,55.76,55.83,53.62,54.59,54.59,65500000.0,investing
2018-03-12,56.5,61.17,56.35,59.37,59.37,138650000.0,investing
2018-03-13,62.17,63.42,58.52,59.43,59.43,142320000.0,investing
2018-03-14,59.32,60.06,57.56,59.78,59.78,80310000.0,investing
2018-03-15,59.77,60.15,58.23,58.84,58.84,50960000.0,investing
2018-03-16,60.0,60.69,59.21,60.58,60.58,69320000.0,investing
2018-03-19,60.36,60.99,58.75,60.14,60.14,71370000.0,investing
2018-03-20,60.1,61.25,59.8,61.15,61.15,53890000.0,investing
2018-03-21,61.35,61.72,60.6,61.07,61.07,51220000.0,investing
2018-03-22,60.07,60.3,58.11,58.92,58.92,74270000.0,investing
2018-03-23,57.69,58.8,53.68,54.21,54.21,118370000.0,investing
2018-03-26,56.26,56.71,52.72,55.56,55.56,70260000.0,investing
2018-03-27,55.06,55.47,51.68,52.4,52.4,67790000.0,investing
2018-03-28,51.93,53.35,50.7,51.49,51.49,62990000.0,investing
2018-03-29,52.16,52.68,51.14,52.14,52.14,61460000.0,investing
2018-04-02,51.54,51.72,49.56,50.06,50.06,59880000.0,investing
2018-04-03,50.8,51.77,50.32,51.55,51.55,52440000.0,investing
2018-04-04,49.62,53.5,49.26,53.39,53.39,60270000.0,investing
2018-04-05,52.06,52.2,49.19,49.84,49.84,89200000.0,investing
2018-04-06,47.72,50.48,47.26,48.46,48.46,79390000.0,investing
2018-04-09,49.13,49.83,47.92,47.96,47.96,50530000.0,investing
2018-04-10,49.25,50.75,48.63,50.48,50.48,50490000.0,investing
2018-04-11,50.28,51.8,50.11,50.48,50.48,38940000.0,investing
2018-04-12,51.12,52.92,51.1,52.59,52.59,46660000.0,investing
2018-04-13,53.4,53.49,51.58,52.23,52.23,43600000.0,investing
2018-04-16,52.25,52.48,51.32,51.65,51.65,30880000.0,investing
2018-04-17,51.85,52.7,51.74,52.26,52.26,33330000.0,investing
2018-04-18,51.45,54.27,50.68,54.01,54.01,55390000.0,investing
2018-04-19,52.9,54.1,50.98,51.42,51.42,52630000.0,investing
2018-04-20,51.5,52.07,50.15,50.62,50.62,38510000.0,investing
2018-04-23,50.81,50.88,48.81,49.02,49.02,43690000.0,investing
2018-04-24,49.66,50.26,46.44,47.11,47.11,61920000.0,investing
2018-04-25,47.56,48.34,46.08,47.6,47.6,43780000.0,investing
2018-04-26,49.28,50.18,48.83,50.14,50.14,39040000.0,investing
2018-04-27,51.11,51.39,47.19,47.52,47.52,50050000.0,investing
2018-04-30,47.06,47.69,45.31,45.98,45.98,54740000.0,investing
2018-05-01,45.59,46.87,45.41,46.79,46.79,34150000.0,investing
2018-05-02,45.91,46.74,45.68,45.89,45.89,31640000.0,investing
2018-05-03,45.74,46.87,45.33,46.62,46.62,30490000.0,investing
2018-05-04,46.32,47.7,46.14,47.58,47.58,28630000.0,investing
2018-05-07,48.26,49.11,48.11,48.48,48.48,34000000.0,investing
2018-05-08,48.53,48.86,47.88,48.57,48.57,25210000.0,investing
2018-05-09,49.06,51.03,48.99,51.01,51.01,36490000.0,investing
2018-05-10,51.8,52.68,51.6,52.66,52.66,37150000.0,investing
2018-05-11,52.38,52.8,51.68,51.82,51.82,27650000.0,investing
2018-05-14,52.99,53.71,52.86,53.0,53.0,33380000.000000004,investing
2018-05-15,53.8,54.17,52.69,54.01,54.01,43310000.0,investing
2018-05-16,55.59,56.91,55.48,56.5,56.5,59010000.0,investing
2018-05-17,56.01,56.44,53.93,54.7,54.7,54830000.0,investing
2018-05-18,53.6,54.65,52.85,53.39,53.39,46090000.0,investing
2018-05-21,56.17,56.47,54.53,55.48,55.48,70860000.0,investing
2018-05-22,59.05,60.5,58.3,59.03,59.03,111260000.0,investing
2018-05-23,59.05,60.0,58.15,59.97,59.97,64069999.99999999,investing
2018-05-24,60.18,61.99,59.56,61.49,61.49,74720000.0,investing
2018-05-25,60.85,62.1,60.61,61.35,61.35,54720000.0,investing
2018-05-29,61.36,63.98,61.35,62.62,62.62,75590000.0,investing
2018-05-30,63.7,64.66,60.92,62.57,62.57,84740000.0,investing
2018-05-31,60.25,60.25,57.16,57.59,57.59,101880000.0,investing
2018-06-01,58.81,59.34,56.88,58.74,58.74,74760000.0,investing
2018-06-04,57.43,59.16,56.62,59.1,59.1,64349999.99999999,investing
2018-06-05,59.8,60.14,58.83,59.41,59.41,41710000.0,investing
2018-06-06,59.26,59.59,58.3,59.42,59.42,36750000.0,investing
2018-06-07,59.85,60.27,58.56,59.63,59.63,42260000.0,investing
2018-06-08,58.63,61.6,58.22,61.39,61.39,57140000.0,investing
2018-06-11,61.71,62.55,61.07,61.39,61.39,42250000.0,investing
2018-06-12,61.84,61.85,59.94,60.55,60.55,43630000.0,investing
2018-06-13,60.3,61.27,60.02,60.05,60.05,33280000.0,investing
2018-06-14,60.55,60.57,58.67,59.18,59.18,43420000.0,investing
2018-06-15,58.53,59.1,57.3,58.23,58.23,45850000.0,investing
2018-06-18,57.6,58.6,56.87,58.45,58.45,36980000.0,investing
2018-06-19,57.64,59.46,57.11,59.25,59.25,43490000.0,investing
2018-06-20,60.13,61.12,58.8,58.95,58.95,57500000.0,investing
2018-06-21,61.46,61.83,59.09,59.44,59.44,70420000.0,investing
2018-06-22,60.2,60.41,57.02,57.1,57.1,63500000.0,investing
2018-06-25,55.54,55.64,52.41,53.16,53.16,72200000.0,investing
2018-06-26,54.41,54.77,53.61,54.59,54.59,42280000.0,investing
2018-06-27,55.0,55.35,52.16,52.26,52.26,53010000.0,investing
2018-06-28,52.0,53.3,51.79,53.14,53.14,36880000.0,investing
2018-06-29,53.69,53.85,52.4,52.44,52.44,32580000.0,investing
2018-07-02,51.52,54.53,51.32,54.48,54.48,38930000.0,investing
2018-07-03,54.55,54.79,50.1,51.48,51.48,52190000.0,investing
2018-07-05,52.85,53.31,51.94,52.84,52.84,51140000.0,investing
2018-07-06,52.54,53.41,51.98,53.23,53.23,31840000.0,investing
2018-07-09,53.8,54.5,53.11,54.31,54.31,32580000.0,investing
2018-07-10,54.66,55.9,54.35,55.74,55.74,34850000.0,investing
2018-07-11,54.39,55.0,53.77,54.18,54.18,38700000.0,investing
2018-07-12,54.65,55.66,54.35,55.45,55.45,29650000.0,investing
2018-07-13,55.51,56.59,55.32,56.35,56.35,28820000.0,investing
2018-07-16,56.6,57.18,56.06,56.15,56.15,25740000.0,investing
2018-07-17,55.83,57.13,55.5,56.96,56.96,24730000.0,investing
2018-07-18,57.25,58.15,56.92,57.45,57.45,33730000.0,investing
2018-07-19,57.25,57.55,55.67,56.22,56.22,39390000.0,investing
2018-07-20,56.08,56.14,54.83,55.02,55.02,32619999.999999996,investing
2018-07-23,53.51,54.58,52.22,54.29,54.29,42780000.0,investing
2018-07-24,55.0,55.4,52.94,53.17,53.17,39010000.0,investing
2018-07-25,52.63,54.22,52.3,53.39,53.39,40100000.0,investing
2018-07-26,53.6,54.74,53.45,53.76,53.76,28860000.0,investing
2018-07-27,54.46,54.63,53.11,53.96,53.96,30110000.0,investing
2018-07-30,54.19,54.25,52.42,53.01,53.01,25750000.0,investing
2018-07-31,53.78,54.22,52.77,52.79,52.79,29300000.0,investing
2018-08-01,52.66,53.58,52.17,52.29,52.29,28200000.0,investing
2018-08-02,51.7,53.55,51.38,53.4,53.4,28710000.0,investing
2018-08-03,53.3,53.4,52.26,52.81,52.81,22960000.0,investing
2018-08-06,52.22,52.81,51.5,52.67,52.67,28780000.0,investing
2018-08-07,52.94,53.44,52.7,53.04,53.04,21920000.0,investing
2018-08-08,52.84,53.53,52.46,53.39,53.39,18070000.0,investing
2018-08-09,52.65,52.85,51.93,52.26,52.26,34540000.0,investing
2018-08-10,51.25,51.95,51.02,51.37,51.37,31340000.0,investing
2018-08-13,51.61,52.06,51.27,51.34,51.34,24610000.0,investing
2018-08-14,51.73,51.77,50.01,50.62,50.62,32049999.999999996,investing
2018-08-15,49.83,49.86,47.14,47.49,47.49,57750000.0,investing
2018-08-16,48.2,48.31,46.96,47.1,47.1,33660000.0,investing
2018-08-17,46.21,47.36,45.62,47.11,47.11,34460000.0,investing
2018-08-20,47.4,48.61,46.47,48.07,48.07,33020000.000000004,investing
2018-08-21,48.9,50.37,48.87,49.94,49.94,38570000.0,investing
2018-08-22,50.38,50.65,49.87,50.24,50.24,26740000.0,investing
2018-08-23,50.05,50.24,49.4,49.7,49.7,26830000.0,investing
2018-08-24,49.92,50.82,49.92,50.7,50.7,24790000.0,investing
2018-08-27,51.35,52.45,51.17,52.07,52.07,29130000.0,investing
2018-08-28,52.42,52.56,51.47,52.34,52.34,26200000.0,investing
2018-08-29,52.09,52.16,51.3,51.83,51.83,31450000.0,investing
2018-08-30,51.56,53.68,51.4,52.76,52.76,32420000.0,investing
2018-08-31,52.7,53.23,52.22,52.52,52.52,29940000.0,investing
2018-09-04,52.13,52.3,50.71,51.93,51.93,28980000.0,investing
2018-09-05,51.39,51.6,49.07,49.54,49.54,39130000.0,investing
2018-09-06,48.2,48.45,44.06,44.65,44.65,94410000.0,investing
2018-09-07,45.14,46.46,44.65,44.86,44.86,47110000.0,investing
2018-09-10,45.25,45.38,44.39,44.9,44.9,33080000.0,investing
2018-09-11,43.65,43.75,42.35,43.6,43.6,48980000.0,investing
2018-09-12,41.24,42.18,40.68,41.74,41.74,66920000.0,investing
2018-09-13,42.3,44.49,42.3,43.62,43.62,59920000.0,investing
2018-09-14,44.11,44.56,43.46,44.3,44.3,40610000.0,investing
2018-09-17,43.59,44.32,43.25,43.58,43.58,28210000.0,investing
2018-09-18,43.93,45.87,43.88,45.33,45.33,36510000.0,investing
2018-09-19,45.78,46.06,44.84,45.06,45.06,29260000.0,investing
2018-09-20,46.4,47.22,45.91,46.06,46.06,75140000.0,investing
2018-09-21,44.4,45.6,43.8,44.74,44.74,97050000.0,investing
2018-09-24,44.2,45.65,43.86,45.16,45.16,36920000.0,investing
2018-09-25,45.1,45.46,44.02,44.64,44.64,32549999.999999996,investing
2018-09-26,44.29,44.76,43.96,44.35,44.35,30300000.0,investing
2018-09-27,44.23,45.52,44.05,44.99,44.99,26950000.0,investing
2018-09-28,44.65,45.61,44.49,45.23,45.23,28080000.0,investing
2018-10-01,45.44,46.08,45.01,45.15,45.15,26690000.0,investing
2018-10-02,44.9,46.69,44.88,45.76,45.76,32400000.0,investing
2018-10-03,46.28,46.41,44.71,45.15,45.15,29510000.0,investing
2018-10-04,44.5,44.75,43.51,44.16,44.16,34580000.0,investing
2018-10-05,44.08,44.63,42.81,43.58,43.58,35370000.0,investing
2018-10-08,43.28,43.85,42.61,43.07,43.07,27430000.0,investing
2018-10-09,42.81,43.04,41.98,42.27,42.27,31580000.0,investing
2018-10-10,41.5,42.75,41.32,41.61,41.61,48450000.0,investing
2018-10-11,41.96,42.92,41.42,41.97,41.97,48200000.0,investing
2018-10-12,43.58,43.75,41.92,42.47,42.47,32850000.0,investing
2018-10-15,42.03,42.55,41.63,42.34,42.34,27700000.0,investing
2018-10-16,42.7,43.35,42.3,43.21,43.21,28830000.0,investing
2018-10-17,43.33,43.39,42.11,42.35,42.35,27760000.0,investing
2018-10-18,42.04,42.21,41.14,41.3,41.3,33560000.0,investing
2018-10-19,41.67,41.98,40.27,40.45,40.45,28640000.0,investing
2018-10-22,40.56,40.7,38.64,39.76,39.76,34440000.0,investing
2018-10-23,38.15,39.11,37.41,38.68,38.68,46360000.0,investing
2018-10-24,38.0,38.3,35.4,35.43,35.43,53100000.0,investing
2018-10-25,35.59,37.16,35.06,36.78,36.78,39630000.0,investing
2018-10-26,35.28,35.91,34.3,35.4,35.4,41260000.0,investing
2018-10-29,36.14,36.2,33.82,34.66,34.66,34180000.0,investing
2018-10-30,34.64,36.05,34.49,36.01,36.01,35320000.0,investing
2018-10-31,36.58,38.04,35.8,37.72,37.72,44060000.0,investing
2018-11-01,37.98,40.2,37.52,40.12,40.12,43980000.0,investing
2018-11-02,40.19,40.94,39.64,40.32,40.32,33650000.0,investing
2018-11-05,40.1,40.24,38.77,39.92,39.92,22900000.0,investing
2018-11-06,39.74,40.56,39.56,39.8,39.8,19320000.0,investing
2018-11-07,40.32,41.05,39.96,40.93,40.93,22960000.0,investing
2018-11-08,40.67,41.43,40.34,40.44,40.44,15610000.0,investing
2018-11-09,39.89,39.99,38.41,39.11,39.11,26100000.0,investing
2018-11-12,38.24,38.53,36.84,37.44,37.44,24820000.0,investing
2018-11-13,37.66,38.74,37.44,37.85,37.85,25870000.0,investing
2018-11-14,38.62,38.97,37.61,38.03,38.03,23710000.0,investing
2018-11-15,37.95,40.17,37.62,39.91,39.91,30050000.0,investing
2018-11-16,38.45,39.71,38.33,39.44,39.44,25450000.0,investing
2018-11-19,39.2,39.32,36.67,36.83,36.83,31040000.0,investing
2018-11-20,34.1,36.99,34.05,36.12,36.12,38730000.0,investing
2018-11-21,37.0,37.22,36.37,36.38,36.38,22730000.0,investing
2018-11-23,35.93,37.5,35.92,36.4,36.4,11260000.0,investing
2018-11-26,37.75,37.79,35.52,36.57,36.57,26570000.0,investing
2018-11-27,36.09,37.45,36.02,37.0,37.0,21400000.0,investing
2018-11-28,37.29,39.0,35.99,38.71,38.71,42290000.0,investing
2018-11-29,38.3,38.71,37.73,37.91,37.91,23630000.0,investing
2018-11-30,37.75,38.63,36.94,38.56,38.56,28180000.0,investing
2018-12-03,40.2,40.24,39.15,40.03,40.03,35830000.0,investing
2018-12-04,39.56,39.87,36.72,36.88,36.88,36620000.0,investing
2018-12-06,35.66,37.68,35.13,37.67,37.67,37490000.0,investing
2018-12-07,37.62,37.62,35.21,35.31,35.31,30620000.0,investing
2018-12-10,34.83,35.72,34.53,34.8,34.8,33980000.0,investing
2018-12-11,35.59,36.26,35.1,35.21,35.21,26240000.0,investing
2018-12-12,35.94,36.61,35.4,36.03,36.03,26640000.0,investing
2018-12-13,36.29,36.37,34.76,35.02,35.02,23830000.0,investing
2018-12-14,34.44,35.45,34.06,34.2,34.2,28920000.0,investing
2018-12-17,34.16,35.22,33.6,33.88,33.88,30890000.0,investing
2018-12-18,34.39,34.94,33.97,34.11,34.11,46140000.0,investing
2018-12-19,31.66,33.58,31.27,31.41,31.41,106670000.0,investing
2018-12-20,31.6,32.9,30.86,31.28,31.28,60430000.0,investing
2018-12-21,31.68,32.05,30.11,30.32,30.32,54630000.0,investing
2018-12-24,29.86,30.35,29.0,29.02,29.02,23770000.0,investing
2018-12-26,29.34,30.91,28.39,30.89,30.89,45710000.0,investing
2018-12-27,30.41,32.01,30.23,31.93,31.93,39860000.0,investing
2018-12-28,32.0,32.28,31.4,31.57,31.57,29850000.0,investing
2018-12-31,31.99,32.4,31.46,31.73,31.73,21390000.0,investing
2019-01-02,31.0,33.08,30.75,32.75,32.75,26000000.0,investing
2019-01-03,31.82,32.15,30.86,31.0,31.0,29150000.0,investing
2019-01-04,31.66,33.04,31.55,32.7,32.7,28560000.0,investing
2019-01-07,33.7,34.45,33.31,34.0,34.0,44840000.0,investing
2019-01-08,34.55,34.59,32.8,33.74,33.74,33430000.0,investing
2019-01-09,34.97,36.29,34.92,35.44,35.44,54150000.0,investing
2019-01-10,35.26,35.95,35.08,35.91,35.91,24440000.0,investing
2019-01-11,35.42,36.73,35.01,36.01,36.01,30470000.0,investing
2019-01-14,34.72,34.92,34.26,34.67,34.67,34610000.0,investing
2019-01-15,35.02,35.23,33.65,33.99,33.99,30630000.0,investing
2019-01-16,34.04,34.33,33.53,33.58,33.58,24890000.0,investing
2019-01-17,33.23,34.2,32.66,33.88,33.88,29400000.0,investing
2019-01-18,34.23,36.19,34.06,35.76,35.76,44870000.0,investing
2019-01-22,35.25,35.25,33.55,33.87,33.87,37020000.0,investing
2019-01-23,34.11,34.69,33.44,34.24,34.24,31010000.0,investing
2019-01-24,35.31,37.44,35.1,36.59,36.59,65090000.0,investing
2019-01-25,38.09,39.3,37.5,38.96,38.96,61040000.0,investing
2019-01-28,36.95,38.96,36.65,38.08,38.08,44210000.0,investing
2019-01-29,38.28,38.98,37.25,37.39,37.39,30330000.0,investing
2019-01-30,38.3,38.76,37.59,38.24,38.24,32850000.0,investing
2019-01-31,37.63,38.82,37.28,38.22,38.22,34130000.0,investing
2019-02-01,38.31,39.86,38.23,39.6,39.6,36840000.0,investing
2019-02-04,39.55,39.61,38.51,39.47,39.47,30850000.0,investing
2019-02-05,39.24,40.33,39.17,39.37,39.37,25090000.0,investing
2019-02-06,40.4,41.96,40.37,41.52,41.52,47470000.0,investing
2019-02-07,40.81,41.05,38.91,39.38,39.38,40400000.0,investing
2019-02-08,37.8,38.78,37.45,38.58,38.58,35570000.0,investing
2019-02-11,38.6,38.87,37.36,38.58,38.58,30360000.0,investing
2019-02-12,39.39,40.77,39.24,40.4,40.4,43590000.0,investing
2019-02-13,40.85,42.28,40.8,41.68,41.68,50100000.0,investing
2019-02-14,41.39,43.16,41.31,42.23,42.23,41760000.0,investing
2019-02-15,42.27,42.4,41.42,41.99,41.99,28970000.0,investing
2019-02-19,41.7,42.49,41.5,41.96,41.96,25580000.0,investing
2019-02-20,42.31,43.26,42.13,42.21,42.21,28050000.0,investing
2019-02-21,42.47,42.87,41.42,41.53,41.53,24050000.0,investing
2019-02-22,42.08,42.57,41.83,42.57,42.57,22830000.0,investing
2019-02-25,43.8,43.99,42.7,42.75,42.75,25230000.0,investing
2019-02-26,42.35,43.15,42.29,42.96,42.96,18050000.0,investing
2019-02-27,42.62,42.76,41.01,41.32,41.32,29520000.0,investing
2019-02-28,40.2,41.15,39.8,40.88,40.88,25780000.0,investing
2019-03-01,41.64,42.56,41.11,41.58,41.58,26760000.0,investing
2019-03-04,41.88,42.15,40.64,41.06,41.06,27050000.0,investing
2019-03-05,40.25,40.67,39.51,39.99,39.99,28800000.0,investing
2019-03-06,39.38,39.45,37.52,37.93,37.93,44890000.0,investing
2019-03-07,37.54,38.31,37.14,37.83,37.83,31570000.0,investing
2019-03-08,36.89,38.81,36.57,38.65,38.65,34080000.0,investing
2019-03-11,38.91,39.55,38.83,39.03,39.03,25160000.0,investing
2019-03-12,39.17,39.4,38.83,39.25,39.25,18620000.0,investing
2019-03-13,39.4,39.72,38.64,38.83,38.83,22790000.0,investing
2019-03-14,38.74,39.63,38.34,38.41,38.41,19760000.0,investing
2019-03-15,38.58,39.84,38.43,39.54,39.54,30690000.0,investing
2019-03-18,39.6,40.41,39.15,39.61,39.61,22300000.0,investing
2019-03-19,39.93,41.05,39.89,40.37,40.37,32409999.999999996,investing
2019-03-20,40.5,40.75,39.62,40.13,40.13,41710000.0,investing
2019-03-21,41.7,44.21,41.65,43.99,43.99,84990000.0,investing
2019-03-22,43.47,43.48,41.55,41.62,41.62,46610000.0,investing
2019-03-25,41.34,41.98,40.06,40.55,40.55,34520000.0,investing
2019-03-26,41.17,41.65,40.1,40.32,40.32,24690000.0,investing
2019-03-27,40.38,40.85,39.01,39.23,39.23,26860000.0,investing
2019-03-28,39.4,39.94,39.02,39.34,39.34,24580000.0,investing
2019-03-29,40.25,41.52,40.22,41.33,41.33,35720000.0,investing
2019-04-01,42.27,42.76,41.72,42.25,42.25,28070000.0,investing
2019-04-02,42.08,42.79,41.75,42.44,42.44,21440000.0,investing
2019-04-03,43.55,44.85,43.55,43.9,43.9,39100000.0,investing
2019-04-04,42.36,43.33,42.25,42.89,42.89,37040000.0,investing
2019-04-05,43.3,43.53,42.72,43.32,43.32,21120000.0,investing
2019-04-08,42.18,43.14,42.12,42.9,42.9,24550000.0,investing
2019-04-09,42.54,42.6,41.27,41.72,41.72,29060000.0,investing
2019-04-10,41.69,42.44,41.51,42.17,42.17,23250000.0,investing
2019-04-11,42.2,42.73,42.13,42.28,42.28,18160000.0,investing
2019-04-12,42.85,43.2,41.8,42.01,42.01,21740000.0,investing
2019-04-15,42.17,42.23,41.2,41.82,41.82,16930000.0,investing
2019-04-16,42.26,42.93,42.08,42.76,42.76,19340000.0,investing
2019-04-17,43.36,44.05,42.76,43.15,43.15,22090000.0,investing
2019-04-18,43.2,43.53,42.79,43.4,43.4,16190000.000000002,investing
2019-04-22,43.14,43.57,42.53,43.4,43.4,19450000.0,investing
2019-04-23,43.37,43.47,42.72,42.77,42.77,21490000.0,investing
2019-04-24,42.82,43.4,42.38,43.03,43.03,19640000.0,investing
2019-04-25,43.62,44.65,42.69,42.75,42.75,28350000.0,investing
2019-04-26,41.49,42.28,40.77,42.1,42.1,26090000.0,investing
2019-04-29,42.13,42.61,41.73,42.11,42.11,13450000.0,investing
2019-04-30,41.86,42.36,41.58,42.06,42.06,16340000.0,investing
2019-05-01,42.43,42.93,41.89,41.9,41.9,17670000.0,investing
2019-05-02,42.0,43.2,41.63,42.56,42.56,17050000.0,investing
2019-05-03,42.49,43.38,42.41,43.33,43.33,16579999.999999998,investing
2019-05-06,41.4,42.29,41.0,42.13,42.13,25780000.0,investing
2019-05-07,41.68,41.93,39.73,40.26,40.26,35090000.0,investing
2019-05-08,39.86,40.49,39.58,39.75,39.75,26190000.0,investing
2019-05-09,39.1,39.63,38.2,39.27,39.27,27840000.0,investing
2019-05-10,39.01,39.29,37.65,38.94,38.94,30370000.0,investing
2019-05-13,37.36,37.98,37.06,37.38,37.38,33090000.000000004,investing
2019-05-14,38.02,38.61,37.4,38.51,38.51,24000000.0,investing
2019-05-15,37.9,38.7,37.76,38.41,38.41,17530000.0,investing
2019-05-16,37.68,37.99,37.1,37.31,37.31,29480000.0,investing
2019-05-17,36.61,37.28,35.8,36.06,36.06,31100000.0,investing
2019-05-20,34.75,35.2,34.33,34.62,34.62,34490000.0,investing
2019-05-21,35.29,35.88,35.15,35.64,35.64,32500000.0,investing
2019-05-22,35.2,35.45,34.63,34.73,34.73,20900000.0,investing
2019-05-23,33.89,33.9,32.96,33.82,33.82,32189999.999999996,investing
2019-05-24,34.16,34.36,33.59,34.0,34.0,19710000.0,investing
2019-05-28,34.15,34.31,32.88,32.94,32.94,26760000.0,investing
2019-05-29,32.32,33.42,32.17,33.29,33.29,28800000.0,investing
2019-05-30,33.43,34.32,33.03,33.32,33.32,20960000.0,investing
2019-05-31,32.6,33.33,32.52,32.61,32.61,18610000.0,investing
2019-06-03,32.95,33.22,32.47,32.69,32.69,21170000.0,investing
2019-06-04,33.36,34.56,33.1,34.49,34.49,25080000.0,investing
2019-06-05,35.2,35.4,33.04,33.34,33.34,27070000.0,investing
2019-06-06,33.26,33.82,32.94,33.47,33.47,21090000.0,investing
2019-06-07,33.55,34.02,33.22,33.99,33.99,21430000.0,investing
2019-06-10,34.6,35.54,34.52,34.94,34.94,21730000.0,investing
2019-06-11,35.8,35.99,34.75,34.84,34.84,19210000.0,investing
2019-06-12,34.01,34.1,32.73,32.96,32.96,28750000.0,investing
2019-06-13,33.08,33.64,33.01,33.38,33.38,16590000.0,investing
2019-06-14,32.45,32.84,32.24,32.66,32.66,19710000.0,investing
2019-06-17,32.54,32.85,32.14,32.43,32.43,20050000.0,investing
2019-06-18,32.9,34.89,32.9,34.29,34.29,33730000.0,investing
2019-06-19,34.69,34.69,33.7,33.94,33.94,20440000.0,investing
2019-06-20,34.84,35.26,34.02,34.15,34.15,21690000.0,investing
2019-06-21,33.7,33.89,32.73,33.25,33.25,38860000.0,investing
2019-06-24,33.2,34.08,33.02,33.19,33.19,27310000.0,investing
2019-06-25,33.35,33.88,32.61,32.68,32.68,39590000.0,investing
2019-06-26,35.87,37.61,35.7,37.04,37.04,100270000.0,investing
2019-06-27,36.85,38.33,36.51,38.07,38.07,51610000.0,investing
2019-06-28,39.36,39.4,38.05,38.59,38.59,61400000.0,investing
2019-07-01,41.16,41.71,39.74,40.11,40.11,61090000.0,investing
2019-07-02,39.62,40.03,39.02,39.6,39.6,29770000.0,investing
2019-07-03,39.62,39.77,39.17,39.59,39.59,13480000.0,investing
2019-07-05,38.95,39.56,38.8,39.42,39.42,18410000.0,investing
2019-07-08,39.03,40.61,38.94,40.41,40.41,28150000.0,investing
2019-07-09,40.13,41.41,40.08,41.35,41.35,28250000.0,investing
2019-07-10,42.23,44.0,42.04,42.9,42.9,51630000.0,investing
2019-07-11,43.22,43.54,42.44,43.48,43.48,30390000.0,investing
2019-07-12,43.75,44.7,43.36,44.51,44.51,33259999.999999996,investing
2019-07-15,44.69,45.27,43.71,44.4,44.4,26620000.0,investing
2019-07-16,44.05,44.1,42.93,43.06,43.06,31240000.0,investing
2019-07-17,43.0,43.75,42.6,43.37,43.37,19540000.0,investing
2019-07-18,43.61,44.93,43.5,44.67,44.67,26480000.0,investing
2019-07-19,45.13,46.0,44.63,45.52,45.52,39330000.0,investing
2019-07-22,46.5,47.42,46.31,47.19,47.19,46040000.0,investing
2019-07-23,46.78,47.14,46.23,46.95,46.95,29350000.0,investing
2019-07-24,46.95,48.23,46.82,47.99,47.99,33170000.0,investing
2019-07-25,48.4,48.7,47.59,47.77,47.77,28130000.0,investing
2019-07-26,47.94,48.13,47.09,47.49,47.49,19680000.0,investing
2019-07-29,46.87,46.97,45.85,46.82,46.82,21940000.0,investing
2019-07-30,46.88,47.68,46.2,47.46,47.46,21300000.0,investing
2019-07-31,46.71,46.79,44.44,44.89,44.89,34490000.0,investing
2019-08-01,45.0,45.95,42.84,43.6,43.6,37910000.0,investing
2019-08-02,42.64,44.41,42.22,44.08,44.08,31950000.0,investing
2019-08-05,42.4,42.51,41.36,41.94,41.94,35170000.0,investing
2019-08-06,42.67,43.19,41.69,42.62,42.62,26860000.0,investing
2019-08-07,42.01,42.95,40.7,41.75,41.75,35600000.0,investing
2019-08-08,42.09,42.76,41.67,42.63,42.63,18570000.0,investing
2019-08-09,42.04,42.24,40.87,41.52,41.52,22900000.0,investing
2019-08-12,41.05,42.4,40.97,42.13,42.13,23970000.0,investing
2019-08-13,42.62,45.08,42.51,44.17,44.17,33270000.000000004,investing
2019-08-14,42.88,43.15,41.66,42.04,42.04,24660000.0,investing
2019-08-15,42.34,42.56,41.5,42.24,42.24,16230000.0,investing
2019-08-16,42.64,43.88,42.55,43.55,43.55,18160000.0,investing
2019-08-19,44.67,45.37,44.34,45.01,45.01,22630000.0,investing
2019-08-20,44.85,44.97,44.04,44.23,44.23,13210000.0,investing
2019-08-21,44.81,45.0,43.9,44.17,44.17,14990000.0,investing
2019-08-22,44.5,45.45,44.05,44.78,44.78,20610000.0,investing
2019-08-23,43.89,44.97,42.66,42.96,42.96,27550000.0,investing
2019-08-26,43.74,43.77,43.16,43.43,43.43,12290000.0,investing
2019-08-27,43.71,43.8,42.35,42.44,42.44,19150000.0,investing
2019-08-28,42.1,43.26,41.66,43.15,43.15,11550000.0,investing
2019-08-29,43.99,45.22,43.91,44.67,44.67,18690000.0,investing
2019-08-30,45.12,45.92,45.05,45.27,45.27,16399999.999999998,investing
2019-09-03,44.6,45.33,44.44,44.99,44.99,17110000.0,investing
2019-09-04,46.45,47.5,46.4,46.81,46.81,27000000.0,investing
2019-09-05,47.9,49.64,47.89,49.03,49.03,33090000.000000004,investing
2019-09-06,48.86,49.5,48.7,48.97,48.97,19570000.0,investing
2019-09-09,49.54,50.0,48.86,49.13,49.13,19470000.0,investing
2019-09-10,49.37,49.94,48.5,49.39,49.39,23110000.0,investing
2019-09-11,50.02,51.39,49.84,50.48,50.48,31010000.0,investing
2019-09-12,50.8,51.12,50.1,50.44,50.44,19670000.0,investing
2019-09-13,50.51,50.95,50.06,50.5,50.5,14730000.0,investing
2019-09-16,49.53,50.24,49.02,50.15,50.15,17500000.0,investing
2019-09-17,50.18,50.91,49.92,50.84,50.84,13880000.0,investing
2019-09-18,51.0,51.17,49.69,50.48,50.48,15380000.0,investing
2019-09-19,51.16,51.3,49.75,49.82,49.82,16860000.0,investing
2019-09-20,50.34,50.45,48.77,49.16,49.16,23460000.0,investing
2019-09-23,49.54,50.19,49.48,49.6,49.6,16940000.0,investing
2019-09-24,49.74,49.9,48.05,48.51,48.51,25320000.0,investing
2019-09-25,48.47,49.7,47.86,49.47,49.47,24060000.0,investing
2019-09-26,49.38,49.74,48.12,48.6,48.6,37250000.0,investing
2019-09-27,45.9,45.92,42.91,43.21,43.21,76020000.0,investing
2019-09-30,43.0,43.47,42.58,42.85,42.85,32330000.0,investing
2019-10-01,43.1,43.34,41.75,42.3,42.3,28430000.0,investing
2019-10-02,41.82,42.67,41.76,41.98,41.98,26780000.0,investing
2019-10-03,42.0,43.49,41.76,43.46,43.46,23880000.0,investing
2019-10-04,43.71,44.62,43.29,44.55,44.55,22040000.0,investing
2019-10-07,44.3,44.73,44.06,44.16,44.16,15150000.0,investing
2019-10-08,43.6,43.84,42.62,42.63,42.63,22710000.0,investing
2019-10-09,43.18,43.38,42.83,42.88,42.88,13780000.0,investing
2019-10-10,42.87,43.79,42.61,43.28,43.28,16050000.0,investing
2019-10-11,44.39,45.81,44.28,45.1,45.1,27600000.0,investing
2019-10-14,44.96,45.33,44.8,44.86,44.86,12500000.0,investing
2019-10-15,45.21,46.55,45.04,46.45,46.45,18050000.0,investing
2019-10-16,45.99,46.55,45.08,45.16,45.16,16870000.0,investing
2019-10-17,45.77,46.12,45.28,45.5,45.5,12090000.0,investing
2019-10-18,44.83,44.98,43.23,43.47,43.47,26220000.0,investing
2019-10-21,43.96,45.3,43.92,45.22,45.22,15750000.0,investing
2019-10-22,45.3,45.7,44.62,44.66,44.66,14010000.0,investing
2019-10-23,44.05,44.81,43.95,44.66,44.66,14130000.0,investing
2019-10-24,45.9,47.16,45.58,47.1,47.1,25990000.0,investing
2019-10-25,47.28,48.27,46.92,48.03,48.03,19860000.0,investing
2019-10-28,48.5,48.75,48.23,48.69,48.69,15240000.0,investing
2019-10-29,48.8,49.17,48.06,48.11,48.11,12180000.0,investing
2019-10-30,48.22,48.34,47.26,47.88,47.88,12930000.0,investing
2019-10-31,47.28,47.88,46.46,47.55,47.55,15450000.0,investing
2019-11-01,47.48,48.54,47.25,48.38,48.38,18310000.0,investing
2019-11-04,49.39,49.9,49.25,49.59,49.59,16020000.0,investing
2019-11-05,49.62,49.72,48.6,48.68,48.68,13680000.0,investing
2019-11-06,48.15,48.3,47.1,47.68,47.68,21800000.0,investing
2019-11-07,48.52,49.08,48.0,48.4,48.4,19250000.0,investing
2019-11-08,47.56,48.01,46.95,47.19,47.19,18530000.0,investing
2019-11-11,46.72,46.74,45.85,46.26,46.26,14650000.0,investing
2019-11-12,46.8,47.68,46.68,46.9,46.9,15170000.0,investing
2019-11-13,46.5,46.55,45.81,46.3,46.3,15840000.0,investing
2019-11-14,46.12,46.83,45.77,46.8,46.8,11830000.0,investing
2019-11-15,47.6,48.52,47.34,47.71,47.71,17870000.0,investing
2019-11-18,47.95,48.41,47.47,47.82,47.82,12640000.0,investing
2019-11-19,48.11,48.18,46.28,46.58,46.58,18390000.0,investing
2019-11-20,46.15,46.5,45.23,45.57,45.57,24700000.0,investing
2019-11-21,45.3,46.18,45.04,45.55,45.55,14190000.0,investing
2019-11-22,45.93,46.38,45.75,45.87,45.87,11250000.0,investing
2019-11-25,46.1,47.55,45.94,47.52,47.52,18830000.0,investing
2019-11-26,47.65,47.67,46.54,46.72,46.72,12920000.0,investing
2019-11-27,47.35,48.27,47.11,48.16,48.16,15440000.0,investing
2019-11-29,47.94,47.95,47.44,47.51,47.51,7340000.0,investing
2019-12-02,47.57,47.95,46.34,46.39,46.39,16090000.0,investing
2019-12-03,45.12,45.4,44.55,45.23,45.23,20860000.0,investing
2019-12-04,46.18,46.6,45.73,46.3,46.3,16930000.0,investing
2019-12-05,46.71,47.4,46.25,46.62,46.62,13020000.0,investing
2019-12-06,47.44,48.33,47.32,47.93,47.93,20490000.0,investing
2019-12-09,47.56,47.77,46.43,46.45,46.45,16570000.0,investing
2019-12-10,47.04,47.92,46.72,47.46,47.46,19280000.0,investing
2019-12-11,47.75,49.34,47.69,49.26,49.26,22110000.0,investing
2019-12-12,49.36,51.33,49.32,50.97,50.97,36680000.0,investing
2019-12-13,51.02,52.32,50.7,51.2,51.2,30050000.0,investing
2019-12-16,52.76,54.3,52.69,52.94,52.94,38710000.0,investing
2019-12-17,53.99,54.0,52.65,53.0,53.0,28380000.0,investing
2019-12-18,53.0,53.72,52.37,53.04,53.04,39580000.0,investing
2019-12-19,55.01,55.29,53.9,54.53,54.53,56300000.0,investing
2019-12-20,54.9,55.93,54.63,55.06,55.06,44370000.0,investing
2019-12-23,55.23,56.11,55.14,55.4,55.4,23720000.0,investing
2019-12-24,55.45,55.64,55.03,55.42,55.42,8620000.0,investing
2019-12-26,55.45,55.65,54.91,55.1,55.1,13550000.0,investing
2019-12-27,55.24,55.53,53.88,54.03,54.03,17190000.0,investing
2019-12-30,53.77,53.88,52.66,53.21,53.21,15280000.0,investing
2019-12-31,52.91,53.9,52.78,53.78,53.78,13300000.0,investing
2020-01-02,54.85,55.49,54.51,55.39,55.39,20180000.0,investing
2020-01-03,54.16,55.3,54.0,54.53,54.53,16830000.0,investing
2020-01-06,53.75,54.14,53.16,53.56,53.56,18790000.0,investing
2020-01-07,55.38,58.4,55.36,58.27,58.27,50300000.0,investing
2020-01-08,58.09,58.39,57.06,57.52,57.52,29760000.0,investing
2020-01-09,58.32,58.48,56.48,57.31,57.31,22410000.0,investing
2020-01-10,57.47,57.5,56.27,56.67,56.67,19150000.0,investing
2020-01-13,57.01,57.78,56.86,57.45,57.45,16190000.000000002,investing
2020-01-14,57.8,58.3,56.46,57.52,57.52,26550000.0,investing
2020-01-15,57.03,57.12,55.84,56.17,56.17,21640000.0,investing
2020-01-16,56.8,57.84,56.76,57.68,57.68,22730000.0,investing
2020-01-17,58.02,58.12,57.01,57.66,57.66,20550000.0,investing
2020-01-21,57.37,59.18,57.27,58.97,58.97,24820000.0,investing
2020-01-22,59.52,60.25,58.85,59.17,59.17,22600000.0,investing
2020-01-23,60.33,60.56,59.03,59.2,59.2,26150000.0,investing
2020-01-24,60.0,60.02,57.24,57.76,57.76,28560000.0,investing
2020-01-27,55.15,55.99,54.62,55.41,55.41,27310000.0,investing
2020-01-28,56.25,56.78,55.24,56.47,56.47,18540000.0,investing
2020-01-29,55.99,57.19,55.29,55.3,55.3,19310000.0,investing
2020-01-30,54.18,55.07,53.22,55.03,55.03,30780000.0,investing
2020-01-31,55.15,55.2,52.7,53.09,53.09,28550000.0,investing
2020-02-03,53.25,54.11,53.0,53.78,53.78,20480000.0,investing
2020-02-04,55.29,56.02,54.94,55.5,55.5,20000000.0,investing
2020-02-05,57.02,57.26,55.82,56.77,56.77,19800000.0,investing
2020-02-06,58.08,59.17,57.41,58.68,58.68,23360000.0,investing
2020-02-07,57.97,58.0,56.77,56.88,56.88,20890000.0,investing
2020-02-10,56.3,57.34,56.2,57.33,57.33,15930000.0,investing
2020-02-11,57.88,58.84,56.33,57.25,57.25,26780000.0,investing
2020-02-12,59.04,61.19,58.9,59.27,59.27,47180000.0,investing
2020-02-13,59.01,60.62,58.86,59.33,59.33,23680000.0,investing
2020-02-14,60.16,60.56,58.26,58.5,58.5,20920000.0,investing
2020-02-18,57.07,58.04,56.62,57.75,57.75,21550000.0,investing
2020-02-19,58.58,60.25,58.56,59.99,59.99,23340000.0,investing
2020-02-20,59.88,59.99,57.69,59.0,59.0,20800000.0,investing
2020-02-21,58.63,58.73,55.89,56.99,56.99,27050000.0,investing
2020-02-24,53.31,55.46,52.61,55.01,55.01,33320000.0,investing
2020-02-25,54.84,55.45,51.55,52.1,52.1,41890000.0,investing
2020-02-26,52.65,54.27,51.88,52.37,52.37,28100000.0,investing
2020-02-27,50.63,52.85,49.99,50.58,50.58,36350000.0,investing
2020-02-28,48.65,52.92,48.39,52.56,52.56,40290000.0,investing
2020-03-02,53.2,54.69,52.1,54.59,54.59,33270000.000000004,investing
2020-03-03,54.6,55.4,51.1,51.8,51.8,36890000.0,investing
2020-03-04,53.02,55.38,52.21,55.29,55.29,28220000.0,investing
2020-03-05,53.45,55.61,53.34,53.72,53.72,26220000.0,investing
2020-03-06,52.2,53.19,50.0,51.47,51.47,30310000.0,investing
2020-03-09,45.48,48.6,44.92,45.97,45.97,31260000.0,investing
2020-03-10,48.15,48.26,45.29,47.86,47.86,31650000.0,investing
2020-03-11,46.2,46.32,42.84,43.72,43.72,38530000.0,investing
2020-03-12,39.4,42.54,38.0,38.81,38.81,40120000.0,investing
2020-03-13,41.57,43.02,38.35,42.99,42.99,35260000.0,investing
2020-03-16,37.35,39.14,34.45,34.47,34.47,36880000.0,investing
2020-03-17,35.49,39.13,34.02,37.38,37.38,34870000.0,investing
2020-03-18,34.1,36.55,31.13,34.69,34.69,36520000.0,investing
2020-03-19,34.66,37.28,33.65,36.29,36.29,31020000.0,investing
2020-03-20,37.77,38.59,35.84,36.11,36.11,37670000.0,investing
2020-03-23,36.99,39.47,35.69,38.25,38.25,45290000.0,investing
2020-03-24,42.39,44.39,41.17,43.27,43.27,45590000.0,investing
2020-03-25,43.7,44.88,40.13,42.5,42.5,54090000.0,investing
2020-03-26,45.0,45.75,43.34,44.79,44.79,62560000.0,investing
2020-03-27,43.09,45.27,42.32,43.48,43.48,39790000.0,investing
2020-03-30,44.17,45.57,43.15,44.52,44.52,33760000.0,investing
2020-03-31,44.4,45.17,41.91,42.06,42.06,36720000.0,investing
2020-04-01,40.55,42.3,39.33,39.89,39.89,37450000.0,investing
2020-04-02,39.79,41.59,39.52,41.09,41.09,31460000.0,investing
2020-04-03,40.97,41.86,40.55,41.22,41.22,28520000.0,investing
2020-04-06,43.35,46.69,43.34,46.37,46.37,37900000.0,investing
2020-04-07,48.09,48.37,46.04,46.54,46.54,34650000.0,investing
2020-04-08,47.08,48.69,46.8,48.29,48.29,27690000.0,investing
2020-04-09,49.3,49.81,45.35,46.13,46.13,39840000.0,investing
2020-04-13,44.9,46.39,44.39,46.17,46.17,30450000.0,investing
2020-04-14,47.0,48.38,46.62,47.62,47.62,25740000.0,investing
2020-04-15,46.4,46.66,45.63,46.43,46.43,22390000.0,investing
2020-04-16,47.02,47.2,44.66,45.53,45.53,26590000.0,investing
2020-04-17,46.78,46.89,44.85,45.7,45.7,23390000.0,investing
2020-04-20,44.52,45.08,43.3,43.4,43.4,30460000.0,investing
2020-04-21,43.0,43.07,41.19,41.41,41.41,32479999.999999996,investing
2020-04-22,43.11,44.2,42.74,43.91,43.91,21400000.0,investing
2020-04-23,43.82,44.72,43.42,43.77,43.77,22270000.0,investing
2020-04-24,43.8,44.32,42.98,44.16,44.16,16590000.0,investing
2020-04-27,45.0,45.39,44.58,45.28,45.28,16670000.000000002,investing
2020-04-28,46.21,47.69,45.28,45.31,45.31,25230000.0,investing
2020-04-29,46.58,50.14,46.33,49.83,49.83,35740000.0,investing
2020-04-30,49.48,49.58,47.37,47.89,47.89,28590000.0,investing
2020-05-01,46.36,46.92,44.52,45.06,45.06,28190000.0,investing
2020-05-04,44.19,44.69,43.61,44.46,44.46,21380000.0,investing
2020-05-05,45.45,46.95,45.11,45.41,45.41,21010000.0,investing
2020-05-06,46.07,47.12,45.92,46.08,46.08,22010000.0,investing
2020-05-07,47.12,47.5,46.34,46.59,46.59,16370000.000000002,investing
2020-05-08,47.29,48.46,47.29,48.25,48.25,17440000.0,investing
2020-05-11,47.74,48.73,47.44,48.2,48.2,17350000.0,investing
2020-05-12,48.52,48.56,45.64,45.69,45.69,26740000.0,investing
2020-05-13,45.77,45.79,42.95,43.53,43.53,35120000.0,investing
2020-05-14,43.04,45.77,42.52,45.73,45.73,27540000.0,investing
2020-05-15,43.6,44.77,43.51,44.41,44.41,28800000.0,investing
2020-05-18,45.85,46.15,44.95,45.92,45.92,20330000.0,investing
2020-05-19,45.73,46.22,45.03,45.12,45.12,17390000.0,investing
2020-05-20,46.51,47.03,46.11,46.64,46.64,17880000.0,investing
2020-05-21,46.53,46.56,44.77,45.22,45.22,17450000.0,investing
2020-05-22,45.15,45.31,44.24,44.94,44.94,13390000.0,investing
2020-05-26,46.23,46.69,45.47,45.8,45.8,24300000.0,investing
2020-05-27,45.89,49.57,43.9,49.45,49.45,56070000.0,investing
2020-05-28,48.7,48.7,46.09,46.47,46.47,38330000.0,investing
2020-05-29,46.62,48.02,46.21,47.91,47.91,26350000.0,investing
2020-06-01,47.42,47.66,46.33,46.34,46.34,21900000.0,investing
2020-06-02,46.47,46.83,45.58,46.82,46.82,23040000.0,investing
2020-06-03,48.09,49.42,47.45,48.92,48.92,34660000.0,investing
2020-06-04,48.89,51.95,48.62,51.22,51.22,34830000.0,investing
2020-06-05,52.66,54.82,52.59,53.72,53.72,34110000.0,investing
2020-06-08,54.54,54.57,52.24,53.7,53.7,22850000.0,investing
2020-06-09,52.67,53.5,52.45,53.15,53.15,17840000.0,investing
2020-06-10,52.92,53.28,51.58,52.47,52.47,18770000.0,investing
2020-06-11,50.3,51.07,48.2,48.52,48.52,29900000.0,investing
2020-06-12,50.28,50.48,47.36,48.69,48.69,24290000.0,investing
2020-06-15,47.31,49.72,47.1,49.24,49.24,18090000.0,investing
2020-06-16,51.24,52.15,49.96,51.02,51.02,20990000.0,investing
2020-06-17,51.35,51.5,50.54,50.96,50.96,13910000.0,investing
2020-06-18,50.38,51.04,50.02,50.48,50.48,13220000.0,investing
2020-06-19,51.42,52.73,50.79,50.83,50.83,28080000.0,investing
2020-06-22,51.07,51.35,50.25,51.15,51.15,15950000.0,investing
2020-06-23,50.72,50.88,49.58,49.84,49.84,23190000.0,investing
2020-06-24,49.52,50.09,48.02,48.29,48.29,19350000.0,investing
2020-06-25,48.2,49.31,47.28,49.19,49.19,14970000.0,investing
2020-06-26,49.1,49.35,48.16,48.49,48.49,16930000.0,investing
2020-06-29,48.61,49.15,47.6,49.15,49.15,24670000.0,investing
2020-06-30,51.68,52.46,50.99,51.52,51.52,47850000.0,investing
2020-07-01,51.52,51.56,49.61,49.7,49.7,25220000.0,investing
2020-07-02,50.5,50.75,49.48,49.83,49.83,18560000.0,investing
2020-07-06,50.76,51.42,50.48,50.92,50.92,16320000.0,investing
2020-07-07,50.52,50.59,49.01,49.09,49.09,19800000.0,investing
2020-07-08,49.48,49.74,48.99,49.71,49.71,15310000.0,investing
2020-07-09,49.94,50.38,48.75,49.98,49.98,18510000.0,investing
2020-07-10,50.01,50.71,49.4,50.7,50.7,18130000.0,investing
2020-07-13,51.36,52.27,49.38,49.46,49.46,23300000.0,investing
2020-07-14,48.99,49.78,47.96,49.71,49.71,17460000.0,investing
2020-07-15,50.21,50.65,49.41,50.51,50.51,15910000.0,investing
2020-07-16,49.81,50.28,49.23,50.1,50.1,14010000.0,investing
2020-07-17,50.31,50.43,49.28,49.47,49.47,15000000.0,investing
2020-07-20,49.66,51.32,49.53,51.21,51.21,17600000.0,investing
2020-07-21,51.62,52.66,51.23,51.52,51.52,16670000.000000002,investing
2020-07-22,51.58,51.77,51.02,51.65,51.65,11410000.0,investing
2020-07-23,51.74,54.2,51.57,52.64,52.64,33400000.0,investing
2020-07-24,51.28,51.28,49.65,50.02,50.02,25350000.0,investing
2020-07-27,50.6,51.71,50.49,51.59,51.59,15990000.0,investing
2020-07-28,51.26,51.27,50.04,50.09,50.09,15610000.0,investing
2020-07-29,50.39,50.63,49.78,50.39,50.39,14710000.0,investing
2020-07-30,49.74,50.75,49.11,50.74,50.74,17640000.0,investing
2020-07-31,50.62,50.7,49.26,50.06,50.06,17440000.0,investing
2020-08-03,50.39,50.62,50.02,50.39,50.39,15140000.0,investing
2020-08-04,50.35,51.48,50.29,51.3,51.3,15700000.0,investing
2020-08-05,51.09,51.28,50.63,51.05,51.05,13260000.0,investing
2020-08-06,50.0,50.03,48.32,48.7,48.7,32200000.000000004,investing
2020-08-07,48.69,49.18,48.05,48.75,48.75,13640000.0,investing
2020-08-10,48.85,49.67,48.26,49.15,49.15,15880000.0,investing
2020-08-11,49.01,49.74,47.63,47.76,47.76,21530000.0,investing
2020-08-12,48.38,48.73,47.66,48.48,48.48,17220000.0,investing
2020-08-13,47.16,47.23,45.93,46.14,46.14,41050000.0,investing
2020-08-14,45.6,46.08,45.3,45.6,45.6,18170000.0,investing
2020-08-17,45.9,45.94,44.74,45.22,45.22,17300000.0,investing
2020-08-18,45.06,45.16,44.05,44.4,44.4,20120000.0,investing
2020-08-19,44.3,44.7,43.85,44.05,44.05,19460000.0,investing
2020-08-20,42.68,43.65,42.25,42.99,42.99,22450000.0,investing
2020-08-21,42.85,43.06,42.4,42.66,42.66,15480000.0,investing
2020-08-24,43.12,43.81,42.89,43.76,43.76,14970000.0,investing
2020-08-25,44.88,45.54,44.6,45.1,45.1,21520000.0,investing
2020-08-26,45.6,45.82,44.69,44.96,44.96,15330000.0,investing
2020-08-27,44.55,44.83,43.67,44.62,44.62,13780000.0,investing
2020-08-28,44.62,45.79,44.4,45.69,45.69,13460000.0,investing
2020-08-31,45.35,45.82,45.14,45.51,45.51,13240000.0,investing
2020-09-01,45.53,45.79,45.06,45.76,45.76,14110000.0,investing
2020-09-02,46.42,48.19,46.28,47.83,47.83,24640000.0,investing
2020-09-03,47.76,47.83,45.85,46.33,46.33,20630000.0,investing
2020-09-04,46.19,46.95,44.89,46.48,46.48,20610000.0,investing
2020-09-08,44.99,46.23,44.53,45.03,45.03,20890000.0,investing
2020-09-09,45.88,45.88,44.45,45.15,45.15,17530000.0,investing
2020-09-10,45.47,45.95,44.69,44.87,44.87,13740000.0,investing
2020-09-11,45.23,46.48,44.96,46.09,46.09,18370000.0,investing
2020-09-14,48.35,49.59,48.3,49.03,49.03,26720000.0,investing
2020-09-15,49.37,49.66,48.7,49.05,49.05,14460000.0,investing
2020-09-16,49.11,51.22,48.96,50.21,50.21,23550000.0,investing
2020-09-17,49.16,51.29,48.81,50.98,50.98,20560000.0,investing
2020-09-18,51.5,52.17,49.97,50.74,50.74,25550000.0,investing
2020-09-21,49.61,49.78,47.89,49.15,49.15,21260000.0,investing
2020-09-22,49.27,49.78,48.78,49.7,49.7,10850000.0,investing
2020-09-23,51.01,51.61,49.64,49.85,49.85,19160000.0,investing
2020-09-24,49.52,50.36,49.09,49.47,49.47,13840000.0,investing
2020-09-25,49.56,49.6,47.78,49.14,49.14,17770000.0,investing
2020-09-28,49.63,49.77,48.13,49.72,49.72,18900000.0,investing
2020-09-29,49.71,51.38,49.59,50.71,50.71,36090000.0,investing
2020-09-30,48.95,49.27,46.83,46.96,46.96,55390000.0,investing
2020-10-01,47.1,48.18,47.05,47.92,47.92,24460000.0,investing
2020-10-02,46.86,47.52,46.5,46.55,46.55,20280000.0,investing
2020-10-05,46.99,47.73,46.98,47.6,47.6,16930000.0,investing
2020-10-06,47.55,48.83,47.22,47.32,47.32,17930000.0,investing
2020-10-07,48.42,48.99,48.32,48.41,48.41,13890000.0,investing
2020-10-08,48.99,50.0,48.22,49.9,49.9,14570000.0,investing
2020-10-09,50.24,50.6,49.31,49.89,49.89,13930000.0,investing
2020-10-12,50.58,50.84,50.08,50.68,50.68,13110000.0,investing
2020-10-13,51.89,52.75,51.64,51.85,51.85,22180000.0,investing
2020-10-14,52.01,52.25,51.35,51.63,51.63,15910000.0,investing
2020-10-15,50.76,51.97,50.32,51.94,51.94,14000000.0,investing
2020-10-16,52.15,52.55,51.58,51.61,51.61,14230000.0,investing
2020-10-19,51.97,54.0,51.3,52.63,52.63,24180000.0,investing
2020-10-20,53.14,54.19,52.75,53.53,53.53,17340000.0,investing
2020-10-21,53.3,53.96,53.18,53.31,53.31,12920000.0,investing
2020-10-22,53.29,54.85,53.08,54.38,54.38,14840000.0,investing
2020-10-23,54.09,54.12,52.38,52.85,52.85,16180000.0,investing
2020-10-26,52.4,52.89,51.4,52.14,52.14,11680000.0,investing
2020-10-27,52.03,52.32,51.53,51.96,51.96,8960000.0,investing
2020-10-28,50.75,50.85,49.57,50.0,50.0,15460000.0,investing
2020-10-29,49.71,50.91,49.38,50.48,50.48,12420000.0,investing
2020-10-30,50.01,50.43,49.3,50.34,50.34,15960000.0,investing
2020-11-02,50.79,50.79,49.44,49.71,49.71,13100000.0,investing
2020-11-03,50.13,51.59,50.01,51.08,51.08,11430000.0,investing
2020-11-04,51.73,52.5,50.93,51.96,51.96,13550000.0,investing
2020-11-05,52.88,54.78,52.78,54.58,54.58,16370000.000000002,investing
2020-11-06,54.46,55.41,54.33,55.16,55.16,13920000.0,investing
2020-11-09,56.47,57.83,55.87,55.96,55.96,20970000.0,investing
2020-11-10,55.13,55.94,54.36,55.41,55.41,14500000.0,investing
2020-11-11,55.97,56.94,55.85,56.36,56.36,14770000.0,investing
2020-11-12,56.6,56.97,55.89,56.25,56.25,13790000.0,investing
2020-11-13,56.79,58.19,56.75,57.93,57.93,14330000.0,investing
2020-11-16,59.72,61.91,59.61,61.86,61.86,31400000.0,investing
2020-11-17,61.0,62.2,60.3,61.99,61.99,17700000.0,investing
2020-11-18,61.5,62.04,60.63,60.74,60.74,18730000.0,investing
2020-11-19,60.03,61.97,59.65,61.83,61.83,12720000.0,investing
2020-11-20,61.48,62.63,61.35,61.4,61.4,14120000.0,investing
2020-11-23,62.61,64.5,62.3,64.18,64.18,20610000.0,investing
2020-11-24,64.29,64.29,62.89,63.95,63.95,22630000.0,investing
2020-11-25,63.66,64.0,62.61,63.43,63.43,12470000.0,investing
2020-11-27,63.83,64.8,63.51,64.23,64.23,7500000.0,investing
2020-11-30,64.56,65.25,63.58,64.09,64.09,20370000.0,investing
2020-12-01,65.25,68.63,65.14,67.08,67.08,36200000.0,investing
2020-12-02,67.61,69.39,66.76,69.11,69.11,23300000.0,investing
2020-12-03,70.57,71.12,69.55,69.9,69.9,20460000.0,investing
2020-12-04,71.11,74.38,70.54,73.34,73.34,31860000.0,investing
2020-12-07,73.29,73.4,71.48,72.61,72.61,17460000.0,investing
2020-12-08,72.0,73.54,71.98,73.19,73.19,15430000.0,investing
2020-12-09,73.15,74.61,70.78,71.41,71.41,18370000.0,investing
2020-12-10,70.14,71.95,69.67,71.28,71.28,15610000.0,investing
2020-12-11,70.38,71.32,69.4,70.53,70.53,15320000.0,investing
2020-12-14,71.4,72.2,71.03,71.54,71.54,13570000.0,investing
2020-12-15,72.81,73.37,72.33,73.15,73.15,11550000.0,investing
2020-12-16,74.19,74.35,72.63,72.99,72.99,13890000.0,investing
2020-12-17,73.59,73.74,71.76,72.26,72.26,11990000.0,investing
2020-12-18,72.7,73.45,71.06,71.46,71.46,23910000.0,investing
2020-12-21,70.0,71.7,69.65,71.47,71.47,13180000.0,investing
2020-12-22,71.51,71.78,69.76,70.44,70.44,11170000.0,investing
2020-12-23,70.47,71.06,69.89,69.95,69.95,8520000.0,investing
2020-12-24,70.31,70.64,69.76,70.58,70.58,4850000.0,investing
2020-12-28,71.79,72.11,70.47,70.66,70.66,8350000.0,investing
2020-12-29,71.0,71.4,69.14,70.21,70.21,9400000.0,investing
2020-12-30,70.42,72.65,70.37,71.92,71.92,11620000.0,investing
2020-12-31,72.39,75.68,72.37,75.18,75.18,23210000.0,investing
2021-01-04,76.48,78.61,73.75,74.05,74.05,31160000.0,investing
2021-01-05,76.44,78.69,76.03,77.26,77.26,33420000.0,investing
2021-01-06,76.36,78.45,76.1,77.11,77.11,22390000.0,investing
2021-01-07,78.06,80.08,78.05,79.11,79.11,27950000.0,investing
2021-01-08,82.54,84.16,77.07,77.42,77.42,51270000.0,investing
2021-01-11,76.59,79.79,76.42,78.67,78.67,19940000.0,investing
2021-01-12,79.19,79.62,77.82,79.46,79.46,18230000.0,investing
2021-01-13,78.95,80.39,78.55,79.91,79.91,15070000.0,investing
2021-01-14,80.01,82.21,79.55,81.3,81.3,17640000.0,investing
2021-01-15,80.92,81.88,79.53,80.72,80.72,14320000.0,investing
2021-01-19,81.28,85.68,80.96,85.5,85.5,26600000.0,investing
2021-01-20,85.93,87.25,83.23,83.5,83.5,21190000.0,investing
2021-01-21,84.0,85.1,82.51,85.01,85.01,14700000.0,investing
2021-01-22,84.08,84.95,82.22,82.28,82.28,14230000.0,investing
2021-01-25,83.19,83.5,78.89,81.28,81.28,19280000.0,investing
2021-01-26,81.79,81.98,79.01,79.51,79.51,13680000.0,investing
2021-01-27,77.33,77.59,74.33,75.09,75.09,23510000.0,investing
2021-01-28,77.2,80.18,76.72,78.39,78.39,18350000.0,investing
2021-01-29,78.36,79.37,76.95,78.27,78.27,17930000.0,investing
2021-02-01,79.59,81.09,78.48,80.43,80.43,14900000.0,investing
2021-02-02,81.26,81.74,79.92,81.62,81.62,11390000.0,investing
2021-02-03,81.85,82.53,78.97,79.11,79.11,17460000.0,investing
2021-02-04,79.15,81.34,78.96,81.25,81.25,11520000.0,investing
2021-02-05,81.77,82.02,80.72,81.1,81.1,10960000.0,investing
2021-02-08,81.75,84.06,81.64,84.01,84.01,12390000.0,investing
2021-02-09,83.35,84.0,82.4,83.32,83.32,10360000.0,investing
2021-02-10,84.0,84.44,81.3,82.35,82.35,9870000.0,investing
2021-02-11,84.4,86.64,84.0,86.48,86.48,18750000.0,investing
2021-02-12,86.11,88.32,85.46,88.01,88.01,14270000.0,investing
2021-02-16,89.22,89.22,87.05,87.74,87.74,10310000.0,investing
2021-02-17,86.69,87.32,84.9,86.05,86.05,10040000.0,investing
2021-02-18,86.52,88.73,85.96,88.54,88.54,19170000.0,investing
2021-02-19,90.25,91.49,88.81,90.96,90.96,21890000.0,investing
2021-02-22,89.53,90.52,85.92,86.28,86.28,16079999.999999998,investing
2021-02-23,85.24,89.2,82.44,88.23,88.23,23200000.0,investing
2021-02-24,88.3,92.6,87.73,92.52,92.52,21280000.0,investing
2021-02-25,91.52,93.1,87.58,88.12,88.12,22550000.0,investing
2021-02-26,89.74,92.94,88.23,91.53,91.53,22790000.0,investing
2021-03-01,94.54,95.75,92.57,94.76,94.76,19910000.0,investing
2021-03-02,93.57,94.9,90.9,91.09,91.09,18680000.0,investing
2021-03-03,90.57,93.33,88.39,89.11,89.11,26420000.0,investing
2021-03-04,88.81,89.75,81.85,84.33,84.33,31970000.0,investing
2021-03-05,87.53,89.32,83.29,88.93,88.93,30330000.0,investing
2021-03-08,88.57,89.72,84.87,85.05,85.05,22710000.0,investing
2021-03-09,88.0,90.18,86.3,89.3,89.3,22300000.0,investing
2021-03-10,90.01,90.01,85.31,85.41,85.41,23410000.0,investing
2021-03-11,87.59,90.22,86.85,89.31,89.31,20720000.0,investing
2021-03-12,87.57,88.53,86.43,87.77,87.77,21920000.0,investing
2021-03-15,87.77,88.91,86.14,88.85,88.85,16160000.0,investing
2021-03-16,90.75,94.68,90.11,91.43,91.43,28540000.0,investing
2021-03-17,91.33,95.49,90.1,94.76,94.76,24620000.0,investing
2021-03-18,92.97,93.48,89.41,89.82,89.82,27100000.0,investing
2021-03-19,90.36,92.68,88.89,90.51,90.51,24960000.0,investing
2021-03-22,91.83,92.42,89.65,91.28,91.28,19370000.0,investing
2021-03-23,91.02,91.27,84.97,85.4,85.4,32040000.0,investing
2021-03-24,87.06,87.15,82.92,83.0,83.0,24230000.0,investing
2021-03-25,81.14,84.43,80.49,84.09,84.09,23630000.0,investing
2021-03-26,84.16,88.14,84.03,87.99,87.99,23950000.0,investing
2021-03-29,87.75,88.25,85.77,86.59,86.59,21770000.0,investing
2021-03-30,86.26,87.22,85.25,86.54,86.54,13900000.0,investing
2021-03-31,87.44,89.08,86.71,88.21,88.21,25370000.0,investing
2021-04-01,93.0,94.38,91.25,92.41,92.41,39700000.0,investing
2021-04-05,93.93,94.67,92.47,93.75,93.75,19800000.0,investing
2021-04-06,93.84,96.1,92.66,93.49,93.49,22850000.0,investing
2021-04-07,94.25,95.07,92.54,93.96,93.96,17620000.0,investing
2021-04-08,95.0,96.39,93.78,95.29,95.29,17820000.0,investing
2021-04-09,94.34,95.38,93.31,95.3,95.3,14080000.0,investing
2021-04-12,95.19,96.96,94.75,95.59,95.59,18820000.0,investing
2021-04-13,96.29,96.82,91.4,92.15,92.15,27100000.0,investing
2021-04-14,91.66,92.53,89.51,90.67,90.67,19120000.0,investing
2021-04-15,91.75,91.96,89.44,90.27,90.27,16020000.0,investing
2021-04-16,90.44,91.33,90.08,90.66,90.66,12360000.0,investing
2021-04-19,90.67,90.68,86.52,88.41,88.41,21360000.0,investing
2021-04-20,88.38,88.95,86.53,87.48,87.48,17400000.0,investing
2021-04-21,87.06,89.56,86.33,89.49,89.49,14780000.0,investing
2021-04-22,88.2,88.36,83.9,84.71,84.71,34040000.0,investing
2021-04-23,85.24,86.46,84.57,86.03,86.03,18170000.0,investing
2021-04-26,86.47,88.3,86.11,87.84,87.84,14760000.0,investing
2021-04-27,89.33,90.19,88.03,89.46,89.46,17680000.0,investing
2021-04-28,87.66,87.76,85.35,86.03,86.03,19430000.0,investing
2021-04-29,87.72,88.09,85.55,88.06,88.06,16460000.0,investing
2021-04-30,86.93,88.48,85.56,86.07,86.07,14550000.0,investing
2021-05-03,86.97,87.01,83.87,85.02,85.02,16300000.0,investing
2021-05-04,84.14,85.44,82.03,84.41,84.41,17850000.0,investing
2021-05-05,85.49,85.95,84.03,85.15,85.15,13170000.0,investing
2021-05-06,84.86,85.12,83.28,84.8,84.8,13720000.0,investing
2021-05-07,85.91,86.32,84.99,85.98,85.98,12750000.0,investing
2021-05-10,84.95,85.0,80.8,80.85,80.85,24860000.0,investing
2021-05-11,77.27,80.76,76.82,80.68,80.68,23230000.0,investing
2021-05-12,79.14,79.97,76.41,76.8,76.8,23470000.0,investing
2021-05-13,77.97,78.86,76.53,77.19,77.19,20150000.0,investing
2021-05-14,78.79,80.14,77.08,79.7,79.7,18240000.0,investing
2021-05-17,79.1,80.42,77.72,80.39,80.39,15010000.0,investing
2021-05-18,80.55,80.92,78.8,78.88,78.88,20890000.0,investing
2021-05-19,77.21,80.27,76.16,79.93,79.93,27300000.0,investing
2021-05-20,80.5,81.49,79.52,81.13,81.13,17120000.0,investing
2021-05-21,81.77,81.99,80.37,80.72,80.72,13080000.0,investing
2021-05-24,81.42,83.62,81.36,82.9,82.9,15730000.0,investing
2021-05-25,83.57,83.71,79.71,81.23,81.23,26270000.0,investing
2021-05-26,81.58,82.44,81.02,82.24,82.24,12610000.0,investing
2021-05-27,82.46,84.75,82.33,83.93,83.93,22290000.0,investing
2021-05-28,84.22,84.72,83.22,84.14,84.14,11330000.0,investing
2021-06-01,84.92,85.75,83.62,84.15,84.15,11070000.0,investing
2021-06-02,84.39,84.82,83.45,84.34,84.34,10310000.0,investing
2021-06-03,83.68,84.07,81.89,82.03,82.03,14740000.0,investing
2021-06-04,82.97,84.37,82.85,83.76,83.76,12590000.0,investing
2021-06-07,83.19,84.23,82.65,84.04,84.04,9010000.0,investing
2021-06-08,84.97,84.97,80.01,80.53,80.53,29670000.0,investing
2021-06-09,80.17,80.56,78.52,78.66,78.66,21430000.0,investing
2021-06-10,79.4,80.84,78.53,79.28,79.28,22680000.0,investing
2021-06-11,80.07,80.76,79.21,79.34,79.34,12680000.0,investing
2021-06-14,79.5,80.94,79.37,80.49,80.49,14300000.0,investing
2021-06-15,80.64,82.91,79.92,82.18,82.18,22310000.0,investing
2021-06-16,82.73,83.11,80.12,80.49,80.49,18120000.0,investing
2021-06-17,79.7,81.44,79.36,80.64,80.64,16000000.0,investing
2021-06-18,78.9,79.28,76.13,76.95,76.95,39880000.0,investing
2021-06-21,76.85,77.29,75.71,77.07,77.07,19810000.0,investing
2021-06-22,77.61,78.28,77.04,77.66,77.66,16770000.0,investing
2021-06-23,78.1,79.87,78.07,79.02,79.02,16660000.0,investing
2021-06-24,80.43,80.9,79.92,80.58,80.58,15720000.0,investing
2021-06-25,81.57,82.84,81.09,82.03,82.03,19600000.0,investing
2021-06-28,82.63,83.6,82.16,83.38,83.38,18370000.0,investing
2021-06-29,83.54,83.84,81.87,82.93,82.93,18530000.0,investing
2021-06-30,84.85,85.4,83.43,84.98,84.98,40670000.0,investing
2021-07-01,82.24,82.25,79.91,80.11,80.11,53300000.0,investing
2021-07-02,80.61,80.89,78.89,80.33,80.33,22710000.0,investing
2021-07-06,80.79,81.54,79.76,81.08,81.08,21130000.0,investing
2021-07-07,81.69,81.81,77.95,78.22,78.22,23030000.0,investing
2021-07-08,76.25,77.88,75.96,77.11,77.11,23110000.0,investing
2021-07-09,77.41,78.95,76.73,78.74,78.74,15440000.0,investing
2021-07-12,78.75,79.73,77.71,79.56,79.56,12640000.0,investing
2021-07-13,79.28,79.5,78.1,78.45,78.45,14260000.0,investing
2021-07-14,79.35,80.76,78.32,78.49,78.49,15950000.0,investing
2021-07-15,78.34,78.46,76.34,76.92,76.92,16620000.000000002,investing
2021-07-16,77.15,77.61,74.84,75.01,75.01,19130000.0,investing
2021-07-19,73.84,74.68,73.2,74.58,74.58,23440000.0,investing
2021-07-20,74.66,75.92,73.77,75.39,75.39,14860000.0,investing
2021-07-21,75.35,77.24,75.34,77.19,77.19,15950000.0,investing
2021-07-22,76.23,76.25,74.46,75.53,75.53,19040000.0,investing
2021-07-23,75.93,76.04,74.89,75.94,75.94,12350000.0,investing
2021-07-26,75.81,77.48,75.51,76.3,76.3,12020000.0,investing
2021-07-27,74.79,74.79,72.51,74.22,74.22,23940000.0,investing
2021-07-28,74.55,76.01,74.38,75.55,75.55,14350000.0,investing
2021-07-29,76.08,77.12,75.95,77.08,77.08,14530000.0,investing
2021-07-30,76.13,78.11,76.06,77.58,77.58,12530000.0,investing
2021-08-02,79.04,79.49,77.47,77.64,77.64,14900000.0,investing
2021-08-03,78.87,81.07,77.94,80.86,80.86,25810000.0,investing
2021-08-04,80.45,83.09,79.54,81.98,81.98,29180000.0,investing
2021-08-05,82.14,83.07,81.16,81.49,81.49,14820000.0,investing
2021-08-06,81.2,82.88,81.05,82.0,82.0,14610000.0,investing
2021-08-09,81.73,82.04,80.08,80.21,80.21,13360000.0,investing
2021-08-10,79.82,79.82,75.77,75.91,75.91,40710000.0,investing
2021-08-11,76.04,76.05,73.72,75.03,75.03,31620000.0,investing
2021-08-12,72.18,72.2,68.81,70.25,70.25,72530000.0,investing
2021-08-13,70.05,71.24,69.88,70.92,70.92,25300000.0,investing
2021-08-16,70.2,71.76,69.92,70.93,70.93,18140000.0,investing
2021-08-17,70.17,71.45,69.61,70.78,70.78,17550000.0,investing
2021-08-18,71.25,71.88,70.58,70.62,70.62,14000000.0,investing
2021-08-19,70.14,70.82,69.04,70.28,70.28,18020000.0,investing
2021-08-20,70.14,71.03,69.58,70.23,70.23,14600000.0,investing
2021-08-23,70.84,71.88,68.9,71.74,71.74,22260000.0,investing
2021-08-24,72.14,72.69,71.69,71.98,71.98,18090000.0,investing
2021-08-25,72.79,77.03,72.18,74.04,74.04,36550000.0,investing
2021-08-26,73.23,73.24,71.7,72.77,72.77,20320000.0,investing
2021-08-27,72.46,74.15,72.15,74.0,74.0,14990000.0,investing
2021-08-30,74.12,74.75,72.83,73.16,73.16,12810000.0,investing
2021-08-31,73.68,74.62,73.32,73.7,73.7,14810000.0,investing
2021-09-01,74.32,74.32,73.02,73.72,73.72,14010000.0,investing
2021-09-02,73.21,74.01,72.31,73.99,73.99,14820000.0,investing
2021-09-03,74.0,74.72,73.6,73.81,73.81,9230000.0,investing
2021-09-07,73.75,74.49,73.16,73.64,73.64,12030000.0,investing
2021-09-08,73.2,73.24,71.11,72.27,72.27,17380000.0,investing
2021-09-09,71.63,73.27,71.42,72.87,72.87,14640000.0,investing
2021-09-10,73.77,75.63,73.46,73.5,73.5,18240000.0,investing
2021-09-13,74.56,75.22,73.52,74.35,74.35,15800000.0,investing
2021-09-14,73.79,74.12,72.91,73.49,73.49,13950000.0,investing
2021-09-15,72.95,73.93,71.76,73.82,73.82,15260000.0,investing
2021-09-16,73.3,74.96,72.78,74.63,74.63,12870000.0,investing
2021-09-17,74.4,74.5,73.32,74.3,74.3,20450000.0,investing
2021-09-20,72.6,72.76,71.19,72.37,72.37,23230000.0,investing
2021-09-21,72.92,73.13,71.66,72.14,72.14,16030000.000000002,investing
2021-09-22,73.04,74.58,72.64,73.97,73.97,17000000.0,investing
2021-09-23,73.61,74.79,73.25,74.04,74.04,17300000.0,investing
2021-09-24,73.29,74.5,73.07,74.05,74.05,14800000.0,investing
2021-09-27,73.65,75.88,73.51,75.18,75.18,18440000.0,investing
2021-09-28,74.5,74.99,73.06,73.1,73.1,27310000.0,investing
2021-09-29,71.16,73.32,70.22,71.64,71.64,38170000.0,investing
2021-09-30,72.2,72.6,70.86,70.98,70.98,16920000.0,investing
2021-10-01,71.34,71.57,70.1,70.99,70.99,17810000.0,investing
2021-10-04,70.6,71.57,70.36,70.62,70.62,19530000.0,investing
2021-10-05,71.21,71.21,69.61,70.5,70.5,14510000.0,investing
2021-10-06,69.8,70.38,69.03,69.94,69.94,17900000.0,investing
2021-10-07,70.4,71.67,70.12,70.54,70.54,15240000.0,investing
2021-10-08,70.93,70.94,69.7,70.12,70.12,13670000.0,investing
2021-10-11,69.9,70.36,69.18,69.22,69.22,12700000.0,investing
2021-10-12,69.39,69.43,65.67,66.72,66.72,36910000.0,investing
2021-10-13,66.74,67.42,66.23,66.38,66.38,17530000.0,investing
2021-10-14,67.28,68.08,66.81,67.8,67.8,15540000.0,investing
2021-10-15,68.09,68.46,67.48,67.68,67.68,11790000.0,investing
2021-10-18,67.01,67.63,66.29,67.26,67.26,11850000.0,investing
2021-10-19,67.37,67.89,66.64,67.57,67.57,16930000.0,investing
2021-10-20,67.2,69.2,67.01,68.27,68.27,19460000.0,investing
2021-10-21,67.95,68.7,67.67,68.64,68.64,11140000.0,investing
2021-10-22,68.51,69.09,67.08,67.51,67.51,17890000.0,investing
2021-10-25,69.62,71.12,68.54,68.76,68.76,23340000.0,investing
2021-10-26,69.37,69.82,68.47,68.94,68.94,14270000.0,investing
2021-10-27,68.52,68.69,67.45,68.24,68.24,13540000.0,investing
2021-10-28,69.29,70.35,69.18,69.58,69.58,16970000.0,investing
2021-10-29,68.39,69.55,68.04,69.1,69.1,11440000.0,investing
2021-11-01,68.97,70.97,68.94,70.7,70.7,11990000.0,investing
2021-11-02,70.49,70.85,70.04,70.76,70.76,9760000.0,investing
2021-11-03,70.71,71.33,70.26,71.25,71.25,10270000.0,investing
2021-11-04,72.37,72.48,71.04,72.24,72.24,15940000.0,investing
2021-11-05,73.0,73.74,72.36,72.92,72.92,13020000.0,investing
2021-11-08,73.32,75.03,73.12,74.56,74.56,18740000.0,investing
2021-11-09,75.1,76.27,74.56,75.59,75.59,20130000.0,investing
2021-11-10,74.15,75.15,73.2,73.41,73.41,15230000.0,investing
2021-11-11,74.02,74.96,73.62,74.55,74.55,12190000.0,investing
2021-11-12,75.02,78.02,74.95,77.3,77.3,26550000.0,investing
2021-11-15,77.76,78.28,76.6,76.78,76.78,12650000.0,investing
2021-11-16,76.56,77.15,75.78,76.81,76.81,11810000.0,investing
2021-11-17,76.48,76.57,75.19,75.46,75.46,11600000.0,investing
2021-11-18,76.9,77.5,75.75,77.02,77.02,16850000.0,investing
2021-11-19,78.93,83.86,78.93,83.03,83.03,47220000.0,investing
2021-11-22,83.66,87.67,83.66,83.86,83.86,34780000.0,investing
2021-11-23,85.04,87.71,84.33,85.41,85.41,31820000.0,investing
2021-11-24,84.75,87.15,84.61,86.21,86.21,21670000.0,investing
2021-11-26,83.13,84.05,81.98,83.42,83.42,16489999.999999998,investing
2021-11-29,84.38,86.27,84.15,86.14,86.14,18890000.0,investing
2021-11-30,85.58,86.92,83.95,84.0,84.0,27300000.0,investing
2021-12-01,86.55,89.05,85.0,85.15,85.15,31650000.0,investing
2021-12-02,82.63,83.59,81.35,82.88,82.88,22990000.0,investing
2021-12-03,83.71,84.43,80.64,81.62,81.62,19170000.0,investing
2021-12-06,81.83,83.23,80.53,82.45,82.45,15090000.0,investing
2021-12-07,84.42,87.04,84.33,85.83,85.83,21720000.0,investing
2021-12-08,85.43,86.34,84.03,86.02,86.02,12910000.0,investing
2021-12-09,85.3,86.54,84.63,84.93,84.93,11960000.0,investing
2021-12-10,84.34,85.68,84.13,85.54,85.54,11960000.0,investing
2021-12-13,86.61,87.38,84.2,84.35,84.35,13050000.0,investing
2021-12-14,83.22,84.77,82.91,83.29,83.29,12080000.0,investing
2021-12-15,83.48,85.79,82.06,85.66,85.66,13970000.0,investing
2021-12-16,85.88,86.32,82.13,82.69,82.69,16500000.0,investing
2021-12-17,81.62,83.29,80.94,83.0,83.0,23250000.0,investing
2021-12-20,82.14,83.25,80.91,82.03,82.03,22350000.0,investing
2021-12-21,88.99,91.14,87.35,90.68,90.68,58360000.0,investing
2021-12-22,90.0,90.48,88.92,90.34,90.34,18590000.0,investing
2021-12-23,90.7,95.0,90.35,94.42,94.42,36400000.0,investing
2021-12-27,93.72,94.93,92.73,94.43,94.43,17120000.0,investing
2021-12-28,93.75,93.89,92.06,92.94,92.94,13680000.0,investing
2021-12-29,94.0,96.75,93.91,96.17,96.17,32229999.999999996,investing
2021-12-30,94.4,95.5,93.43,93.89,93.89,19330000.0,investing
2021-12-31,94.0,94.42,93.03,93.15,93.15,13660000.0,investing
2022-01-03,93.9,95.83,93.48,95.75,95.75,18720000.0,investing
2022-01-04,95.6,96.59,93.54,96.34,96.34,19730000.0,investing
2022-01-05,95.38,98.45,94.35,94.4,94.4,28610000.0,investing
2022-01-06,95.1,96.71,94.12,95.65,95.65,22320000.0,investing
2022-01-07,96.09,97.19,93.94,94.45,94.45,14860000.0,investing
2022-01-10,94.26,95.67,91.04,93.89,93.89,20290000.0,investing
2022-01-11,92.46,94.27,91.65,94.2,94.2,14920000.0,investing
2022-01-12,95.16,96.23,93.78,95.11,95.11,13340000.0,investing
2022-01-13,96.5,98.11,95.3,95.62,95.62,23680000.0,investing
2022-01-14,94.44,97.43,94.4,97.36,97.36,18380000.0,investing
2022-01-18,95.53,95.95,92.54,92.87,92.87,19920000.0,investing
2022-01-19,93.72,94.78,89.77,90.0,90.0,19040000.0,investing
2022-01-20,90.28,90.33,84.93,85.07,85.07,24700000.0,investing
2022-01-21,84.22,85.14,81.52,81.93,81.93,29720000.0,investing
2022-01-24,80.27,83.04,77.64,82.95,82.95,29770000.0,investing
2022-01-25,80.92,82.42,79.65,80.72,80.72,22130000.0,investing
2022-01-26,83.25,84.79,80.61,81.97,81.97,21020000.0,investing
2022-01-27,83.51,83.69,78.39,78.72,78.72,22690000.0,investing
2022-01-28,77.37,79.28,75.52,79.27,79.27,24430000.0,investing
2022-01-31,78.96,82.31,78.02,82.27,82.27,21900000.0,investing
2022-02-01,82.2,82.39,80.42,81.45,81.45,15240000.0,investing
2022-02-02,82.92,84.7,82.54,84.51,84.51,19860000.0,investing
2022-02-03,82.67,85.18,81.71,81.97,81.97,19600000.0,investing
2022-02-04,81.22,82.19,79.84,81.17,81.17,15660000.0,investing
2022-02-07,81.36,82.04,80.48,80.87,80.87,11800000.0,investing
2022-02-08,81.15,84.4,81.0,84.12,84.12,18320000.0,investing
2022-02-09,84.6,88.78,83.56,88.12,88.12,22390000.0,investing
2022-02-10,89.19,94.64,88.48,91.02,91.02,33820000.0,investing
2022-02-11,91.28,94.58,88.95,89.76,89.76,31000000.0,investing
2022-02-14,91.99,93.17,88.71,89.86,89.86,23500000.0,investing
2022-02-15,91.01,96.5,91.01,96.0,96.0,27080000.0,investing
2022-02-16,94.44,96.49,93.57,96.06,96.06,15570000.0,investing
2022-02-17,95.04,96.0,93.49,93.73,93.73,17940000.0,investing
2022-02-18,94.53,94.68,88.89,90.8,90.8,19530000.0,investing
2022-02-22,89.84,93.97,88.67,90.57,90.57,24830000.0,investing
2022-02-23,91.47,91.87,87.07,87.31,87.31,19140000.0,investing
2022-02-24,84.13,88.94,83.79,88.83,88.83,24470000.0,investing
2022-02-25,87.96,90.48,87.28,90.1,90.1,15010000.0,investing
2022-02-28,88.45,89.75,87.16,88.86,88.86,17270000.0,investing
2022-03-01,88.56,89.84,84.66,86.26,86.26,20790000.0,investing
2022-03-02,87.17,94.07,87.03,93.3,93.3,28400000.0,investing
2022-03-03,91.62,92.19,88.39,89.18,89.18,22100000.0,investing
2022-03-04,87.42,87.42,80.51,81.91,81.91,28220000.0,investing
2022-03-07,81.76,82.97,75.63,75.7,75.7,26720000.0,investing
2022-03-08,76.25,80.25,73.93,77.16,77.16,28340000.0,investing
2022-03-09,79.97,80.49,77.54,79.44,79.44,19650000.0,investing
2022-03-10,77.74,77.74,73.81,75.72,75.72,21690000.0,investing
2022-03-11,76.65,76.7,72.64,72.82,72.82,22790000.0,investing
2022-03-14,71.75,72.48,68.96,69.4,69.4,24890000.0,investing
2022-03-15,70.05,73.53,68.34,73.11,73.11,22850000.0,investing
2022-03-16,76.47,79.71,76.15,79.67,79.67,35740000.0,investing
2022-03-17,78.2,80.58,77.2,80.52,80.52,21610000.0,investing
2022-03-18,79.1,81.2,78.06,79.41,79.41,28600000.0,investing
2022-03-21,78.99,79.89,75.53,78.35,78.35,30880000.0,investing
2022-03-22,77.7,79.73,77.51,79.12,79.12,16770000.0,investing
2022-03-23,77.86,78.22,75.07,75.65,75.65,28060000.0,investing
2022-03-24,75.9,78.54,75.32,78.21,78.21,23350000.0,investing
2022-03-25,78.26,78.3,75.13,78.1,78.1,22490000.0,investing
2022-03-28,78.59,80.18,77.27,79.86,79.86,26610000.0,investing
2022-03-29,82.1,82.55,79.26,82.05,82.05,41290000.0,investing
2022-03-30,84.3,86.24,78.6,79.16,79.16,70090000.0,investing
2022-03-31,77.67,79.96,76.83,77.89,77.89,34590000.0,investing
2022-04-01,78.43,78.91,74.06,76.18,76.18,33540000.0,investing
2022-04-04,76.9,78.18,76.51,77.67,77.67,24320000.0,investing
2022-04-05,76.71,78.02,74.3,74.61,74.61,21170000.0,investing
2022-04-06,73.18,74.89,71.47,73.78,73.78,28080000.0,investing
2022-04-07,73.67,74.68,72.13,73.28,73.28,22660000.0,investing
2022-04-08,72.5,72.85,70.83,72.14,72.14,20560000.0,investing
2022-04-11,70.55,72.91,70.09,72.03,72.03,21130000.0,investing
2022-04-12,72.79,73.59,71.57,71.96,71.96,18660000.0,investing
2022-04-13,72.36,73.75,71.86,72.38,72.38,18890000.0,investing
2022-04-14,72.56,72.81,70.09,70.13,70.13,18540000.0,investing
2022-04-18,70.25,72.1,70.05,71.15,71.15,17480000.0,investing
2022-04-19,70.96,73.41,70.77,72.73,72.73,15140000.0,investing
2022-04-20,73.81,76.23,72.89,73.2,73.2,19040000.0,investing
2022-04-21,73.97,74.49,70.65,70.92,70.92,17650000.0,investing
2022-04-22,70.64,70.98,69.31,69.41,69.41,18680000.0,investing
2022-04-25,68.42,70.17,67.93,70.12,70.12,20070000.0,investing
2022-04-26,68.68,69.16,67.04,67.08,67.08,18630000.0,investing
2022-04-27,66.13,68.48,65.86,66.47,66.47,17120000.0,investing
2022-04-28,67.65,70.81,67.06,70.18,70.18,21060000.0,investing
2022-04-29,69.1,71.33,68.02,68.19,68.19,16840000.0,investing
2022-05-02,68.16,70.74,67.58,70.6,70.6,15340000.0,investing
2022-05-03,70.47,71.96,70.2,71.26,71.26,13540000.0,investing
2022-05-04,71.77,73.9,70.16,73.62,73.62,17200000.0,investing
2022-05-05,72.31,72.56,70.36,71.29,71.29,16600000.000000002,investing
2022-05-06,70.55,71.91,68.89,70.35,70.35,15160000.0,investing
2022-05-09,69.2,71.4,67.48,67.93,67.93,21770000.0,investing
2022-05-10,69.57,70.59,67.61,68.91,68.91,17660000.0,investing
2022-05-11,68.66,70.88,66.82,66.96,66.96,17240000.0,investing
2022-05-12,66.0,68.9,65.87,67.71,67.71,27020000.0,investing
2022-05-13,69.1,72.63,68.02,71.92,71.92,22870000.0,investing
2022-05-16,71.51,72.04,70.32,70.47,70.47,13390000.0,investing
2022-05-17,72.25,74.73,72.15,74.48,74.48,17670000.0,investing
2022-05-18,73.18,74.22,70.09,71.05,71.05,20640000.0,investing
2022-05-19,70.76,71.7,69.05,69.4,69.4,17560000.0,investing
2022-05-20,70.6,70.69,66.11,68.9,68.9,20310000.0,investing
2022-05-23,68.77,70.2,68.52,69.59,69.59,12360000.0,investing
2022-05-24,68.36,68.41,66.01,66.62,66.62,18760000.0,investing
2022-05-25,65.93,68.85,65.9,67.87,67.87,16239999.999999998,investing
2022-05-26,66.39,71.04,66.35,70.6,70.6,14900000.0,investing
2022-05-27,71.76,73.43,71.64,73.32,73.32,13080000.0,investing
2022-05-31,73.47,74.48,71.93,73.84,73.84,15450000.0,investing
2022-06-01,74.5,75.39,72.55,73.55,73.55,13600000.0,investing
2022-06-02,73.13,75.41,73.13,75.37,75.37,11370000.0,investing
2022-06-03,71.69,71.69,69.11,69.94,69.94,30310000.0,investing
2022-06-06,70.74,72.14,70.01,70.45,70.45,13200000.0,investing
2022-06-07,68.65,70.87,68.12,70.76,70.76,14330000.0,investing
2022-06-08,69.84,70.4,67.76,68.6,68.6,16360000.0,investing
2022-06-09,67.94,68.69,66.0,66.02,66.02,15070000.0,investing
2022-06-10,64.84,65.56,62.28,62.62,62.62,26650000.0,investing
2022-06-13,60.02,60.96,58.58,58.84,58.84,24280000.0,investing
2022-06-14,59.36,59.87,57.72,58.7,58.7,17040000.0,investing
2022-06-15,59.33,60.08,57.55,59.12,59.12,19730000.0,investing
2022-06-16,57.0,57.0,54.25,55.01,55.01,22710000.0,investing
2022-06-17,55.9,56.32,53.6,55.75,55.75,24140000.0,investing
2022-06-21,56.81,57.92,56.34,56.8,56.8,15500000.0,investing
2022-06-22,55.96,57.14,55.6,56.34,56.34,13520000.0,investing
2022-06-23,56.61,56.83,54.96,56.22,56.22,13370000.0,investing
2022-06-24,57.15,59.0,57.13,58.44,58.44,15650000.0,investing
2022-06-27,59.58,60.04,58.37,58.78,58.78,16160000.0,investing
2022-06-28,58.98,60.59,57.81,57.86,57.86,19400000.0,investing
2022-06-29,57.23,57.52,55.32,56.02,56.02,17350000.0,investing
2022-06-30,54.99,56.4,54.22,55.28,55.28,29570000.0,investing
2022-07-01,53.29,53.96,51.4,53.65,53.65,43680000.0,investing
2022-07-05,52.17,56.89,52.09,56.73,56.73,33770000.0,investing
2022-07-06,56.85,58.12,56.46,57.37,57.37,23570000.0,investing
2022-07-07,59.1,59.31,57.84,58.85,58.85,22950000.0,investing
2022-07-08,58.22,60.43,58.1,59.14,59.14,19280000.0,investing
2022-07-11,58.11,58.6,57.71,57.81,57.81,13960000.0,investing
2022-07-12,58.42,60.08,58.1,59.18,59.18,21520000.0,investing
2022-07-13,57.38,59.42,57.36,58.86,58.86,13990000.0,investing
2022-07-14,57.94,59.66,57.32,59.35,59.35,14800000.0,investing
2022-07-15,61.48,61.7,59.4,61.53,61.53,20320000.0,investing
2022-07-18,62.09,62.33,60.14,60.45,60.45,13230000.0,investing
2022-07-19,61.47,62.76,61.38,62.4,62.4,19100000.0,investing
2022-07-20,62.22,63.52,61.85,63.3,63.3,15180000.0,investing
2022-07-21,62.6,63.68,61.93,63.64,63.64,12920000.0,investing
2022-07-22,61.28,62.92,61.01,61.29,61.29,22200000.0,investing
2022-07-25,61.35,61.83,59.7,60.15,60.15,14480000.0,investing
2022-07-26,60.31,60.69,59.55,59.66,59.66,11040000.0,investing
2022-07-27,60.49,62.39,59.61,61.89,61.89,14590000.0,investing
2022-07-28,62.25,62.3,60.19,62.07,62.07,10120000.0,investing
2022-07-29,61.35,62.09,60.77,61.86,61.86,14200000.0,investing
2022-08-01,62.5,63.99,62.0,62.54,62.54,13350000.0,investing
2022-08-02,61.75,63.3,60.88,62.47,62.47,11540000.0,investing
2022-08-03,62.5,64.53,62.44,64.25,64.25,12290000.0,investing
2022-08-04,64.12,64.99,63.65,64.85,64.85,11340000.0,investing
2022-08-05,62.86,63.22,61.79,62.46,62.46,15050000.0,investing
2022-08-08,61.99,62.62,60.98,61.45,61.45,11460000.0,investing
2022-08-09,58.99,60.54,57.74,59.15,59.15,33110000.0,investing
2022-08-10,60.0,61.56,59.39,61.4,61.4,17420000.0,investing
2022-08-11,62.0,64.1,62.0,62.32,62.32,18300000.0,investing
2022-08-12,62.66,65.42,62.23,65.04,65.04,16190000.000000002,investing
2022-08-15,64.7,65.12,63.89,64.7,64.7,9690000.0,investing
2022-08-16,64.12,64.56,63.22,63.86,63.86,9280000.0,investing
2022-08-17,62.81,62.81,60.76,61.62,61.62,14730000.0,investing
2022-08-18,61.75,63.42,61.25,62.98,62.98,11300000.0,investing
2022-08-19,61.83,62.25,60.28,60.51,60.51,14050000.0,investing
2022-08-22,59.56,59.61,57.97,58.31,58.31,13100000.0,investing
2022-08-23,58.35,59.29,57.76,57.86,57.86,12770000.0,investing
2022-08-24,57.88,58.56,57.36,58.31,58.31,9960000.0,investing
2022-08-25,58.6,61.27,58.58,61.2,61.2,12170000.0,investing
2022-08-26,61.07,61.22,57.61,57.63,57.63,15750000.0,investing
2022-08-29,57.31,58.0,56.52,57.01,57.01,11610000.0,investing
2022-08-30,57.48,57.8,55.58,56.3,56.3,12740000.0,investing
2022-08-31,55.99,57.15,55.81,56.53,56.53,14170000.0,investing
2022-09-01,55.26,57.4,54.79,57.31,57.31,17590000.0,investing
2022-09-02,58.3,58.8,56.0,56.33,56.33,12810000.0,investing
2022-09-06,56.33,56.69,55.13,55.23,55.23,12130000.0,investing
2022-09-07,55.31,55.72,54.01,55.0,55.0,17030000.0,investing
2022-09-08,54.49,55.92,53.74,55.39,55.39,18420000.0,investing
2022-09-09,56.17,57.68,56.17,57.44,57.44,13930000.0,investing
2022-09-12,57.46,58.14,57.03,57.94,57.94,10710000.0,investing
2022-09-13,55.7,56.24,53.14,53.62,53.62,22360000.0,investing
2022-09-14,53.89,54.23,52.46,53.11,53.11,19980000.0,investing
2022-09-15,52.7,53.45,51.98,52.69,52.69,15620000.0,investing
2022-09-16,51.89,53.01,51.49,52.85,52.85,24900000.0,investing
2022-09-19,51.97,52.77,51.88,52.1,52.1,19250000.0,investing
2022-09-20,51.53,51.59,50.59,50.8,50.8,19370000.0,investing
2022-09-21,49.74,52.51,49.72,50.1,50.1,31120000.0,investing
2022-09-22,49.8,50.37,49.35,49.66,49.66,21320000.0,investing
2022-09-23,49.28,50.15,48.45,50.1,50.1,24590000.0,investing
2022-09-26,49.92,50.46,48.81,48.88,48.88,19270000.0,investing
2022-09-27,49.82,50.65,49.4,50.58,50.58,17300000.0,investing
2022-09-28,50.11,51.19,50.1,51.0,51.0,17780000.0,investing
2022-09-29,50.04,50.3,49.22,50.01,50.01,25580000.0,investing
2022-09-30,50.54,52.06,49.81,50.1,50.1,38920000.0,investing
2022-10-03,51.01,53.08,50.64,51.72,51.72,24630000.0,investing
2022-10-04,53.56,54.81,52.66,53.96,53.96,24280000.0,investing
2022-10-05,52.88,55.2,52.17,54.73,54.73,20420000.0,investing
2022-10-06,54.4,55.11,53.3,54.62,54.62,17150000.0,investing
2022-10-07,53.56,54.65,52.51,52.91,52.91,21980000.0,investing
2022-10-10,53.07,53.13,50.76,51.38,51.38,17230000.0,investing
2022-10-11,50.64,54.78,50.33,53.71,53.71,32810000.000000004,investing
2022-10-12,53.6,53.77,52.39,52.75,52.75,18130000.0,investing
2022-10-13,51.35,55.92,50.74,54.86,54.86,27610000.0,investing
2022-10-14,55.24,55.44,52.6,52.72,52.72,20410000.0,investing
2022-10-17,54.6,54.99,52.85,53.5,53.5,18260000.0,investing
2022-10-18,55.01,55.14,51.66,52.55,52.55,19770000.0,investing
2022-10-19,52.09,53.43,52.06,53.03,53.03,14790000.0,investing
2022-10-20,53.5,55.1,53.17,53.7,53.7,15710000.0,investing
2022-10-21,53.49,56.28,53.33,56.05,56.05,20200000.0,investing
2022-10-24,56.23,56.81,55.07,56.24,56.24,15290000.0,investing
2022-10-25,56.68,57.03,55.34,55.87,55.87,17310000.0,investing
2022-10-26,56.08,57.44,54.96,55.45,55.45,23530000.0,investing
2022-10-27,55.37,56.23,52.12,52.21,52.21,27340000.0,investing
2022-10-28,51.83,54.44,51.46,54.04,54.04,19170000.0,investing
2022-10-31,53.91,54.93,53.17,54.1,54.1,15930000.0,investing
2022-11-01,55.09,55.44,54.11,54.86,54.86,11730000.0,investing
2022-11-02,54.74,56.27,53.42,53.45,53.45,17310000.0,investing
2022-11-03,52.71,54.37,51.91,53.48,53.48,12770000.0,investing
2022-11-04,55.26,56.91,54.81,56.16,56.16,18880000.0,investing
2022-11-07,56.43,56.82,55.46,56.56,56.56,11410000.0,investing
2022-11-08,57.38,57.87,56.48,57.49,57.49,14190000.0,investing
2022-11-09,56.22,56.65,55.51,55.97,55.97,19950000.0,investing
2022-11-10,58.6,60.38,58.06,60.27,60.27,24980000.0,investing
2022-11-11,60.65,63.18,59.88,62.52,62.52,17580000.0,investing
2022-11-14,61.94,62.75,60.99,61.78,61.78,13990000.0,investing
2022-11-15,63.49,64.44,62.42,63.1,63.1,16320000.0,investing
2022-11-16,60.53,61.38,58.12,58.87,58.87,25900000.0,investing
2022-11-17,57.3,58.99,56.51,58.74,58.74,14220000.0,investing
2022-11-18,59.56,59.66,58.1,58.58,58.58,9700000.0,investing
2022-11-21,58.02,58.02,56.82,57.16,57.16,9970000.0,investing
2022-11-22,57.55,58.68,56.98,58.62,58.62,8960000.0,investing
2022-11-23,58.24,59.06,57.75,58.93,58.93,9000000.0,investing
2022-11-25,58.67,59.13,58.39,58.41,58.41,4360000.0,investing
2022-11-28,57.32,57.76,55.47,55.75,55.75,15520000.0,investing
2022-11-29,55.71,56.51,54.77,55.12,55.12,12870000.0,investing
2022-11-30,53.58,57.68,52.61,57.65,57.65,31460000.0,investing
2022-12-01,57.83,57.92,55.1,55.49,55.49,21760000.0,investing
2022-12-02,54.34,55.42,53.38,54.68,54.68,15950000.0,investing
2022-12-05,54.37,55.27,53.69,54.04,54.04,13810000.0,investing
2022-12-06,53.86,54.63,53.24,53.68,53.68,17990000.0,investing
2022-12-07,53.12,54.24,52.44,53.82,53.82,11370000.0,investing
2022-12-08,54.56,55.69,54.05,55.2,55.2,13610000.0,investing
2022-12-09,54.68,55.85,54.52,54.87,54.87,9930000.0,investing
2022-12-12,53.52,55.38,53.33,55.35,55.35,13250000.0,investing
2022-12-13,57.19,57.89,54.65,55.24,55.24,14210000.0,investing
2022-12-14,55.24,56.1,54.06,54.59,54.59,11240000.0,investing
2022-12-15,53.56,53.72,51.85,52.04,52.04,17790000.0,investing
2022-12-16,51.74,52.54,51.62,52.07,52.07,22950000.0,investing
2022-12-19,52.17,52.29,51.1,51.72,51.72,16469999.999999998,investing
2022-12-20,51.34,51.97,50.45,50.68,50.68,16940000.0,investing
2022-12-21,50.92,51.74,50.74,51.19,51.19,20400000.0,investing
2022-12-22,49.5,49.97,48.43,49.43,49.43,40960000.0,investing
2022-12-23,49.0,50.55,48.99,50.2,50.2,17430000.0,investing
2022-12-27,49.61,50.31,48.52,50.02,50.02,15160000.0,investing
2022-12-28,49.84,51.08,48.83,49.12,49.12,12520000.0,investing
2022-12-29,49.4,50.92,49.34,50.65,50.65,13200000.0,investing
2022-12-30,49.44,50.02,49.13,49.98,49.98,11990000.0,investing
2023-01-03,50.56,50.96,49.55,50.37,50.37,12420000.0,investing
2023-01-04,53.05,54.52,52.73,54.2,54.2,25080000.0,investing
2023-01-05,53.89,55.39,53.89,54.71,54.71,18030000.0,investing
2023-01-06,55.43,57.29,54.03,56.77,56.77,21070000.0,investing
2023-01-09,56.82,57.51,55.65,56.36,56.36,15720000.0,investing
2023-01-10,56.16,57.28,55.86,57.21,57.21,10570000.0,investing
2023-01-11,57.35,58.47,56.92,58.06,58.06,12140000.0,investing
2023-01-12,58.11,58.24,56.43,57.27,57.27,14890000.0,investing
2023-01-13,56.73,56.97,56.12,56.93,56.93,12520000.0,investing
2023-01-17,57.16,58.6,56.55,56.85,56.85,10960000.0,investing
2023-01-18,57.51,58.05,56.36,56.51,56.51,10040000.0,investing
2023-01-19,55.71,57.08,55.28,56.36,56.36,12030000.0,investing
2023-01-20,57.47,58.57,56.76,58.46,58.46,13830000.0,investing
2023-01-23,58.92,61.91,58.86,61.82,61.82,20180000.0,investing
2023-01-24,61.2,61.72,60.87,61.26,61.26,10180000.0,investing
2023-01-25,60.67,61.67,60.42,61.54,61.54,10790000.0,investing
2023-01-26,62.58,63.05,61.29,62.8,62.8,12220000.0,investing
2023-01-27,62.14,64.34,61.96,63.87,63.87,15900000.0,investing
2023-01-30,62.76,63.28,61.69,61.71,61.71,16170000.000000002,investing
2023-01-31,59.1,60.34,58.65,60.3,60.3,23860000.0,investing
2023-02-01,60.62,63.23,60.38,62.6,62.6,20900000.0,investing
2023-02-02,63.56,63.92,61.86,63.17,63.17,15880000.0,investing
2023-02-03,62.0,63.79,61.9,62.41,62.41,12190000.0,investing
2023-02-06,60.94,61.18,59.74,59.98,59.98,11480000.0,investing
2023-02-07,60.09,62.38,59.7,62.13,62.13,12710000.0,investing
2023-02-08,61.44,62.33,60.23,60.25,60.25,9510000.0,investing
2023-02-09,61.2,61.82,59.69,60.18,60.18,10090000.0,investing
2023-02-10,60.5,60.76,59.25,59.82,59.82,11430000.0,investing
2023-02-13,59.82,60.28,58.84,60.12,60.12,11470000.0,investing
2023-02-14,59.52,62.31,59.03,62.07,62.07,12500000.0,investing
2023-02-15,61.33,61.94,60.46,61.84,61.84,10460000.0,investing
2023-02-16,60.78,61.35,59.85,60.05,60.05,12680000.0,investing
2023-02-17,59.84,60.18,58.51,59.01,59.01,10870000.0,investing
2023-02-21,58.34,59.71,57.49,57.6,57.6,12670000.0,investing
2023-02-22,57.73,58.57,56.83,56.98,56.98,12260000.0,investing
2023-02-23,59.14,59.75,57.44,58.75,58.75,16090000.0,investing
2023-02-24,57.7,58.37,57.35,58.18,58.18,9870000.0,investing
2023-02-27,59.17,59.56,57.83,57.9,57.9,8510000.0,investing
2023-02-28,57.64,58.74,57.4,57.82,57.82,10490000.0,investing
2023-03-01,57.86,58.55,57.22,57.34,57.34,9140000.0,investing
2023-03-02,55.5,56.69,54.72,56.43,56.43,16629999.999999998,investing
2023-03-03,56.46,56.87,55.44,56.78,56.78,13770000.0,investing
2023-03-06,57.28,58.65,56.54,56.83,56.83,14470000.0,investing
2023-03-07,56.5,56.73,55.31,55.56,55.56,13280000.0,investing
2023-03-08,55.84,56.92,55.35,56.89,56.89,11520000.0,investing
2023-03-09,56.64,57.56,55.54,55.6,55.6,10200000.0,investing
2023-03-10,55.66,56.51,54.53,54.93,54.93,14180000.0,investing
2023-03-13,53.97,54.55,52.76,53.9,53.9,17370000.0,investing
2023-03-14,54.97,55.42,53.7,54.27,54.27,14660000.0,investing
2023-03-15,53.33,54.27,52.88,54.13,54.13,14640000.0,investing
2023-03-16,53.69,56.71,53.61,56.57,56.57,14790000.0,investing
2023-03-17,56.8,57.72,56.22,56.66,56.66,26660000.0,investing
2023-03-20,56.7,57.87,56.08,57.64,57.64,10610000.0,investing
2023-03-21,58.38,59.52,57.6,58.63,58.63,14610000.0,investing
2023-03-22,58.4,60.41,58.09,58.17,58.17,16950000.0,investing
2023-03-23,59.18,61.78,59.13,61.34,61.34,23900000.0,investing
2023-03-24,60.51,61.4,60.5,61.16,61.16,18740000.0,investing
2023-03-27,61.19,61.42,59.17,59.79,59.79,15900000.0,investing
2023-03-28,59.8,59.87,57.81,59.28,59.28,20500000.0,investing
2023-03-29,60.91,64.42,60.87,63.54,63.54,51940000.0,investing
2023-03-30,64.03,64.1,62.48,63.09,63.09,23040000.0,investing
2023-03-31,60.35,61.66,59.9,60.34,60.34,35420000.0,investing
2023-04-03,59.81,59.81,57.87,59.61,59.61,23610000.0,investing
2023-04-04,59.67,60.1,56.95,57.27,57.27,21300000.0,investing
2023-04-05,56.82,57.11,56.01,57.02,57.02,19460000.0,investing
2023-04-06,56.95,59.15,56.8,58.56,58.56,21500000.0,investing
2023-04-10,61.18,63.77,61.0,63.27,63.27,43280000.0,investing
2023-04-11,63.64,64.29,63.04,63.57,63.57,23090000.0,investing
2023-04-12,64.36,64.36,61.84,61.96,61.96,16690000.000000002,investing
2023-04-13,61.51,63.37,60.79,63.0,63.0,23290000.0,investing
2023-04-14,63.18,63.22,61.76,62.63,62.63,14950000.0,investing
2023-04-17,62.22,62.77,61.97,62.54,62.54,11550000.0,investing
2023-04-18,63.33,63.45,61.48,61.93,61.93,12180000.0,investing
2023-04-19,60.98,61.21,60.38,60.65,60.65,11650000.0,investing
2023-04-20,59.88,61.95,59.87,61.46,61.46,14380000.0,investing
2023-04-21,61.15,61.44,60.73,61.13,61.13,9610000.0,investing
2023-04-24,60.1,60.88,59.35,59.51,59.51,13400000.0,investing
2023-04-25,59.13,59.34,58.03,58.14,58.14,15990000.0,investing
2023-04-26,59.58,61.18,59.34,61.02,61.02,25390000.0,investing
2023-04-27,60.75,61.96,60.13,61.9,61.9,13520000.0,investing
2023-04-28,62.43,64.43,62.3,64.36,64.36,18090000.0,investing
2023-05-01,63.89,64.1,62.31,62.35,62.35,12820000.0,investing
2023-05-02,62.23,62.58,61.24,61.9,61.9,12240000.0,investing
2023-05-03,61.49,62.18,60.81,60.91,60.91,10820000.0,investing
2023-05-04,60.55,60.96,59.9,60.51,60.51,13360000.0,investing
2023-05-05,60.61,61.74,60.1,61.23,61.23,12310000.0,investing
2023-05-08,61.25,61.35,60.31,60.87,60.87,11510000.0,investing
2023-05-09,59.88,61.39,59.55,60.93,60.93,11900000.0,investing
2023-05-10,61.92,62.31,59.79,59.99,59.99,14550000.0,investing
2023-05-11,60.59,61.81,60.06,61.61,61.61,15540000.0,investing
2023-05-12,61.99,62.19,60.15,60.92,60.92,12130000.0,investing
2023-05-15,62.23,64.87,61.8,64.64,64.64,22230000.0,investing
2023-05-16,64.55,65.22,63.3,63.73,63.73,15270000.0,investing
2023-05-17,64.58,65.32,63.44,64.92,64.92,15950000.0,investing
2023-05-18,65.98,68.59,65.08,67.57,67.57,30690000.0,investing
2023-05-19,67.57,68.39,66.43,68.17,68.17,16810000.0,investing
2023-05-22,65.75,66.75,64.76,66.23,66.23,37490000.0,investing
2023-05-23,65.85,67.56,65.71,66.01,66.01,15900000.0,investing
2023-05-24,64.95,66.73,64.88,66.53,66.53,15810000.0,investing
2023-05-25,69.75,69.88,67.51,69.61,69.61,29020000.0,investing
2023-05-26,69.88,74.59,69.8,73.93,73.93,33409999.999999996,investing
2023-05-30,74.39,74.77,71.58,71.69,71.69,24450000.0,investing
2023-05-31,68.89,69.85,67.92,68.2,68.2,30400000.0,investing
2023-06-01,68.94,69.79,68.1,69.09,69.09,18150000.0,investing
2023-06-02,69.99,70.54,68.29,69.17,69.17,13470000.0,investing
2023-06-05,69.5,69.5,67.51,67.77,67.77,12440000.0,investing
2023-06-06,67.03,68.84,66.82,67.54,67.54,12480000.0,investing
2023-06-07,68.41,68.67,66.94,67.06,67.06,14610000.0,investing
2023-06-08,66.5,66.52,64.01,65.32,65.32,25860000.0,investing
2023-06-09,65.93,66.4,64.46,65.43,65.43,14650000.0,investing
2023-06-12,65.84,67.54,65.79,67.45,67.45,14740000.0,investing
2023-06-13,68.56,68.88,67.6,67.87,67.87,11910000.0,investing
2023-06-14,67.54,69.21,67.52,69.12,69.12,11090000.0,investing
2023-06-15,68.59,69.52,68.36,68.82,68.82,11840000.0,investing
2023-06-16,70.15,70.5,66.06,67.66,67.66,32259999.999999996,investing
2023-06-20,67.32,67.62,65.77,66.9,66.9,13270000.0,investing
2023-06-21,66.75,67.2,65.34,65.8,65.8,10430000.0,investing
2023-06-22,65.53,66.66,65.51,66.25,66.25,8650000.0,investing
2023-06-23,65.45,65.96,64.84,65.28,65.28,12660000.0,investing
2023-06-26,65.63,66.7,65.41,65.45,65.45,13820000.0,investing
2023-06-27,65.27,66.84,63.79,66.79,66.79,18310000.0,investing
2023-06-28,65.65,67.73,65.39,67.07,67.07,27100000.0,investing
2023-06-29,67.84,67.95,63.55,64.33,64.33,51140000.0,investing
2023-06-30,64.5,65.1,62.9,63.11,63.11,31550000.0,investing
2023-07-03,63.44,64.32,63.26,63.9,63.9,12920000.0,investing
2023-07-05,63.5,63.75,62.02,62.06,62.06,16550000.0,investing
2023-07-06,60.99,61.79,60.5,61.23,61.23,15620000.0,investing
2023-07-07,61.43,61.49,60.63,60.65,60.65,15030000.0,investing
2023-07-10,60.83,62.83,60.58,62.48,62.48,16950000.0,investing
2023-07-11,62.6,63.67,62.31,63.6,63.6,13460000.0,investing
2023-07-12,64.47,64.7,63.13,63.79,63.79,13950000.0,investing
2023-07-13,64.18,64.64,63.55,64.53,64.53,11380000.0,investing
2023-07-14,64.3,65.54,63.68,64.08,64.08,13860000.0,investing
2023-07-17,63.8,65.67,63.34,65.16,65.16,11330000.0,investing
2023-07-18,64.37,65.12,63.75,64.94,64.94,10400000.0,investing
2023-07-19,65.63,65.76,64.8,64.96,64.96,9460000.0,investing
2023-07-20,64.4,65.54,64.25,64.69,64.69,12750000.0,investing
2023-07-21,65.29,66.16,64.34,65.65,65.65,24540000.0,investing
2023-07-24,65.36,66.64,65.22,65.48,65.48,10280000.0,investing
2023-07-25,65.4,66.0,65.08,65.68,65.68,8610000.0,investing
2023-07-26,65.0,67.88,65.0,67.38,67.38,14920000.0,investing
2023-07-27,70.48,72.34,69.96,71.07,71.07,25070000.0,investing
2023-07-28,71.58,72.13,70.65,71.2,71.2,11940000.0,investing
2023-07-31,71.12,71.77,70.87,71.39,71.39,11190000.0,investing
2023-08-01,71.0,71.08,69.89,70.76,70.76,13150000.0,investing
2023-08-02,69.75,69.85,67.34,68.17,68.17,14010000.0,investing
2023-08-03,67.57,69.39,67.16,69.18,69.18,11080000.0,investing
2023-08-04,69.5,70.93,69.13,69.91,69.91,11260000.0,investing
2023-08-07,69.85,70.23,68.83,69.38,69.38,10540000.0,investing
2023-08-08,68.7,68.76,66.96,67.65,67.65,14770000.0,investing
2023-08-09,67.78,67.97,66.62,66.7,66.7,10040000.0,investing
2023-08-10,67.06,67.46,64.93,65.44,65.44,12780000.0,investing
2023-08-11,64.9,65.31,64.07,64.37,64.37,11820000.0,investing
2023-08-14,64.37,68.48,64.2,68.28,68.28,21950000.0,investing
2023-08-15,67.59,67.63,65.32,65.33,65.33,13810000.0,investing
2023-08-16,65.0,65.23,64.09,64.22,64.22,9900000.0,investing
2023-08-17,64.49,64.71,63.4,63.56,63.56,9930000.0,investing
2023-08-18,62.31,63.85,61.75,63.59,63.59,9580000.0,investing
2023-08-21,63.68,64.19,62.86,63.96,63.96,11310000.0,investing
2023-08-22,64.3,65.08,63.28,63.41,63.41,8880000.0,investing
2023-08-23,63.57,65.62,63.17,65.19,65.19,10750000.0,investing
2023-08-24,66.14,66.24,63.37,63.69,63.69,12660000.0,investing
2023-08-25,63.46,64.39,62.63,63.72,63.72,9410000.0,investing
2023-08-28,65.72,66.11,64.66,65.31,65.31,9900000.0,investing
2023-08-29,64.9,67.03,64.87,66.68,66.68,9950000.0,investing
2023-08-30,67.19,68.7,66.52,68.09,68.09,16890000.0,investing
2023-08-31,67.97,70.54,67.97,69.94,69.94,18420000.0,investing
2023-09-01,70.21,70.62,69.55,70.39,70.39,10770000.0,investing
2023-09-05,69.91,71.16,69.53,70.29,70.29,11140000.0,investing
2023-09-06,70.13,70.66,69.64,70.41,70.41,9190000.0,investing
2023-09-07,69.45,70.29,69.1,69.87,69.87,12040000.0,investing
2023-09-08,69.76,70.61,69.61,70.18,70.18,9810000.0,investing
2023-09-11,70.83,70.86,69.31,70.03,70.03,9310000.0,investing
2023-09-12,69.96,71.69,69.79,70.31,70.31,11060000.0,investing
2023-09-13,71.05,71.86,70.36,70.85,70.85,14530000.0,investing
2023-09-14,71.67,72.23,71.28,71.79,71.79,11170000.0,investing
2023-09-15,71.29,71.63,69.64,69.88,69.88,16420000.000000002,investing
2023-09-18,70.65,71.05,69.91,70.5,70.5,12740000.0,investing
2023-09-19,70.62,71.06,69.97,70.71,70.71,10400000.0,investing
2023-09-20,70.95,72.31,69.65,69.68,69.68,15530000.0,investing
2023-09-21,69.0,69.29,67.83,67.9,67.9,14980000.0,investing
2023-09-22,68.59,69.75,67.79,68.88,68.88,15490000.0,investing
2023-09-25,68.29,69.18,67.61,68.58,68.58,14900000.0,investing
2023-09-26,67.97,69.04,67.59,67.94,67.94,12750000.0,investing
2023-09-27,68.12,68.85,66.75,68.21,68.21,20850000.0,investing
2023-09-28,65.97,67.09,63.83,65.2,65.2,46750000.0,investing
2023-09-29,66.36,68.73,66.36,68.03,68.03,24320000.0,investing
2023-10-02,68.24,69.28,67.06,67.96,67.96,14880000.0,investing
2023-10-03,67.17,69.65,67.11,67.83,67.83,12480000.0,investing
2023-10-04,68.31,68.5,67.12,68.11,68.11,12910000.0,investing
2023-10-05,68.61,69.54,68.34,69.05,69.05,14050000.0,investing
2023-10-06,68.71,70.32,68.0,69.96,69.96,15110000.0,investing
2023-10-09,69.61,69.95,68.57,69.48,69.48,8590000.0,investing
2023-10-10,69.49,70.11,68.89,69.07,69.07,9010000.0,investing
2023-10-11,69.72,70.27,68.93,70.21,70.21,11170000.0,investing
2023-10-12,70.39,70.72,69.29,69.75,69.75,11410000.0,investing
2023-10-13,69.87,70.06,69.09,69.21,69.21,10290000.0,investing
2023-10-16,69.01,70.03,68.14,69.08,69.08,11290000.0,investing
2023-10-17,68.07,69.63,67.62,69.0,69.0,11840000.0,investing
2023-10-18,68.01,69.55,67.98,69.14,69.14,11200000.0,investing
2023-10-19,69.68,69.78,67.18,67.53,67.53,18110000.0,investing
2023-10-20,67.56,68.52,67.14,67.22,67.22,11510000.0,investing
2023-10-23,66.82,68.16,66.23,66.88,66.88,9490000.0,investing
2023-10-24,67.29,68.35,67.13,68.07,68.07,8450000.0,investing
2023-10-25,68.49,69.2,65.9,66.5,66.5,11920000.0,investing
2023-10-26,66.45,67.44,63.88,64.53,64.53,16700000.0,investing
2023-10-27,64.92,66.27,64.88,65.65,65.65,9980000.0,investing
2023-10-30,66.36,67.55,65.17,66.07,66.07,10670000.0,investing
2023-10-31,66.08,67.07,65.26,66.87,66.87,8270000.0,investing
2023-11-01,67.0,69.66,67.0,69.4,69.4,16780000.0,investing
2023-11-02,70.32,71.03,69.75,70.44,70.44,11930000.0,investing
2023-11-03,71.3,73.19,71.15,72.58,72.58,14460000.0,investing
2023-11-06,72.58,72.99,72.02,72.92,72.92,10070000.0,investing
2023-11-07,72.48,73.13,71.71,72.8,72.8,8250000.0,investing
2023-11-08,72.62,72.78,71.71,72.28,72.28,9920000.0,investing
2023-11-09,73.55,76.1,73.5,73.57,73.57,22440000.0,investing
2023-11-10,74.44,75.81,73.57,75.36,75.36,12310000.0,investing
2023-11-13,74.15,75.2,73.39,74.78,74.78,9120000.0,investing
2023-11-14,76.0,77.45,75.91,77.17,77.17,12970000.0,investing
2023-11-15,77.5,77.5,76.31,77.14,77.14,9950000.0,investing
2023-11-16,76.89,77.48,76.48,76.67,76.67,12990000.0,investing
2023-11-17,76.6,77.94,76.47,77.56,77.56,9380000.0,investing
2023-11-20,77.34,78.9,77.13,78.62,78.62,11430000.0,investing
2023-11-21,77.85,77.93,76.31,76.71,76.71,12020000.0,investing
2023-11-22,77.2,78.45,76.85,77.1,77.1,8580000.0,investing
2023-11-24,76.68,77.01,76.37,76.87,76.87,4350000.0,investing
2023-11-27,76.87,78.29,76.66,77.51,77.51,11010000.0,investing
2023-11-28,75.08,76.24,73.99,76.12,76.12,19230000.0,investing
2023-11-29,77.45,79.02,76.38,76.69,76.69,14060000.0,investing
2023-11-30,76.82,77.0,74.97,76.12,76.12,21700000.0,investing
2023-12-01,76.01,76.54,75.09,75.93,75.93,14350000.0,investing
2023-12-04,75.42,75.6,73.33,74.29,74.29,11660000.0,investing
2023-12-05,73.47,73.97,73.04,73.69,73.69,8800000.0,investing
2023-12-06,75.3,75.4,72.93,73.13,73.13,8880000.0,investing
2023-12-07,74.02,74.21,72.99,73.65,73.65,10640000.0,investing
2023-12-08,73.48,75.35,73.43,74.96,74.96,12010000.0,investing
2023-12-11,77.19,78.51,76.96,77.79,77.79,18550000.0,investing
2023-12-12,77.42,78.26,77.1,78.16,78.16,10260000.0,investing
2023-12-13,78.3,80.26,78.03,79.79,79.79,11630000.0,investing
2023-12-14,80.81,82.4,80.79,82.19,82.19,17340000.0,investing
2023-12-15,82.89,82.99,81.11,81.41,81.41,19550000.0,investing
2023-12-18,81.59,81.86,80.81,81.56,81.56,12420000.0,investing
2023-12-19,81.67,82.27,81.17,82.17,82.17,14320000.0,investing
2023-12-20,81.46,81.62,78.63,78.69,78.69,29080000.0,investing
2023-12-21,85.0,86.02,83.11,85.48,85.48,53970000.0,investing
2023-12-22,86.15,87.49,85.62,86.49,86.49,22530000.0,investing
2023-12-26,86.69,87.87,86.43,87.06,87.06,11200000.0,investing
2023-12-27,87.48,87.49,86.22,86.66,86.66,9190000.0,investing
2023-12-28,86.75,86.75,85.84,86.0,86.0,9610000.0,investing
2023-12-29,85.84,86.14,85.03,85.34,85.34,8550000.0,investing
2024-01-02,84.0,84.08,81.75,82.34,82.34,13600000.0,investing
2024-01-03,81.2,82.59,80.58,82.26,82.26,12920000.0,investing
2024-01-04,83.47,84.26,82.61,82.71,82.71,19130000.0,investing
2024-01-05,81.48,83.53,81.01,83.45,83.45,15480000.0,investing
2024-01-08,83.89,85.51,83.83,84.95,84.95,16219999.999999998,investing
2024-01-09,83.13,84.19,82.9,83.33,83.33,12140000.0,investing
2024-01-10,82.96,83.02,81.66,82.38,82.38,10750000.0,investing
2024-01-11,82.8,83.45,81.82,83.39,83.39,10580000.0,investing
2024-01-12,82.75,83.04,81.71,82.39,82.39,10190000.0,investing
2024-01-16,82.54,85.21,82.33,84.61,84.61,13710000.0,investing
2024-01-17,83.69,83.97,82.63,83.28,83.28,10250000.0,investing
2024-01-18,85.22,85.82,84.04,84.82,84.82,15080000.0,investing
2024-01-19,86.06,87.79,85.62,87.51,87.51,18160000.0,investing
2024-01-22,88.27,89.95,88.01,89.24,89.24,14370000.0,investing
2024-01-23,89.0,89.18,86.88,87.53,87.53,16850000.0,investing
2024-01-24,88.41,88.57,86.61,88.08,88.08,19750000.0,investing
2024-01-25,89.15,90.04,88.5,89.2,89.2,15890000.0,investing
2024-01-26,87.24,88.5,86.29,88.05,88.05,14930000.0,investing
2024-01-29,88.5,89.57,88.01,89.07,89.07,12110000.0,investing
2024-01-30,88.08,88.79,85.76,86.16,86.16,12980000.0,investing
2024-01-31,84.96,86.92,84.79,85.75,85.75,11400000.0,investing
2024-02-01,86.07,86.19,84.61,85.61,85.61,10460000.0,investing
2024-02-02,85.07,86.61,84.94,86.48,86.48,10450000.0,investing
2024-02-05,86.74,87.22,85.61,86.98,86.98,8410000.0,investing
2024-02-06,86.83,87.19,83.72,84.6,84.6,12990000.0,investing
2024-02-07,84.14,85.28,82.47,85.17,85.17,16370000.000000002,investing
2024-02-08,85.51,86.03,84.53,84.88,84.88,12520000.0,investing
2024-02-09,85.06,85.62,83.96,85.56,85.56,12160000.0,investing
2024-02-12,85.53,86.9,85.39,85.7,85.7,10370000.0,investing
2024-02-13,82.47,83.55,80.76,81.53,81.53,21210000.0,investing
2024-02-14,82.18,83.18,81.49,81.83,81.83,12870000.0,investing
2024-02-15,82.24,82.71,81.51,81.63,81.63,11530000.0,investing
2024-02-16,80.96,81.34,79.25,79.5,79.5,15550000.0,investing
2024-02-20,79.33,80.77,79.15,80.71,80.71,12630000.0,investing
2024-02-21,80.79,81.5,79.94,81.49,81.49,9940000.0,investing
2024-02-22,85.0,86.31,83.88,85.91,85.91,17510000.0,investing
2024-02-23,86.55,86.82,85.05,86.0,86.0,10230000.0,investing
2024-02-26,89.68,92.35,88.9,89.46,89.46,28920000.0,investing
2024-02-27,91.89,92.75,90.49,91.85,91.85,21420000.0,investing
2024-02-28,90.46,90.79,89.3,89.71,89.71,14190000.0,investing
2024-02-29,90.64,90.83,88.82,90.61,90.61,17030000.0,investing
2024-03-01,91.92,96.06,91.92,95.15,95.15,23450000.0,investing
2024-03-04,96.93,97.38,94.62,95.77,95.77,20910000.0,investing
2024-03-05,94.25,95.36,93.28,94.47,94.47,12890000.0,investing
2024-03-06,95.05,96.43,94.56,95.56,95.56,14230000.0,investing
2024-03-07,98.93,99.69,97.47,98.98,98.98,24840000.0,investing
2024-03-08,99.88,101.85,97.32,97.62,97.62,22380000.0,investing
2024-03-11,95.9,96.46,93.53,94.51,94.51,15670000.0,investing
2024-03-12,95.33,97.5,93.64,97.42,97.42,14990000.0,investing
2024-03-13,95.32,95.34,93.1,94.16,94.16,16730000.0,investing
2024-03-14,93.3,93.45,90.3,91.43,91.43,16719999.999999998,investing
2024-03-15,92.48,94.7,92.02,93.25,93.25,29580000.0,investing
2024-03-18,96.82,97.08,93.69,93.78,93.78,23140000.0,investing
2024-03-19,92.58,94.16,91.0,94.0,94.0,21050000.0,investing
2024-03-20,94.99,96.68,93.59,96.25,96.25,39810000.0,investing
2024-03-21,113.36,113.5,108.78,109.85,109.85,89550000.0,investing
2024-03-22,109.31,111.34,107.05,110.21,110.21,37280000.0,investing
2024-03-25,110.24,121.41,110.16,117.13,117.13,55770000.0,investing
2024-03-26,119.0,122.46,118.17,118.8,118.8,44300000.0,investing
2024-03-27,119.3,120.11,117.08,119.25,119.25,29320000.0,investing
2024-03-28,119.44,119.63,117.35,117.89,117.89,21050000.0,investing
2024-04-01,119.19,127.38,119.0,124.3,124.3,44310000.0,investing
2024-04-02,122.71,123.68,120.92,122.75,122.75,25030000.0,investing
2024-04-03,122.2,128.28,121.33,128.01,128.01,40130000.0,investing
2024-04-04,130.18,130.54,123.65,124.09,124.09,36010000.0,investing
2024-04-05,124.4,125.69,121.2,123.58,123.58,23330000.0,investing
2024-04-08,129.05,129.7,122.61,122.95,122.95,27960000.0,investing
2024-04-09,124.89,126.14,121.27,122.63,122.63,19240000.0,investing
2024-04-10,120.0,124.48,119.93,122.2,122.2,22240000.0,investing
2024-04-11,122.9,127.56,122.08,127.51,127.51,21750000.0,investing
2024-04-12,125.25,125.99,121.83,122.52,122.52,24810000.0,investing
2024-04-15,123.63,124.78,120.61,121.37,121.37,17730000.0,investing
2024-04-16,119.53,122.55,118.36,121.77,121.77,17450000.0,investing
2024-04-17,122.02,124.42,116.2,116.33,116.33,25550000.0,investing
2024-04-18,116.0,117.61,111.48,111.93,111.93,32150000.0,investing
2024-04-19,109.66,110.88,105.72,106.77,106.77,33790000.0,investing
2024-04-22,107.6,110.23,106.63,109.12,109.12,19820000.0,investing
2024-04-23,109.71,112.89,108.91,112.46,112.46,17890000.0,investing
2024-04-24,112.72,113.95,109.23,111.78,111.78,20510000.0,investing
2024-04-25,109.37,113.06,108.07,111.58,111.58,18340000.0,investing
2024-04-26,112.0,115.06,111.6,114.84,114.84,20630000.0,investing
2024-04-29,113.81,114.75,112.11,114.36,114.36,14420000.0,investing
2024-04-30,114.18,116.28,112.93,112.96,112.96,14850000.0,investing
2024-05-01,110.52,113.73,108.75,109.7,109.7,16690000.000000002,investing
2024-05-02,111.74,112.41,109.43,112.33,112.33,15440000.0,investing
2024-05-03,115.03,115.48,113.45,114.7,114.7,15560000.0,investing
2024-05-06,119.78,121.37,118.02,120.13,120.13,22540000.0,investing
2024-05-07,120.15,121.41,119.18,119.21,119.21,12510000.0,investing
2024-05-08,118.3,120.47,118.22,119.32,119.32,10870000.0,investing
2024-05-09,119.32,119.63,117.44,117.81,117.81,11520000.0,investing
2024-05-10,120.04,121.85,119.18,121.24,121.24,13920000.0,investing
2024-05-13,122.93,124.11,121.65,123.0,123.0,16640000.0,investing
2024-05-14,122.99,125.04,121.67,124.81,124.81,13890000.0,investing
2024-05-15,126.23,127.95,125.44,127.81,127.81,14270000.0,investing
2024-05-16,127.93,130.13,127.05,127.89,127.89,15870000.0,investing
2024-05-17,128.36,129.03,124.86,125.29,125.29,13770000.0,investing
2024-05-20,127.13,131.02,126.64,129.0,129.0,19120000.0,investing
2024-05-21,124.2,128.82,123.28,127.5,127.5,15720000.0,investing
2024-05-22,127.79,127.87,125.24,126.28,126.28,11190000.0,investing
2024-05-23,131.77,131.95,124.66,126.27,126.27,20750000.0,investing
2024-05-24,127.82,130.4,126.6,129.49,129.49,14050000.0,investing
2024-05-28,131.76,133.3,129.27,132.67,132.67,14140000.0,investing
2024-05-29,130.0,133.1,129.9,131.58,131.58,11240000.0,investing
2024-05-30,130.3,131.67,125.7,126.29,126.29,12670000.0,investing
2024-05-31,126.35,127.32,121.01,125.0,125.0,24150000.0,investing
2024-06-03,128.13,128.84,125.14,128.17,128.17,16129999.999999998,investing
2024-06-04,127.35,127.86,125.42,126.64,126.64,13000000.0,investing
2024-06-05,128.8,133.87,127.65,133.71,133.71,22300000.0,investing
2024-06-06,133.84,134.13,129.18,130.07,130.07,15510000.0,investing
2024-06-07,130.21,132.54,129.62,130.94,130.94,12140000.0,investing
2024-06-10,129.71,135.66,129.71,134.82,134.82,14670000.0,investing
2024-06-11,135.32,135.85,131.78,135.07,135.07,14120000.0,investing
2024-06-12,138.51,141.71,136.83,140.75,140.75,16970000.0,investing
2024-06-13,142.79,144.22,140.26,143.14,143.14,16309999.999999998,investing
2024-06-14,141.8,142.49,139.65,141.36,141.36,14030000.0,investing
2024-06-17,145.58,148.75,142.14,147.83,147.83,23910000.0,investing
2024-06-18,151.74,157.54,151.51,153.45,153.45,42190000.0,investing
2024-06-20,157.01,157.41,142.91,144.19,144.19,41280000.0,investing
2024-06-21,137.65,142.6,135.7,139.54,139.54,51190000.0,investing
2024-06-24,142.44,142.83,137.89,139.01,139.01,32409999.999999996,investing
2024-06-25,140.07,141.13,137.75,141.12,141.12,32369999.999999996,investing
2024-06-26,143.04,144.07,139.54,142.36,142.36,55490000.0,investing
2024-06-27,135.79,137.39,131.08,132.23,132.23,68170000.0,investing
2024-06-28,132.82,135.42,130.75,131.53,131.53,38140000.0,investing
2024-07-01,130.5,132.08,127.27,131.52,131.52,24750000.0,investing
2024-07-02,129.91,132.71,129.42,132.59,132.59,20780000.0,investing
2024-07-03,132.66,136.82,132.43,136.82,136.82,14510000.0,investing
2024-07-05,136.82,137.13,130.91,131.6,131.6,30100000.0,investing
2024-07-08,131.29,133.27,130.09,130.69,130.69,20500000.0,investing
2024-07-09,131.75,135.21,130.88,131.14,131.14,21900000.0,investing
2024-07-10,133.1,136.5,132.7,136.39,136.39,22460000.0,investing
2024-07-11,136.36,136.43,130.07,130.23,130.23,25400000.0,investing
2024-07-12,131.75,134.43,130.72,133.55,133.55,20730000.0,investing
2024-07-15,133.91,135.35,130.03,130.87,130.87,20420000.0,investing
2024-07-16,130.42,130.97,127.24,127.49,127.49,21310000.0,investing
2024-07-17,122.58,123.03,119.23,119.5,119.5,31410000.0,investing
2024-07-18,120.5,121.64,114.09,117.45,117.45,30400000.0,investing
2024-07-19,116.69,117.21,113.85,114.26,114.26,18040000.0,investing
2024-07-22,115.36,115.58,113.64,115.28,115.28,23840000.0,investing
2024-07-23,115.13,116.33,113.83,114.25,114.25,14710000.0,investing
2024-07-24,111.47,114.04,110.0,110.28,110.28,25260000.0,investing
2024-07-25,106.8,110.7,105.04,107.45,107.45,29070000.0,investing
2024-07-26,110.0,110.63,107.78,109.41,109.41,18550000.0,investing
2024-07-29,110.54,111.03,107.14,107.85,107.85,13520000.0,investing
2024-07-30,109.0,109.25,102.17,102.56,102.56,23920000.0,investing
2024-07-31,109.85,111.34,107.75,109.82,109.82,26500000.0,investing
2024-08-01,107.18,107.86,99.95,101.51,101.51,31640000.0,investing
2024-08-02,97.16,97.69,91.07,92.7,92.7,36040000.0,investing
2024-08-05,87.63,92.25,84.91,90.42,90.42,36980000.0,investing
2024-08-06,89.2,90.86,87.15,89.0,89.0,26460000.0,investing
2024-08-07,93.38,93.58,86.58,86.8,86.8,29480000.0,investing
2024-08-08,88.48,92.85,88.03,92.07,92.07,24760000.0,investing
2024-08-09,91.79,94.53,91.45,93.08,93.08,21630000.0,investing
2024-08-12,93.1,96.53,92.63,94.64,94.64,18890000.0,investing
2024-08-13,96.61,97.78,94.91,97.44,97.44,23570000.0,investing
2024-08-14,101.0,101.95,98.07,100.41,100.41,22460000.0,investing
2024-08-15,103.51,108.05,102.75,106.95,106.95,29130000.0,investing
2024-08-16,106.83,109.47,105.35,107.99,107.99,18380000.0,investing
2024-08-19,107.25,108.72,104.76,108.63,108.63,15740000.0,investing
2024-08-20,108.33,109.19,106.16,107.99,107.99,16079999.999999998,investing
2024-08-21,108.16,108.4,106.21,108.33,108.33,13660000.0,investing
2024-08-22,108.95,111.0,103.96,104.26,104.26,17970000.0,investing
2024-08-23,103.04,104.41,100.31,102.85,102.85,25470000.0,investing
2024-08-26,100.67,102.19,97.61,98.91,98.91,26750000.0,investing
2024-08-27,97.09,98.49,96.67,97.86,97.86,17230000.0,investing
2024-08-28,97.36,97.68,92.7,94.86,94.86,25560000.0,investing
2024-08-29,96.56,97.98,94.99,95.57,95.57,18980000.0,investing
2024-08-30,96.92,98.41,94.99,96.24,96.24,18820000.0,investing
2024-09-03,93.63,93.88,88.31,88.58,88.58,28900000.0,investing
2024-09-04,88.36,90.73,87.81,89.29,89.29,16360000.0,investing
2024-09-05,88.1,90.7,87.76,89.39,89.39,13890000.0,investing
2024-09-06,89.37,89.65,85.26,86.38,86.38,23590000.0,investing
2024-09-09,87.85,87.96,85.01,86.27,86.27,20530000.0,investing
2024-09-10,86.97,87.19,84.87,86.85,86.85,17020000.0,investing
2024-09-11,88.2,90.83,86.08,90.65,90.65,20880000.0,investing
2024-09-12,87.1,88.03,84.12,87.21,87.21,30980000.0,investing
2024-09-13,88.09,91.47,87.87,91.22,91.22,21270000.0,investing
2024-09-16,87.24,88.24,85.92,87.18,87.18,26490000.0,investing
2024-09-17,88.06,89.57,87.54,88.73,88.73,17740000.0,investing
2024-09-18,87.99,89.2,86.71,87.35,87.35,20130000.0,investing
2024-09-19,89.35,90.39,87.58,89.25,89.25,25210000.0,investing
2024-09-20,88.4,90.97,88.33,90.9,90.9,28710000.0,investing
2024-09-23,92.68,94.8,92.58,93.57,93.57,23390000.0,investing
2024-09-24,94.73,95.0,92.76,94.0,94.0,23040000.0,investing
2024-09-25,94.16,96.18,93.93,95.77,95.77,54760000.0,investing
2024-09-26,113.1,114.8,107.53,109.88,109.88,107970000.0,investing
2024-09-27,110.5,110.97,107.03,107.5,107.5,42960000.0,investing
2024-09-30,106.08,106.75,102.26,103.71,103.71,39630000.0,investing
2024-10-01,103.4,104.2,98.94,100.31,100.31,34310000.0,investing
2024-10-02,100.59,102.12,99.33,99.85,99.85,26330000.0,investing
2024-10-03,99.47,102.53,99.4,101.82,101.82,22180000.0,investing
2024-10-04,103.65,104.24,101.4,102.25,102.25,21950000.0,investing
2024-10-07,102.16,104.59,100.81,102.91,102.91,21750000.0,investing
2024-10-08,102.18,102.94,101.26,102.54,102.54,18860000.0,investing
2024-10-09,102.25,102.29,100.32,101.7,101.7,18440000.0,investing
2024-10-10,101.37,106.58,100.85,105.69,105.69,27610000.0,investing
2024-10-11,105.04,107.65,104.99,106.92,106.92,19130000.0,investing
2024-10-14,107.81,108.71,106.8,108.34,108.34,15020000.0,investing
2024-10-15,107.86,109.49,102.71,104.32,104.32,23420000.0,investing
2024-10-16,106.02,109.63,105.61,109.24,109.24,20450000.0,investing
2024-10-17,111.34,114.14,111.01,112.05,112.05,26580000.0,investing
2024-10-18,111.75,112.9,109.86,111.15,111.15,16700000.0,investing
2024-10-21,111.1,111.14,107.69,109.08,109.08,14830000.0,investing
2024-10-22,108.24,108.51,106.37,107.82,107.82,13760000.0,investing
2024-10-23,106.56,107.1,103.54,105.05,105.05,15170000.0,investing
2024-10-24,106.78,107.53,105.54,106.85,106.85,13210000.0,investing
2024-10-25,108.34,109.88,107.72,107.91,107.91,12260000.0,investing
2024-10-28,106.78,108.18,106.32,106.39,106.39,12380000.0,investing
2024-10-29,106.58,108.75,105.6,108.18,108.18,15160000.0,investing
2024-10-30,106.26,106.8,103.64,104.08,104.08,14320000.0,investing
2024-10-31,102.2,102.49,99.07,99.65,99.65,19830000.0,investing
2024-11-01,100.0,100.61,99.37,99.73,99.73,13620000.0,investing
2024-11-04,101.5,103.79,101.0,101.73,101.73,15770000.0,investing
2024-11-05,102.0,105.62,101.79,105.49,105.49,12070000.0,investing
2024-11-06,108.38,112.32,107.0,111.83,111.83,20300000.0,investing
2024-11-07,112.56,113.86,111.37,113.41,113.41,13570000.0,investing
2024-11-08,112.14,114.3,110.57,111.9,111.9,13050000.0,investing
2024-11-11,110.94,111.51,106.77,108.65,108.65,14480000.0,investing
2024-11-12,105.0,105.09,102.07,104.1,104.1,21860000.0,investing
2024-11-13,102.8,103.34,99.82,99.92,99.92,18420000.0,investing
2024-11-14,101.29,102.29,98.56,99.18,99.18,18460000.0,investing
2024-11-15,97.55,98.2,95.64,96.34,96.34,18520000.0,investing
2024-11-18,96.54,98.07,95.53,97.51,97.51,14250000.0,investing
2024-11-19,97.0,98.18,96.51,97.73,97.73,14160000.0,investing
2024-11-20,97.97,98.53,96.53,98.37,98.37,10490000.0,investing
2024-11-21,100.1,103.29,98.06,102.76,102.76,18920000.0,investing
2024-11-22,102.36,103.71,101.65,102.64,102.64,12060000.0,investing
2024-11-25,103.85,106.4,103.81,104.48,104.48,22840000.0,investing
2024-11-26,104.0,104.72,100.31,101.8,101.8,19280000.0,investing
2024-11-27,100.94,101.04,96.64,98.2,98.2,17050000.0,investing
2024-11-29,97.24,98.2,96.1,97.95,97.95,13730000.0,investing
2024-12-02,97.6,100.09,97.53,98.55,98.55,16530000.000000002,investing
2024-12-03,101.12,103.68,99.63,99.84,99.84,23480000.0,investing
2024-12-04,100.77,103.41,99.8,103.2,103.2,16309999.999999998,investing
2024-12-05,103.88,104.25,100.61,100.87,100.87,13450000.0,investing
2024-12-06,100.88,102.19,100.03,101.17,101.17,12380000.0,investing
2024-12-09,100.65,104.5,100.37,102.82,102.82,14140000.0,investing
2024-12-10,104.96,105.0,97.27,98.1,98.1,23550000.0,investing
2024-12-11,99.5,102.66,98.3,102.06,102.06,15250000.0,investing
2024-12-12,101.4,101.98,97.76,98.24,98.24,19330000.0,investing
2024-12-13,100.76,103.2,99.67,102.5,102.5,23930000.0,investing
2024-12-16,105.61,111.13,104.54,108.26,108.26,42740000.0,investing
2024-12-17,109.75,110.49,107.68,108.6,108.6,35810000.0,investing
2024-12-18,110.25,112.04,102.73,103.9,103.9,63020000.0,investing
2024-12-19,90.07,91.0,84.61,87.09,87.09,91400000.0,investing
2024-12-20,85.41,90.25,83.54,90.12,90.12,49580000.0,investing
2024-12-23,90.0,91.1,88.4,89.72,89.72,26040000.0,investing
2024-12-24,89.58,89.7,88.23,89.28,89.28,13020000.0,investing
2024-12-26,88.5,90.63,88.1,89.82,89.82,14510000.0,investing
2024-12-27,89.0,89.49,87.58,88.63,88.63,19420000.0,investing
2024-12-30,86.99,87.05,84.58,85.31,85.31,22020000.0,investing
2024-12-31,85.44,86.4,84.09,84.16,84.16,18690000.0,investing
2025-01-02,84.98,87.65,84.74,87.33,87.33,18860000.0,investing
2025-01-03,87.95,90.19,87.51,89.87,89.87,17480000.0,investing
2025-01-06,95.57,101.52,95.48,99.26,99.26,42900000.0,investing
2025-01-07,103.41,106.74,101.16,101.91,101.91,53570000.0,investing
2025-01-08,102.82,103.47,98.3,99.41,99.41,33520000.000000004,investing
2025-01-10,98.11,100.78,96.87,99.34,99.34,20510000.0,investing
2025-01-13,95.84,96.0,92.88,95.06,95.06,22700000.0,investing
2025-01-14,97.05,97.41,95.38,97.36,97.36,18610000.0,investing
2025-01-15,99.44,103.93,99.35,103.19,103.19,27570000.0,investing
2025-01-16,104.32,104.8,101.87,102.6,102.6,16239999.999999998,investing
2025-01-17,104.64,105.88,102.5,105.75,105.75,18910000.0,investing
2025-01-21,105.43,110.24,105.23,109.38,109.38,23530000.0,investing
2025-01-22,109.17,110.67,107.76,109.23,109.23,20000000.0,investing
2025-01-23,104.79,106.18,103.35,104.84,104.84,22680000.0,investing
2025-01-24,105.5,105.72,102.72,103.19,103.19,19740000.0,investing
2025-01-27,94.86,96.1,88.36,91.11,91.11,50700000.0,investing
2025-01-28,92.61,93.45,88.04,88.25,88.25,34790000.0,investing
2025-01-29,89.88,90.45,87.76,89.01,89.01,25340000.0,investing
2025-01-30,90.66,93.16,90.3,92.5,92.5,22500000.0,investing
2025-01-31,91.65,94.27,91.14,91.24,91.24,20540000.0,investing
2025-02-03,88.65,91.4,88.02,89.92,89.92,18610000.0,investing
2025-02-04,89.05,91.45,88.8,90.66,90.66,12830000.0,investing
2025-02-05,90.39,93.65,90.22,93.6,93.6,15680000.0,investing
2025-02-06,94.88,96.61,93.58,94.54,94.54,16140000.0,investing
2025-02-07,95.59,95.93,91.59,92.3,92.3,15600000.0,investing
2025-02-10,93.18,96.26,93.17,95.93,95.93,16219999.999999998,investing
2025-02-11,94.25,95.84,93.56,94.08,94.08,12120000.0,investing
2025-02-12,89.6,92.64,87.35,91.68,91.68,22870000.0,investing
2025-02-13,92.06,96.07,92.02,95.66,95.66,16579999.999999998,investing
2025-02-14,98.41,100.7,98.0,99.52,99.52,21280000.0,investing
2025-02-18,102.64,107.88,102.04,106.79,106.79,29640000.0,investing
2025-02-19,105.75,107.19,103.62,104.36,104.36,17880000.0,investing
2025-02-20,103.98,104.85,102.34,103.18,103.18,14490000.0,investing
2025-02-21,103.64,103.66,97.75,98.84,98.84,18650000.0,investing
2025-02-24,100.21,100.7,95.28,95.41,95.41,14880000.0,investing
2025-02-25,95.5,95.93,92.75,93.22,93.22,18610000.0,investing
2025-02-26,96.0,99.72,95.5,97.71,97.71,21340000.0,investing
2025-02-27,97.84,99.89,91.49,91.82,91.82,22390000.0,investing
2025-02-28,91.0,94.46,89.87,93.63,93.63,23360000.0,investing
2025-03-03,95.81,96.2,89.39,90.54,90.54,20280000.0,investing
2025-03-04,90.2,93.59,86.8,91.2,91.2,23610000.0,investing
2025-03-05,92.15,95.05,90.43,94.34,94.34,14010000.0,investing
2025-03-06,90.93,93.29,89.03,89.27,89.27,18710000.0,investing
2025-03-07,90.29,93.34,89.49,92.96,92.96,19130000.0,investing
2025-03-10,89.59,91.37,85.76,87.08,87.08,21900000.0,investing
2025-03-11,87.9,91.1,86.07,89.05,89.05,21960000.0,investing
2025-03-12,92.47,96.99,92.24,95.64,95.64,23580000.0,investing
2025-03-13,94.25,98.12,94.0,94.88,94.88,18820000.0,investing
2025-03-14,98.75,102.78,98.75,100.79,100.79,24620000.0,investing
2025-03-17,101.06,104.45,100.96,103.11,103.11,17100000.0,investing
2025-03-18,101.9,103.31,100.29,101.72,101.72,18430000.0,investing
2025-03-19,100.82,103.6,100.49,102.06,102.06,16629999.999999998,investing
2025-03-20,101.58,104.69,101.35,103.0,103.0,29200000.0,investing
2025-03-21,98.2,98.5,93.7,94.72,94.72,63240000.0,investing
2025-03-24,96.1,98.42,95.33,96.94,96.94,35410000.0,investing
2025-03-25,96.18,96.38,93.25,94.18,94.18,22190000.0,investing
2025-03-26,96.0,96.64,90.97,92.13,92.13,27220000.0,investing
2025-03-27,91.09,92.21,89.61,91.16,91.16,15660000.0,investing
2025-03-28,90.47,90.89,87.6,88.44,88.44,17120000.0,investing
2025-03-31,86.0,87.09,84.1,86.89,86.89,21090000.0,investing
2025-04-01,88.53,88.89,86.25,88.71,88.71,15340000.0,investing
2025-04-02,87.13,89.93,86.7,88.6,88.6,14520000.0,investing
2025-04-03,82.92,83.35,74.21,74.34,74.34,44840000.0,investing
2025-04-04,70.65,71.34,63.86,64.72,64.72,50740000.0,investing
2025-04-07,63.94,72.46,61.54,68.37,68.37,50180000.0,investing
2025-04-08,71.6,72.97,63.52,65.54,65.54,40820000.0,investing
2025-04-09,66.2,78.56,63.7,77.87,77.87,63130000.0,investing
2025-04-10,72.5,73.05,67.5,70.05,70.05,44880000.0,investing
2025-04-11,69.04,70.17,66.82,69.55,69.55,30810000.0,investing
2025-04-14,74.67,74.78,69.97,71.02,71.02,32630000.000000004,investing
2025-04-15,71.12,72.8,70.55,71.04,71.04,19130000.0,investing
2025-04-16,67.93,70.45,67.17,69.33,69.33,28480000.0,investing
2025-04-17,70.43,70.48,67.0,68.8,68.8,20690000.0,investing
2025-04-21,67.76,68.0,65.64,66.74,66.74,19830000.0,investing
2025-04-22,67.54,70.4,67.44,70.21,70.21,20350000.0,investing
2025-04-23,73.69,75.4,72.5,72.93,72.93,26390000.0,investing
2025-04-24,74.57,77.59,73.6,77.42,77.42,23880000.0,investing
2025-04-25,77.55,80.3,76.9,79.78,79.78,19750000.0,investing
2025-04-28,78.76,79.61,76.92,78.56,78.56,16880000.0,investing
2025-04-29,77.94,78.19,76.47,76.88,76.88,17100000.0,investing
2025-04-30,73.62,77.14,73.5,76.95,76.95,19780000.0,investing
2025-05-01,79.4,79.89,77.64,77.77,77.77,15350000.0,investing
2025-05-02,79.58,81.67,79.1,80.72,80.72,18900000.0,investing
2025-05-05,79.41,81.15,79.05,80.42,80.42,12510000.0,investing
2025-05-06,79.04,81.21,78.54,80.51,80.51,13170000.0,investing
2025-05-07,80.99,82.87,80.2,82.62,82.62,14920000.0,investing
2025-05-08,84.25,86.21,83.36,85.15,85.15,17580000.0,investing
2025-05-09,85.57,86.27,84.68,85.86,85.86,13020000.0,investing
2025-05-12,92.81,94.2,91.95,92.29,92.29,27770000.0,investing
2025-05-13,92.54,97.41,92.54,96.93,96.93,28010000.0,investing
2025-05-14,96.3,97.65,94.32,95.32,95.32,28040000.0,investing
2025-05-15,94.01,95.61,92.17,95.45,95.45,24200000.0,investing
2025-05-16,95.9,98.19,95.7,98.0,98.0,22610000.0,investing
2025-05-19,95.71,99.02,95.7,98.65,98.65,14380000.0,investing
2025-05-20,97.92,98.63,96.97,98.1,98.1,12330000.0,investing
2025-05-21,97.16,98.82,95.26,95.84,95.84,15760000.0,investing
2025-05-22,95.41,97.22,94.37,94.83,94.83,13250000.0,investing
2025-05-23,92.26,93.84,90.93,93.37,93.37,16540000.0,investing
2025-05-27,95.18,96.7,94.19,96.38,96.38,17610000.0,investing
2025-05-28,96.7,97.21,95.6,96.18,96.18,10500000.0,investing
2025-05-29,98.59,99.63,96.11,96.8,96.8,14640000.0,investing
2025-05-30,96.04,96.61,92.22,94.46,94.46,23760000.0,investing
2025-06-02,94.58,99.24,94.4,98.18,98.18,16850000.0,investing
2025-06-03,98.36,102.93,96.96,102.25,102.25,22760000.0,investing
2025-06-04,102.38,103.91,101.7,103.25,103.25,14600000.0,investing
2025-06-05,106.3,109.03,105.53,106.29,106.29,28860000.0,investing
2025-06-06,108.08,111.05,108.04,108.56,108.56,20710000.0,investing
2025-06-09,109.51,112.53,108.58,110.95,110.95,20160000.0,investing
2025-06-10,111.53,114.92,111.23,114.14,114.14,22950000.0,investing
2025-06-11,115.6,117.26,114.73,116.03,116.03,21610000.0,investing
2025-06-12,114.11,116.48,113.52,116.18,116.18,17080000.0,investing
2025-06-13,113.8,117.1,113.66,115.6,115.6,17450000.0,investing
2025-06-16,117.81,120.96,117.32,119.84,119.84,21370000.0,investing
2025-06-17,119.6,123.51,119.35,120.34,120.34,20840000.0,investing
2025-06-18,120.46,122.98,120.18,121.82,121.82,20180000.0,investing
2025-06-20,122.77,124.16,120.38,123.6,123.6,29290000.0,investing
2025-06-23,123.67,124.51,119.81,122.08,122.08,23400000.0,investing
2025-06-24,125.11,128.1,124.96,127.91,127.91,26420000.0,investing
2025-06-25,126.61,127.5,125.62,127.25,127.25,39410000.0,investing
2025-06-26,129.53,129.85,123.79,126.0,126.0,62680000.0,investing
2025-06-27,125.14,127.54,123.39,124.76,124.76,36890000.0,investing
2025-06-30,124.89,125.08,121.85,123.25,123.25,22800000.0,investing
2025-07-01,122.35,123.99,119.08,120.89,120.89,24830000.0,investing
2025-07-02,120.5,123.0,118.06,121.74,121.74,29300000.0,investing
2025-07-03,122.32,123.63,121.83,122.29,122.29,13250000.0,investing
2025-07-07,121.18,121.5,118.91,119.92,119.92,19150000.0,investing
2025-07-08,122.44,125.45,121.95,124.42,124.42,26240000.0,investing
2025-07-09,124.82,126.15,121.28,122.24,122.24,20460000.0,investing
2025-07-10,124.28,124.35,122.02,123.11,123.11,15380000.0,investing
2025-07-11,122.13,124.81,121.24,124.53,124.53,15820000.0,investing
2025-07-14,120.38,120.44,117.02,118.61,118.61,32119999.999999996,investing
2025-07-15,120.94,121.39,119.12,120.11,120.11,24960000.0,investing
2025-07-16,119.03,119.09,114.81,116.43,116.43,30610000.0,investing
2025-07-17,113.93,114.2,110.95,113.26,113.26,34700000.0,investing
2025-07-18,114.24,114.8,113.28,114.39,114.39,19350000.0,investing
2025-07-21,113.58,115.92,112.67,113.23,113.23,22190000.0,investing
2025-07-22,112.86,113.0,108.13,109.22,109.22,27920000.0,investing
2025-07-23,109.44,110.29,108.88,109.83,109.83,17810000.0,investing
2025-07-24,111.06,112.73,110.25,111.73,111.73,20290000.0,investing
2025-07-25,110.99,111.5,108.83,111.26,111.26,16370000.000000002,investing
2025-07-28,111.72,112.0,109.86,111.25,111.25,12930000.0,investing
2025-07-29,112.04,113.54,110.67,111.96,111.96,16649999.999999998,investing
2025-07-30,112.6,114.89,112.41,114.74,114.74,16379999.999999998,investing
2025-07-31,112.19,112.27,106.94,109.14,109.14,29220000.0,investing
2025-08-01,105.49,106.5,103.38,104.88,104.88,24000000.0,investing
2025-08-04,106.01,107.88,105.46,107.77,107.77,14780000.0,investing
2025-08-05,109.3,110.64,106.83,109.06,109.06,17840000.0,investing
2025-08-06,107.9,108.96,106.75,108.78,108.78,13020000.0,investing
2025-08-07,114.14,115.28,110.79,111.87,111.87,18990000.0,investing
2025-08-08,112.17,119.33,111.67,118.89,118.89,28960000.0,investing
2025-08-11,124.97,127.28,121.65,123.72,123.72,35070000.0,investing
2025-08-12,124.7,128.55,123.04,127.75,127.75,25990000.0,investing
2025-08-13,127.58,128.6,123.35,124.27,124.27,18440000.0,investing
2025-08-14,123.2,125.74,121.4,125.29,125.29,12240000.0,investing
2025-08-15,123.17,123.38,119.44,120.87,120.87,18990000.0,investing
2025-08-18,121.35,123.68,120.66,123.55,123.55,12210000.0,investing
2025-08-19,122.94,124.24,121.31,122.05,122.05,11490000.0,investing
2025-08-20,118.7,118.91,113.46,117.21,117.21,25790000.0,investing
2025-08-21,117.0,117.73,115.61,115.79,115.79,13170000.0,investing
2025-08-22,117.65,120.7,116.51,117.68,117.68,17040000.0,investing
2025-08-25,117.68,118.08,116.1,116.42,116.42,8670000.0,investing
2025-08-26,116.09,118.36,115.81,116.5,116.5,12580000.0,investing
2025-08-27,116.85,118.73,116.44,117.75,117.75,15350000.0,investing
2025-08-28,118.88,122.57,118.73,122.0,122.0,17300000.0,investing
2025-08-29,122.6,122.77,118.06,119.01,119.01,16770000.0,investing
2025-09-02,115.86,118.56,114.25,118.48,118.48,13770000.0,investing
2025-09-03,119.36,119.44,117.29,118.72,118.72,14100000.0,investing
2025-09-04,118.85,124.41,118.52,124.21,124.21,18590000.0,investing
2025-09-05,127.77,131.41,125.66,131.37,131.37,28420000.0,investing
2025-09-08,130.55,132.26,128.4,131.46,131.46,19490000.0,investing
2025-09-09,131.76,138.0,131.56,135.24,135.24,20700000.0,investing
2025-09-10,140.02,142.24,138.34,140.0,140.0,25790000.0,investing
2025-09-11,147.72,156.26,147.61,150.57,150.57,52450000.0,investing
2025-09-12,153.55,158.28,153.21,157.23,157.23,32290000.0,investing
2025-09-15,156.96,160.34,156.55,157.77,157.77,20100000.0,investing
2025-09-16,157.98,159.56,157.16,158.82,158.82,16910000.0,investing
2025-09-17,157.4,160.59,155.26,159.99,159.99,18840000.0,investing
2025-09-18,162.99,170.45,162.6,168.89,168.89,28210000.0,investing
2025-09-19,162.75,163.7,159.38,162.73,162.73,37310000.0,investing
2025-09-22,164.38,167.26,161.59,164.62,164.62,25850000.0,investing
2025-09-23,165.68,168.99,165.23,166.41,166.41,43320000.0,investing
2025-09-24,165.08,166.0,158.3,161.71,161.71,57100000.0,investing
2025-09-25,157.39,158.95,154.65,156.83,156.83,32210000.0,investing
2025-09-26,158.52,158.92,155.18,157.27,157.27,24040000.0,investing
2025-09-29,160.0,165.8,159.97,163.9,163.9,26510000.0,investing
2025-09-30,164.1,168.95,163.96,167.32,167.32,20090000.0,investing
2025-10-01,165.6,182.39,165.5,182.15,182.15,41670000.0,investing
2025-10-02,184.96,186.18,181.21,183.75,183.75,25120000.0,investing
2025-10-03,185.21,191.85,184.92,187.83,187.83,29400000.0,investing
2025-10-06,195.01,201.0,189.43,190.96,190.96,36390000.0,investing
2025-10-07,194.85,195.3,183.24,185.69,185.69,27830000.0,investing
2025-10-08,188.99,196.95,188.8,196.54,196.54,26830000.0,investing
2025-10-09,192.96,196.62,189.5,192.33,192.33,19720000.0,investing
2025-10-10,192.96,193.44,179.61,181.6,181.6,26990000.0,investing
2025-10-13,190.79,193.4,187.99,192.77,192.77,20930000.0,investing
2025-10-14,186.96,192.46,186.25,187.06,187.06,15910000.0,investing
2025-10-15,192.48,192.88,187.42,191.94,191.94,17790000.0,investing
2025-10-16,199.96,206.34,195.2,202.53,202.53,42040000.0,investing
2025-10-17,199.28,203.39,195.55,202.38,202.38,23280000.0,investing
2025-10-20,209.65,214.75,205.5,206.77,206.77,23270000.0,investing
2025-10-21,204.3,205.87,200.84,202.29,202.29,13720000.0,investing
2025-10-22,202.25,205.58,192.4,198.47,198.47,21950000.0,investing
2025-10-23,196.7,209.0,195.2,206.71,206.71,19400000.0,investing
2025-10-24,212.39,219.82,209.98,219.02,219.02,25820000.0,investing
2025-10-27,224.81,224.98,215.74,220.1,220.1,23870000.0,investing
2025-10-28,218.93,222.9,217.56,221.91,221.91,14960000.0,investing
2025-10-29,229.05,232.4,226.1,226.63,226.63,23220000.0,investing
2025-10-30,226.1,227.4,220.74,224.01,224.01,14800000.0,investing
2025-10-31,227.75,231.25,218.82,223.77,223.77,16320000.0,investing
2025-11-03,233.88,237.62,231.8,234.7,234.7,21200000.0,investing
2025-11-04,222.14,228.67,217.4,218.03,218.03,23700000.0,investing
2025-11-05,225.66,239.88,224.73,237.5,237.5,28620000.0,investing
2025-11-06,237.84,246.41,234.88,238.33,238.33,32020000.000000004,investing
2025-11-07,234.03,242.55,226.4,237.92,237.92,30610000.0,investing
2025-11-10,247.96,257.07,247.81,253.3,253.3,27870000.0,investing
2025-11-11,248.34,249.99,238.79,241.11,241.11,22620000.0,investing
2025-11-12,244.9,249.19,240.84,244.9,244.9,17260000.0,investing
2025-11-13,243.6,249.5,230.16,236.95,236.95,32320000.0,investing
2025-11-14,231.45,255.17,231.23,246.83,246.83,36170000.0,investing
2025-11-17,246.92,260.58,239.46,241.95,241.95,30300000.0,investing
2025-11-18,235.48,238.93,225.52,228.5,228.5,33840000.0,investing
2025-11-19,226.91,234.35,216.36,225.92,225.92,35260000.0,investing
2025-11-20,230.24,230.6,199.6,201.37,201.37,47420000.0,investing
2025-11-21,204.53,212.0,192.59,207.37,207.37,36680000.0,investing
2025-11-24,213.41,226.11,212.36,223.93,223.93,33049999.999999996,investing
2025-11-25,219.22,226.19,216.0,224.53,224.53,17440000.0,investing
2025-11-26,229.62,233.83,226.0,230.26,230.26,17820000.0,investing
2025-11-28,235.62,238.1,233.47,236.48,236.48,12910000.0,investing
2025-12-01,232.29,242.36,231.5,240.46,240.46,18240000.0,investing
2025-12-02,238.74,244.37,234.33,239.49,239.49,18170000.0,investing
2025-12-03,236.39,237.8,228.09,234.16,234.16,19190000.0,investing
2025-12-04,230.28,234.16,223.33,226.65,226.65,23510000.0,investing
2025-12-05,228.95,240.57,226.68,237.22,237.22,21160000.0,investing
2025-12-08,243.49,249.23,241.61,246.92,246.92,20500000.0,investing
2025-12-09,244.49,255.51,242.83,252.42,252.42,17070000.0,investing
2025-12-10,255.13,264.75,250.58,263.71,263.71,21960000.0,investing
2025-12-11,261.53,262.85,251.55,258.46,258.46,18870000.0,investing
2025-12-12,255.67,255.82,239.32,241.14,241.14,25940000.0,investing
2025-12-15,247.11,250.11,236.0,237.5,237.5,27480000.0,investing
2025-12-16,235.8,239.4,230.58,232.51,232.51,22580000.0,investing
2025-12-17,236.55,237.45,221.69,225.52,225.52,41960000.0,investing
2025-12-18,256.53,263.65,245.0,248.55,248.55,65010000.00000001,investing
2025-12-19,251.75,268.38,251.74,265.92,265.92,62310000.0,investing
2025-12-22,277.15,279.99,268.29,276.59,276.59,30960000.0,investing
2025-12-23,275.92,281.86,272.32,276.27,276.27,20770000.0,investing
2025-12-24,278.0,289.3,277.25,286.68,286.68,18590000.0,investing
2025-12-26,290.83,290.87,283.42,284.79,284.79,17880000.0,investing
2025-12-29,280.33,294.5,278.5,294.37,294.37,26640000.0,investing
2025-12-30,294.7,298.83,292.01,292.63,292.63,23060000.0,investing
2025-12-31,293.17,293.17,284.18,285.41,285.41,17570000.0,investing
2026-01-02,295.13,315.6,294.86,315.42,315.42,42600000.0,investing
2026-01-05,325.13,325.53,309.55,312.15,312.15,34610000.0,investing
2026-01-06,318.28,344.55,318.06,343.43,343.43,48730000.0,investing
2026-01-07,340.71,346.3,337.18,339.55,339.55,32780000.0,investing
2026-01-08,342.9,343.66,321.36,327.02,327.02,33900000.0,investing
2026-01-09,332.74,345.8,326.19,345.09,345.09,33390000.0,investing
2026-01-12,340.55,348.47,339.32,345.87,345.87,23150000.0,investing
2026-01-13,346.27,351.23,335.22,338.13,338.13,23880000.0,investing
2026-01-14,334.84,339.1,328.2,333.35,333.35,20280000.0,investing
2026-01-15,345.33,347.77,336.27,336.63,336.63,25370000.0,investing
2026-01-16,353.1,365.81,352.04,362.75,362.75,47900000.0,investing
2026-01-20,364.68,381.56,361.35,365.0,365.0,49740000.0,investing
2026-01-21,372.85,394.2,366.73,389.11,389.11,56710000.0,investing
2026-01-22,396.64,397.78,376.92,397.58,397.58,39610000.0,investing
2026-01-23,397.16,412.43,390.74,399.65,399.65,35400000.0,investing
2026-01-26,395.5,398.0,384.3,389.09,389.09,29190000.0,investing
2026-01-27,404.61,416.45,399.6,410.24,410.24,36210000.0,investing
2026-01-28,422.43,438.94,417.0,435.28,435.28,42730000.0,investing
2026-01-29,439.37,444.71,417.7,435.79,435.79,42680000.0,investing
2026-01-30,446.46,455.5,407.13,414.88,414.88,51020000.0,investing
2026-02-02,412.18,442.43,410.0,437.8,437.8,37770000.0,investing
2026-02-03,442.16,442.3,407.53,419.44,419.44,42760000.0,investing
2026-02-04,410.59,413.0,363.9,379.4,379.4,58070000.0,investing
2026-02-05,369.62,390.93,366.0,382.89,382.89,38900000.0,investing
2026-02-06,377.96,396.65,372.87,394.69,394.69,37200000.0,investing
2026-02-09,380.69,391.81,370.68,383.5,383.5,31010000.0,investing
2026-02-10,375.99,382.79,366.06,373.25,373.25,35430000.0,investing
2026-02-11,395.39,414.16,386.57,410.34,410.34,48470000.0,investing
2026-02-12,422.25,438.77,411.16,413.97,413.97,45640000.0,investing
2026-02-13,405.19,420.88,392.71,411.66,411.66,33810000.0,investing
2026-02-17,400.95,413.66,395.3,399.78,399.78,28550000.0,investing
2026-02-18,399.5,427.85,394.6,420.95,420.95,32310000.000000004,investing
2026-02-19,415.81,420.32,407.74,417.35,417.35,21650000.0,investing
2026-02-20,415.18,430.57,415.15,428.17,428.17,29890000.0,investing
2026-02-23,422.31,431.7,415.3,420.97,420.97,25430000.0,investing
2026-02-24,429.22,436.27,411.28,418.01,418.01,33390000.0,investing
2026-02-25,426.5,436.89,423.0,429.0,429.0,27300000.0,investing
2026-02-26,424.84,434.0,401.96,415.56,415.56,35430000.0,investing
2026-02-27,401.81,417.96,401.18,412.37,412.37,28650000.0,investing
2026-03-02,401.47,417.61,397.0,412.67,412.67,30050000.0,investing
2026-03-03,386.55,390.09,374.55,379.68,379.68,39010000.0,investing
2026-03-04,393.64,407.88,387.61,400.77,400.77,32640000.0,investing
2026-03-05,398.6,404.53,380.3,397.05,397.05,29960000.0,investing
2026-03-06,380.14,391.18,367.45,370.3,370.3,34460000.0,investing
2026-03-09,363.96,390.0,357.67,389.32,389.32,35550000.0,investing
2026-03-10,394.01,415.31,393.64,403.11,403.11,33750000.0,investing
2026-03-11,410.77,422.75,405.79,418.69,418.69,30190000.0,investing
2026-03-12,409.99,413.73,396.67,405.35,405.35,31720000.0,investing
2026-03-13,413.75,429.35,413.0,426.13,426.13,39260000.0,investing
2026-03-16,446.16,454.86,437.74,441.8,441.8,43070000.0,investing
2026-03-17,452.54,462.73,445.14,461.69,461.69,43020000.0,investing
2026-03-18,464.76,471.34,458.3,461.73,461.73,58970000.0,investing
2026-03-19,424.97,457.22,421.11,444.27,444.27,74590000.0,investing
2026-03-20,443.92,449.1,415.36,422.9,422.9,64220000.0,investing
2026-03-23,426.14,444.27,401.52,404.35,404.35,54810000.0,investing
2026-03-24,401.28,404.98,388.91,395.53,395.53,44980000.0,investing
2026-03-25,383.0,388.92,371.38,382.09,382.09,55330000.0,investing
2026-03-26,370.02,374.25,350.0,355.46,355.46,54520000.0,investing
2026-03-27,359.86,368.7,354.06,357.22,357.22,45810000.0,investing
2026-03-30,362.66,362.81,318.4,321.8,321.8,73830000.0,investing
2026-03-31,321.67,337.84,311.49,337.84,337.84,73550000.0,investing
2026-04-01,348.9,377.89,343.0,367.85,367.85,74430000.0,investing
2026-04-02,341.34,366.94,340.2,366.24,366.24,51500000.0,investing
2026-04-06,373.8,385.08,370.61,377.76,377.76,41410000.0,investing
2026-04-07,374.13,379.25,364.1,377.58,377.58,40220000.0,investing
2026-04-08,415.13,416.0,398.88,406.73,406.73,49220000.0,investing
2026-04-09,407.61,423.94,398.44,421.51,421.51,43100000.0,investing
2026-04-10,420.29,423.86,410.05,420.59,420.59,36380000.0,investing
2026-04-13,416.47,426.88,408.5,426.56,426.56,37020000.0,investing
2026-04-14,434.35,465.78,424.86,465.66,465.66,52530000.0,investing
2026-04-15,457.63,463.95,439.32,456.23,456.23,40370000.0,investing
2026-04-16,452.96,462.34,444.38,457.23,457.23,33630000.0,investing
2026-04-17,466.85,470.97,452.2,455.07,455.07,33409999.999999996,investing
2026-04-20,458.25,464.56,435.9,448.42,448.42,32009999.999999996,investing
2026-04-21,451.32,457.82,441.3,449.38,449.38,27730000.0,investing
2026-04-22,462.93,491.98,458.56,487.48,487.48,46000000.0,investing
2026-04-23,482.28,493.62,471.8,481.72,481.72,38180000.0,investing
2026-04-24,495.92,506.99,489.36,496.72,496.72,35380000.0,investing
2026-04-27,510.56,531.36,510.02,524.56,524.56,41300000.0,investing
2026-04-28,503.54,518.83,488.23,504.29,504.29,44820000.0,investing
2026-04-29,526.0,531.02,508.8,518.46,518.46,36250000.0,investing
2026-04-30,529.74,535.5,502.58,517.16,517.16,36550000.0,investing
2026-05-01,511.78,545.91,510.21,542.21,542.21,40220000.0,investing
2026-05-04,560.6,592.8,557.76,576.45,576.45,46040000.0,investing
2026-05-05,609.78,651.74,605.47,640.2,640.2,64269999.99999999,investing
2026-05-06,660.37,667.67,627.58,666.59,666.59,55730000.0,investing
2026-05-07,649.83,683.09,635.42,646.63,646.63,47530000.0,investing
2026-05-08,676.45,747.21,676.21,746.81,746.81,65129999.99999999,investing
2026-05-11,792.98,818.67,768.0,795.33,795.33,70970000.0,investing
2026-05-12,774.7,782.76,706.6,766.58,766.58,73740000.0,investing
2026-05-13,813.16,814.95,779.47,803.63,803.63,54880000.0,investing
2026-05-14,787.62,812.0,775.63,776.01,776.01,42140000.0,investing
2026-05-15,732.57,749.59,719.0,724.66,724.66,48520000.0,investing
2026-05-18,750.46,757.0,663.25,681.54,681.54,60040000.0,investing
2026-05-19,665.58,725.95,652.21,698.74,698.74,61790000.0,investing
2026-05-20,734.96,735.68,700.66,731.99,731.99,48830000.0,investing
2026-05-21,736.36,764.9,732.2,762.1,762.1,42460000.0,investing
2026-05-22,756.82,780.2,747.2,751.0,751.0,36000000.0,investing
2026-05-26,820.5,916.8,820.29,895.88,895.88,76560000.0,investing
2026-05-27,955.66,956.16,888.15,928.41,928.41,72300000.0,investing
2026-05-28,929.83,949.49,904.78,923.52,923.52,49690000.0,investing
2026-05-29,957.0,981.0,940.51,971.0,971.0,60500000.0,investing
2026-06-01,1009.72,1046.97,1009.5,1035.5,1035.5,46550000.0,investing
2026-06-02,1050.0,1076.56,1017.2,1064.1,1064.1,47560000.0,investing
2026-06-03,1079.01,1089.29,1038.5,1079.57,1079.57,40320000.0,investing
2026-06-04,1007.1,1036.37,971.68,996.0,996.0,54920000.0,investing
2026-06-05,944.4,961.89,864.01,864.01,864.01,77250000.0,investing
2026-06-08,938.27,962.95,916.5,949.28,949.28,54100000.0,investing
2026-06-09,988.17,989.15,854.35,935.89,935.89,73450000.0,investing
2026-06-10,905.13,957.48,883.25,891.88,891.88,55710000.0,investing
2026-06-11,904.37,996.77,895.5,995.87,995.87,59420000.0,investing
2026-06-12,971.81,1012.62,960.19,981.61,981.61,41000000.0,investing
2026-06-15,1055.89,1097.47,1051.5,1087.99,1087.99,44990000.0,investing
2026-06-16,1099.7,1110.4,1020.0,1020.76,1020.76,45500000.0,investing
2026-06-17,1061.3,1093.67,1014.14,1043.19,1043.19,46150000.0,investing
2026-06-18,1108.06,1149.43,1092.79,1133.99,1133.99,64640000.0,investing
2026-06-22,1196.21,1213.56,1168.57,1211.38,1211.38,53140000.0,investing
2026-06-23,1080.0,1125.0,1038.5,1051.77,1051.77,60240000.0,investing
2026-06-24,1082.22,1083.32,991.1,1048.51,1048.51,68940000.0,investing
2026-06-25,1233.0,1255.0,1136.31,1213.56,1213.56,83040000.0,investing
2026-06-26,1139.07,1198.71,1121.36,1132.33,1132.33,86410000.0,investing
2026-06-29,1128.7,1148.79,1023.65,1145.28,1145.28,60690000.0,investing
2026-06-30,1144.73,1168.68,1124.66,1154.29,1154.29,42150000.0,investing
2026-07-01,1082.01,1097.0,1032.2,1032.28,1032.28,51330000.0,investing
2026-07-02,1041.5,1064.64,950.28,975.56,975.56,61840000.0,investing
2026-07-06,1007.0,1019.0,980.85,984.75,984.75,37120000.0,investing
2026-07-07,923.01,942.02,891.66,938.38,938.38,52370000.0,investing
2026-07-08,902.64,959.0,900.41,948.8,948.8,42980000.0,investing
2026-07-09,1016.51,1035.5,987.13,991.64,991.64,41110000.0,investing
2026-07-10,964.97,998.0,954.13,979.3,979.3,31770000.0,investing
2026-07-13,929.0,943.5,902.6,937.0,937.0,35540000.0,investing
2026-07-14,988.38,994.8,950.07,983.12,983.12,30840000.0,investing
2026-07-15,975.8,978.4,873.63,904.28,904.28,54780000.0,investing
2026-07-16,866.77,887.71,840.51,853.2,853.2,46720000.0,investing
2026-07-17,822.53,903.96,804.0,848.95,848.95,63350000.0,investing
2026-07-20,885.57,901.0,858.9,865.46,865.46,37710000.0,investing
2026-07-21,925.35,982.88,916.57,970.82,970.82,49370000.0,investing
2026-07-22,938.25,982.62,936.06,959.48,959.48,31590000.0,investing
2026-07-23,975.13,1011.77,964.4,990.21,990.21,40200000.0,investing
2026-07-24,959.03,967.14,904.0,920.95,920.95,40800000.0,investing
2026-07-27,932.45,935.0,854.79,900.2,900.2,47590000.0,investing
2026-07-28,840.53,846.62,789.42,810.55,810.55,26600000.0,investing
