date,open,high,low,close,adj_close,volume,source
2010-03-15,0.43,0.43,0.42,0.43,0.43,358910000.0,investing
2010-03-16,0.43,0.45,0.43,0.44,0.44,665000000.0,investing
2010-03-17,0.45,0.46,0.45,0.45,0.45,651200000.0,investing
2010-03-18,0.45,0.45,0.43,0.44,0.44,741020000.0,investing
2010-03-19,0.44,0.44,0.43,0.43,0.43,584630000.0,investing
2010-03-22,0.43,0.44,0.43,0.44,0.44,435420000.0,investing
2010-03-23,0.44,0.45,0.44,0.45,0.45,493610000.0,investing
2010-03-24,0.44,0.44,0.43,0.43,0.43,436380000.0,investing
2010-03-25,0.44,0.44,0.43,0.43,0.43,495210000.0,investing
2010-03-26,0.44,0.44,0.43,0.43,0.43,344720000.0,investing
2010-03-29,0.44,0.44,0.43,0.44,0.44,394530000.0,investing
2010-03-30,0.44,0.45,0.43,0.44,0.44,324130000.0,investing
2010-03-31,0.44,0.44,0.43,0.43,0.43,389840000.0,investing
2010-04-01,0.44,0.44,0.43,0.43,0.43,339670000.0,investing
2010-04-05,0.43,0.44,0.43,0.44,0.44,413630000.0,investing
2010-04-06,0.43,0.43,0.42,0.43,0.43,809260000.0,investing
2010-04-07,0.42,0.44,0.42,0.43,0.43,817530000.0,investing
2010-04-08,0.43,0.43,0.42,0.42,0.42,1040000000.0,investing
2010-04-09,0.42,0.43,0.42,0.42,0.42,817600000.0,investing
2010-04-12,0.43,0.43,0.42,0.43,0.43,546500000.0,investing
2010-04-13,0.43,0.44,0.43,0.44,0.44,648690000.0,investing
2010-04-14,0.45,0.45,0.44,0.45,0.45,900720000.0,investing
2010-04-15,0.45,0.45,0.44,0.45,0.45,957770000.0,investing
2010-04-16,0.43,0.43,0.42,0.43,0.43,1920000000.0,investing
2010-04-19,0.42,0.43,0.41,0.42,0.42,1090000000.0,investing
2010-04-20,0.43,0.43,0.42,0.43,0.43,678220000.0,investing
2010-04-21,0.43,0.43,0.41,0.41,0.41,896240000.0,investing
2010-04-22,0.41,0.42,0.4,0.42,0.42,656960000.0,investing
2010-04-23,0.42,0.42,0.4,0.41,0.41,752920000.0,investing
2010-04-26,0.41,0.42,0.41,0.41,0.41,491130000.0,investing
2010-04-27,0.41,0.42,0.4,0.4,0.4,606710000.0,investing
2010-04-28,0.4,0.41,0.4,0.4,0.4,672330000.0,investing
2010-04-29,0.41,0.42,0.4,0.42,0.42,987160000.0,investing
2010-04-30,0.41,0.41,0.39,0.39,0.39,1070000000.0,investing
2010-05-03,0.39,0.4,0.38,0.39,0.39,1080000000.0,investing
2010-05-04,0.38,0.38,0.36,0.37,0.37,1310000000.0,investing
2010-05-05,0.36,0.37,0.36,0.36,0.36,1330000000.0,investing
2010-05-06,0.36,0.37,0.33,0.35,0.35,1000000000.0,investing
2010-05-07,0.36,0.36,0.34,0.35,0.35,1150000000.0,investing
2010-05-10,0.37,0.37,0.36,0.36,0.36,979290000.0,investing
2010-05-11,0.36,0.37,0.36,0.36,0.36,829340000.0,investing
2010-05-12,0.36,0.37,0.36,0.37,0.37,901430000.0,investing
2010-05-13,0.37,0.38,0.36,0.37,0.37,1250000000.0,investing
2010-05-14,0.34,0.34,0.32,0.32,0.32,2490000000.0,investing
2010-05-17,0.32,0.33,0.31,0.32,0.32,856300000.0,investing
2010-05-18,0.33,0.33,0.31,0.31,0.31,674230000.0,investing
2010-05-19,0.31,0.32,0.31,0.32,0.32,826600000.0,investing
2010-05-20,0.31,0.32,0.3,0.31,0.31,1130000000.0,investing
2010-05-21,0.3,0.33,0.3,0.32,0.32,1070000000.0,investing
2010-05-24,0.32,0.32,0.31,0.31,0.31,664870000.0,investing
2010-05-25,0.3,0.32,0.3,0.32,0.32,966770000.0,investing
2010-05-26,0.33,0.34,0.32,0.32,0.32,995010000.0,investing
2010-05-27,0.33,0.34,0.33,0.34,0.34,713580000.0,investing
2010-05-28,0.34,0.34,0.32,0.33,0.33,545190000.0,investing
2010-06-01,0.32,0.33,0.31,0.31,0.31,527580000.00000006,investing
2010-06-02,0.32,0.32,0.31,0.32,0.32,649310000.0,investing
2010-06-03,0.31,0.32,0.31,0.32,0.32,586380000.0,investing
2010-06-04,0.31,0.31,0.3,0.3,0.3,671450000.0,investing
2010-06-07,0.3,0.31,0.29,0.29,0.29,577560000.0,investing
2010-06-08,0.29,0.29,0.27,0.28,0.28,967750000.0,investing
2010-06-09,0.28,0.29,0.27,0.27,0.27,697180000.0,investing
2010-06-10,0.28,0.28,0.28,0.28,0.28,611770000.0,investing
2010-06-11,0.28,0.29,0.28,0.29,0.29,442140000.0,investing
2010-06-14,0.29,0.29,0.28,0.28,0.28,375120000.0,investing
2010-06-15,0.29,0.3,0.29,0.3,0.3,528660000.0,investing
2010-06-16,0.3,0.3,0.29,0.29,0.29,366480000.0,investing
2010-06-17,0.3,0.31,0.29,0.31,0.31,859360000.0,investing
2010-06-18,0.31,0.31,0.3,0.31,0.31,933010000.0,investing
2010-06-21,0.31,0.31,0.3,0.3,0.3,579830000.0,investing
2010-06-22,0.3,0.31,0.29,0.29,0.29,818160000.0,investing
2010-06-23,0.29,0.3,0.28,0.29,0.29,614080000.0,investing
2010-06-24,0.29,0.29,0.28,0.28,0.28,725300000.0,investing
2010-06-25,0.28,0.28,0.27,0.28,0.28,507460000.0,investing
2010-06-28,0.28,0.28,0.27,0.28,0.28,372030000.0,investing
2010-06-29,0.27,0.27,0.26,0.26,0.26,661190000.0,investing
2010-06-30,0.26,0.27,0.26,0.26,0.26,623170000.0,investing
2010-07-01,0.26,0.26,0.25,0.26,0.26,737040000.0,investing
2010-07-02,0.26,0.26,0.25,0.26,0.26,737140000.0,investing
2010-07-06,0.26,0.26,0.25,0.25,0.25,712020000.0,investing
2010-07-07,0.25,0.27,0.25,0.27,0.27,608560000.0,investing
2010-07-08,0.27,0.27,0.25,0.26,0.26,783420000.0,investing
2010-07-09,0.26,0.26,0.26,0.26,0.26,571650000.0,investing
2010-07-12,0.26,0.27,0.26,0.26,0.26,565500000.0,investing
2010-07-13,0.27,0.27,0.27,0.27,0.27,723310000.0,investing
2010-07-14,0.28,0.29,0.27,0.28,0.28,1360000000.0,investing
2010-07-15,0.28,0.28,0.26,0.27,0.27,953090000.0,investing
2010-07-16,0.27,0.27,0.25,0.25,0.25,1290000000.0,investing
2010-07-19,0.25,0.26,0.25,0.26,0.26,798440000.0,investing
2010-07-20,0.25,0.27,0.25,0.27,0.27,1160000000.0,investing
2010-07-21,0.27,0.27,0.26,0.26,0.26,624940000.0,investing
2010-07-22,0.26,0.27,0.26,0.26,0.26,462610000.0,investing
2010-07-23,0.26,0.26,0.26,0.26,0.26,817600000.0,investing
2010-07-26,0.26,0.26,0.25,0.26,0.26,683540000.0,investing
2010-07-27,0.26,0.27,0.26,0.26,0.26,683510000.0,investing
2010-07-28,0.26,0.26,0.25,0.25,0.25,1320000000.0,investing
2010-07-29,0.23,0.24,0.23,0.23,0.23,2660000000.0,investing
2010-07-30,0.23,0.23,0.22,0.23,0.23,984680000.0,investing
2010-08-02,0.23,0.23,0.23,0.23,0.23,917060000.0,investing
2010-08-03,0.23,0.23,0.22,0.22,0.22,955440000.0,investing
2010-08-04,0.23,0.23,0.22,0.23,0.23,855760000.0,investing
2010-08-05,0.23,0.24,0.23,0.24,0.24,800760000.0,investing
2010-08-06,0.23,0.24,0.23,0.24,0.24,740160000.0,investing
2010-08-09,0.24,0.24,0.24,0.24,0.24,466510000.0,investing
2010-08-10,0.24,0.24,0.23,0.23,0.23,772560000.0,investing
2010-08-11,0.23,0.23,0.22,0.22,0.22,796150000.0,investing
2010-08-12,0.22,0.23,0.22,0.22,0.22,1340000000.0,investing
2010-08-13,0.23,0.24,0.23,0.23,0.23,1800000000.0,investing
2010-08-16,0.23,0.24,0.23,0.23,0.23,814230000.0,investing
2010-08-17,0.23,0.24,0.23,0.23,0.23,481480000.0,investing
2010-08-18,0.23,0.23,0.23,0.23,0.23,352920000.0,investing
2010-08-19,0.24,0.25,0.23,0.25,0.25,1620000000.0,investing
2010-08-20,0.25,0.26,0.24,0.25,0.25,1310000000.0,investing
2010-08-23,0.25,0.26,0.24,0.25,0.25,748620000.0,investing
2010-08-24,0.24,0.25,0.24,0.24,0.24,641330000.0,investing
2010-08-25,0.24,0.25,0.24,0.25,0.25,757550000.0,investing
2010-08-26,0.25,0.25,0.24,0.24,0.24,657960000.0,investing
2010-08-27,0.25,0.26,0.24,0.25,0.25,1060000000.0,investing
2010-08-30,0.25,0.25,0.24,0.24,0.24,602840000.0,investing
2010-08-31,0.24,0.24,0.23,0.23,0.23,931840000.0,investing
2010-09-01,0.24,0.24,0.23,0.24,0.24,851460000.0,investing
2010-09-02,0.24,0.24,0.23,0.24,0.24,596320000.0,investing
2010-09-03,0.24,0.25,0.24,0.25,0.25,566620000.0,investing
2010-09-07,0.25,0.26,0.25,0.25,0.25,899820000.0,investing
2010-09-08,0.25,0.26,0.25,0.26,0.26,1220000000.0,investing
2010-09-09,0.26,0.26,0.25,0.25,0.25,697750000.0,investing
2010-09-10,0.26,0.26,0.25,0.25,0.25,609290000.0,investing
2010-09-13,0.26,0.27,0.26,0.27,0.27,1020000000.0,investing
2010-09-14,0.26,0.27,0.26,0.26,0.26,698530000.0,investing
2010-09-15,0.26,0.26,0.26,0.26,0.26,555700000.0,investing
2010-09-16,0.26,0.27,0.26,0.26,0.26,365280000.0,investing
2010-09-17,0.27,0.27,0.26,0.26,0.26,416890000.0,investing
2010-09-20,0.26,0.27,0.26,0.27,0.27,443220000.0,investing
2010-09-21,0.27,0.29,0.27,0.28,0.28,1780000000.0,investing
2010-09-22,0.28,0.29,0.28,0.28,0.28,1000000000.0,investing
2010-09-23,0.29,0.3,0.29,0.29,0.29,1240000000.0,investing
2010-09-24,0.3,0.31,0.29,0.31,0.31,1090000000.0,investing
2010-09-27,0.31,0.31,0.3,0.3,0.3,999540000.0,investing
2010-09-28,0.3,0.3,0.29,0.3,0.3,723400000.0,investing
2010-09-29,0.3,0.31,0.29,0.3,0.3,974960000.0,investing
2010-09-30,0.3,0.3,0.29,0.29,0.29,787690000.0,investing
2010-10-01,0.3,0.3,0.28,0.28,0.28,999380000.0,investing
2010-10-04,0.28,0.29,0.28,0.28,0.28,749500000.0,investing
2010-10-05,0.29,0.29,0.28,0.28,0.28,753950000.0,investing
2010-10-06,0.28,0.28,0.27,0.27,0.27,1060000000.0,investing
2010-10-07,0.27,0.27,0.26,0.27,0.27,761830000.0,investing
2010-10-08,0.27,0.27,0.26,0.27,0.27,707160000.0,investing
2010-10-11,0.27,0.28,0.27,0.27,0.27,443000000.0,investing
2010-10-12,0.27,0.28,0.27,0.28,0.28,605210000.0,investing
2010-10-13,0.28,0.29,0.28,0.28,0.28,968810000.0,investing
2010-10-14,0.28,0.28,0.28,0.28,0.28,599170000.0,investing
2010-10-15,0.28,0.29,0.28,0.28,0.28,640000000.0,investing
2010-10-18,0.28,0.29,0.28,0.28,0.28,448560000.0,investing
2010-10-19,0.28,0.28,0.28,0.28,0.28,866130000.0,investing
2010-10-20,0.28,0.29,0.28,0.28,0.28,763590000.0,investing
2010-10-21,0.28,0.28,0.27,0.28,0.28,1010000000.0,investing
2010-10-22,0.28,0.3,0.28,0.29,0.29,1320000000.0,investing
2010-10-25,0.3,0.3,0.29,0.3,0.3,673380000.0,investing
2010-10-26,0.29,0.3,0.29,0.3,0.3,675290000.0,investing
2010-10-27,0.29,0.3,0.29,0.3,0.3,496850000.0,investing
2010-10-28,0.3,0.31,0.3,0.3,0.3,704820000.0,investing
2010-10-29,0.3,0.3,0.3,0.3,0.3,554910000.0,investing
2010-11-01,0.3,0.31,0.3,0.3,0.3,473930000.0,investing
2010-11-02,0.3,0.31,0.3,0.31,0.31,581040000.0,investing
2010-11-03,0.31,0.31,0.3,0.31,0.31,671790000.0,investing
2010-11-04,0.31,0.32,0.31,0.31,0.31,700010000.0,investing
2010-11-05,0.31,0.32,0.31,0.32,0.32,735200000.0,investing
2010-11-08,0.32,0.32,0.31,0.32,0.32,605160000.0,investing
2010-11-09,0.32,0.32,0.31,0.31,0.31,634300000.0,investing
2010-11-10,0.32,0.32,0.31,0.32,0.32,521150000.0,investing
2010-11-11,0.31,0.32,0.31,0.32,0.32,1090000000.0,investing
2010-11-12,0.33,0.34,0.33,0.33,0.33,2140000000.0,investing
2010-11-15,0.33,0.34,0.33,0.33,0.33,733850000.0,investing
2010-11-16,0.32,0.33,0.32,0.32,0.32,739460000.0,investing
2010-11-17,0.32,0.33,0.31,0.32,0.32,551780000.0,investing
2010-11-18,0.33,0.34,0.33,0.33,0.33,993280000.0,investing
2010-11-19,0.33,0.34,0.33,0.34,0.34,716610000.0,investing
2010-11-22,0.34,0.35,0.34,0.34,0.34,462670000.0,investing
2010-11-23,0.34,0.34,0.33,0.34,0.34,457850000.0,investing
2010-11-24,0.34,0.35,0.34,0.34,0.34,397870000.0,investing
2010-11-26,0.34,0.35,0.34,0.34,0.34,143120000.0,investing
2010-11-29,0.34,0.34,0.34,0.34,0.34,468230000.0,investing
2010-11-30,0.34,0.34,0.33,0.34,0.34,720930000.0,investing
2010-12-01,0.35,0.36,0.35,0.36,0.36,626540000.0,investing
2010-12-02,0.36,0.36,0.35,0.36,0.36,529310000.0,investing
2010-12-03,0.36,0.37,0.36,0.37,0.37,606110000.0,investing
2010-12-06,0.37,0.37,0.36,0.36,0.36,438610000.0,investing
2010-12-07,0.37,0.38,0.37,0.37,0.37,1030000000.0,investing
2010-12-08,0.37,0.38,0.37,0.38,0.38,613450000.0,investing
2010-12-09,0.37,0.37,0.36,0.37,0.37,942480000.0,investing
2010-12-10,0.37,0.38,0.37,0.37,0.37,451900000.0,investing
2010-12-13,0.38,0.38,0.36,0.36,0.36,609130000.0,investing
2010-12-14,0.37,0.38,0.36,0.36,0.36,755270000.0,investing
2010-12-15,0.37,0.37,0.36,0.36,0.36,624190000.0,investing
2010-12-16,0.36,0.36,0.36,0.36,0.36,631930000.0,investing
2010-12-17,0.36,0.36,0.35,0.36,0.36,593460000.0,investing
2010-12-20,0.36,0.36,0.36,0.36,0.36,344130000.0,investing
2010-12-21,0.36,0.37,0.36,0.37,0.37,467000000.0,investing
2010-12-22,0.37,0.38,0.37,0.38,0.38,478050000.0,investing
2010-12-23,0.38,0.38,0.37,0.37,0.37,273780000.0,investing
2010-12-27,0.37,0.38,0.37,0.38,0.38,255620000.0,investing
2010-12-28,0.38,0.38,0.37,0.37,0.37,194260000.0,investing
2010-12-29,0.37,0.38,0.37,0.37,0.37,177670000.0,investing
2010-12-30,0.37,0.38,0.37,0.37,0.37,174490000.0,investing
2010-12-31,0.38,0.39,0.37,0.39,0.39,391300000.0,investing
2011-01-03,0.39,0.4,0.39,0.4,0.4,817510000.0,investing
2011-01-04,0.4,0.4,0.39,0.39,0.39,651420000.0,investing
2011-01-05,0.4,0.42,0.4,0.42,0.42,1430000000.0,investing
2011-01-06,0.44,0.48,0.43,0.48,0.48,3490000000.0,investing
2011-01-07,0.48,0.5,0.47,0.5,0.5,2580000000.0,investing
2011-01-10,0.49,0.52,0.48,0.52,0.52,1750000000.0,investing
2011-01-11,0.52,0.53,0.5,0.51,0.51,2710000000.0,investing
2011-01-12,0.51,0.58,0.51,0.58,0.58,3430000000.0,investing
2011-01-13,0.58,0.6,0.56,0.58,0.58,2700000000.0,investing
2011-01-14,0.57,0.6,0.57,0.59,0.59,1600000000.0,investing
2011-01-18,0.58,0.59,0.56,0.58,0.58,1810000000.0,investing
2011-01-19,0.58,0.59,0.56,0.56,0.56,1200000000.0,investing
2011-01-20,0.55,0.56,0.54,0.56,0.56,1110000000.0,investing
2011-01-21,0.57,0.57,0.55,0.56,0.56,739420000.0,investing
2011-01-24,0.58,0.63,0.57,0.62,0.62,2060000000.0,investing
2011-01-25,0.62,0.62,0.6,0.6,0.6,1090000000.0,investing
2011-01-26,0.61,0.62,0.6,0.61,0.61,1070000000.0,investing
2011-01-27,0.62,0.62,0.6,0.61,0.61,657680000.0,investing
2011-01-28,0.61,0.62,0.58,0.59,0.59,1090000000.0,investing
2011-01-31,0.59,0.61,0.59,0.6,0.6,750160000.0,investing
2011-02-01,0.6,0.62,0.6,0.61,0.61,654300000.0,investing
2011-02-02,0.61,0.65,0.61,0.64,0.64,1610000000.0,investing
2011-02-03,0.64,0.64,0.61,0.63,0.63,1030000000.0,investing
2011-02-04,0.64,0.65,0.63,0.64,0.64,872900000.0,investing
2011-02-07,0.63,0.64,0.61,0.62,0.62,934240000.0,investing
2011-02-08,0.62,0.62,0.59,0.6,0.6,1080000000.0,investing
2011-02-09,0.6,0.6,0.57,0.58,0.58,1280000000.0,investing
2011-02-10,0.57,0.58,0.56,0.57,0.57,1040000000.0,investing
2011-02-11,0.57,0.61,0.56,0.59,0.59,1360000000.0,investing
2011-02-14,0.59,0.61,0.58,0.58,0.58,1290000000.0,investing
2011-02-15,0.58,0.58,0.56,0.56,0.56,886980000.0,investing
2011-02-16,0.57,0.59,0.57,0.58,0.58,1320000000.0,investing
2011-02-17,0.57,0.65,0.57,0.64,0.64,3470000000.0,investing
2011-02-18,0.64,0.65,0.63,0.64,0.64,1390000000.0,investing
2011-02-22,0.62,0.62,0.58,0.58,0.58,1400000000.0,investing
2011-02-23,0.58,0.59,0.54,0.55,0.55,1490000000.0,investing
2011-02-24,0.56,0.58,0.55,0.57,0.57,1250000000.0,investing
2011-02-25,0.58,0.59,0.57,0.58,0.58,775850000.0,investing
2011-02-28,0.59,0.59,0.55,0.57,0.57,903870000.0,investing
2011-03-01,0.57,0.57,0.54,0.54,0.54,988440000.0,investing
2011-03-02,0.54,0.55,0.51,0.52,0.52,1720000000.0,investing
2011-03-03,0.53,0.53,0.51,0.52,0.52,1590000000.0,investing
2011-03-04,0.52,0.53,0.51,0.52,0.52,959870000.0,investing
2011-03-07,0.52,0.52,0.5,0.51,0.51,1020000000.0,investing
2011-03-08,0.52,0.52,0.48,0.49,0.49,1950000000.0,investing
2011-03-09,0.49,0.49,0.47,0.48,0.48,1320000000.0,investing
2011-03-10,0.47,0.47,0.45,0.45,0.45,1720000000.0,investing
2011-03-11,0.45,0.46,0.44,0.45,0.45,1490000000.0,investing
2011-03-14,0.45,0.47,0.45,0.46,0.46,1000000000.0,investing
2011-03-15,0.43,0.45,0.43,0.44,0.44,1260000000.0,investing
2011-03-16,0.44,0.46,0.43,0.44,0.44,1480000000.0,investing
2011-03-17,0.45,0.45,0.43,0.45,0.45,1240000000.0,investing
2011-03-18,0.45,0.46,0.44,0.44,0.44,886960000.0,investing
2011-03-21,0.45,0.45,0.44,0.44,0.44,752070000.0,investing
2011-03-22,0.44,0.45,0.43,0.44,0.44,718740000.0,investing
2011-03-23,0.44,0.45,0.43,0.45,0.45,782640000.0,investing
2011-03-24,0.45,0.49,0.45,0.48,0.48,1780000000.0,investing
2011-03-25,0.48,0.49,0.47,0.47,0.47,1200000000.0,investing
2011-03-28,0.48,0.49,0.47,0.48,0.48,1200000000.0,investing
2011-03-29,0.48,0.48,0.47,0.48,0.48,716020000.0,investing
2011-03-30,0.48,0.48,0.46,0.46,0.46,1180000000.0,investing
2011-03-31,0.46,0.47,0.45,0.46,0.46,655340000.0,investing
2011-04-01,0.47,0.47,0.45,0.46,0.46,850070000.0,investing
2011-04-04,0.46,0.46,0.44,0.44,0.44,924320000.0,investing
2011-04-05,0.45,0.45,0.44,0.44,0.44,821200000.0,investing
2011-04-06,0.44,0.44,0.43,0.44,0.44,857200000.0,investing
2011-04-07,0.44,0.46,0.44,0.45,0.45,1020000000.0,investing
2011-04-08,0.46,0.46,0.44,0.44,0.44,746820000.0,investing
2011-04-11,0.44,0.44,0.43,0.43,0.43,546210000.0,investing
2011-04-12,0.43,0.44,0.42,0.43,0.43,841240000.0,investing
2011-04-13,0.44,0.45,0.43,0.44,0.44,749590000.0,investing
2011-04-14,0.44,0.46,0.44,0.46,0.46,1250000000.0,investing
2011-04-15,0.46,0.47,0.46,0.47,0.47,969720000.0,investing
2011-04-18,0.46,0.46,0.45,0.45,0.45,743580000.0,investing
2011-04-19,0.45,0.45,0.44,0.45,0.45,659860000.0,investing
2011-04-20,0.47,0.47,0.46,0.46,0.46,650520000.0,investing
2011-04-21,0.47,0.47,0.46,0.46,0.46,421380000.0,investing
2011-04-25,0.47,0.48,0.46,0.47,0.47,619730000.0,investing
2011-04-26,0.47,0.49,0.47,0.48,0.48,676750000.0,investing
2011-04-27,0.48,0.48,0.47,0.48,0.48,450210000.0,investing
2011-04-28,0.48,0.5,0.48,0.49,0.49,685480000.0,investing
2011-04-29,0.49,0.51,0.49,0.5,0.5,835870000.0,investing
2011-05-02,0.51,0.51,0.49,0.49,0.49,613960000.0,investing
2011-05-03,0.49,0.49,0.46,0.47,0.47,809560000.0,investing
2011-05-04,0.47,0.48,0.46,0.47,0.47,639380000.0,investing
2011-05-05,0.46,0.47,0.46,0.47,0.47,543070000.0,investing
2011-05-06,0.48,0.49,0.47,0.48,0.48,841150000.0,investing
2011-05-09,0.48,0.5,0.48,0.49,0.49,706430000.0,investing
2011-05-10,0.5,0.5,0.49,0.49,0.49,690980000.0,investing
2011-05-11,0.5,0.5,0.49,0.5,0.5,617690000.0,investing
2011-05-12,0.49,0.51,0.49,0.51,0.51,1220000000.0,investing
2011-05-13,0.48,0.48,0.45,0.46,0.46,2030000000.0,investing
2011-05-16,0.46,0.46,0.44,0.44,0.44,728830000.0,investing
2011-05-17,0.44,0.44,0.43,0.44,0.44,1420000000.0,investing
2011-05-18,0.44,0.45,0.44,0.45,0.45,659030000.0,investing
2011-05-19,0.45,0.45,0.44,0.44,0.44,651280000.0,investing
2011-05-20,0.44,0.45,0.44,0.45,0.45,575940000.0,investing
2011-05-23,0.45,0.46,0.44,0.45,0.45,587280000.0,investing
2011-05-24,0.45,0.47,0.45,0.45,0.45,720700000.0,investing
2011-05-25,0.45,0.46,0.45,0.46,0.46,545310000.0,investing
2011-05-26,0.46,0.47,0.46,0.47,0.47,706560000.0,investing
2011-05-27,0.47,0.49,0.47,0.49,0.49,659030000.0,investing
2011-05-31,0.5,0.5,0.48,0.5,0.5,1200000000.0,investing
2011-06-01,0.5,0.5,0.48,0.48,0.48,762430000.0,investing
2011-06-02,0.48,0.48,0.47,0.48,0.48,607810000.0,investing
2011-06-03,0.47,0.47,0.46,0.46,0.46,549400000.0,investing
2011-06-06,0.46,0.47,0.45,0.45,0.45,436180000.0,investing
2011-06-07,0.46,0.46,0.45,0.45,0.45,434060000.0,investing
2011-06-08,0.45,0.45,0.44,0.44,0.44,569280000.0,investing
2011-06-09,0.44,0.44,0.42,0.43,0.43,741670000.0,investing
2011-06-10,0.43,0.44,0.42,0.43,0.43,493580000.0,investing
2011-06-13,0.43,0.43,0.42,0.42,0.42,574770000.0,investing
2011-06-14,0.43,0.44,0.43,0.43,0.43,534740000.0,investing
2011-06-15,0.42,0.43,0.41,0.42,0.42,936000000.0,investing
2011-06-16,0.42,0.43,0.4,0.4,0.4,1020000000.0,investing
2011-06-17,0.41,0.41,0.38,0.4,0.4,1470000000.0,investing
2011-06-20,0.39,0.4,0.39,0.39,0.39,745960000.0,investing
2011-06-21,0.39,0.4,0.39,0.4,0.4,704300000.0,investing
2011-06-22,0.4,0.4,0.39,0.39,0.39,651720000.0,investing
2011-06-23,0.39,0.41,0.39,0.41,0.41,744190000.0,investing
2011-06-24,0.4,0.41,0.39,0.39,0.39,529190000.00000006,investing
2011-06-27,0.39,0.4,0.37,0.39,0.39,1140000000.0,investing
2011-06-28,0.39,0.39,0.38,0.39,0.39,692220000.0,investing
2011-06-29,0.39,0.4,0.38,0.39,0.39,960570000.0,investing
2011-06-30,0.39,0.4,0.39,0.4,0.4,652340000.0,investing
2011-07-01,0.4,0.41,0.39,0.4,0.4,540800000.0,investing
2011-07-05,0.4,0.41,0.39,0.4,0.4,535380000.0,investing
2011-07-06,0.4,0.4,0.39,0.39,0.39,529610000.0,investing
2011-07-07,0.39,0.4,0.39,0.39,0.39,986130000.0,investing
2011-07-08,0.39,0.39,0.38,0.39,0.39,619530000.0,investing
2011-07-11,0.38,0.38,0.37,0.37,0.37,714510000.0,investing
2011-07-12,0.37,0.37,0.36,0.37,0.37,867640000.0,investing
2011-07-13,0.37,0.37,0.36,0.37,0.37,634370000.0,investing
2011-07-14,0.37,0.37,0.35,0.35,0.35,1090000000.0,investing
2011-07-15,0.35,0.36,0.35,0.35,0.35,827790000.0,investing
2011-07-18,0.35,0.35,0.34,0.34,0.34,818220000.0,investing
2011-07-19,0.35,0.36,0.35,0.36,0.36,602230000.0,investing
2011-07-20,0.36,0.36,0.35,0.35,0.35,663290000.0,investing
2011-07-21,0.35,0.37,0.35,0.37,0.37,1140000000.0,investing
2011-07-22,0.37,0.38,0.37,0.38,0.38,737190000.0,investing
2011-07-25,0.37,0.37,0.36,0.37,0.37,566930000.0,investing
2011-07-26,0.36,0.37,0.35,0.36,0.36,698370000.0,investing
2011-07-27,0.35,0.36,0.35,0.35,0.35,652460000.0,investing
2011-07-28,0.35,0.35,0.34,0.35,0.35,648200000.0,investing
2011-07-29,0.34,0.35,0.34,0.35,0.35,677680000.0,investing
2011-08-01,0.35,0.37,0.35,0.36,0.36,1020000000.0,investing
2011-08-02,0.36,0.38,0.36,0.36,0.36,1360000000.0,investing
2011-08-03,0.36,0.37,0.36,0.37,0.37,765360000.0,investing
2011-08-04,0.36,0.36,0.34,0.34,0.34,979830000.0,investing
2011-08-05,0.34,0.35,0.32,0.32,0.32,1270000000.0,investing
2011-08-08,0.31,0.32,0.3,0.3,0.3,1080000000.0,investing
2011-08-09,0.3,0.32,0.3,0.32,0.32,1330000000.0,investing
2011-08-10,0.31,0.32,0.31,0.31,0.31,1140000000.0,investing
2011-08-11,0.31,0.34,0.31,0.34,0.34,1080000000.0,investing
2011-08-12,0.37,0.37,0.32,0.32,0.32,3200000000.0,investing
2011-08-15,0.33,0.34,0.32,0.33,0.33,864250000.0,investing
2011-08-16,0.33,0.34,0.32,0.32,0.32,717260000.0,investing
2011-08-17,0.33,0.33,0.32,0.32,0.32,553360000.0,investing
2011-08-18,0.31,0.31,0.29,0.3,0.3,802790000.0,investing
2011-08-19,0.29,0.31,0.29,0.29,0.29,761430000.0,investing
2011-08-22,0.3,0.3,0.3,0.3,0.3,611960000.0,investing
2011-08-23,0.31,0.33,0.31,0.33,0.33,938390000.0,investing
2011-08-24,0.33,0.33,0.32,0.33,0.33,687500000.0,investing
2011-08-25,0.32,0.33,0.31,0.31,0.31,690970000.0,investing
2011-08-26,0.31,0.33,0.31,0.33,0.33,732710000.0,investing
2011-08-29,0.33,0.34,0.33,0.33,0.33,601840000.0,investing
2011-08-30,0.33,0.34,0.33,0.34,0.34,684940000.0,investing
2011-08-31,0.34,0.35,0.33,0.33,0.33,705910000.0,investing
2011-09-01,0.34,0.34,0.33,0.33,0.33,762370000.0,investing
2011-09-02,0.32,0.33,0.32,0.32,0.32,471350000.0,investing
2011-09-06,0.31,0.33,0.31,0.33,0.33,696250000.0,investing
2011-09-07,0.36,0.37,0.35,0.36,0.36,1610000000.0,investing
2011-09-08,0.35,0.36,0.35,0.35,0.35,880340000.0,investing
2011-09-09,0.35,0.36,0.34,0.35,0.35,869830000.0,investing
2011-09-12,0.34,0.36,0.34,0.36,0.36,916480000.0,investing
2011-09-13,0.36,0.36,0.35,0.36,0.36,853840000.0,investing
2011-09-14,0.37,0.39,0.37,0.38,0.38,1550000000.0,investing
2011-09-15,0.39,0.39,0.38,0.39,0.39,752910000.0,investing
2011-09-16,0.39,0.4,0.38,0.39,0.39,1390000000.0,investing
2011-09-19,0.38,0.38,0.37,0.38,0.38,968200000.0,investing
2011-09-20,0.38,0.38,0.37,0.37,0.37,792440000.0,investing
2011-09-21,0.37,0.38,0.36,0.36,0.36,715540000.0,investing
2011-09-22,0.35,0.35,0.33,0.34,0.34,1310000000.0,investing
2011-09-23,0.34,0.35,0.33,0.34,0.34,1010000000.0,investing
2011-09-26,0.35,0.35,0.33,0.35,0.35,972120000.0,investing
2011-09-27,0.35,0.36,0.34,0.35,0.35,781430000.0,investing
2011-09-28,0.35,0.36,0.33,0.34,0.34,1240000000.0,investing
2011-09-29,0.34,0.35,0.32,0.33,0.33,866610000.0,investing
2011-09-30,0.32,0.32,0.31,0.31,0.31,678430000.0,investing
2011-10-03,0.31,0.32,0.3,0.3,0.3,950050000.0,investing
2011-10-04,0.29,0.32,0.29,0.32,0.32,1360000000.0,investing
2011-10-05,0.32,0.34,0.32,0.33,0.33,856940000.0,investing
2011-10-06,0.34,0.35,0.34,0.35,0.35,773290000.0,investing
2011-10-07,0.35,0.36,0.34,0.35,0.35,807110000.0,investing
2011-10-10,0.36,0.37,0.36,0.37,0.37,534380000.0,investing
2011-10-11,0.37,0.37,0.36,0.37,0.37,816410000.0,investing
2011-10-12,0.37,0.37,0.36,0.37,0.37,612200000.0,investing
2011-10-13,0.36,0.39,0.36,0.39,0.39,854830000.0,investing
2011-10-14,0.39,0.4,0.38,0.39,0.39,702830000.0,investing
2011-10-17,0.39,0.39,0.37,0.37,0.37,611870000.0,investing
2011-10-18,0.37,0.39,0.37,0.39,0.39,590960000.0,investing
2011-10-19,0.39,0.39,0.38,0.38,0.38,557690000.0,investing
2011-10-20,0.37,0.37,0.35,0.36,0.36,990540000.0,investing
2011-10-21,0.36,0.37,0.36,0.36,0.36,628560000.0,investing
2011-10-24,0.36,0.38,0.36,0.38,0.38,535260000.0,investing
2011-10-25,0.37,0.37,0.36,0.36,0.36,578040000.0,investing
2011-10-26,0.37,0.37,0.35,0.37,0.37,503230000.0,investing
2011-10-27,0.38,0.39,0.37,0.38,0.38,577910000.0,investing
2011-10-28,0.38,0.39,0.38,0.39,0.39,490180000.0,investing
2011-10-31,0.38,0.38,0.37,0.37,0.37,520240000.0,investing
2011-11-01,0.36,0.36,0.35,0.35,0.35,791040000.0,investing
2011-11-02,0.35,0.36,0.34,0.35,0.35,962090000.0,investing
2011-11-03,0.35,0.37,0.34,0.37,0.37,749370000.0,investing
2011-11-04,0.36,0.37,0.36,0.37,0.37,655210000.0,investing
2011-11-07,0.37,0.37,0.36,0.37,0.37,613660000.0,investing
2011-11-08,0.37,0.38,0.37,0.38,0.38,549860000.0,investing
2011-11-09,0.37,0.37,0.36,0.36,0.36,532390000.0,investing
2011-11-10,0.37,0.37,0.35,0.36,0.36,990480000.0,investing
2011-11-11,0.37,0.38,0.35,0.37,0.37,1750000000.0,investing
2011-11-14,0.37,0.38,0.37,0.37,0.37,500440000.0,investing
2011-11-15,0.36,0.37,0.36,0.37,0.37,505760000.0,investing
2011-11-16,0.36,0.37,0.36,0.36,0.36,512630000.0,investing
2011-11-17,0.36,0.36,0.34,0.35,0.35,657590000.0,investing
2011-11-18,0.35,0.35,0.34,0.35,0.35,501490000.0,investing
2011-11-21,0.34,0.37,0.34,0.37,0.37,1330000000.0,investing
2011-11-22,0.37,0.38,0.37,0.38,0.38,1290000000.0,investing
2011-11-23,0.37,0.38,0.36,0.36,0.36,825360000.0,investing
2011-11-25,0.36,0.36,0.35,0.35,0.35,406620000.0,investing
2011-11-28,0.36,0.38,0.36,0.37,0.37,690640000.0,investing
2011-11-29,0.37,0.38,0.37,0.37,0.37,623740000.0,investing
2011-11-30,0.38,0.39,0.38,0.39,0.39,730360000.0,investing
2011-12-01,0.39,0.4,0.39,0.4,0.4,529870000.0,investing
2011-12-02,0.4,0.4,0.39,0.39,0.39,546520000.0,investing
2011-12-05,0.4,0.4,0.38,0.39,0.39,644730000.0,investing
2011-12-06,0.39,0.39,0.38,0.38,0.38,573830000.0,investing
2011-12-07,0.38,0.38,0.37,0.38,0.38,510040000.0,investing
2011-12-08,0.38,0.38,0.37,0.37,0.37,491550000.0,investing
2011-12-09,0.36,0.38,0.36,0.37,0.37,555860000.0,investing
2011-12-12,0.36,0.37,0.36,0.36,0.36,573330000.0,investing
2011-12-13,0.37,0.37,0.35,0.35,0.35,516600000.0,investing
2011-12-14,0.35,0.35,0.34,0.34,0.34,636080000.0,investing
2011-12-15,0.35,0.35,0.34,0.34,0.34,435270000.0,investing
2011-12-16,0.34,0.35,0.34,0.34,0.34,619190000.0,investing
2011-12-19,0.34,0.34,0.33,0.33,0.33,463430000.0,investing
2011-12-20,0.34,0.35,0.34,0.35,0.35,445520000.0,investing
2011-12-21,0.35,0.35,0.34,0.34,0.34,548420000.0,investing
2011-12-22,0.34,0.36,0.34,0.36,0.36,576650000.0,investing
2011-12-23,0.36,0.36,0.35,0.35,0.35,248950000.0,investing
2011-12-27,0.35,0.36,0.35,0.35,0.35,195750000.0,investing
2011-12-28,0.35,0.35,0.34,0.34,0.34,233960000.0,investing
2011-12-29,0.35,0.35,0.34,0.35,0.35,211120000.0,investing
2011-12-30,0.35,0.35,0.35,0.35,0.35,186960000.0,investing
2012-01-03,0.36,0.36,0.35,0.35,0.35,468130000.0,investing
2012-01-04,0.35,0.36,0.35,0.35,0.35,347370000.0,investing
2012-01-05,0.35,0.37,0.35,0.37,0.37,563570000.0,investing
2012-01-06,0.37,0.37,0.36,0.36,0.36,533650000.0,investing
2012-01-09,0.36,0.37,0.36,0.36,0.36,508350000.0,investing
2012-01-10,0.37,0.37,0.36,0.36,0.36,546380000.0,investing
2012-01-11,0.36,0.36,0.35,0.35,0.35,484360000.0,investing
2012-01-12,0.36,0.36,0.34,0.35,0.35,652380000.0,investing
2012-01-13,0.35,0.35,0.34,0.34,0.34,504390000.0,investing
2012-01-17,0.35,0.35,0.34,0.34,0.34,627190000.0,investing
2012-01-18,0.34,0.35,0.34,0.35,0.35,632960000.0,investing
2012-01-19,0.35,0.36,0.35,0.36,0.36,608320000.0,investing
2012-01-20,0.36,0.36,0.35,0.36,0.36,546270000.0,investing
2012-01-23,0.36,0.37,0.35,0.37,0.37,562950000.0,investing
2012-01-24,0.36,0.38,0.36,0.37,0.37,730920000.0,investing
2012-01-25,0.36,0.37,0.35,0.37,0.37,1270000000.0,investing
2012-01-26,0.38,0.38,0.37,0.37,0.37,799810000.0,investing
2012-01-27,0.37,0.37,0.36,0.37,0.37,450150000.0,investing
2012-01-30,0.37,0.37,0.36,0.37,0.37,399070000.0,investing
2012-01-31,0.37,0.37,0.36,0.37,0.37,357900000.0,investing
2012-02-01,0.37,0.38,0.37,0.37,0.37,428020000.0,investing
2012-02-02,0.38,0.39,0.37,0.39,0.39,696460000.0,investing
2012-02-03,0.39,0.4,0.39,0.4,0.4,495550000.0,investing
2012-02-06,0.39,0.39,0.39,0.39,0.39,278910000.0,investing
2012-02-07,0.39,0.4,0.39,0.39,0.39,410300000.0,investing
2012-02-08,0.39,0.42,0.39,0.41,0.41,847650000.0,investing
2012-02-09,0.41,0.41,0.41,0.41,0.41,562040000.0,investing
2012-02-10,0.4,0.41,0.4,0.4,0.4,440290000.0,investing
2012-02-13,0.41,0.41,0.4,0.4,0.4,610880000.0,investing
2012-02-14,0.4,0.41,0.4,0.41,0.41,454020000.0,investing
2012-02-15,0.41,0.42,0.4,0.4,0.4,1110000000.0,investing
2012-02-16,0.38,0.41,0.38,0.41,0.41,1890000000.0,investing
2012-02-17,0.41,0.41,0.39,0.4,0.4,1020000000.0,investing
2012-02-21,0.4,0.41,0.4,0.4,0.4,518210000.00000006,investing
2012-02-22,0.4,0.41,0.4,0.4,0.4,492480000.0,investing
2012-02-23,0.4,0.4,0.39,0.4,0.4,323960000.0,investing
2012-02-24,0.4,0.4,0.39,0.39,0.39,366710000.0,investing
2012-02-27,0.39,0.39,0.38,0.39,0.39,745370000.0,investing
2012-02-28,0.39,0.39,0.38,0.38,0.38,699920000.0,investing
2012-02-29,0.38,0.39,0.38,0.38,0.38,689250000.0,investing
2012-03-01,0.38,0.39,0.38,0.38,0.38,449970000.0,investing
2012-03-02,0.38,0.39,0.38,0.38,0.38,684070000.0,investing
2012-03-05,0.38,0.38,0.37,0.37,0.37,515110000.0,investing
2012-03-06,0.37,0.37,0.36,0.37,0.37,471430000.0,investing
2012-03-07,0.37,0.37,0.36,0.37,0.37,441980000.0,investing
2012-03-08,0.37,0.38,0.37,0.37,0.37,430860000.0,investing
2012-03-09,0.37,0.38,0.37,0.37,0.37,367830000.0,investing
2012-03-12,0.37,0.37,0.36,0.36,0.36,299950000.0,investing
2012-03-13,0.37,0.37,0.36,0.37,0.37,553530000.0,investing
2012-03-14,0.37,0.37,0.36,0.36,0.36,735880000.0,investing
2012-03-15,0.36,0.37,0.36,0.36,0.36,382580000.0,investing
2012-03-16,0.36,0.37,0.36,0.36,0.36,428350000.0,investing
2012-03-19,0.37,0.37,0.36,0.37,0.37,405420000.0,investing
2012-03-20,0.36,0.36,0.36,0.36,0.36,449650000.0,investing
2012-03-21,0.36,0.36,0.36,0.36,0.36,467860000.0,investing
2012-03-22,0.36,0.36,0.36,0.36,0.36,425420000.0,investing
2012-03-23,0.36,0.36,0.36,0.36,0.36,315460000.0,investing
2012-03-26,0.37,0.37,0.36,0.37,0.37,288620000.0,investing
2012-03-27,0.37,0.38,0.37,0.37,0.37,420300000.0,investing
2012-03-28,0.38,0.38,0.37,0.38,0.38,892480000.0,investing
2012-03-29,0.38,0.38,0.37,0.38,0.38,372710000.0,investing
2012-03-30,0.38,0.39,0.38,0.38,0.38,527280000.0,investing
2012-04-02,0.38,0.39,0.38,0.38,0.38,407770000.0,investing
2012-04-03,0.39,0.39,0.38,0.38,0.38,430520000.0,investing
2012-04-04,0.37,0.38,0.36,0.37,0.37,495930000.0,investing
2012-04-05,0.37,0.37,0.36,0.37,0.37,369050000.0,investing
2012-04-09,0.36,0.36,0.35,0.36,0.36,365510000.0,investing
2012-04-10,0.36,0.36,0.35,0.35,0.35,470460000.0,investing
2012-04-11,0.36,0.37,0.36,0.36,0.36,372970000.0,investing
2012-04-12,0.36,0.37,0.36,0.37,0.37,384870000.0,investing
2012-04-13,0.36,0.37,0.35,0.35,0.35,311320000.0,investing
2012-04-16,0.36,0.36,0.34,0.35,0.35,463640000.0,investing
2012-04-17,0.35,0.35,0.35,0.35,0.35,460800000.0,investing
2012-04-18,0.35,0.35,0.34,0.35,0.35,400760000.0,investing
2012-04-19,0.34,0.36,0.34,0.34,0.34,667300000.0,investing
2012-04-20,0.34,0.34,0.33,0.33,0.33,509640000.0,investing
2012-04-23,0.33,0.33,0.32,0.33,0.33,706250000.0,investing
2012-04-24,0.33,0.33,0.32,0.32,0.32,730440000.0,investing
2012-04-25,0.33,0.33,0.32,0.33,0.33,727150000.0,investing
2012-04-26,0.33,0.33,0.32,0.33,0.33,539210000.0,investing
2012-04-27,0.33,0.33,0.32,0.32,0.32,475350000.0,investing
2012-04-30,0.32,0.33,0.32,0.33,0.33,262410000.00000003,investing
2012-05-01,0.32,0.33,0.32,0.33,0.33,408800000.0,investing
2012-05-02,0.33,0.33,0.32,0.32,0.32,684050000.0,investing
2012-05-03,0.32,0.32,0.31,0.32,0.32,419560000.0,investing
2012-05-04,0.31,0.32,0.31,0.31,0.31,545240000.0,investing
2012-05-07,0.31,0.32,0.31,0.31,0.31,604440000.0,investing
2012-05-08,0.31,0.31,0.3,0.31,0.31,462320000.0,investing
2012-05-09,0.31,0.32,0.3,0.31,0.31,520720000.0,investing
2012-05-10,0.32,0.32,0.31,0.31,0.31,597090000.0,investing
2012-05-11,0.34,0.34,0.33,0.33,0.33,1440000000.0,investing
2012-05-14,0.33,0.33,0.32,0.33,0.33,437780000.0,investing
2012-05-15,0.33,0.34,0.32,0.33,0.33,600000000.0,investing
2012-05-16,0.33,0.33,0.32,0.32,0.32,470680000.0,investing
2012-05-17,0.32,0.32,0.32,0.32,0.32,335440000.0,investing
2012-05-18,0.32,0.32,0.3,0.3,0.3,567340000.0,investing
2012-05-21,0.3,0.31,0.3,0.31,0.31,416360000.0,investing
2012-05-22,0.31,0.31,0.3,0.3,0.3,410340000.0,investing
2012-05-23,0.3,0.31,0.3,0.31,0.31,495830000.0,investing
2012-05-24,0.31,0.31,0.3,0.3,0.3,520430000.0,investing
2012-05-25,0.3,0.31,0.3,0.31,0.31,391750000.0,investing
2012-05-29,0.32,0.32,0.31,0.32,0.32,310020000.0,investing
2012-05-30,0.31,0.32,0.31,0.31,0.31,379790000.0,investing
2012-05-31,0.31,0.32,0.31,0.31,0.31,358190000.0,investing
2012-06-01,0.3,0.31,0.3,0.3,0.3,441100000.0,investing
2012-06-04,0.3,0.3,0.29,0.29,0.29,432970000.0,investing
2012-06-05,0.29,0.3,0.29,0.3,0.3,365240000.0,investing
2012-06-06,0.3,0.31,0.3,0.31,0.31,369010000.0,investing
2012-06-07,0.31,0.32,0.3,0.3,0.3,526860000.0,investing
2012-06-08,0.3,0.3,0.3,0.3,0.3,370610000.0,investing
2012-06-11,0.31,0.32,0.31,0.31,0.31,839230000.0,investing
2012-06-12,0.31,0.32,0.31,0.31,0.31,496410000.0,investing
2012-06-13,0.31,0.31,0.3,0.3,0.3,494800000.0,investing
2012-06-14,0.3,0.31,0.3,0.3,0.3,590060000.0,investing
2012-06-15,0.3,0.31,0.3,0.31,0.31,385480000.0,investing
2012-06-18,0.3,0.31,0.3,0.31,0.31,304420000.0,investing
2012-06-19,0.32,0.34,0.32,0.33,0.33,960560000.0,investing
2012-06-20,0.33,0.34,0.33,0.34,0.34,972890000.0,investing
2012-06-21,0.34,0.34,0.32,0.32,0.32,516490000.0,investing
2012-06-22,0.33,0.33,0.32,0.32,0.32,865360000.0,investing
2012-06-25,0.33,0.33,0.31,0.31,0.31,494610000.0,investing
2012-06-26,0.32,0.32,0.31,0.32,0.32,437210000.0,investing
2012-06-27,0.32,0.33,0.32,0.33,0.33,506200000.0,investing
2012-06-28,0.33,0.33,0.32,0.33,0.33,546040000.0,investing
2012-06-29,0.34,0.35,0.34,0.35,0.35,616590000.0,investing
2012-07-02,0.35,0.35,0.33,0.34,0.34,581700000.0,investing
2012-07-03,0.34,0.35,0.34,0.34,0.34,219350000.0,investing
2012-07-05,0.34,0.34,0.34,0.34,0.34,280120000.0,investing
2012-07-06,0.34,0.34,0.33,0.34,0.34,382760000.0,investing
2012-07-09,0.33,0.33,0.33,0.33,0.33,306390000.0,investing
2012-07-10,0.33,0.34,0.32,0.32,0.32,512040000.0,investing
2012-07-11,0.32,0.33,0.31,0.32,0.32,485430000.0,investing
2012-07-12,0.31,0.31,0.31,0.31,0.31,472160000.0,investing
2012-07-13,0.31,0.32,0.31,0.31,0.31,324270000.0,investing
2012-07-16,0.31,0.32,0.31,0.31,0.31,334500000.0,investing
2012-07-17,0.32,0.32,0.3,0.31,0.31,447480000.0,investing
2012-07-18,0.31,0.33,0.31,0.33,0.33,616130000.0,investing
2012-07-19,0.33,0.33,0.33,0.33,0.33,403040000.0,investing
2012-07-20,0.33,0.33,0.32,0.32,0.32,451070000.0,investing
2012-07-23,0.31,0.33,0.31,0.32,0.32,451740000.0,investing
2012-07-24,0.33,0.33,0.32,0.32,0.32,351170000.0,investing
2012-07-25,0.32,0.33,0.32,0.33,0.33,415080000.0,investing
2012-07-26,0.33,0.34,0.33,0.33,0.33,338460000.0,investing
2012-07-27,0.33,0.34,0.33,0.34,0.34,376510000.0,investing
2012-07-30,0.34,0.34,0.33,0.33,0.33,363550000.0,investing
2012-07-31,0.33,0.34,0.33,0.34,0.34,387790000.0,investing
2012-08-01,0.34,0.34,0.33,0.33,0.33,335910000.0,investing
2012-08-02,0.33,0.34,0.33,0.34,0.34,367910000.0,investing
2012-08-03,0.34,0.35,0.33,0.34,0.34,326550000.0,investing
2012-08-06,0.35,0.35,0.35,0.35,0.35,360470000.0,investing
2012-08-07,0.35,0.36,0.35,0.35,0.35,407420000.0,investing
2012-08-08,0.35,0.36,0.35,0.36,0.36,517370000.0,investing
2012-08-09,0.36,0.37,0.36,0.37,0.37,822300000.0,investing
2012-08-10,0.38,0.38,0.36,0.37,0.37,1280000000.0,investing
2012-08-13,0.37,0.37,0.36,0.37,0.37,447320000.0,investing
2012-08-14,0.37,0.37,0.36,0.36,0.36,389000000.0,investing
2012-08-15,0.37,0.37,0.36,0.36,0.36,594420000.0,investing
2012-08-16,0.37,0.37,0.36,0.37,0.37,371150000.0,investing
2012-08-17,0.37,0.37,0.36,0.37,0.37,309920000.0,investing
2012-08-20,0.36,0.37,0.36,0.37,0.37,314650000.0,investing
2012-08-21,0.37,0.37,0.36,0.37,0.37,340250000.0,investing
2012-08-22,0.36,0.37,0.36,0.37,0.37,313590000.0,investing
2012-08-23,0.37,0.37,0.36,0.36,0.36,379240000.0,investing
2012-08-24,0.36,0.37,0.36,0.36,0.36,347720000.0,investing
2012-08-27,0.36,0.37,0.36,0.36,0.36,340950000.0,investing
2012-08-28,0.36,0.36,0.36,0.36,0.36,310790000.0,investing
2012-08-29,0.36,0.36,0.36,0.36,0.36,250450000.0,investing
2012-08-30,0.36,0.36,0.35,0.35,0.35,307510000.0,investing
2012-08-31,0.35,0.36,0.35,0.35,0.35,485070000.0,investing
2012-09-04,0.34,0.35,0.33,0.33,0.33,694490000.0,investing
2012-09-05,0.33,0.34,0.33,0.33,0.33,480250000.0,investing
2012-09-06,0.34,0.35,0.34,0.34,0.34,657360000.0,investing
2012-09-07,0.33,0.34,0.32,0.34,0.34,781130000.0,investing
2012-09-10,0.33,0.34,0.33,0.33,0.33,371140000.0,investing
2012-09-11,0.33,0.34,0.33,0.34,0.34,382930000.0,investing
2012-09-12,0.34,0.34,0.34,0.34,0.34,322610000.0,investing
2012-09-13,0.34,0.34,0.34,0.34,0.34,433980000.0,investing
2012-09-14,0.34,0.35,0.34,0.35,0.35,339470000.0,investing
2012-09-17,0.35,0.35,0.33,0.34,0.34,493360000.0,investing
2012-09-18,0.33,0.34,0.33,0.34,0.34,360010000.0,investing
2012-09-19,0.34,0.35,0.34,0.34,0.34,451980000.0,investing
2012-09-20,0.34,0.34,0.34,0.34,0.34,320610000.0,investing
2012-09-21,0.34,0.34,0.34,0.34,0.34,340130000.0,investing
2012-09-24,0.34,0.34,0.34,0.34,0.34,357870000.0,investing
2012-09-25,0.35,0.35,0.33,0.34,0.34,481540000.0,investing
2012-09-26,0.33,0.33,0.33,0.33,0.33,436810000.0,investing
2012-09-27,0.33,0.33,0.33,0.33,0.33,558890000.0,investing
2012-09-28,0.33,0.34,0.33,0.33,0.33,485520000.0,investing
2012-10-01,0.34,0.34,0.33,0.33,0.33,504240000.0,investing
2012-10-02,0.33,0.33,0.33,0.33,0.33,295490000.0,investing
2012-10-03,0.33,0.33,0.32,0.33,0.33,430870000.0,investing
2012-10-04,0.33,0.34,0.33,0.34,0.34,502610000.0,investing
2012-10-05,0.34,0.34,0.33,0.33,0.33,483060000.0,investing
2012-10-08,0.33,0.33,0.33,0.33,0.33,240590000.0,investing
2012-10-09,0.33,0.33,0.32,0.32,0.32,366380000.0,investing
2012-10-10,0.32,0.32,0.32,0.32,0.32,326570000.0,investing
2012-10-11,0.32,0.32,0.32,0.32,0.32,320560000.0,investing
2012-10-12,0.32,0.32,0.31,0.32,0.32,260690000.0,investing
2012-10-15,0.32,0.32,0.31,0.32,0.32,249580000.0,investing
2012-10-16,0.32,0.33,0.32,0.33,0.33,367760000.0,investing
2012-10-17,0.33,0.33,0.32,0.33,0.33,391750000.0,investing
2012-10-18,0.33,0.33,0.32,0.32,0.32,254780000.0,investing
2012-10-19,0.32,0.32,0.3,0.3,0.3,709770000.0,investing
2012-10-22,0.3,0.31,0.3,0.3,0.3,480860000.0,investing
2012-10-23,0.3,0.31,0.3,0.31,0.31,573960000.0,investing
2012-10-24,0.31,0.31,0.3,0.3,0.3,332910000.0,investing
2012-10-25,0.31,0.31,0.3,0.3,0.3,307360000.0,investing
2012-10-26,0.3,0.31,0.3,0.3,0.3,389380000.0,investing
2012-10-31,0.3,0.3,0.3,0.3,0.3,347110000.0,investing
2012-11-01,0.3,0.31,0.3,0.31,0.31,473240000.0,investing
2012-11-02,0.32,0.32,0.31,0.31,0.31,256700000.0,investing
2012-11-05,0.31,0.33,0.31,0.33,0.33,444840000.0,investing
2012-11-06,0.33,0.33,0.32,0.33,0.33,350800000.0,investing
2012-11-07,0.32,0.32,0.31,0.32,0.32,324620000.0,investing
2012-11-08,0.32,0.33,0.32,0.32,0.32,839020000.0,investing
2012-11-09,0.32,0.32,0.3,0.3,0.3,846320000.0,investing
2012-11-12,0.31,0.31,0.29,0.3,0.3,643730000.0,investing
2012-11-13,0.3,0.3,0.3,0.3,0.3,492130000.0,investing
2012-11-14,0.3,0.3,0.29,0.29,0.29,619400000.0,investing
2012-11-15,0.29,0.3,0.29,0.29,0.29,466750000.0,investing
2012-11-16,0.29,0.29,0.28,0.28,0.28,624590000.0,investing
2012-11-19,0.29,0.29,0.29,0.29,0.29,404130000.0,investing
2012-11-20,0.29,0.29,0.28,0.29,0.29,337040000.0,investing
2012-11-21,0.29,0.3,0.29,0.3,0.3,422310000.0,investing
2012-11-23,0.3,0.3,0.3,0.3,0.3,276930000.0,investing
2012-11-26,0.3,0.3,0.3,0.3,0.3,364610000.0,investing
2012-11-27,0.3,0.31,0.3,0.3,0.3,451400000.0,investing
2012-11-28,0.3,0.31,0.3,0.31,0.31,398360000.0,investing
2012-11-29,0.31,0.31,0.3,0.3,0.3,488700000.0,investing
2012-11-30,0.3,0.3,0.3,0.3,0.3,460530000.0,investing
2012-12-03,0.3,0.3,0.29,0.29,0.29,391420000.0,investing
2012-12-04,0.29,0.3,0.29,0.3,0.3,528130000.0,investing
2012-12-05,0.3,0.3,0.29,0.3,0.3,633060000.0,investing
2012-12-06,0.3,0.3,0.3,0.3,0.3,412890000.0,investing
2012-12-07,0.3,0.3,0.3,0.3,0.3,338300000.0,investing
2012-12-10,0.3,0.31,0.3,0.31,0.31,513670000.0,investing
2012-12-11,0.31,0.32,0.31,0.32,0.32,816740000.0,investing
2012-12-12,0.32,0.32,0.31,0.31,0.31,399400000.0,investing
2012-12-13,0.31,0.32,0.31,0.31,0.31,377760000.0,investing
2012-12-14,0.31,0.32,0.31,0.31,0.31,338660000.0,investing
2012-12-17,0.31,0.32,0.31,0.31,0.31,445260000.0,investing
2012-12-18,0.31,0.32,0.31,0.31,0.31,416480000.0,investing
2012-12-19,0.32,0.32,0.32,0.32,0.32,458550000.0,investing
2012-12-20,0.32,0.32,0.31,0.32,0.32,334330000.0,investing
2012-12-21,0.31,0.31,0.31,0.31,0.31,462210000.0,investing
2012-12-24,0.31,0.31,0.31,0.31,0.31,127530000.0,investing
2012-12-26,0.31,0.31,0.3,0.31,0.31,196800000.0,investing
2012-12-27,0.31,0.31,0.3,0.3,0.3,299800000.0,investing
2012-12-28,0.3,0.31,0.3,0.3,0.3,220600000.0,investing
2012-12-31,0.3,0.31,0.3,0.31,0.31,326700000.0,investing
2013-01-02,0.31,0.32,0.31,0.32,0.32,478840000.0,investing
2013-01-03,0.32,0.32,0.31,0.32,0.32,298890000.0,investing
2013-01-04,0.32,0.33,0.32,0.33,0.33,525060000.0,investing
2013-01-07,0.33,0.33,0.32,0.32,0.32,610880000.0,investing
2013-01-08,0.32,0.32,0.31,0.31,0.31,466420000.0,investing
2013-01-09,0.31,0.32,0.3,0.31,0.31,695130000.0,investing
2013-01-10,0.31,0.31,0.3,0.31,0.31,506390000.0,investing
2013-01-11,0.31,0.31,0.3,0.31,0.31,513210000.00000006,investing
2013-01-14,0.31,0.31,0.3,0.3,0.3,305720000.0,investing
2013-01-15,0.3,0.3,0.3,0.3,0.3,375960000.0,investing
2013-01-16,0.3,0.3,0.3,0.3,0.3,337380000.0,investing
2013-01-17,0.3,0.31,0.3,0.31,0.31,580850000.0,investing
2013-01-18,0.31,0.31,0.3,0.3,0.3,397110000.0,investing
2013-01-22,0.3,0.31,0.3,0.3,0.3,308220000.0,investing
2013-01-23,0.3,0.3,0.3,0.3,0.3,422030000.0,investing
2013-01-24,0.3,0.31,0.3,0.3,0.3,397080000.0,investing
2013-01-25,0.31,0.31,0.3,0.31,0.31,393920000.0,investing
2013-01-28,0.31,0.32,0.31,0.32,0.32,422490000.0,investing
2013-01-29,0.31,0.31,0.31,0.31,0.31,389050000.0,investing
2013-01-30,0.31,0.31,0.31,0.31,0.31,287620000.0,investing
2013-01-31,0.31,0.31,0.3,0.31,0.31,470650000.0,investing
2013-02-01,0.31,0.31,0.31,0.31,0.31,288820000.0,investing
2013-02-04,0.31,0.31,0.3,0.3,0.3,511760000.0,investing
2013-02-05,0.31,0.31,0.3,0.31,0.31,367350000.0,investing
2013-02-06,0.3,0.31,0.3,0.31,0.31,530820000.00000006,investing
2013-02-07,0.31,0.31,0.3,0.31,0.31,440160000.0,investing
2013-02-08,0.31,0.31,0.31,0.31,0.31,307250000.0,investing
2013-02-11,0.31,0.32,0.31,0.31,0.31,408320000.0,investing
2013-02-12,0.31,0.31,0.31,0.31,0.31,277830000.0,investing
2013-02-13,0.31,0.32,0.31,0.31,0.31,856390000.0,investing
2013-02-14,0.3,0.32,0.3,0.32,0.32,882050000.0,investing
2013-02-15,0.32,0.32,0.31,0.32,0.32,733870000.0,investing
2013-02-19,0.32,0.32,0.31,0.31,0.31,433550000.0,investing
2013-02-20,0.32,0.32,0.31,0.31,0.31,713060000.0,investing
2013-02-21,0.31,0.31,0.31,0.31,0.31,580410000.0,investing
2013-02-22,0.31,0.31,0.31,0.31,0.31,370150000.0,investing
2013-02-25,0.31,0.32,0.31,0.31,0.31,644440000.0,investing
2013-02-26,0.31,0.31,0.31,0.31,0.31,487500000.0,investing
2013-02-27,0.31,0.32,0.31,0.32,0.32,476980000.0,investing
2013-02-28,0.31,0.32,0.31,0.32,0.32,591390000.0,investing
2013-03-01,0.31,0.32,0.31,0.32,0.32,389390000.0,investing
2013-03-04,0.32,0.32,0.31,0.32,0.32,353690000.0,investing
2013-03-05,0.32,0.32,0.32,0.32,0.32,366200000.0,investing
2013-03-06,0.32,0.33,0.32,0.32,0.32,342930000.0,investing
2013-03-07,0.32,0.32,0.32,0.32,0.32,315020000.0,investing
2013-03-08,0.32,0.32,0.32,0.32,0.32,246480000.0,investing
2013-03-11,0.32,0.32,0.31,0.32,0.32,299750000.0,investing
2013-03-12,0.32,0.32,0.31,0.32,0.32,310860000.0,investing
2013-03-13,0.32,0.32,0.32,0.32,0.32,485840000.0,investing
2013-03-14,0.32,0.32,0.32,0.32,0.32,383300000.0,investing
2013-03-15,0.32,0.32,0.31,0.32,0.32,355790000.0,investing
2013-03-18,0.31,0.32,0.31,0.31,0.31,298310000.0,investing
2013-03-19,0.31,0.32,0.31,0.31,0.31,355480000.0,investing
2013-03-20,0.31,0.32,0.31,0.32,0.32,340590000.0,investing
2013-03-21,0.31,0.31,0.31,0.31,0.31,339040000.0,investing
2013-03-22,0.31,0.31,0.31,0.31,0.31,232470000.0,investing
2013-03-25,0.31,0.31,0.31,0.31,0.31,362080000.0,investing
2013-03-26,0.31,0.31,0.31,0.31,0.31,232560000.0,investing
2013-03-27,0.31,0.32,0.31,0.32,0.32,254950000.0,investing
2013-03-28,0.32,0.32,0.31,0.32,0.32,349270000.0,investing
2013-04-01,0.32,0.32,0.31,0.31,0.31,442830000.0,investing
2013-04-02,0.31,0.31,0.3,0.31,0.31,371530000.0,investing
2013-04-03,0.31,0.31,0.3,0.3,0.3,353150000.0,investing
2013-04-04,0.3,0.31,0.3,0.31,0.31,294730000.0,investing
2013-04-05,0.3,0.31,0.3,0.31,0.31,551350000.0,investing
2013-04-08,0.31,0.31,0.3,0.31,0.31,326660000.0,investing
2013-04-09,0.31,0.32,0.31,0.32,0.32,380590000.0,investing
2013-04-10,0.32,0.32,0.32,0.32,0.32,384680000.0,investing
2013-04-11,0.32,0.32,0.31,0.32,0.32,969230000.0,investing
2013-04-12,0.32,0.33,0.32,0.33,0.33,770570000.0,investing
2013-04-15,0.33,0.33,0.32,0.32,0.32,430470000.0,investing
2013-04-16,0.32,0.33,0.32,0.32,0.32,468850000.0,investing
2013-04-17,0.32,0.32,0.32,0.32,0.32,533010000.0,investing
2013-04-18,0.32,0.32,0.31,0.31,0.31,402550000.0,investing
2013-04-19,0.31,0.32,0.31,0.31,0.31,303030000.0,investing
2013-04-22,0.31,0.32,0.31,0.31,0.31,245560000.0,investing
2013-04-23,0.32,0.33,0.32,0.32,0.32,377020000.0,investing
2013-04-24,0.32,0.34,0.32,0.33,0.33,556590000.0,investing
2013-04-25,0.34,0.34,0.33,0.34,0.34,353230000.0,investing
2013-04-26,0.34,0.34,0.33,0.34,0.34,324350000.0,investing
2013-04-29,0.34,0.34,0.33,0.34,0.34,269710000.0,investing
2013-04-30,0.34,0.34,0.34,0.34,0.34,276720000.0,investing
2013-05-01,0.34,0.35,0.34,0.34,0.34,341310000.0,investing
2013-05-02,0.34,0.35,0.34,0.35,0.35,323490000.0,investing
2013-05-03,0.35,0.35,0.35,0.35,0.35,293860000.0,investing
2013-05-06,0.35,0.35,0.34,0.35,0.35,217140000.0,investing
2013-05-07,0.35,0.35,0.34,0.34,0.34,448070000.0,investing
2013-05-08,0.34,0.35,0.34,0.35,0.35,334100000.0,investing
2013-05-09,0.34,0.35,0.34,0.35,0.35,566800000.0,investing
2013-05-10,0.35,0.36,0.35,0.36,0.36,861260000.0,investing
2013-05-13,0.36,0.36,0.35,0.36,0.36,290060000.0,investing
2013-05-14,0.36,0.36,0.36,0.36,0.36,454140000.0,investing
2013-05-15,0.36,0.37,0.36,0.37,0.37,313220000.0,investing
2013-05-16,0.37,0.37,0.36,0.37,0.37,308370000.0,investing
2013-05-17,0.37,0.37,0.36,0.37,0.37,312150000.0,investing
2013-05-20,0.37,0.37,0.37,0.37,0.37,236380000.0,investing
2013-05-21,0.37,0.37,0.37,0.37,0.37,357800000.0,investing
2013-05-22,0.37,0.37,0.36,0.36,0.36,480410000.0,investing
2013-05-23,0.36,0.37,0.35,0.37,0.37,393880000.0,investing
2013-05-24,0.36,0.37,0.36,0.36,0.36,283300000.0,investing
2013-05-28,0.37,0.37,0.36,0.36,0.36,279300000.0,investing
2013-05-29,0.36,0.36,0.36,0.36,0.36,335050000.0,investing
2013-05-30,0.36,0.37,0.36,0.37,0.37,284520000.0,investing
2013-05-31,0.36,0.37,0.36,0.36,0.36,577520000.0,investing
2013-06-03,0.36,0.36,0.35,0.36,0.36,444480000.0,investing
2013-06-04,0.36,0.37,0.36,0.36,0.36,363670000.0,investing
2013-06-05,0.36,0.36,0.35,0.35,0.35,464540000.0,investing
2013-06-06,0.35,0.36,0.35,0.36,0.36,341080000.0,investing
2013-06-07,0.36,0.36,0.36,0.36,0.36,274580000.0,investing
2013-06-10,0.36,0.36,0.36,0.36,0.36,224160000.0,investing
2013-06-11,0.36,0.36,0.35,0.35,0.35,296350000.0,investing
2013-06-12,0.36,0.36,0.35,0.35,0.35,312580000.0,investing
2013-06-13,0.35,0.36,0.35,0.36,0.36,236300000.0,investing
2013-06-14,0.36,0.36,0.36,0.36,0.36,236010000.0,investing
2013-06-17,0.36,0.37,0.36,0.36,0.36,255330000.0,investing
2013-06-18,0.36,0.37,0.36,0.36,0.36,486770000.0,investing
2013-06-19,0.36,0.39,0.36,0.37,0.37,1160000000.0,investing
2013-06-20,0.37,0.37,0.36,0.36,0.36,628690000.0,investing
2013-06-21,0.36,0.36,0.35,0.36,0.36,714260000.0,investing
2013-06-24,0.36,0.36,0.35,0.35,0.35,580770000.0,investing
2013-06-25,0.36,0.36,0.35,0.36,0.36,457410000.0,investing
2013-06-26,0.36,0.36,0.35,0.35,0.35,579820000.0,investing
2013-06-27,0.35,0.35,0.35,0.35,0.35,808030000.0,investing
2013-06-28,0.35,0.35,0.35,0.35,0.35,431530000.0,investing
2013-07-01,0.35,0.35,0.35,0.35,0.35,199520000.0,investing
2013-07-02,0.35,0.36,0.35,0.35,0.35,256390000.0,investing
2013-07-03,0.35,0.36,0.35,0.35,0.35,140390000.0,investing
2013-07-05,0.35,0.36,0.35,0.36,0.36,184700000.0,investing
2013-07-08,0.36,0.36,0.35,0.35,0.35,262080000.0,investing
2013-07-09,0.35,0.36,0.35,0.36,0.36,157360000.0,investing
2013-07-10,0.36,0.36,0.35,0.36,0.36,208310000.0,investing
2013-07-11,0.36,0.37,0.36,0.37,0.37,239840000.0,investing
2013-07-12,0.36,0.37,0.36,0.37,0.37,216360000.0,investing
2013-07-15,0.37,0.37,0.36,0.37,0.37,201330000.0,investing
2013-07-16,0.37,0.37,0.36,0.37,0.37,162570000.0,investing
2013-07-17,0.37,0.37,0.36,0.37,0.37,166220000.0,investing
2013-07-18,0.36,0.37,0.36,0.36,0.36,344570000.0,investing
2013-07-19,0.36,0.36,0.35,0.36,0.36,480540000.0,investing
2013-07-22,0.36,0.36,0.35,0.36,0.36,292390000.0,investing
2013-07-23,0.36,0.36,0.35,0.36,0.36,246790000.0,investing
2013-07-24,0.36,0.36,0.35,0.36,0.36,284250000.0,investing
2013-07-25,0.35,0.36,0.35,0.36,0.36,243320000.0,investing
2013-07-26,0.35,0.36,0.35,0.35,0.35,227360000.0,investing
2013-07-29,0.35,0.36,0.35,0.35,0.35,179540000.0,investing
2013-07-30,0.36,0.36,0.36,0.36,0.36,266110000.0,investing
2013-07-31,0.36,0.36,0.36,0.36,0.36,270160000.0,investing
2013-08-01,0.36,0.37,0.36,0.37,0.37,277650000.0,investing
2013-08-02,0.37,0.37,0.36,0.37,0.37,209630000.0,investing
2013-08-05,0.37,0.37,0.37,0.37,0.37,185210000.0,investing
2013-08-06,0.37,0.37,0.36,0.37,0.37,206610000.0,investing
2013-08-07,0.36,0.37,0.36,0.36,0.36,244530000.0,investing
2013-08-08,0.37,0.37,0.36,0.37,0.37,345700000.0,investing
2013-08-09,0.35,0.37,0.35,0.36,0.36,906230000.0,investing
2013-08-12,0.35,0.36,0.33,0.36,0.36,257570000.0,investing
2013-08-13,0.36,0.36,0.36,0.36,0.36,197680000.0,investing
2013-08-14,0.36,0.38,0.36,0.38,0.38,828800000.0,investing
2013-08-15,0.37,0.38,0.37,0.38,0.38,723620000.0,investing
2013-08-16,0.38,0.39,0.38,0.38,0.38,660450000.0,investing
2013-08-19,0.38,0.38,0.37,0.37,0.37,393430000.0,investing
2013-08-20,0.37,0.38,0.37,0.37,0.37,234210000.0,investing
2013-08-21,0.37,0.38,0.37,0.37,0.37,261550000.0,investing
2013-08-22,0.37,0.38,0.37,0.37,0.37,129100000.0,investing
2013-08-23,0.37,0.38,0.37,0.37,0.37,245270000.0,investing
2013-08-26,0.37,0.38,0.37,0.37,0.37,300330000.0,investing
2013-08-27,0.37,0.37,0.37,0.37,0.37,277460000.0,investing
2013-08-28,0.37,0.37,0.37,0.37,0.37,318820000.0,investing
2013-08-29,0.37,0.37,0.37,0.37,0.37,276220000.0,investing
2013-08-30,0.37,0.37,0.37,0.37,0.37,378120000.0,investing
2013-09-03,0.37,0.37,0.37,0.37,0.37,284680000.0,investing
2013-09-04,0.37,0.37,0.37,0.37,0.37,222110000.0,investing
2013-09-05,0.37,0.38,0.37,0.37,0.37,174900000.0,investing
2013-09-06,0.37,0.38,0.37,0.37,0.37,226760000.0,investing
2013-09-09,0.38,0.38,0.37,0.38,0.38,246450000.0,investing
2013-09-10,0.38,0.39,0.38,0.39,0.39,292240000.0,investing
2013-09-11,0.39,0.39,0.38,0.39,0.39,396170000.0,investing
2013-09-12,0.39,0.4,0.39,0.39,0.39,303820000.0,investing
2013-09-13,0.39,0.4,0.39,0.4,0.4,159700000.0,investing
2013-09-16,0.4,0.4,0.39,0.4,0.4,235570000.0,investing
2013-09-17,0.4,0.4,0.4,0.4,0.4,168630000.0,investing
2013-09-18,0.4,0.4,0.39,0.4,0.4,268170000.00000003,investing
2013-09-19,0.4,0.4,0.4,0.4,0.4,227570000.0,investing
2013-09-20,0.4,0.4,0.39,0.39,0.39,356030000.0,investing
2013-09-23,0.39,0.4,0.39,0.39,0.39,271250000.0,investing
2013-09-24,0.39,0.39,0.39,0.39,0.39,229730000.0,investing
2013-09-25,0.39,0.4,0.39,0.39,0.39,233380000.0,investing
2013-09-26,0.39,0.39,0.39,0.39,0.39,148810000.0,investing
2013-09-27,0.39,0.39,0.39,0.39,0.39,151930000.0,investing
2013-09-30,0.39,0.39,0.38,0.39,0.39,226770000.0,investing
2013-10-01,0.39,0.39,0.39,0.39,0.39,227100000.0,investing
2013-10-02,0.38,0.39,0.38,0.39,0.39,162040000.0,investing
2013-10-03,0.39,0.39,0.38,0.38,0.38,436770000.0,investing
2013-10-04,0.38,0.39,0.38,0.39,0.39,246230000.0,investing
2013-10-07,0.39,0.39,0.39,0.39,0.39,169950000.0,investing
2013-10-08,0.39,0.39,0.38,0.39,0.39,290720000.0,investing
2013-10-09,0.39,0.39,0.38,0.38,0.38,275860000.0,investing
2013-10-10,0.38,0.39,0.38,0.38,0.38,223490000.0,investing
2013-10-11,0.38,0.38,0.38,0.38,0.38,213700000.0,investing
2013-10-14,0.38,0.39,0.38,0.39,0.39,166630000.0,investing
2013-10-15,0.39,0.39,0.39,0.39,0.39,208870000.0,investing
2013-10-16,0.39,0.39,0.39,0.39,0.39,210070000.0,investing
2013-10-17,0.39,0.39,0.39,0.39,0.39,213320000.0,investing
2013-10-18,0.39,0.4,0.39,0.4,0.4,255070000.0,investing
2013-10-21,0.4,0.4,0.4,0.4,0.4,195010000.0,investing
2013-10-22,0.4,0.4,0.39,0.39,0.39,179470000.0,investing
2013-10-23,0.39,0.39,0.39,0.39,0.39,252230000.0,investing
2013-10-24,0.39,0.39,0.38,0.38,0.38,236440000.0,investing
2013-10-25,0.39,0.39,0.38,0.38,0.38,330500000.0,investing
2013-10-28,0.38,0.38,0.38,0.38,0.38,394020000.0,investing
2013-10-29,0.38,0.38,0.38,0.38,0.38,387950000.0,investing
2013-10-30,0.38,0.38,0.38,0.38,0.38,204030000.0,investing
2013-10-31,0.38,0.38,0.38,0.38,0.38,293370000.0,investing
2013-11-01,0.38,0.38,0.38,0.38,0.38,206140000.0,investing
2013-11-04,0.38,0.38,0.37,0.37,0.37,410280000.0,investing
2013-11-05,0.37,0.37,0.36,0.37,0.37,422380000.0,investing
2013-11-06,0.37,0.37,0.37,0.37,0.37,198040000.0,investing
2013-11-07,0.37,0.37,0.36,0.36,0.36,553080000.0,investing
2013-11-08,0.38,0.39,0.37,0.39,0.39,734580000.0,investing
2013-11-11,0.39,0.39,0.39,0.39,0.39,297690000.0,investing
2013-11-12,0.39,0.4,0.39,0.39,0.39,316050000.0,investing
2013-11-13,0.39,0.4,0.39,0.4,0.4,332800000.0,investing
2013-11-14,0.4,0.41,0.4,0.41,0.41,307980000.0,investing
2013-11-15,0.41,0.41,0.4,0.4,0.4,450330000.0,investing
2013-11-18,0.4,0.4,0.39,0.39,0.39,316990000.0,investing
2013-11-19,0.39,0.39,0.39,0.39,0.39,206720000.0,investing
2013-11-20,0.39,0.39,0.38,0.38,0.38,204770000.0,investing
2013-11-21,0.38,0.38,0.38,0.38,0.38,213570000.0,investing
2013-11-22,0.38,0.38,0.38,0.38,0.38,158670000.0,investing
2013-11-25,0.38,0.39,0.38,0.39,0.39,248210000.0,investing
2013-11-26,0.39,0.4,0.39,0.39,0.39,753220000.0,investing
2013-11-27,0.39,0.39,0.39,0.39,0.39,181270000.0,investing
2013-11-29,0.39,0.39,0.39,0.39,0.39,116960000.0,investing
2013-12-02,0.39,0.4,0.39,0.39,0.39,373870000.0,investing
2013-12-03,0.39,0.4,0.39,0.39,0.39,290560000.0,investing
2013-12-04,0.39,0.4,0.39,0.4,0.4,493180000.0,investing
2013-12-05,0.4,0.4,0.39,0.39,0.39,271810000.0,investing
2013-12-06,0.4,0.4,0.39,0.39,0.39,281000000.0,investing
2013-12-09,0.39,0.39,0.38,0.38,0.38,385310000.0,investing
2013-12-10,0.38,0.39,0.38,0.39,0.39,524270000.0,investing
2013-12-11,0.39,0.39,0.38,0.39,0.39,414160000.0,investing
2013-12-12,0.38,0.39,0.38,0.38,0.38,258720000.00000003,investing
2013-12-13,0.38,0.38,0.38,0.38,0.38,184590000.0,investing
2013-12-16,0.38,0.38,0.38,0.38,0.38,237780000.0,investing
2013-12-17,0.38,0.38,0.37,0.38,0.38,274270000.0,investing
2013-12-18,0.38,0.38,0.37,0.38,0.38,426230000.0,investing
2013-12-19,0.38,0.39,0.38,0.38,0.38,258620000.0,investing
2013-12-20,0.39,0.39,0.38,0.39,0.39,382080000.0,investing
2013-12-23,0.39,0.4,0.39,0.39,0.39,168570000.0,investing
2013-12-24,0.4,0.4,0.39,0.4,0.4,79600000.0,investing
2013-12-26,0.4,0.4,0.39,0.39,0.39,168920000.0,investing
2013-12-27,0.39,0.39,0.39,0.39,0.39,210980000.0,investing
2013-12-30,0.39,0.4,0.39,0.4,0.4,248210000.0,investing
2013-12-31,0.4,0.4,0.4,0.4,0.4,235790000.0,investing
2014-01-02,0.4,0.4,0.39,0.4,0.4,260090000.0,investing
2014-01-03,0.4,0.4,0.39,0.39,0.39,259330000.0,investing
2014-01-06,0.4,0.4,0.39,0.4,0.4,409500000.0,investing
2014-01-07,0.4,0.41,0.4,0.4,0.4,333290000.0,investing
2014-01-08,0.41,0.41,0.4,0.41,0.41,308200000.0,investing
2014-01-09,0.4,0.4,0.39,0.39,0.39,292200000.0,investing
2014-01-10,0.4,0.4,0.39,0.39,0.39,218490000.0,investing
2014-01-13,0.39,0.4,0.38,0.38,0.38,243330000.0,investing
2014-01-14,0.39,0.4,0.38,0.4,0.4,241830000.0,investing
2014-01-15,0.4,0.4,0.4,0.4,0.4,175040000.0,investing
2014-01-16,0.4,0.4,0.4,0.4,0.4,220660000.0,investing
2014-01-17,0.4,0.41,0.4,0.4,0.4,340400000.0,investing
2014-01-21,0.4,0.4,0.4,0.4,0.4,246080000.0,investing
2014-01-22,0.4,0.4,0.4,0.4,0.4,337940000.0,investing
2014-01-23,0.4,0.4,0.4,0.4,0.4,185030000.0,investing
2014-01-24,0.4,0.4,0.39,0.39,0.39,248250000.0,investing
2014-01-27,0.39,0.39,0.38,0.39,0.39,233810000.0,investing
2014-01-28,0.39,0.39,0.38,0.39,0.39,167990000.0,investing
2014-01-29,0.39,0.39,0.39,0.39,0.39,158520000.0,investing
2014-01-30,0.39,0.39,0.39,0.39,0.39,202890000.0,investing
2014-01-31,0.39,0.39,0.39,0.39,0.39,335350000.0,investing
2014-02-03,0.4,0.4,0.39,0.39,0.39,431730000.0,investing
2014-02-04,0.39,0.39,0.39,0.39,0.39,280690000.0,investing
2014-02-05,0.39,0.39,0.38,0.39,0.39,214680000.0,investing
2014-02-06,0.39,0.39,0.39,0.39,0.39,168380000.0,investing
2014-02-07,0.39,0.4,0.39,0.4,0.4,157370000.0,investing
2014-02-10,0.4,0.4,0.4,0.4,0.4,324370000.0,investing
2014-02-11,0.4,0.41,0.4,0.41,0.41,235490000.0,investing
2014-02-12,0.41,0.42,0.41,0.42,0.42,745630000.0,investing
2014-02-13,0.43,0.44,0.42,0.43,0.43,902900000.0,investing
2014-02-14,0.43,0.45,0.43,0.45,0.45,817700000.0,investing
2014-02-18,0.45,0.45,0.44,0.45,0.45,429100000.0,investing
2014-02-19,0.45,0.46,0.45,0.45,0.45,450460000.0,investing
2014-02-20,0.45,0.47,0.45,0.47,0.47,398090000.0,investing
2014-02-21,0.47,0.47,0.46,0.47,0.47,451050000.0,investing
2014-02-24,0.47,0.48,0.46,0.47,0.47,403260000.0,investing
2014-02-25,0.47,0.47,0.46,0.47,0.47,242520000.0,investing
2014-02-26,0.47,0.47,0.47,0.47,0.47,360900000.0,investing
2014-02-27,0.47,0.47,0.46,0.46,0.46,388850000.0,investing
2014-02-28,0.46,0.46,0.45,0.46,0.46,321690000.0,investing
2014-03-03,0.45,0.46,0.45,0.46,0.46,375950000.0,investing
2014-03-04,0.46,0.47,0.46,0.46,0.46,260520000.0,investing
2014-03-05,0.46,0.47,0.46,0.47,0.47,241490000.0,investing
2014-03-06,0.47,0.47,0.46,0.46,0.46,290140000.0,investing
2014-03-07,0.46,0.46,0.46,0.46,0.46,268460000.0,investing
2014-03-10,0.46,0.46,0.45,0.45,0.45,300890000.0,investing
2014-03-11,0.45,0.46,0.45,0.46,0.46,297340000.0,investing
2014-03-12,0.45,0.46,0.45,0.46,0.46,239540000.0,investing
2014-03-13,0.46,0.46,0.44,0.44,0.44,385170000.0,investing
2014-03-14,0.44,0.45,0.44,0.45,0.45,460050000.0,investing
2014-03-17,0.45,0.45,0.45,0.45,0.45,299710000.0,investing
2014-03-18,0.45,0.46,0.45,0.46,0.46,293900000.0,investing
2014-03-19,0.46,0.47,0.46,0.46,0.46,366170000.0,investing
2014-03-20,0.46,0.47,0.46,0.46,0.46,191800000.0,investing
2014-03-21,0.47,0.47,0.46,0.46,0.46,566120000.0,investing
2014-03-24,0.46,0.47,0.45,0.46,0.46,306100000.0,investing
2014-03-25,0.47,0.47,0.46,0.46,0.46,304420000.0,investing
2014-03-26,0.47,0.47,0.45,0.45,0.45,557780000.0,investing
2014-03-27,0.45,0.45,0.44,0.44,0.44,540740000.0,investing
2014-03-28,0.44,0.45,0.44,0.45,0.45,398830000.0,investing
2014-03-31,0.45,0.45,0.45,0.45,0.45,273400000.0,investing
2014-04-01,0.46,0.47,0.46,0.47,0.47,656320000.0,investing
2014-04-02,0.47,0.47,0.46,0.46,0.46,239950000.0,investing
2014-04-03,0.46,0.48,0.46,0.47,0.47,599660000.0,investing
2014-04-04,0.47,0.47,0.45,0.45,0.45,368030000.0,investing
2014-04-07,0.45,0.46,0.45,0.46,0.46,428580000.0,investing
2014-04-08,0.46,0.47,0.45,0.47,0.47,470690000.0,investing
2014-04-09,0.47,0.48,0.47,0.47,0.47,421970000.0,investing
2014-04-10,0.47,0.48,0.46,0.46,0.46,372880000.0,investing
2014-04-11,0.46,0.46,0.45,0.45,0.45,353110000.0,investing
2014-04-14,0.46,0.46,0.45,0.46,0.46,290190000.0,investing
2014-04-15,0.46,0.46,0.45,0.46,0.46,304640000.0,investing
2014-04-16,0.46,0.46,0.46,0.46,0.46,235140000.0,investing
2014-04-17,0.46,0.47,0.46,0.46,0.46,153530000.0,investing
2014-04-21,0.46,0.47,0.46,0.47,0.47,117000000.0,investing
2014-04-22,0.47,0.47,0.47,0.47,0.47,255160000.0,investing
2014-04-23,0.47,0.48,0.47,0.48,0.48,261580000.0,investing
2014-04-24,0.48,0.49,0.48,0.48,0.48,391500000.0,investing
2014-04-25,0.48,0.48,0.47,0.47,0.47,313600000.0,investing
2014-04-28,0.47,0.47,0.46,0.47,0.47,226790000.0,investing
2014-04-29,0.47,0.47,0.46,0.47,0.47,171320000.0,investing
2014-04-30,0.47,0.47,0.46,0.46,0.46,305780000.0,investing
2014-05-01,0.47,0.47,0.46,0.46,0.46,198110000.0,investing
2014-05-02,0.47,0.47,0.46,0.46,0.46,156380000.0,investing
2014-05-05,0.46,0.47,0.46,0.47,0.47,239260000.0,investing
2014-05-06,0.47,0.47,0.46,0.46,0.46,416190000.0,investing
2014-05-07,0.46,0.46,0.45,0.46,0.46,294020000.0,investing
2014-05-08,0.46,0.47,0.45,0.46,0.46,432740000.0,investing
2014-05-09,0.45,0.45,0.44,0.45,0.45,539530000.0,investing
2014-05-12,0.45,0.47,0.45,0.46,0.46,299850000.0,investing
2014-05-13,0.46,0.47,0.46,0.46,0.46,221100000.0,investing
2014-05-14,0.46,0.46,0.45,0.45,0.45,214320000.0,investing
2014-05-15,0.45,0.45,0.45,0.45,0.45,325910000.0,investing
2014-05-16,0.45,0.45,0.45,0.45,0.45,283960000.0,investing
2014-05-19,0.45,0.47,0.45,0.46,0.46,360080000.0,investing
2014-05-20,0.46,0.46,0.45,0.46,0.46,256200000.0,investing
2014-05-21,0.46,0.46,0.45,0.46,0.46,216710000.0,investing
2014-05-22,0.46,0.46,0.46,0.46,0.46,130380000.0,investing
2014-05-23,0.46,0.46,0.46,0.46,0.46,182660000.0,investing
2014-05-27,0.47,0.47,0.46,0.47,0.47,209680000.0,investing
2014-05-28,0.47,0.48,0.47,0.47,0.47,224710000.0,investing
2014-05-29,0.47,0.48,0.47,0.47,0.47,171880000.0,investing
2014-05-30,0.47,0.48,0.47,0.47,0.47,239120000.0,investing
2014-06-02,0.48,0.48,0.47,0.47,0.47,181500000.0,investing
2014-06-03,0.47,0.47,0.47,0.47,0.47,243210000.0,investing
2014-06-04,0.47,0.48,0.47,0.47,0.47,161230000.0,investing
2014-06-05,0.47,0.48,0.47,0.47,0.47,188690000.0,investing
2014-06-06,0.48,0.48,0.47,0.48,0.48,161050000.0,investing
2014-06-09,0.48,0.48,0.47,0.48,0.48,247450000.0,investing
2014-06-10,0.47,0.48,0.47,0.48,0.48,217610000.0,investing
2014-06-11,0.48,0.49,0.48,0.48,0.48,266230000.00000003,investing
2014-06-12,0.48,0.49,0.48,0.49,0.49,337160000.0,investing
2014-06-13,0.49,0.49,0.48,0.49,0.49,227850000.0,investing
2014-06-16,0.49,0.49,0.48,0.49,0.49,198620000.0,investing
2014-06-17,0.49,0.49,0.48,0.49,0.49,157610000.0,investing
2014-06-18,0.49,0.49,0.48,0.49,0.49,215540000.0,investing
2014-06-19,0.48,0.48,0.47,0.48,0.48,474590000.0,investing
2014-06-20,0.48,0.48,0.47,0.47,0.47,353150000.0,investing
2014-06-23,0.47,0.47,0.46,0.47,0.47,414200000.0,investing
2014-06-24,0.47,0.47,0.46,0.46,0.46,275780000.0,investing
2014-06-25,0.46,0.47,0.46,0.47,0.47,215420000.0,investing
2014-06-26,0.47,0.47,0.46,0.46,0.46,256910000.00000003,investing
2014-06-27,0.46,0.46,0.46,0.46,0.46,302820000.0,investing
2014-06-30,0.46,0.46,0.46,0.46,0.46,180570000.0,investing
2014-07-01,0.46,0.47,0.46,0.47,0.47,321180000.0,investing
2014-07-02,0.47,0.47,0.46,0.47,0.47,179280000.0,investing
2014-07-03,0.46,0.47,0.46,0.47,0.47,136890000.0,investing
2014-07-07,0.47,0.47,0.47,0.47,0.47,127500000.0,investing
2014-07-08,0.47,0.47,0.46,0.46,0.46,222000000.0,investing
2014-07-09,0.47,0.48,0.46,0.48,0.48,387670000.0,investing
2014-07-10,0.47,0.48,0.47,0.48,0.48,266310000.0,investing
2014-07-11,0.48,0.48,0.47,0.48,0.48,191220000.0,investing
2014-07-14,0.48,0.48,0.48,0.48,0.48,272630000.0,investing
2014-07-15,0.48,0.49,0.48,0.48,0.48,395440000.0,investing
2014-07-16,0.49,0.49,0.48,0.48,0.48,319730000.0,investing
2014-07-17,0.48,0.49,0.48,0.48,0.48,324920000.0,investing
2014-07-18,0.47,0.48,0.46,0.46,0.46,567860000.0,investing
2014-07-21,0.46,0.47,0.46,0.46,0.46,243370000.0,investing
2014-07-22,0.47,0.47,0.46,0.46,0.46,298820000.0,investing
2014-07-23,0.46,0.46,0.45,0.45,0.45,297350000.0,investing
2014-07-24,0.45,0.46,0.45,0.45,0.45,254580000.0,investing
2014-07-25,0.45,0.45,0.44,0.44,0.44,266130000.0,investing
2014-07-28,0.45,0.45,0.44,0.44,0.44,330350000.0,investing
2014-07-29,0.44,0.45,0.44,0.44,0.44,217970000.0,investing
2014-07-30,0.45,0.45,0.45,0.45,0.45,246200000.0,investing
2014-07-31,0.45,0.45,0.44,0.44,0.44,401920000.0,investing
2014-08-01,0.44,0.44,0.44,0.44,0.44,219880000.0,investing
2014-08-04,0.44,0.45,0.44,0.44,0.44,241740000.0,investing
2014-08-05,0.44,0.45,0.44,0.44,0.44,298340000.0,investing
2014-08-06,0.44,0.45,0.44,0.44,0.44,223460000.0,investing
2014-08-07,0.44,0.45,0.43,0.44,0.44,408010000.0,investing
2014-08-08,0.46,0.48,0.46,0.47,0.47,894640000.0,investing
2014-08-11,0.48,0.48,0.47,0.47,0.47,344620000.0,investing
2014-08-12,0.47,0.47,0.47,0.47,0.47,296150000.0,investing
2014-08-13,0.47,0.48,0.47,0.48,0.48,256590000.0,investing
2014-08-14,0.48,0.48,0.47,0.47,0.47,255990000.0,investing
2014-08-15,0.47,0.48,0.47,0.48,0.48,369980000.0,investing
2014-08-18,0.48,0.48,0.47,0.48,0.48,284120000.0,investing
2014-08-19,0.48,0.49,0.48,0.48,0.48,248260000.0,investing
2014-08-20,0.48,0.48,0.48,0.48,0.48,221470000.0,investing
2014-08-21,0.48,0.48,0.48,0.48,0.48,272800000.0,investing
2014-08-22,0.48,0.48,0.47,0.48,0.48,251220000.0,investing
2014-08-25,0.48,0.48,0.48,0.48,0.48,153380000.0,investing
2014-08-26,0.48,0.49,0.48,0.49,0.49,269640000.0,investing
2014-08-27,0.48,0.49,0.48,0.48,0.48,182970000.0,investing
2014-08-28,0.48,0.49,0.48,0.48,0.48,179710000.0,investing
2014-08-29,0.49,0.49,0.48,0.49,0.49,207950000.0,investing
2014-09-02,0.49,0.49,0.48,0.49,0.49,192640000.0,investing
2014-09-03,0.49,0.49,0.49,0.49,0.49,259460000.0,investing
2014-09-04,0.49,0.5,0.49,0.5,0.5,491830000.0,investing
2014-09-05,0.5,0.5,0.5,0.5,0.5,253800000.0,investing
2014-09-08,0.5,0.5,0.49,0.49,0.49,319290000.0,investing
2014-09-09,0.49,0.5,0.49,0.49,0.49,198590000.0,investing
2014-09-10,0.49,0.49,0.49,0.49,0.49,172380000.0,investing
2014-09-11,0.49,0.49,0.48,0.49,0.49,250720000.0,investing
2014-09-12,0.49,0.49,0.48,0.48,0.48,262540000.00000003,investing
2014-09-15,0.48,0.48,0.47,0.47,0.47,294160000.0,investing
2014-09-16,0.47,0.48,0.47,0.48,0.48,219940000.0,investing
2014-09-17,0.48,0.48,0.47,0.48,0.48,173580000.0,investing
2014-09-18,0.48,0.49,0.48,0.49,0.49,219600000.0,investing
2014-09-19,0.49,0.49,0.48,0.48,0.48,601340000.0,investing
2014-09-22,0.49,0.49,0.47,0.47,0.47,221460000.0,investing
2014-09-23,0.47,0.48,0.47,0.47,0.47,196140000.0,investing
2014-09-24,0.47,0.47,0.47,0.47,0.47,159600000.0,investing
2014-09-25,0.47,0.47,0.46,0.46,0.46,298440000.0,investing
2014-09-26,0.46,0.47,0.46,0.46,0.46,241190000.0,investing
2014-09-29,0.46,0.47,0.46,0.46,0.46,208540000.0,investing
2014-09-30,0.46,0.46,0.46,0.46,0.46,277210000.0,investing
2014-10-01,0.46,0.47,0.46,0.46,0.46,351000000.0,investing
2014-10-02,0.46,0.46,0.44,0.45,0.45,288990000.0,investing
2014-10-03,0.46,0.46,0.46,0.46,0.46,239140000.0,investing
2014-10-06,0.46,0.46,0.45,0.45,0.45,199030000.0,investing
2014-10-07,0.45,0.46,0.45,0.45,0.45,301900000.0,investing
2014-10-08,0.45,0.46,0.44,0.46,0.46,260170000.00000003,investing
2014-10-09,0.45,0.45,0.44,0.45,0.45,307000000.0,investing
2014-10-10,0.44,0.45,0.42,0.42,0.42,691380000.0,investing
2014-10-13,0.42,0.43,0.42,0.42,0.42,397630000.0,investing
2014-10-14,0.43,0.44,0.42,0.43,0.43,376620000.0,investing
2014-10-15,0.42,0.44,0.42,0.44,0.44,404440000.0,investing
2014-10-16,0.43,0.44,0.43,0.44,0.44,351120000.0,investing
2014-10-17,0.44,0.45,0.43,0.44,0.44,290740000.0,investing
2014-10-20,0.44,0.44,0.43,0.44,0.44,200340000.0,investing
2014-10-21,0.44,0.46,0.44,0.46,0.46,351130000.0,investing
2014-10-22,0.46,0.46,0.45,0.45,0.45,239520000.0,investing
2014-10-23,0.46,0.46,0.45,0.46,0.46,214700000.0,investing
2014-10-24,0.46,0.46,0.46,0.46,0.46,210170000.0,investing
2014-10-27,0.46,0.46,0.46,0.46,0.46,145110000.0,investing
2014-10-28,0.46,0.47,0.46,0.47,0.47,192580000.0,investing
2014-10-29,0.47,0.47,0.47,0.47,0.47,168340000.0,investing
2014-10-30,0.47,0.47,0.46,0.47,0.47,170260000.0,investing
2014-10-31,0.48,0.49,0.48,0.49,0.49,256330000.0,investing
2014-11-03,0.5,0.5,0.49,0.5,0.5,308790000.0,investing
2014-11-04,0.5,0.51,0.49,0.5,0.5,360200000.0,investing
2014-11-05,0.51,0.51,0.5,0.5,0.5,335650000.0,investing
2014-11-06,0.5,0.51,0.5,0.51,0.51,394090000.0,investing
2014-11-07,0.51,0.52,0.49,0.49,0.49,450800000.0,investing
2014-11-10,0.49,0.5,0.49,0.5,0.5,293390000.0,investing
2014-11-11,0.5,0.5,0.49,0.49,0.49,213010000.0,investing
2014-11-12,0.49,0.49,0.48,0.49,0.49,204580000.0,investing
2014-11-13,0.49,0.49,0.48,0.49,0.49,225330000.0,investing
2014-11-14,0.49,0.49,0.48,0.49,0.49,160250000.0,investing
2014-11-17,0.49,0.5,0.49,0.49,0.49,158730000.0,investing
2014-11-18,0.49,0.51,0.49,0.5,0.5,207770000.0,investing
2014-11-19,0.5,0.5,0.49,0.5,0.5,240300000.0,investing
2014-11-20,0.5,0.51,0.5,0.51,0.51,220970000.0,investing
2014-11-21,0.51,0.51,0.51,0.51,0.51,198980000.0,investing
2014-11-24,0.51,0.52,0.51,0.51,0.51,136000000.0,investing
2014-11-25,0.51,0.52,0.51,0.51,0.51,190240000.0,investing
2014-11-26,0.51,0.52,0.51,0.52,0.52,219270000.0,investing
2014-11-28,0.52,0.53,0.52,0.52,0.52,124830000.0,investing
2014-12-01,0.52,0.53,0.51,0.51,0.51,190060000.0,investing
2014-12-02,0.51,0.52,0.51,0.52,0.52,245950000.0,investing
2014-12-03,0.52,0.53,0.52,0.53,0.53,284460000.0,investing
2014-12-04,0.53,0.53,0.52,0.52,0.52,186630000.0,investing
2014-12-05,0.52,0.53,0.52,0.53,0.53,165680000.0,investing
2014-12-08,0.53,0.53,0.52,0.52,0.52,227070000.0,investing
2014-12-09,0.52,0.52,0.51,0.52,0.52,239450000.0,investing
2014-12-10,0.52,0.52,0.51,0.51,0.51,204710000.0,investing
2014-12-11,0.51,0.51,0.51,0.51,0.51,135650000.0,investing
2014-12-12,0.5,0.5,0.49,0.49,0.49,324150000.0,investing
2014-12-15,0.5,0.51,0.49,0.49,0.49,254700000.0,investing
2014-12-16,0.49,0.5,0.48,0.48,0.48,185310000.0,investing
2014-12-17,0.49,0.5,0.48,0.5,0.5,345600000.0,investing
2014-12-18,0.51,0.52,0.5,0.51,0.51,226160000.0,investing
2014-12-19,0.51,0.51,0.5,0.51,0.51,325530000.0,investing
2014-12-22,0.51,0.52,0.51,0.52,0.52,148970000.0,investing
2014-12-23,0.52,0.53,0.52,0.52,0.52,109280000.0,investing
2014-12-24,0.52,0.52,0.51,0.51,0.51,45650000.0,investing
2014-12-26,0.51,0.52,0.51,0.51,0.51,52640000.0,investing
2014-12-29,0.51,0.52,0.51,0.51,0.51,83330000.0,investing
2014-12-30,0.51,0.51,0.51,0.51,0.51,112120000.0,investing
2014-12-31,0.51,0.51,0.5,0.5,0.5,166320000.0,investing
2015-01-02,0.5,0.51,0.5,0.5,0.5,113680000.0,investing
2015-01-05,0.5,0.5,0.49,0.49,0.49,197950000.0,investing
2015-01-06,0.5,0.5,0.48,0.48,0.48,197760000.0,investing
2015-01-07,0.48,0.49,0.48,0.48,0.48,321810000.0,investing
2015-01-08,0.48,0.5,0.48,0.5,0.5,283780000.0,investing
2015-01-09,0.5,0.5,0.49,0.5,0.5,209540000.0,investing
2015-01-12,0.5,0.5,0.49,0.49,0.49,190730000.0,investing
2015-01-13,0.5,0.51,0.49,0.49,0.49,236720000.0,investing
2015-01-14,0.49,0.49,0.48,0.49,0.49,155260000.0,investing
2015-01-15,0.5,0.5,0.49,0.49,0.49,188950000.0,investing
2015-01-16,0.49,0.5,0.49,0.5,0.5,181510000.0,investing
2015-01-20,0.5,0.51,0.49,0.5,0.5,140310000.0,investing
2015-01-21,0.5,0.51,0.49,0.51,0.51,144780000.0,investing
2015-01-22,0.51,0.52,0.5,0.52,0.52,159710000.0,investing
2015-01-23,0.52,0.52,0.51,0.52,0.52,120420000.0,investing
2015-01-26,0.52,0.52,0.51,0.52,0.52,133240000.0,investing
2015-01-27,0.51,0.51,0.49,0.49,0.49,357950000.0,investing
2015-01-28,0.5,0.5,0.48,0.48,0.48,272730000.0,investing
2015-01-29,0.48,0.5,0.48,0.49,0.49,235340000.0,investing
2015-01-30,0.49,0.5,0.48,0.48,0.48,298200000.0,investing
2015-02-02,0.48,0.49,0.47,0.49,0.49,259610000.0,investing
2015-02-03,0.49,0.5,0.49,0.5,0.5,183470000.0,investing
2015-02-04,0.5,0.51,0.5,0.5,0.5,181510000.0,investing
2015-02-05,0.5,0.51,0.5,0.51,0.51,140450000.0,investing
2015-02-06,0.51,0.52,0.51,0.51,0.51,210520000.0,investing
2015-02-09,0.51,0.51,0.5,0.51,0.51,273970000.0,investing
2015-02-10,0.51,0.52,0.51,0.52,0.52,226200000.0,investing
2015-02-11,0.53,0.53,0.52,0.52,0.52,320830000.0,investing
2015-02-12,0.55,0.56,0.55,0.56,0.56,676900000.0,investing
2015-02-13,0.56,0.56,0.55,0.56,0.56,310090000.0,investing
2015-02-17,0.56,0.56,0.55,0.56,0.56,203340000.0,investing
2015-02-18,0.56,0.56,0.55,0.55,0.55,170960000.0,investing
2015-02-19,0.56,0.56,0.55,0.55,0.55,169430000.0,investing
2015-02-20,0.55,0.56,0.55,0.56,0.56,157750000.0,investing
2015-02-23,0.56,0.56,0.55,0.55,0.55,125040000.0,investing
2015-02-24,0.55,0.56,0.55,0.56,0.56,149330000.0,investing
2015-02-25,0.56,0.56,0.55,0.55,0.55,123820000.0,investing
2015-02-26,0.55,0.56,0.55,0.56,0.56,152860000.0,investing
2015-02-27,0.55,0.55,0.55,0.55,0.55,157490000.0,investing
2015-03-02,0.55,0.57,0.55,0.56,0.56,301510000.0,investing
2015-03-03,0.56,0.56,0.55,0.55,0.55,160350000.0,investing
2015-03-04,0.55,0.56,0.55,0.56,0.56,226840000.0,investing
2015-03-05,0.56,0.57,0.56,0.57,0.57,323060000.0,investing
2015-03-06,0.57,0.57,0.56,0.56,0.56,257390000.0,investing
2015-03-09,0.56,0.57,0.56,0.57,0.57,222390000.0,investing
2015-03-10,0.57,0.58,0.57,0.57,0.57,527210000.00000006,investing
2015-03-11,0.57,0.58,0.57,0.57,0.57,262120000.0,investing
2015-03-12,0.57,0.57,0.56,0.57,0.57,406970000.0,investing
2015-03-13,0.56,0.57,0.56,0.57,0.57,359290000.0,investing
2015-03-16,0.57,0.58,0.57,0.57,0.57,236950000.0,investing
2015-03-17,0.57,0.58,0.57,0.58,0.58,299940000.0,investing
2015-03-18,0.58,0.58,0.57,0.57,0.57,413840000.0,investing
2015-03-19,0.57,0.58,0.57,0.58,0.58,310750000.0,investing
2015-03-20,0.59,0.59,0.58,0.59,0.59,462080000.0,investing
2015-03-23,0.57,0.58,0.57,0.57,0.57,426010000.0,investing
2015-03-24,0.57,0.57,0.56,0.56,0.56,330480000.0,investing
2015-03-25,0.56,0.56,0.52,0.53,0.53,542550000.0,investing
2015-03-26,0.52,0.53,0.51,0.52,0.52,311920000.0,investing
2015-03-27,0.53,0.54,0.52,0.53,0.53,318290000.0,investing
2015-03-30,0.54,0.54,0.53,0.54,0.54,253250000.0,investing
2015-03-31,0.54,0.54,0.52,0.52,0.52,357280000.0,investing
2015-04-01,0.53,0.53,0.52,0.53,0.53,330770000.0,investing
2015-04-02,0.53,0.53,0.52,0.53,0.53,192200000.0,investing
2015-04-06,0.52,0.54,0.52,0.54,0.54,515860000.0,investing
2015-04-07,0.54,0.55,0.54,0.55,0.55,413960000.0,investing
2015-04-08,0.55,0.55,0.54,0.55,0.55,366430000.0,investing
2015-04-09,0.55,0.56,0.55,0.56,0.56,379430000.0,investing
2015-04-10,0.56,0.57,0.56,0.57,0.57,258730000.00000003,investing
2015-04-13,0.57,0.57,0.56,0.56,0.56,236720000.0,investing
2015-04-14,0.56,0.56,0.55,0.56,0.56,220270000.0,investing
2015-04-15,0.56,0.57,0.56,0.57,0.57,243560000.0,investing
2015-04-16,0.56,0.57,0.56,0.56,0.56,155280000.0,investing
2015-04-17,0.55,0.56,0.55,0.56,0.56,293640000.0,investing
2015-04-20,0.56,0.56,0.55,0.55,0.55,231630000.0,investing
2015-04-21,0.56,0.56,0.55,0.55,0.55,230450000.0,investing
2015-04-22,0.55,0.56,0.55,0.56,0.56,207420000.0,investing
2015-04-23,0.55,0.56,0.54,0.56,0.56,259380000.0,investing
2015-04-24,0.56,0.56,0.54,0.55,0.55,240960000.0,investing
2015-04-27,0.55,0.56,0.55,0.56,0.56,248450000.0,investing
2015-04-28,0.55,0.56,0.55,0.56,0.56,234480000.0,investing
2015-04-29,0.55,0.56,0.55,0.55,0.55,195160000.0,investing
2015-04-30,0.55,0.56,0.55,0.55,0.55,218840000.0,investing
2015-05-01,0.56,0.57,0.56,0.57,0.57,256970000.00000003,investing
2015-05-04,0.57,0.57,0.56,0.57,0.57,200720000.0,investing
2015-05-05,0.56,0.56,0.55,0.55,0.55,292930000.0,investing
2015-05-06,0.55,0.56,0.55,0.55,0.55,316480000.0,investing
2015-05-07,0.55,0.56,0.55,0.56,0.56,534560000.0,investing
2015-05-08,0.53,0.55,0.51,0.52,0.52,1150000000.0,investing
2015-05-11,0.51,0.52,0.51,0.52,0.52,544150000.0,investing
2015-05-12,0.51,0.53,0.51,0.52,0.52,388800000.0,investing
2015-05-13,0.52,0.53,0.52,0.52,0.52,308520000.0,investing
2015-05-14,0.53,0.54,0.52,0.53,0.53,293050000.0,investing
2015-05-15,0.53,0.54,0.53,0.53,0.53,215820000.0,investing
2015-05-18,0.53,0.54,0.53,0.53,0.53,324970000.0,investing
2015-05-19,0.53,0.53,0.53,0.53,0.53,253810000.0,investing
2015-05-20,0.53,0.53,0.53,0.53,0.53,196820000.0,investing
2015-05-21,0.53,0.53,0.52,0.52,0.52,239690000.0,investing
2015-05-22,0.52,0.53,0.52,0.52,0.52,212610000.0,investing
2015-05-26,0.52,0.52,0.51,0.52,0.52,259730000.00000003,investing
2015-05-27,0.52,0.55,0.52,0.55,0.55,432330000.0,investing
2015-05-28,0.55,0.56,0.55,0.55,0.55,327660000.0,investing
2015-05-29,0.55,0.56,0.55,0.55,0.55,335170000.0,investing
2015-06-01,0.56,0.57,0.55,0.56,0.56,372660000.0,investing
2015-06-02,0.56,0.56,0.55,0.55,0.55,224300000.0,investing
2015-06-03,0.55,0.55,0.54,0.54,0.54,250790000.0,investing
2015-06-04,0.54,0.55,0.54,0.55,0.55,323710000.0,investing
2015-06-05,0.55,0.56,0.54,0.56,0.56,313320000.0,investing
2015-06-08,0.55,0.56,0.54,0.54,0.54,342810000.0,investing
2015-06-09,0.54,0.55,0.54,0.55,0.55,256890000.0,investing
2015-06-10,0.54,0.54,0.53,0.54,0.54,529460000.00000006,investing
2015-06-11,0.54,0.55,0.54,0.54,0.54,283050000.0,investing
2015-06-12,0.54,0.54,0.53,0.53,0.53,323730000.0,investing
2015-06-15,0.53,0.53,0.52,0.53,0.53,306550000.0,investing
2015-06-16,0.53,0.53,0.52,0.53,0.53,256890000.0,investing
2015-06-17,0.53,0.54,0.53,0.54,0.54,233550000.0,investing
2015-06-18,0.54,0.55,0.54,0.55,0.55,299400000.0,investing
2015-06-19,0.55,0.55,0.54,0.55,0.55,355660000.0,investing
2015-06-22,0.55,0.55,0.54,0.54,0.54,514240000.0,investing
2015-06-23,0.55,0.55,0.53,0.53,0.53,414070000.0,investing
2015-06-24,0.53,0.53,0.52,0.53,0.53,253370000.0,investing
2015-06-25,0.53,0.53,0.53,0.53,0.53,350460000.0,investing
2015-06-26,0.53,0.53,0.52,0.52,0.52,421290000.0,investing
2015-06-29,0.51,0.52,0.5,0.5,0.5,391720000.0,investing
2015-06-30,0.51,0.51,0.5,0.5,0.5,315910000.0,investing
2015-07-01,0.52,0.52,0.51,0.51,0.51,302920000.0,investing
2015-07-02,0.51,0.51,0.51,0.51,0.51,145760000.0,investing
2015-07-06,0.51,0.51,0.5,0.5,0.5,214780000.0,investing
2015-07-07,0.5,0.5,0.48,0.49,0.49,594250000.0,investing
2015-07-08,0.49,0.49,0.49,0.49,0.49,332490000.0,investing
2015-07-09,0.5,0.5,0.48,0.49,0.49,357590000.0,investing
2015-07-10,0.49,0.5,0.49,0.49,0.49,216710000.0,investing
2015-07-13,0.5,0.5,0.49,0.5,0.5,212470000.0,investing
2015-07-14,0.5,0.5,0.49,0.5,0.5,249220000.0,investing
2015-07-15,0.5,0.5,0.49,0.49,0.49,265730000.00000003,investing
2015-07-16,0.5,0.5,0.49,0.5,0.5,282890000.0,investing
2015-07-17,0.5,0.5,0.5,0.5,0.5,220370000.0,investing
2015-07-20,0.5,0.5,0.49,0.49,0.49,188410000.0,investing
2015-07-21,0.49,0.5,0.49,0.49,0.49,149720000.0,investing
2015-07-22,0.49,0.49,0.48,0.49,0.49,356470000.0,investing
2015-07-23,0.49,0.5,0.49,0.49,0.49,169910000.0,investing
2015-07-24,0.49,0.5,0.48,0.49,0.49,188840000.0,investing
2015-07-27,0.48,0.49,0.48,0.48,0.48,192420000.0,investing
2015-07-28,0.48,0.5,0.48,0.49,0.49,198310000.0,investing
2015-07-29,0.49,0.5,0.49,0.5,0.5,232680000.0,investing
2015-07-30,0.5,0.51,0.5,0.5,0.5,190180000.0,investing
2015-07-31,0.5,0.5,0.5,0.5,0.5,218370000.0,investing
2015-08-03,0.5,0.51,0.5,0.51,0.51,397130000.0,investing
2015-08-04,0.51,0.51,0.5,0.51,0.51,260100000.00000003,investing
2015-08-05,0.52,0.52,0.51,0.51,0.51,234630000.0,investing
2015-08-06,0.51,0.52,0.5,0.51,0.51,655680000.0,investing
2015-08-07,0.56,0.58,0.55,0.57,0.57,1410000000.0,investing
2015-08-10,0.57,0.6,0.57,0.59,0.59,662310000.0,investing
2015-08-11,0.59,0.6,0.59,0.59,0.59,435010000.0,investing
2015-08-12,0.58,0.6,0.58,0.59,0.59,384080000.0,investing
2015-08-13,0.59,0.59,0.59,0.59,0.59,276890000.0,investing
2015-08-14,0.59,0.59,0.58,0.59,0.59,214650000.0,investing
2015-08-17,0.59,0.59,0.58,0.58,0.58,273880000.0,investing
2015-08-18,0.58,0.58,0.57,0.58,0.58,287080000.0,investing
2015-08-19,0.58,0.58,0.57,0.57,0.57,249270000.0,investing
2015-08-20,0.57,0.57,0.55,0.55,0.55,426930000.0,investing
2015-08-21,0.55,0.56,0.54,0.54,0.54,382670000.0,investing
2015-08-24,0.51,0.55,0.5,0.52,0.52,682280000.0,investing
2015-08-25,0.54,0.54,0.51,0.51,0.51,622680000.0,investing
2015-08-26,0.52,0.55,0.52,0.55,0.55,614980000.0,investing
2015-08-27,0.55,0.57,0.55,0.57,0.57,463760000.0,investing
2015-08-28,0.57,0.57,0.56,0.57,0.57,320950000.0,investing
2015-08-31,0.57,0.57,0.56,0.56,0.56,219350000.0,investing
2015-09-01,0.55,0.56,0.54,0.54,0.54,353410000.0,investing
2015-09-02,0.55,0.56,0.54,0.56,0.56,344040000.0,investing
2015-09-03,0.56,0.57,0.56,0.56,0.56,262560000.0,investing
2015-09-04,0.55,0.56,0.54,0.54,0.54,288010000.0,investing
2015-09-08,0.56,0.57,0.55,0.57,0.57,238450000.0,investing
2015-09-09,0.57,0.57,0.55,0.56,0.56,289390000.0,investing
2015-09-10,0.55,0.57,0.55,0.56,0.56,357080000.0,investing
2015-09-11,0.56,0.57,0.56,0.57,0.57,301580000.0,investing
2015-09-14,0.57,0.57,0.56,0.57,0.57,192470000.0,investing
2015-09-15,0.57,0.58,0.57,0.57,0.57,327980000.0,investing
2015-09-16,0.57,0.58,0.57,0.58,0.58,173510000.0,investing
2015-09-17,0.59,0.59,0.58,0.58,0.58,268710000.0,investing
2015-09-18,0.57,0.59,0.57,0.58,0.58,326410000.0,investing
2015-09-21,0.58,0.59,0.58,0.59,0.59,281860000.0,investing
2015-09-22,0.58,0.58,0.57,0.57,0.57,228360000.0,investing
2015-09-23,0.57,0.58,0.57,0.57,0.57,161630000.0,investing
2015-09-24,0.57,0.59,0.56,0.59,0.59,382440000.0,investing
2015-09-25,0.59,0.6,0.58,0.59,0.59,369690000.0,investing
2015-09-28,0.59,0.59,0.58,0.58,0.58,395580000.0,investing
2015-09-29,0.59,0.59,0.58,0.59,0.59,380730000.0,investing
2015-09-30,0.6,0.62,0.59,0.62,0.62,556380000.0,investing
2015-10-01,0.62,0.62,0.59,0.6,0.6,489300000.0,investing
2015-10-02,0.6,0.62,0.59,0.62,0.62,386150000.0,investing
2015-10-05,0.62,0.64,0.62,0.64,0.64,482020000.0,investing
2015-10-06,0.63,0.65,0.63,0.64,0.64,454420000.0,investing
2015-10-07,0.65,0.66,0.63,0.65,0.65,310150000.0,investing
2015-10-08,0.65,0.66,0.64,0.65,0.65,460070000.0,investing
2015-10-09,0.65,0.66,0.64,0.65,0.65,423250000.0,investing
2015-10-12,0.65,0.66,0.65,0.66,0.66,227590000.0,investing
2015-10-13,0.65,0.66,0.65,0.66,0.66,298440000.0,investing
2015-10-14,0.66,0.69,0.66,0.68,0.68,612190000.0,investing
2015-10-15,0.69,0.7,0.68,0.69,0.69,526050000.0,investing
2015-10-16,0.69,0.7,0.69,0.7,0.7,448400000.0,investing
2015-10-19,0.7,0.7,0.69,0.7,0.7,294710000.0,investing
2015-10-20,0.69,0.7,0.69,0.69,0.69,264820000.0,investing
2015-10-21,0.7,0.7,0.68,0.69,0.69,386680000.0,investing
2015-10-22,0.69,0.71,0.69,0.71,0.71,306880000.0,investing
2015-10-23,0.72,0.72,0.71,0.71,0.71,381770000.0,investing
2015-10-26,0.72,0.72,0.7,0.71,0.71,247440000.0,investing
2015-10-27,0.71,0.72,0.71,0.71,0.71,208270000.0,investing
2015-10-28,0.72,0.72,0.7,0.72,0.72,217030000.0,investing
2015-10-29,0.71,0.71,0.69,0.69,0.69,327170000.0,investing
2015-10-30,0.7,0.71,0.69,0.71,0.71,301160000.0,investing
2015-11-02,0.71,0.72,0.71,0.72,0.72,190090000.0,investing
2015-11-03,0.71,0.72,0.7,0.71,0.71,376770000.0,investing
2015-11-04,0.71,0.72,0.7,0.7,0.7,442260000.0,investing
2015-11-05,0.7,0.71,0.69,0.69,0.69,478800000.0,investing
2015-11-06,0.76,0.8,0.75,0.79,0.79,1170000000.0,investing
2015-11-09,0.78,0.79,0.77,0.79,0.79,492570000.0,investing
2015-11-10,0.78,0.78,0.75,0.77,0.77,552260000.0,investing
2015-11-11,0.77,0.78,0.76,0.76,0.76,620130000.0,investing
2015-11-12,0.76,0.77,0.76,0.76,0.76,291080000.0,investing
2015-11-13,0.76,0.76,0.74,0.74,0.74,292940000.0,investing
2015-11-16,0.75,0.76,0.75,0.76,0.76,344280000.0,investing
2015-11-17,0.76,0.77,0.76,0.76,0.76,257050000.0,investing
2015-11-18,0.76,0.78,0.75,0.78,0.78,350210000.0,investing
2015-11-19,0.78,0.79,0.77,0.78,0.78,254070000.0,investing
2015-11-20,0.78,0.79,0.78,0.78,0.78,239740000.0,investing
2015-11-23,0.79,0.79,0.77,0.77,0.77,242550000.0,investing
2015-11-24,0.77,0.79,0.77,0.78,0.78,195430000.0,investing
2015-11-25,0.78,0.79,0.78,0.78,0.78,138300000.0,investing
2015-11-27,0.78,0.79,0.78,0.78,0.78,87010000.0,investing
2015-11-30,0.79,0.8,0.78,0.79,0.79,327240000.0,investing
2015-12-01,0.8,0.82,0.8,0.82,0.82,409500000.0,investing
2015-12-02,0.82,0.83,0.81,0.81,0.81,294240000.0,investing
2015-12-03,0.82,0.83,0.81,0.81,0.81,246660000.0,investing
2015-12-04,0.81,0.85,0.81,0.84,0.84,458760000.0,investing
2015-12-07,0.84,0.84,0.83,0.83,0.83,333590000.0,investing
2015-12-08,0.82,0.84,0.81,0.84,0.84,314490000.0,investing
2015-12-09,0.84,0.84,0.81,0.82,0.82,372670000.0,investing
2015-12-10,0.82,0.83,0.82,0.82,0.82,236600000.0,investing
2015-12-11,0.82,0.82,0.81,0.81,0.81,227320000.0,investing
2015-12-14,0.81,0.82,0.8,0.81,0.81,276350000.0,investing
2015-12-15,0.82,0.83,0.82,0.82,0.82,307290000.0,investing
2015-12-16,0.83,0.83,0.82,0.83,0.83,236350000.0,investing
2015-12-17,0.83,0.84,0.82,0.82,0.82,254160000.0,investing
2015-12-18,0.81,0.82,0.8,0.8,0.8,395900000.0,investing
2015-12-21,0.81,0.82,0.81,0.82,0.82,284210000.0,investing
2015-12-22,0.82,0.83,0.82,0.82,0.82,130010000.0,investing
2015-12-23,0.82,0.83,0.82,0.83,0.83,122530000.0,investing
2015-12-24,0.82,0.83,0.82,0.83,0.83,52450000.0,investing
2015-12-28,0.82,0.83,0.81,0.83,0.83,142030000.0,investing
2015-12-29,0.83,0.84,0.83,0.84,0.84,203660000.0,investing
2015-12-30,0.84,0.85,0.83,0.83,0.83,180340000.0,investing
2015-12-31,0.83,0.84,0.82,0.82,0.82,148530000.0,investing
2016-01-04,0.81,0.81,0.8,0.81,0.81,358080000.0,investing
2016-01-05,0.82,0.84,0.81,0.82,0.82,490270000.0,investing
2016-01-06,0.81,0.81,0.78,0.79,0.79,449340000.0,investing
2016-01-07,0.77,0.77,0.75,0.76,0.76,645300000.0,investing
2016-01-08,0.77,0.77,0.74,0.74,0.74,398470000.0,investing
2016-01-11,0.74,0.75,0.73,0.74,0.74,409400000.0,investing
2016-01-12,0.76,0.77,0.75,0.75,0.75,469360000.0,investing
2016-01-13,0.76,0.77,0.73,0.73,0.73,481670000.0,investing
2016-01-14,0.72,0.72,0.7,0.72,0.72,600230000.0,investing
2016-01-15,0.69,0.7,0.67,0.68,0.68,841450000.0,investing
2016-01-19,0.69,0.71,0.68,0.68,0.68,457140000.0,investing
2016-01-20,0.67,0.7,0.66,0.69,0.69,481180000.0,investing
2016-01-21,0.69,0.71,0.68,0.69,0.69,481460000.0,investing
2016-01-22,0.71,0.72,0.71,0.71,0.71,258010000.0,investing
2016-01-25,0.71,0.72,0.71,0.71,0.71,270730000.0,investing
2016-01-26,0.71,0.72,0.7,0.72,0.72,227970000.0,investing
2016-01-27,0.72,0.72,0.7,0.71,0.71,231700000.0,investing
2016-01-28,0.71,0.72,0.69,0.7,0.7,276780000.0,investing
2016-01-29,0.71,0.73,0.7,0.73,0.73,310500000.0,investing
2016-02-01,0.73,0.74,0.73,0.73,0.73,289880000.0,investing
2016-02-02,0.72,0.73,0.7,0.7,0.7,341910000.0,investing
2016-02-03,0.71,0.71,0.69,0.7,0.7,326770000.0,investing
2016-02-04,0.71,0.72,0.7,0.71,0.71,348140000.0,investing
2016-02-05,0.7,0.71,0.66,0.66,0.66,600430000.0,investing
2016-02-08,0.65,0.65,0.62,0.63,0.63,608850000.0,investing
2016-02-09,0.62,0.66,0.62,0.64,0.64,425370000.0,investing
2016-02-10,0.64,0.66,0.63,0.64,0.64,335800000.0,investing
2016-02-11,0.62,0.64,0.62,0.63,0.63,340150000.0,investing
2016-02-12,0.64,0.64,0.62,0.64,0.64,340810000.0,investing
2016-02-16,0.65,0.68,0.65,0.67,0.67,485350000.0,investing
2016-02-17,0.68,0.7,0.68,0.69,0.69,771470000.0,investing
2016-02-18,0.75,0.77,0.75,0.75,0.75,1070000000.0,investing
2016-02-19,0.75,0.77,0.74,0.76,0.76,525630000.0,investing
2016-02-22,0.77,0.8,0.77,0.79,0.79,449670000.0,investing
2016-02-23,0.78,0.8,0.78,0.79,0.79,369380000.0,investing
2016-02-24,0.79,0.8,0.77,0.8,0.8,336850000.0,investing
2016-02-25,0.8,0.8,0.78,0.8,0.8,349610000.0,investing
2016-02-26,0.8,0.8,0.78,0.79,0.79,361960000.0,investing
2016-02-29,0.79,0.8,0.78,0.78,0.78,323340000.0,investing
2016-03-01,0.79,0.82,0.78,0.82,0.82,348700000.0,investing
2016-03-02,0.81,0.83,0.81,0.82,0.82,233840000.0,investing
2016-03-03,0.82,0.83,0.81,0.82,0.82,302000000.0,investing
2016-03-04,0.82,0.82,0.81,0.81,0.81,175310000.0,investing
2016-03-07,0.81,0.81,0.8,0.81,0.81,240220000.0,investing
2016-03-08,0.8,0.81,0.79,0.79,0.79,274940000.0,investing
2016-03-09,0.8,0.8,0.78,0.79,0.79,222790000.0,investing
2016-03-10,0.8,0.8,0.78,0.79,0.79,286090000.0,investing
2016-03-11,0.8,0.81,0.79,0.81,0.81,277400000.0,investing
2016-03-14,0.8,0.81,0.8,0.81,0.81,190310000.0,investing
2016-03-15,0.8,0.81,0.79,0.8,0.8,226220000.0,investing
2016-03-16,0.8,0.83,0.79,0.83,0.83,363640000.0,investing
2016-03-17,0.82,0.83,0.81,0.82,0.82,353680000.0,investing
2016-03-18,0.83,0.86,0.82,0.85,0.85,545510000.0,investing
2016-03-21,0.84,0.85,0.83,0.85,0.85,337780000.0,investing
2016-03-22,0.84,0.85,0.84,0.85,0.85,242010000.0,investing
2016-03-23,0.85,0.87,0.85,0.86,0.86,429010000.0,investing
2016-03-24,0.85,0.86,0.85,0.86,0.86,244950000.0,investing
2016-03-28,0.86,0.87,0.86,0.87,0.87,265390000.0,investing
2016-03-29,0.87,0.89,0.86,0.88,0.88,261810000.0,investing
2016-03-30,0.89,0.91,0.89,0.89,0.89,376700000.0,investing
2016-03-31,0.9,0.9,0.88,0.89,0.89,379880000.0,investing
2016-04-01,0.89,0.9,0.88,0.9,0.9,348290000.0,investing
2016-04-04,0.91,0.92,0.89,0.9,0.9,393940000.0,investing
2016-04-05,0.89,0.9,0.88,0.89,0.89,339570000.0,investing
2016-04-06,0.88,0.9,0.87,0.9,0.9,453380000.0,investing
2016-04-07,0.89,0.9,0.88,0.89,0.89,378110000.0,investing
2016-04-08,0.89,0.9,0.88,0.89,0.89,255930000.0,investing
2016-04-11,0.9,0.91,0.89,0.9,0.9,387520000.0,investing
2016-04-12,0.9,0.9,0.88,0.9,0.9,292760000.0,investing
2016-04-13,0.9,0.92,0.9,0.92,0.92,350710000.0,investing
2016-04-14,0.92,0.93,0.91,0.92,0.92,416570000.0,investing
2016-04-15,0.92,0.94,0.92,0.93,0.93,436970000.0,investing
2016-04-18,0.93,0.93,0.92,0.92,0.92,307320000.0,investing
2016-04-19,0.93,0.93,0.9,0.91,0.91,309150000.0,investing
2016-04-20,0.91,0.92,0.91,0.91,0.91,200180000.0,investing
2016-04-21,0.91,0.92,0.91,0.91,0.91,178280000.0,investing
2016-04-22,0.91,0.92,0.9,0.91,0.91,223540000.0,investing
2016-04-25,0.91,0.92,0.9,0.91,0.91,191990000.0,investing
2016-04-26,0.92,0.93,0.91,0.91,0.91,214530000.0,investing
2016-04-27,0.91,0.93,0.91,0.93,0.93,352390000.0,investing
2016-04-28,0.93,0.93,0.9,0.91,0.91,381220000.0,investing
2016-04-29,0.9,0.9,0.88,0.89,0.89,321900000.0,investing
2016-05-02,0.9,0.91,0.89,0.9,0.9,256080000.0,investing
2016-05-03,0.89,0.89,0.88,0.89,0.89,224020000.0,investing
2016-05-04,0.88,0.88,0.86,0.87,0.87,525760000.0,investing
2016-05-05,0.88,0.88,0.87,0.87,0.87,246880000.0,investing
2016-05-06,0.87,0.89,0.87,0.88,0.88,183240000.0,investing
2016-05-09,0.89,0.89,0.87,0.88,0.88,333340000.0,investing
2016-05-10,0.89,0.9,0.88,0.9,0.9,269680000.0,investing
2016-05-11,0.9,0.91,0.9,0.9,0.9,328180000.0,investing
2016-05-12,0.91,0.91,0.87,0.89,0.89,670540000.0,investing
2016-05-13,0.98,1.02,0.97,1.02,1.02,2110000000.0,investing
2016-05-16,1.02,1.07,1.01,1.05,1.05,973030000.0,investing
2016-05-17,1.05,1.06,1.04,1.06,1.06,628390000.0,investing
2016-05-18,1.05,1.1,1.05,1.08,1.08,541070000.0,investing
2016-05-19,1.08,1.1,1.08,1.09,1.09,398880000.0,investing
2016-05-20,1.1,1.11,1.09,1.11,1.11,391080000.0,investing
2016-05-23,1.11,1.12,1.1,1.11,1.11,413640000.0,investing
2016-05-24,1.11,1.14,1.11,1.13,1.13,415790000.0,investing
2016-05-25,1.14,1.14,1.12,1.13,1.13,458780000.0,investing
2016-05-26,1.13,1.15,1.13,1.14,1.14,309960000.0,investing
2016-05-27,1.14,1.15,1.14,1.15,1.15,277420000.0,investing
2016-05-31,1.15,1.17,1.15,1.17,1.17,412530000.0,investing
2016-06-01,1.16,1.18,1.16,1.17,1.17,387130000.0,investing
2016-06-02,1.18,1.19,1.17,1.18,1.18,329210000.0,investing
2016-06-03,1.17,1.17,1.14,1.16,1.16,461070000.0,investing
2016-06-06,1.17,1.17,1.15,1.16,1.16,322510000.0,investing
2016-06-07,1.16,1.17,1.16,1.16,1.16,193400000.0,investing
2016-06-08,1.16,1.16,1.15,1.15,1.15,234620000.0,investing
2016-06-09,1.15,1.19,1.15,1.18,1.18,472170000.0,investing
2016-06-10,1.17,1.18,1.15,1.16,1.16,400020000.0,investing
2016-06-13,1.16,1.19,1.16,1.17,1.17,475590000.0,investing
2016-06-14,1.17,1.18,1.15,1.17,1.17,298350000.0,investing
2016-06-15,1.18,1.19,1.17,1.18,1.18,301030000.0,investing
2016-06-16,1.18,1.19,1.16,1.19,1.19,246460000.0,investing
2016-06-17,1.19,1.19,1.16,1.17,1.17,471000000.0,investing
2016-06-20,1.19,1.2,1.19,1.19,1.19,293770000.0,investing
2016-06-21,1.19,1.2,1.18,1.18,1.18,212510000.0,investing
2016-06-22,1.18,1.19,1.18,1.18,1.18,202620000.0,investing
2016-06-23,1.19,1.21,1.19,1.21,1.21,297880000.0,investing
2016-06-24,1.16,1.18,1.13,1.14,1.14,1020000000.0,investing
2016-06-27,1.13,1.14,1.11,1.13,1.13,450340000.0,investing
2016-06-28,1.15,1.15,1.13,1.15,1.15,381920000.0,investing
2016-06-29,1.16,1.18,1.15,1.17,1.17,318930000.0,investing
2016-06-30,1.17,1.18,1.16,1.18,1.18,430940000.0,investing
2016-07-01,1.17,1.18,1.16,1.17,1.17,218490000.0,investing
2016-07-05,1.16,1.19,1.15,1.18,1.18,371080000.0,investing
2016-07-06,1.18,1.2,1.17,1.19,1.19,273100000.0,investing
2016-07-07,1.2,1.23,1.19,1.22,1.22,395400000.0,investing
2016-07-08,1.24,1.28,1.23,1.27,1.27,481930000.0,investing
2016-07-11,1.29,1.31,1.29,1.3,1.3,448780000.0,investing
2016-07-12,1.31,1.33,1.3,1.32,1.32,436760000.0,investing
2016-07-13,1.32,1.33,1.32,1.32,1.32,324610000.0,investing
2016-07-14,1.33,1.34,1.32,1.33,1.33,316890000.0,investing
2016-07-15,1.32,1.32,1.3,1.32,1.32,428610000.0,investing
2016-07-18,1.33,1.34,1.32,1.32,1.32,252990000.0,investing
2016-07-19,1.32,1.34,1.32,1.34,1.34,382650000.0,investing
2016-07-20,1.34,1.36,1.34,1.36,1.36,296460000.0,investing
2016-07-21,1.35,1.36,1.33,1.33,1.33,361310000.0,investing
2016-07-22,1.34,1.37,1.33,1.37,1.37,315770000.0,investing
2016-07-25,1.38,1.4,1.37,1.39,1.39,312530000.0,investing
2016-07-26,1.4,1.42,1.4,1.42,1.42,514510000.0,investing
2016-07-27,1.43,1.43,1.39,1.4,1.4,446680000.0,investing
2016-07-28,1.4,1.42,1.4,1.4,1.4,221920000.0,investing
2016-07-29,1.41,1.43,1.38,1.43,1.43,409590000.0,investing
2016-08-01,1.43,1.44,1.41,1.42,1.42,301120000.0,investing
2016-08-02,1.43,1.43,1.39,1.4,1.4,282750000.0,investing
2016-08-03,1.4,1.41,1.39,1.4,1.4,299830000.0,investing
2016-08-04,1.41,1.44,1.41,1.43,1.43,272710000.0,investing
2016-08-05,1.45,1.46,1.44,1.46,1.46,371590000.0,investing
2016-08-08,1.48,1.48,1.45,1.47,1.47,305060000.0,investing
2016-08-09,1.48,1.49,1.47,1.47,1.47,372340000.0,investing
2016-08-10,1.49,1.49,1.46,1.46,1.46,375740000.0,investing
2016-08-11,1.47,1.5,1.47,1.49,1.49,681060000.0,investing
2016-08-12,1.55,1.58,1.52,1.58,1.58,1430000000.0,investing
2016-08-15,1.58,1.59,1.55,1.57,1.57,573300000.0,investing
2016-08-16,1.57,1.57,1.56,1.56,1.56,287650000.0,investing
2016-08-17,1.56,1.57,1.52,1.53,1.53,595210000.0,investing
2016-08-18,1.53,1.55,1.52,1.55,1.55,331680000.0,investing
2016-08-19,1.55,1.57,1.54,1.56,1.56,291560000.0,investing
2016-08-22,1.56,1.57,1.54,1.56,1.56,244750000.0,investing
2016-08-23,1.58,1.58,1.57,1.57,1.57,339760000.0,investing
2016-08-24,1.58,1.58,1.54,1.55,1.55,298450000.0,investing
2016-08-25,1.55,1.55,1.52,1.54,1.54,406030000.0,investing
2016-08-26,1.54,1.56,1.53,1.55,1.55,300020000.0,investing
2016-08-29,1.56,1.56,1.55,1.55,1.55,274650000.0,investing
2016-08-30,1.55,1.56,1.54,1.54,1.54,285540000.0,investing
2016-08-31,1.54,1.55,1.53,1.53,1.53,388550000.0,investing
2016-09-01,1.53,1.58,1.53,1.58,1.58,428490000.0,investing
2016-09-02,1.58,1.58,1.55,1.56,1.56,323150000.0,investing
2016-09-06,1.57,1.58,1.56,1.58,1.58,306810000.0,investing
2016-09-07,1.57,1.58,1.55,1.55,1.55,397990000.0,investing
2016-09-08,1.55,1.57,1.54,1.57,1.57,315810000.0,investing
2016-09-09,1.55,1.56,1.48,1.49,1.49,697760000.0,investing
2016-09-12,1.47,1.52,1.43,1.52,1.52,598260000.0,investing
2016-09-13,1.51,1.53,1.49,1.5,1.5,471770000.0,investing
2016-09-14,1.5,1.51,1.49,1.51,1.51,319370000.0,investing
2016-09-15,1.51,1.57,1.51,1.57,1.57,515390000.0,investing
2016-09-16,1.57,1.58,1.55,1.57,1.57,902450000.0,investing
2016-09-19,1.59,1.63,1.58,1.59,1.59,417130000.0,investing
2016-09-20,1.61,1.61,1.57,1.58,1.58,331110000.0,investing
2016-09-21,1.58,1.62,1.58,1.62,1.62,336210000.0,investing
2016-09-22,1.63,1.64,1.62,1.63,1.63,308730000.0,investing
2016-09-23,1.63,1.63,1.62,1.62,1.62,276130000.0,investing
2016-09-26,1.61,1.61,1.59,1.61,1.61,230040000.0,investing
2016-09-27,1.6,1.67,1.6,1.66,1.66,402750000.0,investing
2016-09-28,1.67,1.67,1.65,1.67,1.67,319790000.0,investing
2016-09-29,1.67,1.69,1.65,1.69,1.69,336690000.0,investing
2016-09-30,1.69,1.73,1.68,1.71,1.71,429930000.0,investing
2016-10-03,1.71,1.74,1.71,1.71,1.71,242590000.0,investing
2016-10-04,1.71,1.74,1.69,1.71,1.71,281630000.0,investing
2016-10-05,1.72,1.74,1.7,1.71,1.71,305440000.0,investing
2016-10-06,1.69,1.7,1.66,1.68,1.68,360210000.0,investing
2016-10-07,1.69,1.7,1.67,1.67,1.67,286260000.0,investing
2016-10-10,1.68,1.69,1.66,1.68,1.68,287870000.0,investing
2016-10-11,1.67,1.67,1.64,1.65,1.65,388540000.0,investing
2016-10-12,1.65,1.67,1.63,1.66,1.66,419920000.0,investing
2016-10-13,1.64,1.65,1.59,1.63,1.63,390120000.0,investing
2016-10-14,1.65,1.67,1.64,1.65,1.65,330630000.0,investing
2016-10-17,1.65,1.67,1.64,1.64,1.64,195330000.0,investing
2016-10-18,1.66,1.67,1.66,1.67,1.67,269370000.0,investing
2016-10-19,1.65,1.67,1.65,1.66,1.66,199060000.0,investing
2016-10-20,1.68,1.7,1.66,1.69,1.69,312080000.0,investing
2016-10-21,1.69,1.69,1.67,1.69,1.69,279510000.0,investing
2016-10-24,1.7,1.77,1.7,1.77,1.77,339840000.0,investing
2016-10-25,1.76,1.81,1.76,1.8,1.8,397460000.0,investing
2016-10-26,1.78,1.82,1.78,1.8,1.8,333790000.0,investing
2016-10-27,1.82,1.82,1.76,1.77,1.77,388660000.0,investing
2016-10-28,1.78,1.8,1.76,1.76,1.76,290850000.0,investing
2016-10-31,1.77,1.79,1.77,1.78,1.78,252390000.0,investing
2016-11-01,1.79,1.8,1.71,1.73,1.73,473230000.0,investing
2016-11-02,1.74,1.76,1.72,1.72,1.72,295850000.0,investing
2016-11-03,1.73,1.73,1.67,1.7,1.7,309660000.0,investing
2016-11-04,1.69,1.72,1.66,1.69,1.69,328780000.0,investing
2016-11-07,1.74,1.79,1.74,1.78,1.78,487580000.0,investing
2016-11-08,1.79,1.79,1.76,1.78,1.78,429880000.0,investing
2016-11-09,1.73,1.77,1.72,1.75,1.75,456530000.0,investing
2016-11-10,1.79,1.79,1.67,1.69,1.69,869280000.0,investing
2016-11-11,1.99,2.22,1.96,2.2,2.2,2180000000.0,investing
2016-11-14,2.2,2.2,2.09,2.09,2.09,1350000000.0,investing
2016-11-15,2.11,2.19,2.1,2.15,2.15,626090000.0,investing
2016-11-16,2.18,2.31,2.16,2.29,2.29,987990000.0,investing
2016-11-17,2.31,2.37,2.27,2.31,2.31,832990000.0,investing
2016-11-18,2.31,2.36,2.29,2.33,2.33,576060000.0,investing
2016-11-21,2.35,2.36,2.31,2.32,2.32,436430000.0,investing
2016-11-22,2.33,2.34,2.31,2.34,2.34,330370000.0,investing
2016-11-23,2.34,2.38,2.32,2.35,2.35,443230000.0,investing
2016-11-25,2.36,2.38,2.34,2.35,2.35,195560000.0,investing
2016-11-28,2.35,2.37,2.34,2.35,2.35,278730000.0,investing
2016-11-29,2.35,2.36,2.31,2.33,2.33,444570000.0,investing
2016-11-30,2.34,2.35,2.3,2.31,2.31,440500000.0,investing
2016-12-01,2.3,2.3,2.12,2.19,2.19,1040000000.0,investing
2016-12-02,2.16,2.22,2.13,2.21,2.21,478290000.0,investing
2016-12-05,2.25,2.32,2.23,2.3,2.3,602280000.0,investing
2016-12-06,2.31,2.34,2.29,2.33,2.33,498800000.0,investing
2016-12-07,2.32,2.38,2.3,2.38,2.38,480800000.0,investing
2016-12-08,2.38,2.42,2.33,2.34,2.34,381540000.0,investing
2016-12-09,2.35,2.36,2.27,2.3,2.3,382310000.0,investing
2016-12-12,2.25,2.25,2.19,2.24,2.24,601330000.0,investing
2016-12-13,2.25,2.31,2.25,2.28,2.28,387790000.0,investing
2016-12-14,2.31,2.43,2.29,2.41,2.41,983980000.0,investing
2016-12-15,2.42,2.5,2.42,2.47,2.47,746550000.0,investing
2016-12-16,2.5,2.52,2.44,2.51,2.51,1090000000.0,investing
2016-12-19,2.49,2.56,2.48,2.54,2.54,744660000.0,investing
2016-12-20,2.61,2.65,2.6,2.63,2.63,848060000.0,investing
2016-12-21,2.64,2.65,2.59,2.65,2.65,576130000.0,investing
2016-12-22,2.67,2.72,2.66,2.68,2.68,718610000.0,investing
2016-12-23,2.66,2.75,2.66,2.74,2.74,647690000.0,investing
2016-12-27,2.8,2.93,2.78,2.93,2.93,1190000000.0,investing
2016-12-28,2.99,3.0,2.72,2.73,2.73,2300000000.0,investing
2016-12-29,2.62,2.79,2.57,2.79,2.79,2180000000.0,investing
2016-12-30,2.78,2.8,2.66,2.67,2.67,1210000000.0,investing
2017-01-03,2.61,2.66,2.48,2.55,2.55,1500000000.0,investing
2017-01-04,2.58,2.64,2.54,2.61,2.61,1200000000.0,investing
2017-01-05,2.61,2.65,2.53,2.54,2.54,984300000.0,investing
2017-01-06,2.57,2.61,2.53,2.58,2.58,822860000.0,investing
2017-01-09,2.59,2.7,2.59,2.68,2.68,916250000.0,investing
2017-01-10,2.7,2.73,2.64,2.66,2.66,880920000.0,investing
2017-01-11,2.65,2.65,2.6,2.63,2.63,525660000.0,investing
2017-01-12,2.61,2.62,2.54,2.59,2.59,625620000.0,investing
2017-01-13,2.59,2.62,2.58,2.59,2.59,457820000.0,investing
2017-01-17,2.58,2.58,2.51,2.53,2.53,580610000.0,investing
2017-01-18,2.51,2.58,2.48,2.57,2.57,654420000.0,investing
2017-01-19,2.58,2.66,2.57,2.63,2.63,644870000.0,investing
2017-01-20,2.65,2.67,2.58,2.6,2.6,492020000.0,investing
2017-01-23,2.6,2.65,2.59,2.63,2.63,369910000.0,investing
2017-01-24,2.64,2.69,2.62,2.68,2.68,428050000.0,investing
2017-01-25,2.73,2.73,2.66,2.69,2.69,523380000.0,investing
2017-01-26,2.7,2.75,2.67,2.74,2.74,458800000.0,investing
2017-01-27,2.75,2.8,2.72,2.79,2.79,472000000.0,investing
2017-01-30,2.77,2.78,2.7,2.75,2.75,496000000.0,investing
2017-01-31,2.72,2.75,2.71,2.73,2.73,362750000.0,investing
2017-02-01,2.76,2.85,2.75,2.85,2.85,590000000.0,investing
2017-02-02,2.83,2.89,2.8,2.88,2.88,483240000.0,investing
2017-02-03,2.89,2.9,2.85,2.86,2.86,372750000.0,investing
2017-02-06,2.85,2.93,2.85,2.93,2.93,506770000.0,investing
2017-02-07,2.97,3.02,2.95,2.98,2.98,746220000.0,investing
2017-02-08,2.96,2.98,2.91,2.97,2.97,449580000.0,investing
2017-02-09,2.97,2.98,2.89,2.91,2.91,842570000.0,investing
2017-02-10,3.0,3.02,2.81,2.84,2.84,1650000000.0,investing
2017-02-13,2.83,2.85,2.71,2.71,2.71,1180000000.0,investing
2017-02-14,2.7,2.75,2.66,2.72,2.72,850630000.0,investing
2017-02-15,2.72,2.75,2.69,2.73,2.73,373020000.0,investing
2017-02-16,2.73,2.74,2.64,2.68,2.68,647180000.0,investing
2017-02-17,2.67,2.69,2.62,2.68,2.68,563740000.0,investing
2017-02-21,2.71,2.78,2.71,2.78,2.78,551950000.0,investing
2017-02-22,2.79,2.79,2.75,2.77,2.77,433770000.0,investing
2017-02-23,2.64,2.66,2.49,2.51,2.51,1590000000.0,investing
2017-02-24,2.43,2.55,2.39,2.54,2.54,1030000000.0,investing
2017-02-27,2.56,2.63,2.54,2.61,2.61,715400000.0,investing
2017-02-28,2.62,2.63,2.52,2.54,2.54,625360000.0,investing
2017-03-01,2.59,2.61,2.53,2.57,2.57,504810000.0,investing
2017-03-02,2.56,2.57,2.47,2.48,2.48,754330000.0,investing
2017-03-03,2.46,2.47,2.41,2.46,2.46,865460000.0,investing
2017-03-06,2.42,2.45,2.38,2.44,2.44,883570000.0,investing
2017-03-07,2.44,2.49,2.43,2.47,2.47,603400000.0,investing
2017-03-08,2.52,2.53,2.46,2.46,2.46,638710000.0,investing
2017-03-09,2.45,2.49,2.44,2.46,2.46,478060000.0,investing
2017-03-10,2.49,2.5,2.46,2.48,2.48,499740000.0,investing
2017-03-13,2.49,2.56,2.49,2.55,2.55,774140000.0,investing
2017-03-14,2.56,2.57,2.51,2.54,2.54,522020000.0,investing
2017-03-15,2.56,2.57,2.51,2.56,2.56,615030000.0,investing
2017-03-16,2.57,2.6,2.56,2.6,2.6,523100000.0,investing
2017-03-17,2.61,2.65,2.6,2.65,2.65,1120000000.0,investing
2017-03-20,2.67,2.74,2.65,2.74,2.74,748570000.0,investing
2017-03-21,2.72,2.75,2.64,2.65,2.65,913480000.0,investing
2017-03-22,2.64,2.71,2.63,2.7,2.7,616760000.0,investing
2017-03-23,2.69,2.71,2.67,2.68,2.68,533940000.00000006,investing
2017-03-24,2.72,2.73,2.66,2.69,2.69,439500000.0,investing
2017-03-27,2.64,2.71,2.59,2.71,2.71,506640000.0,investing
2017-03-28,2.71,2.72,2.68,2.69,2.69,432440000.0,investing
2017-03-29,2.7,2.71,2.68,2.68,2.68,349990000.0,investing
2017-03-30,2.69,2.75,2.69,2.73,2.73,525530000.0,investing
2017-03-31,2.73,2.75,2.71,2.72,2.72,440810000.0,investing
2017-04-03,2.72,2.74,2.69,2.71,2.71,445230000.0,investing
2017-04-04,2.58,2.61,2.51,2.52,2.52,1270000000.0,investing
2017-04-05,2.5,2.56,2.49,2.5,2.5,747050000.0,investing
2017-04-06,2.51,2.53,2.46,2.52,2.52,635120000.0,investing
2017-04-07,2.53,2.54,2.49,2.51,2.51,429070000.0,investing
2017-04-10,2.51,2.52,2.44,2.44,2.44,756330000.0,investing
2017-04-11,2.41,2.47,2.41,2.45,2.45,618150000.0,investing
2017-04-12,2.45,2.47,2.43,2.43,2.43,414090000.0,investing
2017-04-13,2.41,2.43,2.39,2.39,2.39,506890000.0,investing
2017-04-17,2.4,2.48,2.4,2.48,2.48,497290000.0,investing
2017-04-18,2.47,2.49,2.44,2.48,2.48,370120000.0,investing
2017-04-19,2.5,2.52,2.49,2.49,2.49,380830000.0,investing
2017-04-20,2.51,2.54,2.49,2.53,2.53,404010000.0,investing
2017-04-21,2.52,2.54,2.51,2.54,2.54,341900000.0,investing
2017-04-24,2.57,2.59,2.55,2.57,2.57,371820000.0,investing
2017-04-25,2.59,2.63,2.57,2.62,2.62,388440000.0,investing
2017-04-26,2.63,2.63,2.6,2.6,2.6,327010000.0,investing
2017-04-27,2.61,2.65,2.59,2.64,2.64,319700000.0,investing
2017-04-28,2.63,2.64,2.6,2.61,2.61,348250000.0,investing
2017-05-01,2.62,2.67,2.61,2.67,2.67,307730000.0,investing
2017-05-02,2.64,2.64,2.56,2.59,2.59,629970000.0,investing
2017-05-03,2.58,2.62,2.56,2.61,2.61,336910000.0,investing
2017-05-04,2.61,2.62,2.59,2.6,2.6,209790000.0,investing
2017-05-05,2.58,2.6,2.57,2.6,2.6,228430000.0,investing
2017-05-08,2.61,2.61,2.56,2.57,2.57,365240000.0,investing
2017-05-09,2.58,2.62,2.57,2.57,2.57,847670000.0,investing
2017-05-10,2.86,3.05,2.85,3.03,3.03,2130000000.0,investing
2017-05-11,3.0,3.26,3.0,3.16,3.16,1940000000.0,investing
2017-05-12,3.17,3.24,3.14,3.2,3.2,962620000.0,investing
2017-05-15,3.24,3.36,3.23,3.36,3.36,1090000000.0,investing
2017-05-16,3.41,3.44,3.33,3.42,3.42,1120000000.0,investing
2017-05-17,3.35,3.37,3.19,3.19,3.19,1270000000.0,investing
2017-05-18,3.24,3.34,3.18,3.33,3.33,1160000000.0,investing
2017-05-19,3.43,3.46,3.38,3.4,3.4,1020000000.0,investing
2017-05-22,3.44,3.49,3.43,3.47,3.47,836610000.0,investing
2017-05-23,3.49,3.49,3.39,3.43,3.43,681250000.0,investing
2017-05-24,3.52,3.53,3.45,3.46,3.46,817380000.0,investing
2017-05-25,3.5,3.5,3.41,3.46,3.46,608230000.0,investing
2017-05-26,3.45,3.63,3.43,3.55,3.55,779140000.0,investing
2017-05-30,3.59,3.66,3.58,3.62,3.62,989650000.0,investing
2017-05-31,3.67,3.67,3.55,3.61,3.61,887320000.0,investing
2017-06-01,3.62,3.63,3.56,3.61,3.61,503340000.0,investing
2017-06-02,3.61,3.63,3.58,3.59,3.59,487460000.0,investing
2017-06-05,3.57,3.71,3.56,3.7,3.7,817380000.0,investing
2017-06-06,3.7,3.74,3.67,3.68,3.68,758730000.0,investing
2017-06-07,3.71,3.75,3.69,3.73,3.73,612610000.0,investing
2017-06-08,3.84,4.0,3.79,4.0,4.0,1160000000.0,investing
2017-06-09,4.12,4.21,3.57,3.74,3.74,3690000000.0,investing
2017-06-12,3.65,3.79,3.55,3.75,3.75,1700000000.0,investing
2017-06-13,3.86,3.87,3.64,3.79,3.79,1670000000.0,investing
2017-06-14,3.79,3.85,3.71,3.79,3.79,1180000000.0,investing
2017-06-15,3.67,3.84,3.66,3.81,3.81,963820000.0,investing
2017-06-16,3.82,3.87,3.76,3.79,3.79,924960000.0,investing
2017-06-19,3.84,3.94,3.83,3.93,3.93,778180000.0,investing
2017-06-20,3.98,4.04,3.92,3.93,3.93,1100000000.0,investing
2017-06-21,3.96,3.99,3.89,3.99,3.99,682650000.0,investing
2017-06-22,4.0,4.01,3.94,3.96,3.96,469130000.0,investing
2017-06-23,3.97,3.98,3.83,3.85,3.85,1090000000.0,investing
2017-06-26,3.88,3.92,3.71,3.8,3.8,1060000000.0,investing
2017-06-27,3.79,3.79,3.66,3.66,3.66,999490000.0,investing
2017-06-28,3.73,3.8,3.64,3.79,3.79,994950000.0,investing
2017-06-29,3.77,3.77,3.6,3.67,3.67,1060000000.0,investing
2017-06-30,3.68,3.7,3.59,3.61,3.61,731060000.0,investing
2017-07-03,3.63,3.64,3.46,3.48,3.48,709070000.0,investing
2017-07-05,3.55,3.61,3.53,3.58,3.58,820190000.0,investing
2017-07-06,3.55,3.63,3.49,3.59,3.59,746290000.0,investing
2017-07-07,3.64,3.69,3.62,3.67,3.67,654970000.0,investing
2017-07-10,3.74,3.85,3.72,3.84,3.84,958490000.0,investing
2017-07-11,3.85,3.9,3.8,3.9,3.9,757960000.0,investing
2017-07-12,3.96,4.08,3.91,4.06,4.06,1150000000.0,investing
2017-07-13,4.08,4.16,3.97,4.02,4.02,1370000000.0,investing
2017-07-14,4.03,4.13,4.03,4.12,4.12,941950000.0,investing
2017-07-17,4.16,4.19,4.04,4.11,4.11,930790000.0,investing
2017-07-18,4.04,4.16,4.03,4.15,4.15,776640000.0,investing
2017-07-19,4.16,4.18,4.12,4.13,4.13,687050000.0,investing
2017-07-20,4.15,4.19,4.1,4.19,4.19,699600000.0,investing
2017-07-21,4.17,4.23,4.15,4.2,4.2,648330000.0,investing
2017-07-24,4.21,4.22,4.14,4.15,4.15,652520000.0,investing
2017-07-25,4.13,4.15,4.09,4.13,4.13,496560000.0,investing
2017-07-26,4.19,4.25,4.15,4.18,4.18,640400000.0,investing
2017-07-27,4.21,4.22,3.94,4.04,4.04,782860000.0,investing
2017-07-28,4.01,4.13,3.98,4.11,4.11,513350000.0,investing
2017-07-31,4.12,4.16,4.02,4.06,4.06,559670000.0,investing
2017-08-01,4.05,4.11,4.03,4.11,4.11,431380000.0,investing
2017-08-02,4.14,4.15,4.03,4.11,4.11,478440000.0,investing
2017-08-03,4.11,4.17,4.09,4.16,4.16,442420000.0,investing
2017-08-04,4.18,4.25,4.16,4.18,4.18,589090000.0,investing
2017-08-07,4.21,4.31,4.2,4.31,4.31,717410000.0,investing
2017-08-08,4.35,4.36,4.22,4.26,4.26,755330000.0,investing
2017-08-09,4.21,4.31,4.19,4.3,4.3,530780000.0,investing
2017-08-10,4.3,4.32,4.11,4.12,4.12,1330000000.0,investing
2017-08-11,3.93,3.98,3.82,3.9,3.9,1500000000.0,investing
2017-08-14,3.99,4.21,3.98,4.21,4.21,1280000000.0,investing
2017-08-15,4.22,4.24,4.14,4.17,4.17,764530000.0,investing
2017-08-16,4.19,4.21,4.1,4.13,4.13,596630000.0,investing
2017-08-17,4.12,4.14,4.03,4.04,4.04,525440000.00000006,investing
2017-08-18,4.09,4.11,3.99,4.04,4.04,601200000.0,investing
2017-08-21,4.06,4.07,3.93,3.98,3.98,623670000.0,investing
2017-08-22,4.01,4.07,3.99,4.06,4.06,450460000.0,investing
2017-08-23,4.03,4.16,4.02,4.14,4.14,579520000.0,investing
2017-08-24,4.18,4.18,4.1,4.13,4.13,469700000.0,investing
2017-08-25,4.15,4.16,4.09,4.1,4.1,357200000.0,investing
2017-08-28,4.11,4.13,4.06,4.12,4.12,389500000.0,investing
2017-08-29,4.06,4.14,4.06,4.12,4.12,324090000.0,investing
2017-08-30,4.14,4.15,4.11,4.14,4.14,384400000.0,investing
2017-08-31,4.16,4.24,4.16,4.24,4.24,612680000.0,investing
2017-09-01,4.25,4.3,4.24,4.26,4.26,445430000.0,investing
2017-09-05,4.21,4.21,4.09,4.15,4.15,696700000.0,investing
2017-09-06,4.18,4.2,4.11,4.15,4.15,397670000.0,investing
2017-09-07,4.16,4.2,4.12,4.16,4.16,352870000.0,investing
2017-09-08,4.15,4.17,4.07,4.09,4.09,498860000.0,investing
2017-09-11,4.14,4.24,4.13,4.22,4.22,567440000.0,investing
2017-09-12,4.25,4.25,4.17,4.24,4.24,411490000.0,investing
2017-09-13,4.21,4.29,4.18,4.26,4.26,580960000.0,investing
2017-09-14,4.22,4.31,4.2,4.24,4.24,513710000.00000006,investing
2017-09-15,4.32,4.5,4.32,4.5,4.5,1360000000.0,investing
2017-09-18,4.63,4.78,4.62,4.69,4.69,1680000000.0,investing
2017-09-19,4.64,4.75,4.62,4.68,4.68,874280000.0,investing
2017-09-20,4.69,4.74,4.61,4.65,4.65,724920000.0,investing
2017-09-21,4.54,4.57,4.44,4.52,4.52,1080000000.0,investing
2017-09-22,4.51,4.56,4.46,4.47,4.47,491230000.0,investing
2017-09-25,4.44,4.45,4.25,4.28,4.28,874580000.0,investing
2017-09-26,4.41,4.47,4.26,4.3,4.3,1130000000.0,investing
2017-09-27,4.39,4.41,4.32,4.39,4.39,713720000.0,investing
2017-09-28,4.4,4.4,4.34,4.39,4.39,435240000.0,investing
2017-09-29,4.48,4.49,4.43,4.47,4.47,619090000.0,investing
2017-10-02,4.52,4.55,4.42,4.47,4.47,503480000.0,investing
2017-10-03,4.48,4.51,4.44,4.48,4.48,390330000.0,investing
2017-10-04,4.49,4.54,4.45,4.52,4.52,427850000.0,investing
2017-10-05,4.55,4.55,4.49,4.52,4.52,437360000.0,investing
2017-10-06,4.49,4.55,4.47,4.53,4.53,318800000.0,investing
2017-10-09,4.57,4.67,4.55,4.63,4.63,563490000.0,investing
2017-10-10,4.79,4.82,4.68,4.72,4.72,974880000.0,investing
2017-10-11,4.74,4.78,4.69,4.77,4.77,529510000.0,investing
2017-10-12,4.78,4.83,4.75,4.78,4.78,528290000.0,investing
2017-10-13,4.84,4.88,4.79,4.86,4.86,628730000.0,investing
2017-10-16,4.89,4.95,4.83,4.95,4.95,576640000.0,investing
2017-10-17,4.93,4.97,4.91,4.94,4.94,478590000.0,investing
2017-10-18,4.95,4.95,4.83,4.94,4.94,567320000.0,investing
2017-10-19,4.86,4.95,4.81,4.95,4.95,570770000.0,investing
2017-10-20,4.96,4.99,4.91,4.92,4.92,451620000.0,investing
2017-10-23,4.94,4.97,4.89,4.92,4.92,428700000.0,investing
2017-10-24,4.92,4.97,4.9,4.97,4.97,407250000.0,investing
2017-10-25,4.93,4.98,4.78,4.84,4.84,828160000.0,investing
2017-10-26,4.87,4.9,4.85,4.89,4.89,322740000.0,investing
2017-10-27,4.95,5.05,4.92,5.05,5.05,572190000.0,investing
2017-10-30,5.05,5.15,5.03,5.1,5.1,504060000.0,investing
2017-10-31,5.13,5.2,5.12,5.17,5.17,411910000.0,investing
2017-11-01,5.23,5.25,5.12,5.18,5.18,502580000.0,investing
2017-11-02,5.15,5.2,5.09,5.15,5.15,342310000.0,investing
2017-11-03,5.18,5.22,5.13,5.22,5.22,353640000.0,investing
2017-11-06,5.18,5.25,5.17,5.24,5.24,389940000.0,investing
2017-11-07,5.26,5.32,5.25,5.3,5.3,427700000.0,investing
2017-11-08,5.3,5.3,5.18,5.23,5.23,522990000.0,investing
2017-11-09,5.13,5.16,5.01,5.13,5.13,978560000.0,investing
2017-11-10,5.33,5.47,5.29,5.4,5.4,1250000000.0,investing
2017-11-13,5.4,5.43,5.3,5.32,5.32,582380000.0,investing
2017-11-14,5.33,5.37,5.28,5.35,5.35,529290000.0,investing
2017-11-15,5.3,5.3,5.2,5.25,5.25,501950000.0,investing
2017-11-16,5.32,5.36,5.28,5.29,5.29,441770000.0,investing
2017-11-17,5.35,5.38,5.27,5.28,5.28,515660000.0,investing
2017-11-20,5.3,5.36,5.26,5.35,5.35,396100000.0,investing
2017-11-21,5.39,5.41,5.36,5.4,5.4,399170000.0,investing
2017-11-22,5.42,5.42,5.34,5.37,5.37,356640000.0,investing
2017-11-24,5.39,5.42,5.37,5.42,5.42,180750000.0,investing
2017-11-27,5.43,5.43,5.35,5.35,5.35,422890000.0,investing
2017-11-28,5.36,5.37,5.21,5.27,5.27,512750000.0,investing
2017-11-29,5.25,5.25,4.78,4.91,4.91,1400000000.0,investing
2017-11-30,4.98,5.07,4.92,5.02,5.02,823770000.0,investing
2017-12-01,4.98,5.0,4.81,4.94,4.94,811550000.0,investing
2017-12-04,5.0,5.01,4.61,4.67,4.67,1240000000.0,investing
2017-12-05,4.56,4.82,4.51,4.69,4.69,981490000.0,investing
2017-12-06,4.64,4.75,4.62,4.73,4.73,467030000.0,investing
2017-12-07,4.8,4.84,4.75,4.8,4.8,542600000.0,investing
2017-12-08,4.85,4.87,4.78,4.79,4.79,466870000.0,investing
2017-12-11,4.8,4.87,4.79,4.87,4.87,372750000.0,investing
2017-12-12,4.82,4.85,4.75,4.77,4.77,455020000.0,investing
2017-12-13,4.81,4.81,4.65,4.65,4.65,554280000.0,investing
2017-12-14,4.65,4.73,4.62,4.66,4.66,438160000.0,investing
2017-12-15,4.71,4.81,4.64,4.79,4.79,670040000.0,investing
2017-12-18,4.83,4.95,4.8,4.95,4.95,477700000.0,investing
2017-12-19,4.94,4.94,4.87,4.9,4.9,373100000.0,investing
2017-12-20,4.94,4.95,4.86,4.92,4.92,288820000.0,investing
2017-12-21,4.92,4.95,4.89,4.9,4.9,300910000.0,investing
2017-12-22,4.86,4.89,4.78,4.88,4.88,466270000.0,investing
2017-12-26,4.83,4.94,4.8,4.94,4.94,355080000.0,investing
2017-12-27,4.92,5.0,4.91,4.93,4.93,329490000.0,investing
2017-12-28,4.95,4.98,4.93,4.93,4.93,240250000.0,investing
2017-12-29,4.96,4.96,4.84,4.84,4.84,279960000.0,investing
2018-01-02,4.89,4.99,4.86,4.98,4.98,355620000.0,investing
2018-01-03,5.1,5.34,5.09,5.31,5.31,914700000.0,investing
2018-01-04,5.39,5.45,5.32,5.34,5.34,583270000.0,investing
2018-01-05,5.35,5.42,5.28,5.38,5.38,580120000.0,investing
2018-01-08,5.51,5.62,5.46,5.55,5.55,881220000.0,investing
2018-01-09,5.56,5.6,5.47,5.55,5.55,497000000.0,investing
2018-01-10,5.46,5.6,5.4,5.59,5.59,582670000.0,investing
2018-01-11,5.62,5.66,5.58,5.6,5.6,406030000.0,investing
2018-01-12,5.59,5.62,5.53,5.57,5.57,359920000.0,investing
2018-01-16,5.6,5.69,5.42,5.5,5.5,702350000.0,investing
2018-01-17,5.52,5.63,5.42,5.62,5.62,538410000.0,investing
2018-01-18,5.6,5.67,5.57,5.61,5.61,408630000.0,investing
2018-01-19,5.7,5.78,5.67,5.75,5.75,609380000.0,investing
2018-01-22,5.76,5.84,5.7,5.84,5.84,550940000.0,investing
2018-01-23,5.9,6.0,5.88,5.97,5.97,475230000.0,investing
2018-01-24,5.98,6.01,5.84,5.89,5.89,579970000.0,investing
2018-01-25,5.95,5.99,5.89,5.91,5.91,409880000.0,investing
2018-01-26,5.95,6.08,5.94,6.08,6.08,516350000.0,investing
2018-01-29,6.07,6.2,6.02,6.17,6.17,455110000.0,investing
2018-01-30,6.03,6.16,5.96,6.07,6.07,570830000.0,investing
2018-01-31,6.14,6.23,6.11,6.14,6.14,478580000.0,investing
2018-02-01,5.96,6.17,5.95,6.01,6.01,519220000.0,investing
2018-02-02,5.92,5.95,5.78,5.84,5.84,718460000.0,investing
2018-02-05,5.67,5.83,5.12,5.34,5.34,1170000000.0,investing
2018-02-06,5.11,5.64,5.1,5.64,5.64,1110000000.0,investing
2018-02-07,5.74,5.87,5.67,5.72,5.72,802930000.0,investing
2018-02-08,5.85,5.88,5.44,5.44,5.44,1140000000.0,investing
2018-02-09,5.96,5.97,5.44,5.8,5.8,1670000000.0,investing
2018-02-12,5.88,5.89,5.63,5.7,5.7,1090000000.0,investing
2018-02-13,5.66,5.86,5.63,5.82,5.82,625520000.0,investing
2018-02-14,5.78,6.06,5.76,6.04,6.04,744990000.0,investing
2018-02-15,6.12,6.21,6.04,6.16,6.16,698900000.0,investing
2018-02-16,6.13,6.25,6.09,6.1,6.1,637660000.0,investing
2018-02-20,6.12,6.3,6.12,6.23,6.23,686240000.0,investing
2018-02-21,6.29,6.3,6.03,6.04,6.04,892290000.0,investing
2018-02-22,6.07,6.14,5.99,6.05,6.05,534370000.0,investing
2018-02-23,6.11,6.15,6.06,6.15,6.15,415300000.0,investing
2018-02-26,6.2,6.2,6.1,6.16,6.16,469310000.0,investing
2018-02-27,6.14,6.22,6.13,6.15,6.15,455440000.0,investing
2018-02-28,6.16,6.2,6.04,6.05,6.05,523120000.0,investing
2018-03-01,6.05,6.1,5.7,5.81,5.81,1040000000.0,investing
2018-03-02,5.7,5.92,5.55,5.91,5.91,913430000.0,investing
2018-03-05,5.86,5.93,5.74,5.89,5.89,620780000.0,investing
2018-03-06,5.98,6.07,5.93,6.05,6.05,636810000.0,investing
2018-03-07,5.95,6.1,5.95,6.05,6.05,581210000.0,investing
2018-03-08,6.07,6.07,5.98,6.03,6.03,411910000.0,investing
2018-03-09,6.08,6.15,6.06,6.13,6.13,505530000.0,investing
2018-03-12,6.17,6.33,6.17,6.24,6.24,605060000.0,investing
2018-03-13,6.29,6.36,6.15,6.19,6.19,619770000.0,investing
2018-03-14,6.24,6.26,6.16,6.22,6.22,505490000.0,investing
2018-03-15,6.23,6.32,6.19,6.23,6.23,401950000.0,investing
2018-03-16,6.25,6.28,6.21,6.26,6.26,399460000.0,investing
2018-03-19,6.2,6.23,5.92,6.03,6.03,713770000.0,investing
2018-03-20,6.03,6.28,6.03,6.24,6.24,554700000.0,investing
2018-03-21,6.23,6.3,6.18,6.21,6.21,438690000.0,investing
2018-03-22,6.15,6.2,6.01,6.05,6.05,551200000.0,investing
2018-03-23,6.06,6.07,5.81,5.82,5.82,735620000.0,investing
2018-03-26,5.95,6.11,5.9,6.11,6.11,611430000.0,investing
2018-03-27,6.19,6.25,5.5,5.64,5.64,1410000000.0,investing
2018-03-28,5.6,5.73,5.42,5.53,5.53,945910000.0,investing
2018-03-29,5.6,5.89,5.52,5.79,5.79,916630000.0,investing
2018-04-02,5.72,5.87,5.44,5.53,5.53,922090000.0,investing
2018-04-03,5.7,5.76,5.53,5.63,5.63,667430000.0,investing
2018-04-04,5.38,5.67,5.35,5.66,5.66,789170000.0,investing
2018-04-05,5.71,5.73,5.46,5.53,5.53,701240000.0,investing
2018-04-06,5.43,5.54,5.33,5.36,5.36,662990000.0,investing
2018-04-09,5.42,5.55,5.37,5.39,5.39,499520000.0,investing
2018-04-10,5.62,5.72,5.56,5.7,5.7,764750000.0,investing
2018-04-11,5.68,5.72,5.62,5.66,5.66,460240000.0,investing
2018-04-12,5.75,5.88,5.71,5.87,5.87,593920000.0,investing
2018-04-13,5.93,5.94,5.74,5.79,5.79,503040000.0,investing
2018-04-16,5.79,5.82,5.69,5.79,5.79,350790000.0,investing
2018-04-17,5.84,5.96,5.78,5.94,5.94,447230000.0,investing
2018-04-18,5.89,5.98,5.82,5.91,5.91,391360000.0,investing
2018-04-19,5.79,5.83,5.67,5.73,5.73,472000000.0,investing
2018-04-20,5.72,5.8,5.69,5.72,5.72,386200000.0,investing
2018-04-23,5.74,5.79,5.57,5.6,5.6,427510000.0,investing
2018-04-24,5.62,5.72,5.46,5.53,5.53,414600000.0,investing
2018-04-25,5.5,5.54,5.26,5.42,5.42,588490000.0,investing
2018-04-26,5.58,5.64,5.51,5.63,5.63,375820000.0,investing
2018-04-27,5.74,5.76,5.62,5.66,5.66,400850000.0,investing
2018-04-30,5.67,5.72,5.6,5.62,5.62,327840000.0,investing
2018-05-01,5.61,5.68,5.55,5.68,5.68,253790000.0,investing
2018-05-02,5.67,5.72,5.63,5.66,5.66,268250000.0,investing
2018-05-03,5.69,5.85,5.64,5.82,5.82,443150000.0,investing
2018-05-04,5.8,5.98,5.78,5.98,5.98,400660000.0,investing
2018-05-07,6.08,6.27,6.07,6.22,6.22,687620000.0,investing
2018-05-08,6.22,6.26,6.17,6.26,6.26,506610000.0,investing
2018-05-09,6.28,6.4,6.25,6.39,6.39,596760000.0,investing
2018-05-10,6.45,6.51,6.43,6.5,6.5,994080000.0,investing
2018-05-11,6.32,6.49,6.26,6.36,6.36,1210000000.0,investing
2018-05-14,6.4,6.46,6.36,6.38,6.38,523140000.0,investing
2018-05-15,6.32,6.32,6.04,6.14,6.14,963530000.0,investing
2018-05-16,6.1,6.21,6.06,6.15,6.15,553830000.0,investing
2018-05-17,6.15,6.29,6.14,6.19,6.19,519780000.0,investing
2018-05-18,6.25,6.31,6.14,6.15,6.15,483720000.0,investing
2018-05-21,6.25,6.25,6.01,6.11,6.11,640620000.0,investing
2018-05-22,6.12,6.14,6.01,6.07,6.07,518270000.0,investing
2018-05-23,6.01,6.19,6.01,6.19,6.19,442960000.0,investing
2018-05-24,6.18,6.24,6.13,6.19,6.19,437370000.0,investing
2018-05-25,6.21,6.25,6.17,6.23,6.23,292110000.0,investing
2018-05-29,6.21,6.28,6.17,6.21,6.21,352680000.0,investing
2018-05-30,6.25,6.33,6.22,6.32,6.32,390990000.0,investing
2018-05-31,6.29,6.38,6.28,6.3,6.3,493870000.0,investing
2018-06-01,6.35,6.45,6.34,6.44,6.44,421970000.0,investing
2018-06-04,6.47,6.64,6.44,6.62,6.62,642030000.0,investing
2018-06-05,6.62,6.66,6.58,6.63,6.63,391710000.0,investing
2018-06-06,6.54,6.63,6.52,6.63,6.63,371350000.0,investing
2018-06-07,6.62,6.64,6.48,6.57,6.57,369450000.0,investing
2018-06-08,6.5,6.6,6.48,6.56,6.56,360460000.0,investing
2018-06-11,6.54,6.59,6.5,6.52,6.52,265370000.0,investing
2018-06-12,6.54,6.58,6.49,6.56,6.56,319160000.0,investing
2018-06-13,6.57,6.64,6.55,6.56,6.56,338210000.0,investing
2018-06-14,6.61,6.73,6.59,6.67,6.67,430020000.0,investing
2018-06-15,6.62,6.69,6.58,6.63,6.63,432260000.0,investing
2018-06-18,6.59,6.64,6.56,6.63,6.63,356270000.0,investing
2018-06-19,6.52,6.59,6.38,6.5,6.5,594930000.0,investing
2018-06-20,6.55,6.61,6.51,6.56,6.56,369780000.0,investing
2018-06-21,6.59,6.61,6.42,6.43,6.43,359520000.0,investing
2018-06-22,6.45,6.46,6.26,6.27,6.27,434160000.0,investing
2018-06-25,6.17,6.17,5.89,5.98,5.98,665820000.0,investing
2018-06-26,6.09,6.14,6.0,6.05,6.05,478890000.0,investing
2018-06-27,6.09,6.16,5.89,5.89,5.89,453890000.0,investing
2018-06-28,5.88,6.03,5.88,6.02,6.02,338010000.0,investing
2018-06-29,6.09,6.1,5.92,5.92,5.92,392300000.0,investing
2018-07-02,5.85,6.06,5.83,6.06,6.06,357570000.0,investing
2018-07-03,6.09,6.1,5.91,5.92,5.92,222730000.0,investing
2018-07-05,5.98,6.07,5.94,6.07,6.07,306220000.0,investing
2018-07-06,6.04,6.19,6.02,6.18,6.18,296350000.0,investing
2018-07-09,6.26,6.27,6.15,6.23,6.23,303880000.0,investing
2018-07-10,6.24,6.35,6.2,6.33,6.33,360020000.0,investing
2018-07-11,6.24,6.27,6.18,6.19,6.19,367510000.0,investing
2018-07-12,6.23,6.33,6.22,6.28,6.28,345510000.0,investing
2018-07-13,6.3,6.3,6.19,6.23,6.23,247160000.0,investing
2018-07-16,6.21,6.26,6.19,6.21,6.21,197040000.0,investing
2018-07-17,6.16,6.36,6.13,6.34,6.34,362140000.0,investing
2018-07-18,6.33,6.35,6.24,6.29,6.29,277640000.0,investing
2018-07-19,6.27,6.33,6.26,6.3,6.3,235750000.0,investing
2018-07-20,6.3,6.34,6.26,6.27,6.27,222490000.0,investing
2018-07-23,6.25,6.25,6.08,6.24,6.24,301580000.0,investing
2018-07-24,6.28,6.37,6.2,6.22,6.22,354620000.0,investing
2018-07-25,6.23,6.31,6.17,6.3,6.3,320180000.0,investing
2018-07-26,6.28,6.41,6.26,6.37,6.37,325130000.0,investing
2018-07-27,6.41,6.42,6.25,6.3,6.3,295420000.0,investing
2018-07-30,6.31,6.32,6.07,6.1,6.1,340340000.0,investing
2018-07-31,6.09,6.2,6.05,6.12,6.12,283990000.0,investing
2018-08-01,6.15,6.21,6.1,6.16,6.16,283560000.0,investing
2018-08-02,6.09,6.27,6.03,6.27,6.27,269670000.0,investing
2018-08-03,6.29,6.33,6.27,6.3,6.3,214290000.0,investing
2018-08-06,6.29,6.35,6.24,6.35,6.35,207510000.0,investing
2018-08-07,6.4,6.44,6.37,6.42,6.42,258130000.0,investing
2018-08-08,6.42,6.51,6.39,6.46,6.46,262100000.00000003,investing
2018-08-09,6.48,6.48,6.4,6.41,6.41,204280000.0,investing
2018-08-10,6.33,6.4,6.32,6.37,6.37,256630000.0,investing
2018-08-13,6.38,6.53,6.38,6.4,6.4,375210000.0,investing
2018-08-14,6.51,6.55,6.43,6.54,6.54,466220000.0,investing
2018-08-15,6.56,6.59,6.4,6.48,6.48,591140000.0,investing
2018-08-16,6.55,6.55,6.38,6.44,6.44,801260000.0,investing
2018-08-17,6.32,6.32,6.09,6.12,6.12,1140000000.0,investing
2018-08-20,6.08,6.33,5.97,6.2,6.2,854390000.0,investing
2018-08-21,6.21,6.34,6.19,6.33,6.33,673990000.0,investing
2018-08-22,6.3,6.58,6.3,6.57,6.57,749860000.0,investing
2018-08-23,6.53,6.74,6.52,6.67,6.67,720680000.0,investing
2018-08-24,6.68,6.82,6.67,6.81,6.81,531510000.0,investing
2018-08-27,6.84,6.97,6.8,6.9,6.9,505780000.0,investing
2018-08-28,6.89,6.91,6.74,6.86,6.86,475380000.0,investing
2018-08-29,6.85,6.99,6.83,6.96,6.96,420110000.0,investing
2018-08-30,6.93,7.04,6.91,6.95,6.95,346610000.0,investing
2018-08-31,6.92,7.03,6.92,7.02,7.02,306590000.0,investing
2018-09-04,7.0,7.13,6.97,7.09,7.09,391720000.0,investing
2018-09-05,7.07,7.11,6.88,6.96,6.96,393160000.0,investing
2018-09-06,6.94,6.95,6.78,6.82,6.82,322800000.0,investing
2018-09-07,6.72,6.92,6.68,6.8,6.8,295420000.0,investing
2018-09-10,6.82,6.9,6.78,6.87,6.87,220140000.0,investing
2018-09-11,6.82,6.91,6.8,6.82,6.82,243110000.0,investing
2018-09-12,6.78,6.8,6.55,6.71,6.71,419090000.0,investing
2018-09-13,6.77,6.88,6.75,6.78,6.78,305540000.0,investing
2018-09-14,6.87,6.98,6.84,6.91,6.91,386940000.0,investing
2018-09-17,6.89,6.93,6.83,6.85,6.85,205530000.0,investing
2018-09-18,6.85,6.96,6.77,6.78,6.78,299520000.0,investing
2018-09-19,6.76,6.82,6.71,6.8,6.8,224860000.0,investing
2018-09-20,6.68,6.72,6.6,6.66,6.66,430580000.0,investing
2018-09-21,6.67,6.71,6.55,6.59,6.59,435130000.0,investing
2018-09-24,6.55,6.65,6.47,6.64,6.64,293910000.0,investing
2018-09-25,6.71,6.74,6.62,6.71,6.71,280390000.0,investing
2018-09-26,6.72,6.76,6.66,6.67,6.67,268550000.0,investing
2018-09-27,6.71,6.73,6.65,6.68,6.68,214430000.0,investing
2018-09-28,6.82,7.05,6.79,7.03,7.03,709400000.0,investing
2018-10-01,7.1,7.3,7.07,7.23,7.23,622060000.0,investing
2018-10-02,7.21,7.32,7.14,7.16,7.16,383960000.0,investing
2018-10-03,7.23,7.24,7.06,7.17,7.17,320550000.0,investing
2018-10-04,7.13,7.16,6.9,6.98,6.98,391220000.0,investing
2018-10-05,6.96,7.02,6.69,6.75,6.75,426630000.0,investing
2018-10-08,6.66,6.78,6.5,6.64,6.64,408610000.0,investing
2018-10-09,6.62,6.72,6.57,6.64,6.64,273500000.0,investing
2018-10-10,6.53,6.58,6.14,6.14,6.14,684940000.0,investing
2018-10-11,6.05,6.19,5.86,5.88,5.88,725440000.0,investing
2018-10-12,6.14,6.24,5.99,6.16,6.16,608240000.0,investing
2018-10-15,6.15,6.15,5.88,5.88,5.88,449760000.0,investing
2018-10-16,6.0,6.16,5.95,6.15,6.15,408710000.0,investing
2018-10-17,6.21,6.25,6.03,6.08,6.08,329670000.0,investing
2018-10-18,6.15,6.19,5.93,5.99,5.99,524020000.0,investing
2018-10-19,6.04,6.06,5.69,5.73,5.73,613610000.0,investing
2018-10-22,5.78,5.88,5.68,5.78,5.78,368840000.0,investing
2018-10-23,5.51,5.6,5.42,5.53,5.53,626440000.0,investing
2018-10-24,5.49,5.53,4.97,4.99,4.99,884290000.0,investing
2018-10-25,4.89,5.24,4.84,5.2,5.2,951720000.0,investing
2018-10-26,4.96,5.12,4.83,4.96,4.96,664790000.0,investing
2018-10-29,5.1,5.1,4.4,4.64,4.64,758020000.0,investing
2018-10-30,4.66,5.08,4.64,5.08,5.08,807190000.0,investing
2018-10-31,5.24,5.31,5.1,5.27,5.27,745770000.0,investing
2018-11-01,5.31,5.46,5.18,5.45,5.45,566530000.0,investing
2018-11-02,5.44,5.55,5.26,5.37,5.37,452960000.0,investing
2018-11-05,5.36,5.38,5.13,5.29,5.29,379330000.0,investing
2018-11-06,5.29,5.37,5.24,5.28,5.28,299010000.0,investing
2018-11-07,5.34,5.44,5.28,5.34,5.34,483810000.0,investing
2018-11-08,5.29,5.29,5.1,5.15,5.15,511350000.0,investing
2018-11-09,5.06,5.23,5.03,5.14,5.14,413240000.0,investing
2018-11-12,5.05,5.07,4.72,4.74,4.74,617120000.0,investing
2018-11-13,4.84,5.11,4.83,4.98,4.98,644710000.0,investing
2018-11-14,5.16,5.17,4.82,4.93,4.93,526580000.00000006,investing
2018-11-15,4.92,5.13,4.89,5.06,5.06,840710000.0,investing
2018-11-16,4.08,4.27,4.04,4.11,4.11,1960000000.0,investing
2018-11-19,4.04,4.05,3.62,3.62,3.62,1700000000.0,investing
2018-11-20,3.35,3.86,3.33,3.73,3.73,1690000000.0,investing
2018-11-21,3.87,3.88,3.59,3.62,3.62,1030000000.0,investing
2018-11-23,3.58,3.74,3.57,3.62,3.62,411970000.0,investing
2018-11-26,3.75,3.84,3.66,3.83,3.83,814830000.0,investing
2018-11-27,3.8,3.93,3.76,3.84,3.84,738060000.0,investing
2018-11-28,3.96,4.01,3.83,4.0,4.0,804530000.0,investing
2018-11-29,4.0,4.04,3.9,3.93,3.93,549170000.0,investing
2018-11-30,3.94,4.1,3.89,4.09,4.09,729560000.0,investing
2018-12-03,4.32,4.37,4.18,4.25,4.25,890800000.0,investing
2018-12-04,4.21,4.21,3.91,3.93,3.93,812110000.0,investing
2018-12-06,3.79,3.96,3.77,3.96,3.96,692310000.0,investing
2018-12-07,3.96,3.97,3.64,3.69,3.69,681680000.0,investing
2018-12-10,3.65,3.82,3.64,3.8,3.8,629470000.0,investing
2018-12-11,3.89,3.9,3.62,3.7,3.7,671910000.0,investing
2018-12-12,3.71,3.82,3.62,3.72,3.72,654140000.0,investing
2018-12-13,3.77,3.83,3.69,3.72,3.72,471380000.0,investing
2018-12-14,3.68,3.76,3.64,3.66,3.66,471820000.0,investing
2018-12-17,3.63,3.7,3.53,3.59,3.59,662870000.0,investing
2018-12-18,3.63,3.76,3.61,3.67,3.67,564370000.0,investing
2018-12-19,3.64,3.69,3.41,3.46,3.46,745370000.0,investing
2018-12-20,3.45,3.54,3.32,3.38,3.38,749590000.0,investing
2018-12-21,3.4,3.44,3.21,3.24,3.24,863740000.0,investing
2018-12-24,3.16,3.25,3.11,3.18,3.18,463840000.0,investing
2018-12-26,3.22,3.33,3.11,3.33,3.33,695100000.0,investing
2018-12-27,3.27,3.31,3.13,3.28,3.28,637040000.0,investing
2018-12-28,3.3,3.43,3.26,3.34,3.34,628490000.0,investing
2018-12-31,3.38,3.42,3.31,3.34,3.34,465140000.0,investing
2019-01-02,3.27,3.46,3.25,3.41,3.41,508750000.0,investing
2019-01-03,3.34,3.38,3.19,3.2,3.2,705550000.0,investing
2019-01-04,3.27,3.44,3.24,3.4,3.4,585620000.0,investing
2019-01-07,3.46,3.62,3.41,3.58,3.58,709160000.0,investing
2019-01-08,3.67,3.67,3.42,3.5,3.5,786020000.0,investing
2019-01-09,3.55,3.61,3.5,3.56,3.56,617260000.0,investing
2019-01-10,3.54,3.64,3.48,3.63,3.63,523160000.0,investing
2019-01-11,3.61,3.74,3.58,3.72,3.72,874760000.0,investing
2019-01-14,3.67,3.79,3.64,3.76,3.76,730170000.0,investing
2019-01-15,3.79,3.83,3.73,3.75,3.75,617010000.0,investing
2019-01-16,3.77,3.81,3.72,3.72,3.72,470100000.0,investing
2019-01-17,3.69,3.83,3.66,3.79,3.79,493440000.0,investing
2019-01-18,3.84,3.95,3.79,3.92,3.92,651340000.0,investing
2019-01-22,3.89,3.9,3.69,3.72,3.72,661550000.0,investing
2019-01-23,3.77,3.86,3.7,3.73,3.73,591020000.0,investing
2019-01-24,3.82,3.96,3.81,3.95,3.95,708970000.0,investing
2019-01-25,3.89,4.02,3.78,4.0,4.0,1160000000.0,investing
2019-01-28,3.41,3.54,3.27,3.45,3.45,2510000000.0,investing
2019-01-29,3.4,3.45,3.28,3.29,3.29,1150000000.0,investing
2019-01-30,3.37,3.45,3.29,3.43,3.43,974230000.0,investing
2019-01-31,3.43,3.63,3.41,3.59,3.59,842850000.0,investing
2019-02-01,3.61,3.67,3.56,3.62,3.62,625050000.0,investing
2019-02-04,3.63,3.77,3.61,3.73,3.73,528600000.0,investing
2019-02-05,3.74,3.79,3.71,3.75,3.75,542430000.0,investing
2019-02-06,3.78,3.89,3.78,3.83,3.83,702470000.0,investing
2019-02-07,3.78,3.78,3.64,3.69,3.69,637120000.0,investing
2019-02-08,3.62,3.71,3.6,3.7,3.7,461610000.0,investing
2019-02-11,3.66,3.71,3.61,3.66,3.66,495180000.0,investing
2019-02-12,3.7,3.79,3.69,3.78,3.78,591060000.0,investing
2019-02-13,3.81,3.9,3.8,3.82,3.82,605370000.0,investing
2019-02-14,3.82,3.89,3.78,3.86,3.86,827260000.0,investing
2019-02-15,4.07,4.1,3.91,3.93,3.93,1520000000.0,investing
2019-02-19,3.92,4.0,3.9,3.92,3.92,551890000.0,investing
2019-02-20,3.95,4.03,3.93,3.96,3.96,540990000.0,investing
2019-02-21,3.98,4.0,3.88,3.89,3.89,448550000.0,investing
2019-02-22,3.95,4.0,3.93,3.98,3.98,401740000.0,investing
2019-02-25,4.06,4.13,3.96,3.97,3.97,656020000.0,investing
2019-02-26,3.96,4.02,3.89,3.93,3.93,488460000.0,investing
2019-02-27,3.91,3.94,3.83,3.89,3.89,500260000.0,investing
2019-02-28,3.88,3.9,3.83,3.86,3.86,324940000.0,investing
2019-03-01,3.91,3.95,3.85,3.91,3.91,357190000.0,investing
2019-03-04,3.95,3.97,3.86,3.92,3.92,409990000.0,investing
2019-03-05,3.9,3.95,3.85,3.91,3.91,362920000.0,investing
2019-03-06,3.9,3.91,3.8,3.8,3.8,403530000.0,investing
2019-03-07,3.78,3.79,3.69,3.73,3.73,450110000.0,investing
2019-03-08,3.64,3.78,3.62,3.77,3.77,422410000.0,investing
2019-03-11,3.79,4.05,3.74,4.03,4.03,859730000.0,investing
2019-03-12,4.06,4.11,3.98,4.06,4.06,579570000.0,investing
2019-03-13,4.1,4.25,4.09,4.22,4.22,768900000.0,investing
2019-03-14,4.22,4.24,4.13,4.14,4.14,519390000.0,investing
2019-03-15,4.18,4.29,4.18,4.25,4.25,661460000.0,investing
2019-03-18,4.28,4.33,4.2,4.22,4.22,486990000.0,investing
2019-03-19,4.32,4.44,4.3,4.39,4.39,854970000.0,investing
2019-03-20,4.42,4.48,4.33,4.36,4.36,719150000.0,investing
2019-03-21,4.38,4.62,4.38,4.6,4.6,824310000.0,investing
2019-03-22,4.57,4.62,4.42,4.44,4.44,747640000.0,investing
2019-03-25,4.4,4.46,4.28,4.34,4.34,525210000.00000006,investing
2019-03-26,4.49,4.54,4.36,4.42,4.42,703510000.0,investing
2019-03-27,4.45,4.49,4.34,4.41,4.41,474370000.0,investing
2019-03-28,4.44,4.5,4.38,4.43,4.43,480260000.0,investing
2019-03-29,4.5,4.51,4.45,4.49,4.49,456900000.0,investing
2019-04-01,4.58,4.59,4.51,4.56,4.56,483820000.0,investing
2019-04-02,4.58,4.62,4.54,4.58,4.58,440920000.0,investing
2019-04-03,4.62,4.78,4.62,4.72,4.72,788780000.0,investing
2019-04-04,4.7,4.75,4.64,4.71,4.71,457380000.0,investing
2019-04-05,4.75,4.79,4.71,4.77,4.77,481750000.0,investing
2019-04-08,4.74,4.82,4.72,4.79,4.79,424190000.0,investing
2019-04-09,4.76,4.77,4.69,4.73,4.73,439970000.0,investing
2019-04-10,4.73,4.83,4.73,4.8,4.8,444770000.0,investing
2019-04-11,4.8,4.84,4.74,4.79,4.79,374600000.0,investing
2019-04-12,4.83,4.83,4.74,4.75,4.75,471710000.0,investing
2019-04-15,4.74,4.75,4.58,4.62,4.62,440090000.0,investing
2019-04-16,4.66,4.72,4.62,4.71,4.71,394960000.0,investing
2019-04-17,4.74,4.76,4.66,4.68,4.68,351000000.0,investing
2019-04-18,4.69,4.72,4.63,4.66,4.66,380990000.0,investing
2019-04-22,4.63,4.73,4.6,4.71,4.71,279940000.0,investing
2019-04-23,4.72,4.8,4.72,4.77,4.77,346860000.0,investing
2019-04-24,4.78,4.82,4.72,4.78,4.78,318200000.0,investing
2019-04-25,4.74,4.76,4.59,4.67,4.67,499300000.0,investing
2019-04-26,4.52,4.52,4.33,4.45,4.45,868990000.0,investing
2019-04-29,4.46,4.51,4.39,4.48,4.48,391920000.0,investing
2019-04-30,4.45,4.55,4.43,4.53,4.53,362920000.0,investing
2019-05-01,4.58,4.62,4.51,4.51,4.51,354280000.0,investing
2019-05-02,4.52,4.62,4.48,4.58,4.58,394690000.0,investing
2019-05-03,4.59,4.6,4.51,4.58,4.58,336820000.0,investing
2019-05-06,4.39,4.51,4.35,4.5,4.5,422180000.0,investing
2019-05-07,4.45,4.45,4.28,4.33,4.33,555220000.0,investing
2019-05-08,4.3,4.43,4.29,4.35,4.35,419170000.0,investing
2019-05-09,4.28,4.29,4.13,4.25,4.25,660250000.0,investing
2019-05-10,4.22,4.29,4.1,4.22,4.22,569500000.0,investing
2019-05-13,4.09,4.11,3.95,3.96,3.96,656910000.0,investing
2019-05-14,4.0,4.09,3.96,4.05,4.05,524880000.0,investing
2019-05-15,4.0,4.03,3.94,3.99,3.99,502320000.0,investing
2019-05-16,3.98,4.05,3.94,4.0,4.0,781090000.0,investing
2019-05-17,3.96,4.09,3.87,3.91,3.91,1020000000.0,investing
2019-05-20,3.81,3.87,3.77,3.79,3.79,572070000.0,investing
2019-05-21,3.85,3.89,3.82,3.88,3.88,361850000.0,investing
2019-05-22,3.84,3.86,3.79,3.81,3.81,325870000.0,investing
2019-05-23,3.74,3.74,3.62,3.68,3.68,591840000.0,investing
2019-05-24,3.7,3.74,3.62,3.63,3.63,357590000.0,investing
2019-05-28,3.65,3.68,3.58,3.58,3.58,428350000.0,investing
2019-05-29,3.54,3.57,3.47,3.51,3.51,559800000.0,investing
2019-05-30,3.51,3.54,3.44,3.48,3.48,394300000.0,investing
2019-05-31,3.43,3.46,3.38,3.39,3.39,389720000.0,investing
2019-06-03,3.4,3.44,3.31,3.34,3.34,478640000.0,investing
2019-06-04,3.41,3.58,3.39,3.58,3.58,641840000.0,investing
2019-06-05,3.65,3.65,3.5,3.53,3.53,511620000.0,investing
2019-06-06,3.54,3.62,3.53,3.59,3.59,408140000.0,investing
2019-06-07,3.6,3.67,3.58,3.64,3.64,348860000.0,investing
2019-06-10,3.69,3.78,3.69,3.71,3.71,402780000.0,investing
2019-06-11,3.77,3.81,3.73,3.77,3.77,383870000.0,investing
2019-06-12,3.73,3.73,3.64,3.65,3.65,358890000.0,investing
2019-06-13,3.68,3.73,3.66,3.71,3.71,308080000.0,investing
2019-06-14,3.61,3.64,3.57,3.62,3.62,394430000.0,investing
2019-06-17,3.61,3.66,3.59,3.63,3.63,276040000.0,investing
2019-06-18,3.69,3.88,3.68,3.82,3.82,581920000.0,investing
2019-06-19,3.86,3.87,3.8,3.83,3.83,331640000.0,investing
2019-06-20,3.92,3.93,3.84,3.85,3.85,350170000.0,investing
2019-06-21,3.84,3.89,3.79,3.79,3.79,434430000.0,investing
2019-06-24,3.82,3.85,3.77,3.82,3.82,282950000.0,investing
2019-06-25,3.82,3.9,3.78,3.79,3.79,311870000.0,investing
2019-06-26,3.92,4.04,3.9,3.98,3.98,584070000.0,investing
2019-06-27,4.07,4.1,4.03,4.08,4.08,445440000.0,investing
2019-06-28,4.12,4.13,4.06,4.11,4.11,397670000.0,investing
2019-07-01,4.31,4.35,4.12,4.15,4.15,711530000.0,investing
2019-07-02,4.14,4.16,4.04,4.06,4.06,400230000.0,investing
2019-07-03,4.08,4.08,4.01,4.07,4.07,246630000.0,investing
2019-07-05,4.01,4.01,3.94,4.01,4.01,396550000.0,investing
2019-07-08,3.95,3.96,3.9,3.93,3.93,329790000.0,investing
2019-07-09,3.89,3.96,3.88,3.93,3.93,342860000.0,investing
2019-07-10,3.98,4.06,3.96,4.0,4.0,452080000.0,investing
2019-07-11,4.08,4.2,4.04,4.16,4.16,682560000.0,investing
2019-07-12,4.18,4.26,4.18,4.19,4.19,506390000.0,investing
2019-07-15,4.21,4.23,4.15,4.18,4.18,289840000.0,investing
2019-07-16,4.17,4.2,4.12,4.18,4.18,341440000.0,investing
2019-07-17,4.18,4.25,4.15,4.24,4.24,348200000.0,investing
2019-07-18,4.25,4.32,4.2,4.25,4.25,443180000.0,investing
2019-07-19,4.29,4.3,4.21,4.21,4.21,344900000.0,investing
2019-07-22,4.23,4.3,4.22,4.28,4.28,315940000.0,investing
2019-07-23,4.32,4.39,4.31,4.39,4.39,428180000.0,investing
2019-07-24,4.43,4.47,4.36,4.47,4.47,366240000.0,investing
2019-07-25,4.42,4.44,4.31,4.33,4.33,392700000.0,investing
2019-07-26,4.36,4.42,4.36,4.38,4.38,274160000.0,investing
2019-07-29,4.37,4.39,4.28,4.37,4.37,248160000.0,investing
2019-07-30,4.32,4.4,4.31,4.39,4.39,197770000.0,investing
2019-07-31,4.35,4.36,4.18,4.22,4.22,359420000.0,investing
2019-08-01,4.23,4.32,4.07,4.12,4.12,421210000.0,investing
2019-08-02,4.03,4.1,3.98,4.03,4.03,428350000.0,investing
2019-08-05,3.85,3.85,3.72,3.77,3.77,589160000.0,investing
2019-08-06,3.85,3.89,3.76,3.81,3.81,361270000.0,investing
2019-08-07,3.75,3.86,3.73,3.85,3.85,372560000.0,investing
2019-08-08,3.91,3.96,3.85,3.96,3.96,309300000.0,investing
2019-08-09,3.92,3.92,3.8,3.85,3.85,341820000.0,investing
2019-08-12,3.8,3.85,3.76,3.79,3.79,279200000.0,investing
2019-08-13,3.78,3.95,3.75,3.9,3.9,360510000.0,investing
2019-08-14,3.81,3.82,3.71,3.75,3.75,419880000.0,investing
2019-08-15,3.77,3.79,3.68,3.72,3.72,554460000.0,investing
2019-08-16,3.98,4.04,3.92,3.99,3.99,1020000000.0,investing
2019-08-19,4.1,4.29,4.09,4.27,4.27,816320000.0,investing
2019-08-20,4.26,4.26,4.18,4.2,4.2,463520000.0,investing
2019-08-21,4.26,4.34,4.24,4.28,4.28,427910000.0,investing
2019-08-22,4.29,4.33,4.25,4.29,4.29,303760000.0,investing
2019-08-23,4.21,4.26,4.04,4.06,4.06,569500000.0,investing
2019-08-26,4.14,4.16,4.1,4.14,4.14,318590000.0,investing
2019-08-27,4.17,4.18,4.02,4.04,4.04,291550000.0,investing
2019-08-28,4.01,4.08,3.98,4.03,4.03,255830000.0,investing
2019-08-29,4.12,4.21,4.12,4.17,4.17,358370000.0,investing
2019-08-30,4.22,4.27,4.17,4.19,4.19,290910000.0,investing
2019-09-03,4.11,4.15,4.08,4.1,4.1,296510000.0,investing
2019-09-04,4.17,4.23,4.17,4.22,4.22,228120000.0,investing
2019-09-05,4.32,4.5,4.32,4.49,4.49,696480000.0,investing
2019-09-06,4.47,4.53,4.43,4.47,4.47,376980000.0,investing
2019-09-09,4.5,4.6,4.5,4.51,4.51,417530000.0,investing
2019-09-10,4.48,4.61,4.47,4.58,4.58,352810000.0,investing
2019-09-11,4.59,4.66,4.57,4.61,4.61,361510000.0,investing
2019-09-12,4.66,4.71,4.6,4.61,4.61,327840000.0,investing
2019-09-13,4.54,4.58,4.5,4.55,4.55,324590000.0,investing
2019-09-16,4.47,4.54,4.46,4.51,4.51,231830000.0,investing
2019-09-17,4.51,4.53,4.47,4.53,4.53,228470000.0,investing
2019-09-18,4.52,4.54,4.41,4.5,4.5,264040000.00000003,investing
2019-09-19,4.51,4.52,4.41,4.42,4.42,256340000.0,investing
2019-09-20,4.42,4.45,4.31,4.32,4.32,357250000.0,investing
2019-09-23,4.32,4.42,4.31,4.37,4.37,255830000.0,investing
2019-09-24,4.4,4.43,4.28,4.31,4.31,321240000.0,investing
2019-09-25,4.31,4.48,4.27,4.46,4.46,313110000.0,investing
2019-09-26,4.45,4.45,4.38,4.43,4.43,237830000.0,investing
2019-09-27,4.39,4.44,4.23,4.29,4.29,365960000.0,investing
2019-09-30,4.32,4.36,4.29,4.35,4.35,193200000.0,investing
2019-10-01,4.38,4.53,4.35,4.35,4.35,367570000.0,investing
2019-10-02,4.33,4.34,4.25,4.33,4.33,295660000.0,investing
2019-10-03,4.33,4.54,4.3,4.53,4.53,462730000.0,investing
2019-10-04,4.54,4.58,4.47,4.55,4.55,267960000.0,investing
2019-10-07,4.61,4.71,4.61,4.61,4.61,488310000.0,investing
2019-10-08,4.52,4.52,4.41,4.43,4.43,449340000.0,investing
2019-10-09,4.51,4.57,4.48,4.52,4.52,307880000.0,investing
2019-10-10,4.52,4.63,4.51,4.58,4.58,327520000.0,investing
2019-10-11,4.66,4.73,4.64,4.65,4.65,450870000.0,investing
2019-10-14,4.64,4.68,4.61,4.66,4.66,210340000.0,investing
2019-10-15,4.75,4.98,4.74,4.91,4.91,667990000.0,investing
2019-10-16,4.88,4.98,4.84,4.86,4.86,432750000.0,investing
2019-10-17,4.9,4.95,4.8,4.86,4.86,264320000.0,investing
2019-10-18,4.86,4.89,4.69,4.76,4.76,307620000.0,investing
2019-10-21,4.82,4.91,4.8,4.9,4.9,266970000.00000003,investing
2019-10-22,4.96,5.06,4.88,4.89,4.89,337370000.0,investing
2019-10-23,4.81,4.89,4.78,4.88,4.88,285770000.0,investing
2019-10-24,4.92,4.96,4.88,4.92,4.92,239040000.0,investing
2019-10-25,5.0,5.13,4.99,5.11,5.11,423090000.0,investing
2019-10-28,5.16,5.22,5.13,5.17,5.17,330790000.0,investing
2019-10-29,5.16,5.16,5.05,5.07,5.07,211240000.0,investing
2019-10-30,5.1,5.11,5.01,5.08,5.08,205960000.0,investing
2019-10-31,5.05,5.08,4.95,5.03,5.03,209730000.0,investing
2019-11-01,4.99,5.1,4.96,5.06,5.06,283640000.0,investing
2019-11-04,5.15,5.28,5.12,5.26,5.26,376720000.0,investing
2019-11-05,5.26,5.29,5.19,5.24,5.24,300870000.0,investing
2019-11-06,5.22,5.24,5.1,5.19,5.19,269010000.0,investing
2019-11-07,5.28,5.29,5.16,5.21,5.21,280340000.0,investing
2019-11-08,5.19,5.23,5.15,5.19,5.19,189410000.0,investing
2019-11-11,5.19,5.23,5.11,5.2,5.2,243790000.0,investing
2019-11-12,5.24,5.3,5.21,5.24,5.24,283840000.0,investing
2019-11-13,5.21,5.24,5.15,5.21,5.21,302360000.0,investing
2019-11-14,5.22,5.25,5.16,5.24,5.24,527010000.0,investing
2019-11-15,5.24,5.29,5.02,5.1,5.1,1050000000.0,investing
2019-11-18,5.1,5.33,5.09,5.31,5.31,575320000.0,investing
2019-11-19,5.28,5.3,5.14,5.2,5.2,415380000.0,investing
2019-11-20,5.18,5.36,5.16,5.28,5.28,473020000.0,investing
2019-11-21,5.28,5.33,5.23,5.25,5.25,288390000.0,investing
2019-11-22,5.28,5.32,5.25,5.27,5.27,224100000.0,investing
2019-11-25,5.4,5.54,5.39,5.53,5.53,507350000.0,investing
2019-11-26,5.51,5.52,5.42,5.42,5.42,385680000.0,investing
2019-11-27,5.47,5.5,5.43,5.46,5.46,216430000.0,investing
2019-11-29,5.42,5.45,5.39,5.42,5.42,141560000.0,investing
2019-12-02,5.41,5.42,5.22,5.23,5.23,373870000.0,investing
2019-12-03,5.05,5.2,5.01,5.19,5.19,474150000.0,investing
2019-12-04,5.28,5.3,5.21,5.24,5.24,273620000.0,investing
2019-12-05,5.26,5.27,5.19,5.22,5.22,185140000.0,investing
2019-12-06,5.29,5.34,5.28,5.3,5.3,232420000.0,investing
2019-12-09,5.28,5.36,5.27,5.3,5.3,215130000.0,investing
2019-12-10,5.33,5.4,5.28,5.35,5.35,256690000.0,investing
2019-12-11,5.36,5.44,5.36,5.43,5.43,234010000.0,investing
2019-12-12,5.4,5.62,5.4,5.6,5.6,406080000.0,investing
2019-12-13,5.6,5.72,5.55,5.6,5.6,454970000.0,investing
2019-12-16,5.65,5.7,5.62,5.63,5.63,321310000.0,investing
2019-12-17,5.65,5.73,5.64,5.71,5.71,323260000.0,investing
2019-12-18,5.74,5.8,5.73,5.74,5.74,344280000.0,investing
2019-12-19,5.77,5.9,5.77,5.89,5.89,453110000.0,investing
2019-12-20,5.95,6.01,5.93,5.98,5.98,603380000.0,investing
2019-12-23,6.01,6.05,5.96,5.97,5.97,355390000.0,investing
2019-12-24,5.96,5.98,5.92,5.97,5.97,138860000.0,investing
2019-12-26,5.97,6.01,5.95,5.98,5.98,183220000.0,investing
2019-12-27,6.0,6.01,5.9,5.92,5.92,254810000.0,investing
2019-12-30,5.9,5.91,5.78,5.81,5.81,258250000.0,investing
2019-12-31,5.77,5.89,5.75,5.88,5.88,231210000.0,investing
2020-01-02,5.97,6.0,5.92,6.0,6.0,237680000.0,investing
2020-01-03,5.88,5.95,5.85,5.9,5.9,205770000.0,investing
2020-01-06,5.81,5.93,5.78,5.93,5.93,262910000.00000003,investing
2020-01-07,5.96,6.04,5.91,6.0,6.0,319210000.0,investing
2020-01-08,5.99,6.05,5.95,6.01,6.01,277240000.0,investing
2020-01-09,6.1,6.15,6.02,6.08,6.08,255440000.0,investing
2020-01-10,6.18,6.21,6.09,6.11,6.11,316460000.0,investing
2020-01-13,6.19,6.32,6.17,6.3,6.3,320340000.0,investing
2020-01-14,6.26,6.28,6.17,6.18,6.18,359580000.0,investing
2020-01-15,6.19,6.22,6.11,6.14,6.14,263110000.0,investing
2020-01-16,6.19,6.23,6.17,6.22,6.22,284190000.0,investing
2020-01-17,6.24,6.25,6.18,6.23,6.23,253790000.0,investing
2020-01-21,6.2,6.23,6.16,6.2,6.2,217920000.0,investing
2020-01-22,6.24,6.34,6.22,6.25,6.25,239240000.0,investing
2020-01-23,6.29,6.33,6.2,6.32,6.32,244510000.0,investing
2020-01-24,6.44,6.49,6.21,6.26,6.26,373510000.0,investing
2020-01-27,5.96,6.06,5.81,6.0,6.0,470530000.0,investing
2020-01-28,6.07,6.23,6.02,6.2,6.2,310980000.0,investing
2020-01-29,6.18,6.22,6.1,6.14,6.14,259450000.0,investing
2020-01-30,6.04,6.16,5.99,6.15,6.15,290500000.0,investing
2020-01-31,6.1,6.11,5.87,5.91,5.91,370420000.0,investing
2020-02-03,5.89,6.03,5.89,6.01,6.01,255930000.0,investing
2020-02-04,6.15,6.2,6.1,6.18,6.18,271540000.0,investing
2020-02-05,6.3,6.31,6.19,6.27,6.27,208220000.0,investing
2020-02-06,6.3,6.36,6.22,6.36,6.36,218280000.0,investing
2020-02-07,6.32,6.34,6.26,6.29,6.29,189750000.0,investing
2020-02-10,6.31,6.58,6.31,6.57,6.57,529610000.0,investing
2020-02-11,6.68,6.81,6.62,6.7,6.7,638560000.0,investing
2020-02-12,6.75,6.82,6.71,6.81,6.81,374640000.0,investing
2020-02-13,6.76,6.84,6.73,6.77,6.77,528020000.0,investing
2020-02-14,7.18,7.37,7.15,7.24,7.24,1040000000.0,investing
2020-02-18,7.14,7.43,7.12,7.41,7.41,621880000.0,investing
2020-02-19,7.54,7.89,7.54,7.87,7.87,694330000.0,investing
2020-02-20,7.82,7.91,7.41,7.72,7.72,810050000.0,investing
2020-02-21,7.6,7.63,7.27,7.35,7.35,769290000.0,investing
2020-02-24,6.75,7.05,6.7,6.83,6.83,856910000.0,investing
2020-02-25,6.91,6.97,6.45,6.55,6.55,1060000000.0,investing
2020-02-26,6.55,6.89,6.55,6.69,6.69,749660000.0,investing
2020-02-27,6.37,6.67,6.22,6.32,6.32,906410000.0,investing
2020-02-28,6.06,6.81,6.04,6.75,6.75,1130000000.0,investing
2020-03-02,6.92,6.94,6.53,6.91,6.91,890750000.0,investing
2020-03-03,6.97,7.03,6.56,6.65,6.65,652790000.0,investing
2020-03-04,6.75,7.12,6.68,7.11,7.11,597410000.0,investing
2020-03-05,6.91,7.08,6.79,6.83,6.83,540330000.0,investing
2020-03-06,6.65,6.71,6.45,6.65,6.65,515410000.0,investing
2020-03-09,6.0,6.49,5.95,6.14,6.14,614160000.0,investing
2020-03-10,6.41,6.53,6.15,6.53,6.53,580650000.0,investing
2020-03-11,6.39,6.42,6.06,6.16,6.16,502070000.0,investing
2020-03-12,5.64,5.9,5.39,5.41,5.41,816540000.0,investing
2020-03-13,5.76,6.03,5.49,6.02,6.02,634840000.0,investing
2020-03-16,5.31,5.65,4.85,4.91,4.91,726970000.0,investing
2020-03-17,5.02,5.52,4.78,5.43,5.43,833630000.0,investing
2020-03-18,5.0,5.25,4.52,5.07,5.07,874270000.0,investing
2020-03-19,5.05,5.42,4.83,5.32,5.32,765510000.0,investing
2020-03-20,5.47,5.76,5.13,5.14,5.14,804630000.0,investing
2020-03-23,5.14,5.41,4.96,5.32,5.32,643870000.0,investing
2020-03-24,5.72,6.32,5.7,6.23,6.23,1100000000.0,investing
2020-03-25,6.34,6.55,6.09,6.14,6.14,793430000.0,investing
2020-03-26,6.35,6.56,6.25,6.43,6.43,697590000.0,investing
2020-03-27,6.25,6.58,6.22,6.32,6.32,638830000.0,investing
2020-03-30,6.38,6.65,6.34,6.64,6.64,602250000.0,investing
2020-03-31,6.68,6.88,6.44,6.59,6.59,949960000.0,investing
2020-04-01,6.39,6.54,6.03,6.08,6.08,656910000.0,investing
2020-04-02,6.11,6.4,6.06,6.39,6.39,675760000.0,investing
2020-04-03,6.35,6.39,5.96,6.1,6.1,663210000.0,investing
2020-04-06,6.38,6.75,6.32,6.71,6.71,727880000.0,investing
2020-04-07,6.93,6.96,6.43,6.48,6.48,784520000.0,investing
2020-04-08,6.59,6.7,6.51,6.67,6.67,542440000.0,investing
2020-04-09,6.8,6.82,6.51,6.57,6.57,526250000.0,investing
2020-04-13,6.51,6.75,6.42,6.75,6.75,398410000.0,investing
2020-04-14,6.88,7.13,6.85,7.1,7.1,530950000.00000006,investing
2020-04-15,6.93,7.1,6.88,7.02,7.02,366150000.0,investing
2020-04-16,7.18,7.47,7.16,7.37,7.37,745620000.0,investing
2020-04-17,7.45,7.47,7.17,7.31,7.31,539120000.0,investing
2020-04-20,7.18,7.34,7.13,7.18,7.18,449390000.0,investing
2020-04-21,7.06,7.12,6.68,6.74,6.74,735160000.0,investing
2020-04-22,6.93,7.2,6.88,7.15,7.15,484730000.0,investing
2020-04-23,7.2,7.33,7.08,7.1,7.1,424160000.0,investing
2020-04-24,7.09,7.24,7.01,7.24,7.24,352650000.0,investing
2020-04-27,7.37,7.59,7.35,7.43,7.43,479390000.0,investing
2020-04-28,7.58,7.61,7.28,7.28,7.28,442900000.0,investing
2020-04-29,7.42,7.51,7.34,7.46,7.46,379160000.0,investing
2020-04-30,7.41,7.46,7.29,7.31,7.31,375920000.0,investing
2020-05-01,7.11,7.22,7.02,7.07,7.07,342100000.0,investing
2020-05-04,7.02,7.3,7.02,7.28,7.28,317560000.0,investing
2020-05-05,7.39,7.51,7.28,7.34,7.34,368900000.0,investing
2020-05-06,7.42,7.55,7.39,7.44,7.44,323470000.0,investing
2020-05-07,7.58,7.69,7.53,7.62,7.62,373730000.0,investing
2020-05-08,7.69,7.82,7.66,7.81,7.81,339910000.0,investing
2020-05-11,7.81,8.11,7.78,8.07,8.07,469060000.0,investing
2020-05-12,8.12,8.17,7.79,7.8,7.8,493060000.0,investing
2020-05-13,7.92,8.08,7.59,7.78,7.78,625850000.0,investing
2020-05-14,7.84,8.04,7.69,8.03,8.03,602310000.0,investing
2020-05-15,7.89,8.5,7.87,8.49,8.49,987660000.0,investing
2020-05-18,8.76,8.92,8.68,8.75,8.75,776400000.0,investing
2020-05-19,8.79,9.09,8.76,8.81,8.81,717320000.0,investing
2020-05-20,8.99,9.04,8.89,8.97,8.97,587540000.0,investing
2020-05-21,9.05,9.05,8.74,8.78,8.78,761070000.0,investing
2020-05-22,8.83,9.09,8.71,9.03,9.03,1040000000.0,investing
2020-05-26,9.16,9.18,8.67,8.72,8.72,770780000.0,investing
2020-05-27,8.62,8.63,8.0,8.53,8.53,1180000000.0,investing
2020-05-28,8.41,8.76,8.38,8.49,8.49,736130000.0,investing
2020-05-29,8.55,8.88,8.48,8.88,8.88,745920000.0,investing
2020-06-01,8.83,8.84,8.69,8.81,8.81,390510000.0,investing
2020-06-02,8.8,8.84,8.66,8.83,8.83,391320000.0,investing
2020-06-03,8.82,8.87,8.7,8.77,8.77,365440000.0,investing
2020-06-04,8.73,8.94,8.68,8.77,8.77,424280000.0,investing
2020-06-05,8.79,9.0,8.71,8.92,8.92,481750000.0,investing
2020-06-08,8.88,8.89,8.69,8.8,8.8,387740000.0,investing
2020-06-09,8.8,9.11,8.75,9.05,9.05,468490000.0,investing
2020-06-10,9.17,9.5,9.15,9.37,9.37,632180000.0,investing
2020-06-11,9.15,9.26,8.79,8.8,8.8,583650000.0,investing
2020-06-12,9.16,9.19,8.7,8.93,8.93,570910000.0,investing
2020-06-15,8.82,9.18,8.74,9.17,9.17,400000000.0,investing
2020-06-16,9.22,9.27,8.84,9.07,9.07,535720000.0,investing
2020-06-17,9.11,9.3,9.07,9.24,9.24,408310000.0,investing
2020-06-18,9.23,9.28,9.11,9.22,9.22,254410000.0,investing
2020-06-19,9.24,9.45,9.23,9.26,9.26,524160000.0,investing
2020-06-22,9.3,9.53,9.27,9.53,9.53,398470000.0,investing
2020-06-23,9.55,9.64,9.41,9.45,9.45,375110000.0,investing
2020-06-24,9.48,9.56,9.14,9.24,9.24,449370000.0,investing
2020-06-25,9.36,9.51,9.18,9.49,9.49,376070000.0,investing
2020-06-26,9.5,9.5,9.12,9.15,9.15,592090000.0,investing
2020-06-29,9.17,9.2,8.9,9.2,9.2,342250000.0,investing
2020-06-30,9.31,9.53,9.27,9.5,9.5,367890000.0,investing
2020-07-01,9.52,9.58,9.41,9.53,9.53,326650000.0,investing
2020-07-02,9.64,9.74,9.58,9.61,9.61,364050000.0,investing
2020-07-06,9.74,9.91,9.71,9.84,9.84,315890000.0,investing
2020-07-07,9.95,10.07,9.85,9.87,9.87,357800000.0,investing
2020-07-08,9.99,10.22,9.97,10.22,10.22,365480000.0,investing
2020-07-09,10.38,10.57,10.23,10.51,10.51,494550000.0,investing
2020-07-10,10.59,10.66,10.38,10.48,10.48,497670000.0,investing
2020-07-13,10.6,10.79,10.03,10.05,10.05,457070000.0,investing
2020-07-14,10.07,10.4,9.79,10.38,10.38,542670000.0,investing
2020-07-15,10.41,10.43,10.06,10.23,10.23,403980000.0,investing
2020-07-16,10.02,10.21,9.9,10.13,10.13,344960000.0,investing
2020-07-17,10.23,10.25,10.09,10.2,10.2,266280000.0,investing
2020-07-20,10.27,10.53,10.16,10.51,10.51,284850000.0,investing
2020-07-21,10.51,10.56,10.29,10.33,10.33,277670000.0,investing
2020-07-22,10.37,10.6,10.29,10.44,10.44,367290000.0,investing
2020-07-23,10.45,10.55,10.03,10.13,10.13,411660000.0,investing
2020-07-24,9.88,10.36,9.78,10.19,10.19,473290000.0,investing
2020-07-27,10.23,10.44,10.22,10.42,10.42,292130000.0,investing
2020-07-28,10.37,10.38,10.21,10.22,10.22,271640000.0,investing
2020-07-29,10.39,10.52,10.35,10.47,10.47,284510000.0,investing
2020-07-30,10.38,10.62,10.3,10.61,10.61,308880000.0,investing
2020-07-31,10.56,10.77,10.43,10.61,10.61,386290000.0,investing
2020-08-03,10.73,11.1,10.72,11.01,11.01,413020000.0,investing
2020-08-04,11.05,11.23,10.91,11.23,11.23,310340000.0,investing
2020-08-05,11.24,11.37,11.17,11.29,11.29,250500000.0,investing
2020-08-06,11.35,11.36,11.18,11.34,11.34,244320000.0,investing
2020-08-07,11.31,11.5,11.04,11.2,11.2,342520000.0,investing
2020-08-10,11.33,11.41,10.86,11.16,11.16,427800000.0,investing
2020-08-11,11.07,11.14,10.8,10.85,10.85,354510000.0,investing
2020-08-12,10.99,11.47,10.96,11.44,11.44,464940000.0,investing
2020-08-13,11.55,11.72,11.36,11.44,11.44,374460000.0,investing
2020-08-14,11.53,11.7,11.44,11.56,11.56,366440000.0,investing
2020-08-17,11.85,12.41,11.82,12.34,12.34,621300000.0,investing
2020-08-18,12.45,12.5,12.09,12.26,12.26,503450000.0,investing
2020-08-19,12.3,12.31,12.1,12.14,12.14,622620000.0,investing
2020-08-20,11.97,12.38,11.88,12.14,12.14,921390000.0,investing
2020-08-21,12.2,12.81,12.2,12.68,12.68,999870000.0,investing
2020-08-24,12.88,12.91,12.51,12.72,12.72,490560000.0,investing
2020-08-25,12.63,12.76,12.57,12.75,12.75,289080000.0,investing
2020-08-26,12.8,12.87,12.68,12.77,12.77,321240000.0,investing
2020-08-27,12.78,12.85,12.57,12.63,12.63,317600000.0,investing
2020-08-28,12.67,13.15,12.64,13.15,13.15,537160000.0,investing
2020-08-31,13.18,13.57,13.04,13.37,13.37,500840000.0,investing
2020-09-01,13.48,13.99,13.44,13.82,13.82,512470000.0,investing
2020-09-02,14.7,14.73,13.9,14.35,14.35,874010000.0,investing
2020-09-03,13.83,13.88,12.88,13.02,13.02,945130000.0,investing
2020-09-04,12.78,13.18,11.7,12.62,12.62,1460000000.0,investing
2020-09-08,11.73,12.55,11.7,11.91,11.91,795730000.0,investing
2020-09-09,12.4,12.81,12.23,12.71,12.71,736200000.0,investing
2020-09-10,12.99,13.07,12.17,12.31,12.31,698680000.0,investing
2020-09-11,12.49,12.65,11.9,12.16,12.16,636930000.0,investing
2020-09-14,13.08,13.31,12.63,12.87,12.87,1200000000.0,investing
2020-09-15,13.28,13.3,12.83,12.99,12.99,727560000.0,investing
2020-09-16,12.96,13.09,12.51,12.51,12.51,557600000.0,investing
2020-09-17,12.13,12.59,12.03,12.46,12.46,792510000.0,investing
2020-09-18,12.59,12.63,11.99,12.19,12.19,698460000.0,investing
2020-09-21,11.93,12.52,11.9,12.52,12.52,721040000.0,investing
2020-09-22,12.57,12.65,12.16,12.64,12.64,646450000.0,investing
2020-09-23,12.58,12.73,12.08,12.12,12.12,647010000.0,investing
2020-09-24,12.07,12.57,12.01,12.35,12.35,731240000.0,investing
2020-09-25,12.45,12.88,12.25,12.87,12.87,588020000.0,investing
2020-09-28,13.04,13.05,12.75,13.04,13.04,573810000.0,investing
2020-09-29,12.94,13.44,12.93,13.23,13.23,623000000.0,investing
2020-09-30,13.16,13.62,13.15,13.53,13.53,689180000.0,investing
2020-10-01,13.76,13.76,13.46,13.61,13.61,525000000.0,investing
2020-10-02,13.22,13.52,13.05,13.06,13.06,552500000.0,investing
2020-10-05,13.24,13.64,13.22,13.64,13.64,479820000.0,investing
2020-10-06,13.83,14.14,13.66,13.74,13.74,784420000.0,investing
2020-10-07,14.0,14.12,13.86,13.96,13.96,418090000.0,investing
2020-10-08,14.07,14.08,13.76,13.84,13.84,378900000.0,investing
2020-10-09,13.77,13.82,13.66,13.76,13.76,346890000.0,investing
2020-10-12,13.99,14.35,13.91,14.23,14.23,434740000.0,investing
2020-10-13,14.3,14.35,14.02,14.25,14.25,344600000.0,investing
2020-10-14,14.29,14.34,13.96,14.1,14.1,276650000.0,investing
2020-10-15,13.81,14.01,13.77,13.97,13.97,267230000.00000003,investing
2020-10-16,14.04,14.12,13.79,13.81,13.81,242640000.0,investing
2020-10-19,13.9,13.98,13.41,13.5,13.5,298070000.0,investing
2020-10-20,13.58,13.8,13.51,13.65,13.65,229210000.0,investing
2020-10-21,13.62,13.79,13.48,13.52,13.52,219600000.0,investing
2020-10-22,13.52,13.61,13.23,13.36,13.36,290480000.0,investing
2020-10-23,13.45,13.59,13.29,13.59,13.59,233480000.0,investing
2020-10-26,13.43,13.69,13.04,13.14,13.14,336890000.0,investing
2020-10-27,13.31,13.44,13.19,13.4,13.4,250520000.0,investing
2020-10-28,13.2,13.26,12.61,12.63,12.63,376520000.0,investing
2020-10-29,12.84,13.19,12.75,13.02,13.02,320080000.0,investing
2020-10-30,12.85,12.94,12.3,12.53,12.53,417400000.0,investing
2020-11-02,12.66,12.84,12.39,12.58,12.58,299650000.0,investing
2020-11-03,12.71,13.11,12.6,13.02,13.02,272900000.0,investing
2020-11-04,13.39,13.83,13.34,13.79,13.79,410230000.0,investing
2020-11-05,14.16,14.34,13.99,14.16,14.16,319030000.0,investing
2020-11-06,14.11,14.59,13.89,14.56,14.56,383350000.0,investing
2020-11-09,14.55,14.69,13.61,13.63,13.63,582980000.0,investing
2020-11-10,13.61,13.61,12.63,12.77,12.77,644070000.0,investing
2020-11-11,13.05,13.43,12.95,13.42,13.42,404740000.0,investing
2020-11-12,13.48,13.77,13.32,13.46,13.46,366640000.0,investing
2020-11-13,13.63,13.67,13.06,13.3,13.3,346760000.0,investing
2020-11-16,13.17,13.65,13.16,13.52,13.52,413770000.0,investing
2020-11-17,13.55,13.6,13.3,13.42,13.42,312030000.0,investing
2020-11-18,13.47,13.61,13.19,13.43,13.43,510930000.0,investing
2020-11-19,13.21,13.49,13.1,13.44,13.44,565930000.0,investing
2020-11-20,13.45,13.49,13.06,13.09,13.09,341090000.0,investing
2020-11-23,13.17,13.38,13.02,13.14,13.14,361350000.0,investing
2020-11-24,13.14,13.16,12.88,12.96,12.96,346500000.0,investing
2020-11-25,13.03,13.27,13.02,13.23,13.23,259920000.00000003,investing
2020-11-27,13.38,13.41,13.17,13.26,13.26,167280000.0,investing
2020-11-30,13.27,13.41,12.97,13.4,13.4,286950000.0,investing
2020-12-01,13.49,13.53,13.23,13.39,13.39,297570000.0,investing
2020-12-02,13.35,13.67,13.23,13.54,13.54,283360000.0,investing
2020-12-03,13.59,13.66,13.33,13.4,13.4,199520000.0,investing
2020-12-04,13.45,13.56,13.39,13.56,13.56,202240000.0,investing
2020-12-07,13.6,13.73,13.5,13.61,13.61,223240000.0,investing
2020-12-08,13.59,13.6,13.28,13.35,13.35,271920000.0,investing
2020-12-09,13.3,13.41,12.87,12.93,12.93,401300000.0,investing
2020-12-10,12.87,13.07,12.85,12.97,12.97,207760000.0,investing
2020-12-11,12.97,13.02,12.82,13.01,13.01,209270000.0,investing
2020-12-14,13.09,13.39,13.08,13.31,13.31,270160000.0,investing
2020-12-15,13.44,13.46,13.19,13.36,13.36,193490000.0,investing
2020-12-16,13.42,13.44,13.21,13.24,13.24,223110000.0,investing
2020-12-17,13.37,13.38,13.18,13.34,13.34,231380000.0,investing
2020-12-18,13.38,13.4,13.07,13.27,13.27,342060000.0,investing
2020-12-21,13.07,13.37,12.97,13.33,13.33,302330000.0,investing
2020-12-22,13.32,13.34,13.05,13.28,13.28,186310000.0,investing
2020-12-23,13.26,13.28,13.01,13.01,13.01,179140000.0,investing
2020-12-24,13.04,13.13,12.94,12.99,12.99,97880000.0,investing
2020-12-28,13.06,13.06,12.76,12.9,12.9,212570000.0,investing
2020-12-29,12.93,13.07,12.84,12.94,12.94,170370000.0,investing
2020-12-30,12.99,13.21,12.9,13.15,13.15,225400000.0,investing
2020-12-31,13.14,13.15,12.91,13.05,13.05,192420000.0,investing
2021-01-04,13.1,13.65,12.96,13.11,13.11,560640000.0,investing
2021-01-05,13.1,13.44,13.09,13.4,13.4,322760000.0,investing
2021-01-06,13.22,13.24,12.59,12.61,12.61,580420000.0,investing
2021-01-07,12.97,13.38,12.89,13.34,13.34,461480000.0,investing
2021-01-08,13.36,13.42,13.04,13.28,13.28,292530000.0,investing
2021-01-11,13.42,13.96,13.36,13.62,13.62,519030000.0,investing
2021-01-12,13.75,13.75,13.35,13.48,13.48,291480000.0,investing
2021-01-13,13.49,13.62,13.39,13.53,13.53,210030000.0,investing
2021-01-14,13.57,13.6,13.18,13.2,13.2,283120000.0,investing
2021-01-15,13.23,13.33,12.85,12.86,12.86,277780000.0,investing
2021-01-19,13.02,13.09,12.84,13.03,13.03,226190000.0,investing
2021-01-20,13.11,13.43,13.06,13.37,13.37,258570000.0,investing
2021-01-21,13.42,14.0,13.25,13.87,13.87,338340000.0,investing
2021-01-22,13.74,13.84,13.63,13.71,13.71,246820000.0,investing
2021-01-25,13.78,13.83,13.24,13.65,13.65,251110000.0,investing
2021-01-26,13.58,13.64,13.39,13.44,13.44,163980000.0,investing
2021-01-27,13.23,13.23,12.79,12.92,12.92,371270000.0,investing
2021-01-28,13.0,13.34,12.96,13.05,13.05,228320000.0,investing
2021-01-29,13.07,13.33,12.91,12.99,12.99,271550000.0,investing
2021-02-01,13.05,13.27,12.9,13.24,13.24,217200000.0,investing
2021-02-02,13.4,13.57,13.29,13.56,13.56,220440000.0,investing
2021-02-03,13.64,13.93,13.52,13.53,13.53,245410000.0,investing
2021-02-04,13.53,13.67,13.34,13.66,13.66,201340000.0,investing
2021-02-05,13.72,13.74,13.55,13.59,13.59,169150000.0,investing
2021-02-08,13.73,14.47,13.73,14.44,14.44,434620000.0,investing
2021-02-09,14.34,14.58,14.22,14.26,14.26,287560000.0,investing
2021-02-10,14.46,14.9,14.34,14.76,14.76,485350000.0,investing
2021-02-11,14.98,15.27,14.93,15.25,15.25,450830000.0,investing
2021-02-12,15.05,15.29,14.78,14.96,14.96,374760000.0,investing
2021-02-16,15.06,15.37,14.95,15.33,15.33,321960000.0,investing
2021-02-17,15.17,15.22,14.78,14.91,14.91,275700000.0,investing
2021-02-18,14.73,14.87,14.57,14.83,14.83,234080000.0,investing
2021-02-19,15.02,15.18,14.85,14.93,14.93,271720000.0,investing
2021-02-22,14.77,15.13,14.32,14.36,14.36,325890000.0,investing
2021-02-23,14.08,14.24,13.39,14.14,14.14,391780000.0,investing
2021-02-24,14.12,14.51,13.76,14.5,14.5,448320000.0,investing
2021-02-25,14.05,14.37,13.22,13.31,13.31,824440000.0,investing
2021-02-26,13.75,13.85,13.36,13.71,13.71,500930000.0,investing
2021-03-01,13.88,13.93,13.55,13.84,13.84,353180000.0,investing
2021-03-02,13.9,13.92,13.4,13.41,13.41,264110000.0,investing
2021-03-03,13.43,13.45,12.8,12.8,12.8,377590000.0,investing
2021-03-04,12.8,12.97,12.08,12.37,12.37,573350000.0,investing
2021-03-05,12.55,12.55,11.68,12.46,12.46,542840000.0,investing
2021-03-08,12.45,12.47,11.57,11.59,11.59,543110000.0,investing
2021-03-09,12.13,12.62,12.06,12.52,12.52,521830000.00000006,investing
2021-03-10,12.84,12.98,12.46,12.47,12.47,384380000.0,investing
2021-03-11,12.95,13.05,12.73,12.99,12.99,299910000.0,investing
2021-03-12,12.65,12.89,12.59,12.86,12.86,243960000.0,investing
2021-03-15,12.86,13.21,12.77,13.19,13.19,222520000.0,investing
2021-03-16,13.36,13.51,13.12,13.29,13.29,272130000.0,investing
2021-03-17,13.04,13.45,12.99,13.34,13.34,243860000.0,investing
2021-03-18,13.14,13.18,12.72,12.72,12.72,294190000.0,investing
2021-03-19,12.75,12.92,12.61,12.85,12.85,299210000.0,investing
2021-03-22,12.91,13.39,12.91,13.19,13.19,297800000.0,investing
2021-03-23,13.25,13.34,13.02,13.07,13.07,222050000.0,investing
2021-03-24,13.15,13.16,12.64,12.64,12.64,245840000.0,investing
2021-03-25,12.5,12.71,12.27,12.54,12.54,295140000.0,investing
2021-03-26,12.55,12.86,12.37,12.84,12.84,363970000.0,investing
2021-03-29,12.82,13.06,12.7,12.95,12.95,273520000.0,investing
2021-03-30,12.84,12.98,12.71,12.87,12.87,200200000.0,investing
2021-03-31,13.02,13.47,12.98,13.35,13.35,314780000.0,investing
2021-04-01,13.57,13.87,13.51,13.81,13.81,308270000.0,investing
2021-04-05,13.87,14.01,13.73,13.99,13.99,255670000.0,investing
2021-04-06,14.0,14.05,13.77,13.86,13.86,191750000.0,investing
2021-04-07,13.88,14.24,13.71,14.14,14.14,251280000.0,investing
2021-04-08,14.25,14.47,14.25,14.32,14.32,244410000.0,investing
2021-04-09,14.21,14.41,14.18,14.4,14.4,195170000.0,investing
2021-04-12,14.29,15.35,14.14,15.21,15.21,869320000.0,investing
2021-04-13,15.23,15.7,15.13,15.68,15.68,676210000.0,investing
2021-04-14,15.62,15.72,15.23,15.28,15.28,385500000.0,investing
2021-04-15,15.66,16.21,15.63,16.14,16.14,598480000.0,investing
2021-04-16,16.05,16.17,15.87,15.91,15.91,335210000.0,investing
2021-04-19,15.54,15.81,15.23,15.36,15.36,404420000.0,investing
2021-04-20,15.32,15.5,14.96,15.17,15.17,334130000.0,investing
2021-04-21,15.12,15.36,15.1,15.36,15.36,216780000.0,investing
2021-04-22,15.38,15.44,14.78,14.85,14.85,277790000.0,investing
2021-04-23,14.93,15.33,14.9,15.27,15.27,227770000.0,investing
2021-04-26,15.19,15.48,15.12,15.48,15.48,197800000.0,investing
2021-04-27,15.58,15.67,15.35,15.38,15.38,164570000.0,investing
2021-04-28,15.36,15.53,15.22,15.28,15.28,209420000.0,investing
2021-04-29,15.4,15.44,15.07,15.32,15.32,173200000.0,investing
2021-04-30,15.17,15.36,15.0,15.01,15.01,201910000.0,investing
2021-05-03,15.12,15.25,14.79,14.84,14.84,203910000.0,investing
2021-05-04,14.64,14.64,14.01,14.35,14.35,405320000.0,investing
2021-05-05,14.71,14.81,14.39,14.46,14.46,292020000.0,investing
2021-05-06,14.5,14.57,14.22,14.52,14.52,193380000.0,investing
2021-05-07,14.81,14.97,14.67,14.81,14.81,229330000.0,investing
2021-05-10,14.79,14.81,14.25,14.27,14.27,268900000.0,investing
2021-05-11,13.82,14.35,13.75,14.31,14.31,285590000.0,investing
2021-05-12,14.01,14.26,13.71,13.76,13.76,303410000.0,investing
2021-05-13,14.03,14.08,13.46,13.67,13.67,285730000.0,investing
2021-05-14,13.89,14.33,13.75,14.24,14.24,258620000.0,investing
2021-05-17,14.16,14.17,13.85,14.17,14.17,216980000.0,investing
2021-05-18,14.27,14.4,14.0,14.02,14.02,186250000.0,investing
2021-05-19,13.57,14.08,13.54,14.07,14.07,344000000.0,investing
2021-05-20,14.3,14.68,14.27,14.61,14.61,321590000.0,investing
2021-05-21,15.16,15.22,14.87,14.99,14.99,672990000.0,investing
2021-05-24,15.21,15.74,15.18,15.61,15.61,554820000.0,investing
2021-05-25,15.77,15.82,15.48,15.65,15.65,435410000.0,investing
2021-05-26,15.73,15.79,15.59,15.7,15.7,370440000.0,investing
2021-05-27,15.7,15.75,15.46,15.49,15.49,581480000.0,investing
2021-05-28,15.5,16.28,15.5,16.24,16.24,644540000.0,investing
2021-06-01,16.27,16.39,15.9,16.26,16.26,472800000.0,investing
2021-06-02,16.25,16.92,16.24,16.78,16.78,594170000.0,investing
2021-06-03,16.7,17.26,16.58,16.97,16.97,580010000.0,investing
2021-06-04,17.11,17.66,17.1,17.58,17.58,617120000.0,investing
2021-06-07,17.57,17.81,17.19,17.62,17.62,575750000.0,investing
2021-06-08,17.53,17.62,17.25,17.46,17.46,323850000.0,investing
2021-06-09,17.52,17.57,17.26,17.36,17.36,381660000.0,investing
2021-06-10,17.35,17.49,17.18,17.43,17.43,287770000.0,investing
2021-06-11,17.48,17.94,17.44,17.83,17.83,416310000.0,investing
2021-06-14,17.91,18.04,17.66,18.02,18.02,321370000.0,investing
2021-06-15,17.91,18.02,17.73,17.79,17.79,243030000.0,investing
2021-06-16,17.79,17.95,17.58,17.81,17.81,307120000.0,investing
2021-06-17,17.77,18.84,17.76,18.66,18.66,809650000.0,investing
2021-06-18,18.78,19.38,18.58,18.64,18.64,968850000.0,investing
2021-06-21,18.44,18.54,17.82,18.43,18.43,672380000.0,investing
2021-06-22,18.47,18.96,18.39,18.89,18.89,580150000.0,investing
2021-06-23,19.01,19.15,18.91,19.06,19.06,332360000.0,investing
2021-06-24,19.23,19.42,19.09,19.21,19.21,320920000.0,investing
2021-06-25,19.28,19.35,18.89,19.03,19.03,278370000.0,investing
2021-06-28,19.36,20.08,19.32,19.98,19.98,495440000.0,investing
2021-06-29,19.88,20.1,19.66,20.03,20.03,367630000.0,investing
2021-06-30,20.0,20.16,19.86,20.0,20.0,326570000.0,investing
2021-07-01,20.12,20.46,20.02,20.21,20.21,480130000.0,investing
2021-07-02,20.44,20.51,20.29,20.49,20.49,343400000.0,investing
2021-07-06,20.74,20.84,20.35,20.7,20.7,446710000.0,investing
2021-07-07,20.85,20.88,20.33,20.37,20.37,418430000.0,investing
2021-07-08,19.86,20.13,19.7,19.9,19.9,503300000.0,investing
2021-07-09,19.96,20.08,19.75,20.05,20.05,296620000.0,investing
2021-07-12,20.24,20.53,20.19,20.51,20.51,321980000.0,investing
2021-07-13,20.4,20.46,20.11,20.25,20.25,290710000.0,investing
2021-07-14,20.36,20.42,19.75,19.84,19.84,380100000.0,investing
2021-07-15,19.81,19.85,18.86,18.97,18.97,550560000.0,investing
2021-07-16,19.03,19.16,18.07,18.16,18.16,688220000.0,investing
2021-07-19,17.92,19.04,17.87,18.78,18.78,749060000.0,investing
2021-07-20,18.73,18.84,18.16,18.61,18.61,434690000.0,investing
2021-07-21,18.88,19.53,18.74,19.41,19.41,371020000.0,investing
2021-07-22,19.64,19.89,19.28,19.59,19.59,323830000.0,investing
2021-07-23,19.66,19.7,19.25,19.56,19.56,195670000.0,investing
2021-07-26,19.31,19.44,18.91,19.29,19.29,203940000.0,investing
2021-07-27,19.27,19.62,18.74,19.21,19.21,248860000.0,investing
2021-07-28,19.32,19.65,19.0,19.5,19.5,202190000.0,investing
2021-07-29,19.52,19.85,19.33,19.66,19.66,190780000.0,investing
2021-07-30,19.42,19.63,19.26,19.5,19.5,183500000.0,investing
2021-08-02,19.7,19.96,19.36,19.75,19.75,217440000.0,investing
2021-08-03,19.74,20.22,19.22,19.82,19.82,301810000.0,investing
2021-08-04,19.99,20.32,19.83,20.27,20.27,231310000.0,investing
2021-08-05,20.5,20.73,20.34,20.64,20.64,211440000.0,investing
2021-08-06,20.52,20.57,20.21,20.37,20.37,178500000.0,investing
2021-08-09,20.45,20.51,20.14,20.3,20.3,146440000.0,investing
2021-08-10,20.32,20.43,19.83,19.94,19.94,179240000.0,investing
2021-08-11,20.04,20.05,19.43,19.7,19.7,185920000.0,investing
2021-08-12,19.87,20.03,19.62,19.91,19.91,151860000.0,investing
2021-08-13,19.91,20.21,19.85,20.19,20.19,183060000.0,investing
2021-08-16,20.14,20.29,19.45,19.95,19.95,211150000.0,investing
2021-08-17,19.68,19.77,19.27,19.46,19.46,204580000.0,investing
2021-08-18,19.5,19.63,19.0,19.04,19.04,285910000.0,investing
2021-08-19,19.49,20.5,18.76,19.8,19.8,766550000.0,investing
2021-08-20,19.99,20.87,19.93,20.82,20.82,675740000.0,investing
2021-08-23,20.97,22.0,20.95,21.96,21.96,575810000.0,investing
2021-08-24,21.75,21.96,21.54,21.79,21.79,297300000.0,investing
2021-08-25,21.74,22.47,21.72,22.21,22.21,347700000.0,investing
2021-08-26,22.2,22.34,21.79,22.07,22.07,237940000.0,investing
2021-08-27,22.18,22.72,22.17,22.64,22.64,304720000.0,investing
2021-08-30,22.83,23.04,22.55,22.69,22.69,262580000.0,investing
2021-08-31,22.7,22.7,22.12,22.39,22.39,259850000.00000003,investing
2021-09-01,22.48,22.7,22.36,22.44,22.44,201770000.0,investing
2021-09-02,22.52,22.59,22.29,22.4,22.4,188110000.0,investing
2021-09-03,22.32,22.99,22.2,22.84,22.84,280830000.0,investing
2021-09-07,22.83,22.9,22.52,22.66,22.66,198110000.0,investing
2021-09-08,22.51,22.61,21.98,22.34,22.34,254430000.0,investing
2021-09-09,22.31,22.54,22.13,22.18,22.18,196860000.0,investing
2021-09-10,22.35,22.63,22.27,22.48,22.48,248380000.0,investing
2021-09-13,22.68,22.96,21.86,22.15,22.15,297500000.0,investing
2021-09-14,22.27,22.41,22.09,22.24,22.24,199750000.0,investing
2021-09-15,22.31,22.37,21.97,22.34,22.34,166540000.0,investing
2021-09-16,22.18,22.28,21.93,22.24,22.24,156030000.0,investing
2021-09-17,22.3,22.32,21.83,21.9,21.9,294500000.0,investing
2021-09-20,21.15,21.43,20.66,21.11,21.11,349440000.0,investing
2021-09-21,21.42,21.43,20.95,21.25,21.25,204690000.0,investing
2021-09-22,21.37,21.96,21.2,21.94,21.94,268730000.0,investing
2021-09-23,22.14,22.53,21.89,22.48,22.48,248550000.0,investing
2021-09-24,22.07,22.15,21.86,22.08,22.08,217660000.0,investing
2021-09-27,21.71,21.8,21.32,21.66,21.66,245220000.0,investing
2021-09-28,21.21,21.42,20.65,20.7,20.7,343070000.0,investing
2021-09-29,20.94,21.02,20.47,20.52,20.52,218390000.0,investing
2021-09-30,20.77,21.07,20.69,20.72,20.72,221010000.0,investing
2021-10-01,20.75,20.86,20.2,20.74,20.74,240980000.0,investing
2021-10-04,20.5,20.54,19.55,19.73,19.73,345630000.0,investing
2021-10-05,19.95,20.65,19.85,20.45,20.45,279280000.0,investing
2021-10-06,20.12,20.72,20.08,20.7,20.7,297200000.0,investing
2021-10-07,21.09,21.32,20.97,21.07,21.07,256920000.00000003,investing
2021-10-08,21.1,21.21,20.77,20.83,20.83,151260000.0,investing
2021-10-11,20.57,21.06,20.51,20.7,20.7,163390000.0,investing
2021-10-12,20.83,21.06,20.53,20.67,20.67,162130000.0,investing
2021-10-13,20.92,20.99,20.71,20.94,20.94,180650000.0,investing
2021-10-14,21.29,21.75,21.12,21.75,21.75,243590000.0,investing
2021-10-15,21.81,21.93,21.66,21.86,21.86,226990000.0,investing
2021-10-18,21.75,22.29,21.64,22.22,22.22,189490000.0,investing
2021-10-19,22.28,22.38,22.04,22.29,22.29,161470000.0,investing
2021-10-20,22.3,22.43,21.98,22.1,22.1,146280000.0,investing
2021-10-21,22.1,22.71,22.08,22.69,22.69,187590000.0,investing
2021-10-22,22.82,23.13,22.56,22.73,22.73,249380000.0,investing
2021-10-25,22.97,23.35,22.77,23.17,23.17,230230000.0,investing
2021-10-26,23.99,25.26,23.92,24.72,24.72,485900000.0,investing
2021-10-27,24.47,25.09,24.28,24.45,24.45,245990000.0,investing
2021-10-28,24.88,24.95,24.52,24.94,24.94,234200000.0,investing
2021-10-29,25.0,25.71,25.0,25.57,25.57,292500000.0,investing
2021-11-01,25.65,25.89,25.23,25.83,25.83,265740000.0,investing
2021-11-02,25.82,26.68,25.8,26.4,26.4,294110000.0,investing
2021-11-03,26.67,26.78,26.23,26.6,26.6,239910000.0,investing
2021-11-04,27.23,31.36,27.12,29.8,29.8,1150000000.0,investing
2021-11-05,30.19,31.4,29.41,29.75,29.75,851260000.0,investing
2021-11-08,30.15,31.1,29.91,30.8,30.8,503100000.0,investing
2021-11-09,32.28,32.31,29.96,30.66,30.66,646750000.0,investing
2021-11-10,29.36,30.85,28.78,29.46,29.46,636210000.0,investing
2021-11-11,30.47,30.59,29.78,30.39,30.39,332170000.0,investing
2021-11-12,30.01,30.68,29.63,30.39,30.39,413050000.0,investing
2021-11-15,30.55,30.64,29.25,30.02,30.02,384910000.0,investing
2021-11-16,29.76,30.39,29.71,30.2,30.2,264480000.00000003,investing
2021-11-17,30.42,30.51,28.8,29.26,29.26,428510000.0,investing
2021-11-18,32.37,32.76,31.32,31.68,31.68,781710000.0,investing
2021-11-19,32.24,33.09,31.91,32.98,32.98,533870000.0,investing
2021-11-22,33.52,34.65,31.9,31.96,31.96,754340000.0,investing
2021-11-23,31.54,32.36,30.88,31.75,31.75,532160000.0,investing
2021-11-24,31.46,32.85,30.93,32.67,32.67,435160000.0,investing
2021-11-26,32.6,32.71,31.35,31.5,31.5,283070000.0,investing
2021-11-29,32.37,33.41,32.04,33.38,33.38,454960000.0,investing
2021-11-30,33.17,33.35,31.86,32.68,32.68,622070000.0,investing
2021-12-01,33.22,33.29,31.38,31.43,31.43,485800000.0,investing
2021-12-02,31.21,32.48,31.02,32.13,32.13,472890000.0,investing
2021-12-03,32.0,32.13,30.13,30.69,30.69,544330000.0,investing
2021-12-06,29.88,30.24,28.04,30.04,30.04,658940000.0,investing
2021-12-07,30.96,32.45,30.65,32.43,32.43,593050000.0,investing
2021-12-08,32.0,32.29,31.42,31.83,31.83,475550000.0,investing
2021-12-09,31.73,32.2,30.43,30.49,30.49,488510000.0,investing
2021-12-10,31.15,31.3,29.86,30.2,30.2,488830000.0,investing
2021-12-13,30.25,30.29,28.12,28.16,28.16,598340000.0,investing
2021-12-14,27.7,28.68,27.25,28.34,28.34,667040000.0,investing
2021-12-15,28.4,30.5,27.84,30.46,30.46,698300000.0,investing
2021-12-16,31.15,31.16,28.09,28.39,28.39,707370000.0,investing
2021-12-17,27.98,28.92,27.76,27.8,27.8,716620000.0,investing
2021-12-20,27.3,28.14,27.14,27.72,27.72,461850000.0,investing
2021-12-21,28.37,29.12,27.4,29.07,29.07,524380000.0,investing
2021-12-22,28.89,29.55,28.45,29.4,29.4,395180000.0,investing
2021-12-23,29.75,30.06,29.43,29.64,29.64,343020000.0,investing
2021-12-27,29.66,31.09,29.64,30.95,30.95,403690000.0,investing
2021-12-28,31.31,31.33,30.01,30.32,30.32,420590000.0,investing
2021-12-29,30.27,30.55,29.37,30.0,30.0,343140000.0,investing
2021-12-30,29.83,30.46,29.54,29.59,29.59,308860000.0,investing
2021-12-31,29.67,30.03,29.33,29.41,29.41,266530000.0,investing
2022-01-03,29.82,30.71,29.79,30.12,30.12,392400000.0,investing
2022-01-04,30.28,30.47,28.35,29.29,29.29,527150000.0,investing
2022-01-05,28.95,29.42,27.53,27.6,27.6,498060000.0,investing
2022-01-06,27.64,28.44,27.07,28.18,28.18,454190000.0,investing
2022-01-07,28.14,28.42,27.06,27.25,27.25,409940000.0,investing
2022-01-10,26.58,27.47,25.64,27.4,27.4,594680000.0,investing
2022-01-11,27.32,28.07,26.84,27.82,27.82,404090000.0,investing
2022-01-12,28.07,28.59,27.61,28.0,28.0,383410000.0,investing
2022-01-13,28.38,28.48,26.5,26.57,26.57,538870000.0,investing
2022-01-14,26.3,27.2,26.21,26.94,26.94,395830000.0,investing
2022-01-18,26.26,26.64,25.77,25.9,25.9,425310000.0,investing
2022-01-19,26.08,26.54,25.05,25.07,25.07,488310000.0,investing
2022-01-20,25.3,25.58,24.08,24.15,24.15,435180000.0,investing
2022-01-21,23.51,24.82,23.26,23.37,23.37,718960000.0,investing
2022-01-24,22.33,23.38,20.89,23.37,23.37,915810000.0,investing
2022-01-25,22.55,22.94,22.0,22.32,22.32,664620000.0,investing
2022-01-26,23.24,24.06,22.3,22.77,22.77,755960000.0,investing
2022-01-27,23.57,24.0,21.68,21.94,21.94,573350000.0,investing
2022-01-28,22.01,22.86,21.3,22.84,22.84,543770000.0,investing
2022-01-31,23.18,24.51,23.05,24.49,24.49,564680000.0,investing
2022-02-01,25.1,25.14,23.89,24.64,24.64,518930000.0,investing
2022-02-02,25.79,25.82,24.55,25.24,25.24,543420000.0,investing
2022-02-03,24.46,25.08,23.78,23.95,23.95,410180000.0,investing
2022-02-04,23.97,24.64,23.63,24.32,24.32,354830000.0,investing
2022-02-07,24.37,25.18,24.2,24.73,24.73,376870000.0,investing
2022-02-08,24.36,25.23,23.98,25.11,25.11,410360000.0,investing
2022-02-09,25.62,26.73,25.35,26.7,26.7,524280000.0,investing
2022-02-10,26.0,26.92,25.6,25.82,25.82,513200000.00000006,investing
2022-02-11,25.92,26.15,23.77,23.95,23.95,605470000.0,investing
2022-02-14,23.93,24.88,23.75,24.27,24.27,440420000.0,investing
2022-02-15,24.95,26.55,24.78,26.5,26.5,701750000.0,investing
2022-02-16,26.26,26.58,25.55,26.51,26.51,732680000.0,investing
2022-02-17,25.63,25.79,24.16,24.51,24.51,810600000.0,investing
2022-02-18,24.67,24.99,23.1,23.64,23.64,761250000.0,investing
2022-02-22,23.04,24.06,23.0,23.39,23.39,633420000.0,investing
2022-02-23,23.8,24.15,22.3,22.39,22.39,566510000.0,investing
2022-02-24,21.02,23.8,20.89,23.75,23.75,735800000.0,investing
2022-02-25,23.72,24.22,23.38,24.16,24.16,528870000.0,investing
2022-02-28,23.99,24.66,23.71,24.39,24.39,477320000.0,investing
2022-03-01,24.29,24.38,23.13,23.48,23.48,412060000.0,investing
2022-03-02,23.76,24.41,23.41,24.22,24.22,389640000.0,investing
2022-03-03,24.26,24.33,23.47,23.71,23.71,365100000.0,investing
2022-03-04,23.38,23.68,22.48,22.94,22.94,432010000.0,investing
2022-03-07,22.82,23.03,21.33,21.35,21.35,450820000.0,investing
2022-03-08,21.31,22.37,20.65,21.51,21.51,557470000.0,investing
2022-03-09,22.39,23.22,22.25,23.01,23.01,492740000.0,investing
2022-03-10,22.53,22.79,21.88,22.66,22.66,428070000.0,investing
2022-03-11,23.02,23.14,22.05,22.1,22.1,367210000.0,investing
2022-03-14,21.87,22.26,21.16,21.33,21.33,385350000.0,investing
2022-03-15,21.52,23.04,21.32,22.97,22.97,492000000.0,investing
2022-03-16,23.5,24.6,23.17,24.5,24.5,671420000.0,investing
2022-03-17,24.12,24.84,23.91,24.77,24.77,471940000.0,investing
2022-03-18,24.8,26.57,24.62,26.45,26.45,730720000.0,investing
2022-03-21,26.51,27.15,25.97,26.73,26.73,591730000.0,investing
2022-03-22,26.73,27.24,26.07,26.52,26.52,547010000.0,investing
2022-03-23,26.13,26.61,25.58,25.63,25.63,502120000.0,investing
2022-03-24,26.17,28.32,25.91,28.15,28.15,877380000.0,investing
2022-03-25,27.89,28.36,27.27,27.69,27.69,579020000.0,investing
2022-03-28,27.76,28.25,27.21,28.22,28.22,425490000.0,investing
2022-03-29,28.69,28.95,27.98,28.66,28.66,488980000.0,investing
2022-03-30,28.3,28.5,27.5,27.69,27.69,463490000.0,investing
2022-03-31,27.78,28.25,27.27,27.29,27.29,523440000.00000006,investing
2022-04-01,27.38,27.5,26.27,26.71,26.71,517240000.0,investing
2022-04-04,26.73,27.56,26.61,27.36,27.36,397710000.0,investing
2022-04-05,27.25,27.32,25.82,25.93,25.93,436610000.0,investing
2022-04-06,24.93,25.3,24.0,24.41,24.41,703830000.0,investing
2022-04-07,24.44,24.72,23.48,24.21,24.21,557990000.0,investing
2022-04-08,23.92,23.92,23.06,23.12,23.12,524780000.0,investing
2022-04-11,22.21,22.32,21.66,21.92,21.92,575210000.0,investing
2022-04-12,22.54,22.73,21.28,21.5,21.5,662260000.0,investing
2022-04-13,21.73,22.5,21.45,22.2,22.2,516940000.00000006,investing
2022-04-14,22.5,22.78,21.16,21.26,21.26,569100000.0,investing
2022-04-18,21.2,22.09,21.08,21.78,21.78,525700000.00000006,investing
2022-04-19,21.72,22.37,21.31,22.2,22.2,512780000.0,investing
2022-04-20,22.52,22.67,21.2,21.48,21.48,468970000.0,investing
2022-04-21,21.71,22.39,20.0,20.18,20.18,656210000.0,investing
2022-04-22,20.3,20.49,19.5,19.52,19.52,624710000.0,investing
2022-04-25,19.2,19.95,19.1,19.9,19.9,641570000.0,investing
2022-04-26,19.72,19.79,18.67,18.79,18.79,653140000.0,investing
2022-04-27,18.6,19.17,18.29,18.41,18.41,499460000.0,investing
2022-04-28,18.97,20.04,18.49,19.78,19.78,570330000.0,investing
2022-04-29,19.4,20.13,18.52,18.55,18.55,500430000.0,investing
2022-05-02,18.54,19.57,18.39,19.53,19.53,572050000.0,investing
2022-05-03,19.4,19.82,19.13,19.6,19.6,475750000.0,investing
2022-05-04,19.92,20.4,18.75,20.33,20.33,648850000.0,investing
2022-05-05,19.87,19.93,18.5,18.84,18.84,626330000.0,investing
2022-05-06,18.74,19.51,17.99,18.68,18.68,633300000.0,investing
2022-05-09,18.03,18.25,16.83,16.95,16.95,644450000.0,investing
2022-05-10,17.69,18.2,17.02,17.59,17.59,761470000.0,investing
2022-05-11,17.35,17.75,16.57,16.63,16.63,670170000.0,investing
2022-05-12,16.22,16.79,15.57,16.18,16.18,708730000.0,investing
2022-05-13,16.79,17.93,16.59,17.71,17.71,670440000.0,investing
2022-05-16,17.51,17.79,17.11,17.26,17.26,521450000.00000006,investing
2022-05-17,18.07,18.37,17.63,18.18,18.18,585830000.0,investing
2022-05-18,17.7,18.12,16.86,16.94,16.94,545160000.0,investing
2022-05-19,16.94,17.69,16.73,17.12,17.12,621310000.0,investing
2022-05-20,17.33,17.41,15.76,16.69,16.69,739110000.0,investing
2022-05-23,16.27,16.91,16.18,16.9,16.9,639890000.0,investing
2022-05-24,16.51,16.6,15.78,16.15,16.15,588550000.0,investing
2022-05-25,16.02,17.11,16.0,16.98,16.98,781130000.0,investing
2022-05-26,16.04,18.09,16.02,17.85,17.85,996570000.0,investing
2022-05-27,18.19,18.88,18.1,18.81,18.81,738380000.0,investing
2022-05-31,18.98,19.2,18.35,18.67,18.67,664100000.0,investing
2022-06-01,18.72,19.05,18.12,18.32,18.32,544510000.0,investing
2022-06-02,18.29,19.62,18.2,19.59,19.59,648660000.0,investing
2022-06-03,19.08,19.33,18.52,18.72,18.72,598780000.0,investing
2022-06-06,19.14,19.34,18.56,18.79,18.79,422410000.0,investing
2022-06-07,18.47,19.0,18.19,18.93,18.93,388910000.0,investing
2022-06-08,18.8,19.18,18.54,18.65,18.65,363250000.0,investing
2022-06-09,18.48,18.93,18.04,18.05,18.05,395570000.0,investing
2022-06-10,17.6,17.7,16.87,16.97,16.97,465650000.0,investing
2022-06-13,16.0,16.31,15.61,15.65,15.65,604150000.0,investing
2022-06-14,15.73,16.07,15.41,15.84,15.84,469680000.0,investing
2022-06-15,16.09,16.87,15.93,16.53,16.53,563940000.0,investing
2022-06-16,15.86,15.94,15.4,15.6,15.6,545750000.0,investing
2022-06-17,15.65,15.99,15.33,15.88,15.88,630330000.0,investing
2022-06-21,16.47,17.01,16.41,16.57,16.57,483090000.0,investing
2022-06-22,16.23,16.66,16.18,16.36,16.36,438000000.0,investing
2022-06-23,16.52,16.58,15.85,16.23,16.23,463680000.0,investing
2022-06-24,16.5,17.14,16.31,17.13,17.13,472150000.0,investing
2022-06-27,17.31,17.33,16.63,16.87,16.87,427970000.0,investing
2022-06-28,16.9,17.2,15.94,15.98,15.98,461860000.0,investing
2022-06-29,15.81,15.82,15.17,15.54,15.54,482350000.0,investing
2022-06-30,15.36,15.57,14.86,15.16,15.16,686070000.0,investing
2022-07-01,14.9,15.06,14.39,14.52,14.52,577610000.0,investing
2022-07-05,14.18,14.97,14.06,14.96,14.96,652210000.0,investing
2022-07-06,15.01,15.32,14.79,15.13,15.13,529070000.00000006,investing
2022-07-07,15.46,15.94,15.39,15.86,15.86,492900000.0,investing
2022-07-08,15.43,16.04,15.39,15.84,15.84,467970000.0,investing
2022-07-11,15.53,15.53,15.04,15.15,15.15,438390000.0,investing
2022-07-12,15.27,15.43,14.88,15.08,15.08,458480000.0,investing
2022-07-13,14.59,15.38,14.47,15.16,15.16,521920000.0,investing
2022-07-14,15.11,15.47,14.73,15.37,15.37,456240000.0,investing
2022-07-15,15.66,15.78,15.44,15.76,15.76,385940000.0,investing
2022-07-18,16.3,16.9,16.0,16.1,16.1,670520000.0,investing
2022-07-19,16.49,17.11,16.17,16.99,16.99,702370000.0,investing
2022-07-20,16.95,17.93,16.8,17.81,17.81,760540000.0,investing
2022-07-21,17.89,18.14,17.54,18.05,18.05,557050000.0,investing
2022-07-22,17.89,17.97,17.14,17.32,17.32,536670000.0,investing
2022-07-25,17.02,17.12,16.65,17.02,17.02,480750000.0,investing
2022-07-26,16.89,16.92,16.48,16.53,16.53,397860000.0,investing
2022-07-27,17.03,17.94,16.91,17.79,17.79,569780000.0,investing
2022-07-28,17.98,18.14,17.44,17.98,17.98,474650000.0,investing
2022-07-29,17.81,18.24,17.69,18.16,18.16,435460000.0,investing
2022-08-01,18.18,18.85,17.99,18.44,18.44,476470000.0,investing
2022-08-02,18.12,18.94,18.09,18.53,18.53,489530000.0,investing
2022-08-03,18.18,18.97,18.14,18.89,18.89,418150000.0,investing
2022-08-04,18.85,19.27,18.76,19.22,19.22,409650000.0,investing
2022-08-05,18.81,19.23,18.67,18.99,18.99,386070000.0,investing
2022-08-08,17.5,18.24,17.24,17.79,17.79,983780000.0,investing
2022-08-09,17.25,17.45,16.72,17.09,17.09,668260000.0,investing
2022-08-10,17.7,18.12,17.32,18.1,18.1,597420000.0,investing
2022-08-11,18.13,18.71,17.88,17.94,17.94,509330000.0,investing
2022-08-12,18.16,18.72,17.95,18.71,18.71,478090000.0,investing
2022-08-15,18.7,19.16,18.61,19.03,19.03,457670000.0,investing
2022-08-16,18.92,19.14,18.5,18.88,18.88,451240000.0,investing
2022-08-17,18.52,18.69,18.15,18.33,18.33,446800000.0,investing
2022-08-18,18.3,18.86,18.18,18.77,18.77,415450000.0,investing
2022-08-19,18.41,18.52,17.77,17.85,17.85,441590000.0,investing
2022-08-22,17.49,17.56,16.97,17.03,17.03,409590000.0,investing
2022-08-23,16.99,17.47,16.97,17.18,17.18,369990000.0,investing
2022-08-24,17.01,17.41,16.9,17.22,17.22,522660000.0,investing
2022-08-25,16.84,17.95,16.83,17.91,17.91,770690000.0,investing
2022-08-26,17.86,17.92,16.24,16.26,16.26,769130000.0,investing
2022-08-29,16.02,16.34,15.77,15.8,15.8,496130000.0,investing
2022-08-30,15.96,16.04,15.18,15.47,15.47,530180000.0,investing
2022-08-31,15.38,15.54,14.96,15.09,15.09,573710000.0,investing
2022-09-01,14.21,14.38,13.27,13.94,13.94,1180000000.0,investing
2022-09-02,14.1,14.17,13.59,13.65,13.65,743160000.0,investing
2022-09-06,13.73,13.78,13.35,13.47,13.47,535750000.0,investing
2022-09-07,13.56,13.84,13.35,13.71,13.71,512660000.0,investing
2022-09-08,13.46,14.01,13.37,13.99,13.99,624870000.0,investing
2022-09-09,14.16,14.47,14.13,14.39,14.39,487130000.0,investing
2022-09-12,14.37,14.55,14.2,14.51,14.51,484160000.0,investing
2022-09-13,13.8,13.92,13.1,13.13,13.13,714960000.0,investing
2022-09-14,13.25,13.29,12.91,13.13,13.13,588510000.0,investing
2022-09-15,13.02,13.23,12.79,12.93,12.93,523620000.0,investing
2022-09-16,12.74,13.21,12.62,13.2,13.2,670750000.0,investing
2022-09-19,13.01,13.46,13.01,13.38,13.38,569680000.0,investing
2022-09-20,13.21,13.48,13.06,13.18,13.18,524820000.00000006,investing
2022-09-21,13.21,14.03,13.11,13.26,13.26,807680000.0,investing
2022-09-22,13.07,13.15,12.43,12.56,12.56,759160000.0,investing
2022-09-23,12.42,12.61,12.26,12.52,12.52,663310000.0,investing
2022-09-26,12.49,12.66,12.21,12.23,12.23,547340000.0,investing
2022-09-27,12.51,12.74,12.26,12.41,12.41,553850000.0,investing
2022-09-28,12.41,12.82,12.35,12.74,12.74,542410000.0,investing
2022-09-29,12.45,12.5,11.95,12.22,12.22,532760000.0,investing
2022-09-30,12.09,12.63,12.07,12.14,12.14,565640000.0,investing
2022-10-03,12.35,12.68,12.1,12.51,12.51,547480000.0,investing
2022-10-04,12.88,13.22,12.88,13.17,13.17,584180000.0,investing
2022-10-05,12.91,13.32,12.62,13.21,13.21,507130000.0,investing
2022-10-06,13.22,13.66,13.1,13.13,13.13,644160000.0,investing
2022-10-07,12.51,12.67,12.02,12.08,12.08,672480000.0,investing
2022-10-10,12.04,12.12,11.41,11.67,11.67,698700000.0,investing
2022-10-11,11.56,11.85,11.28,11.59,11.59,667480000.0,investing
2022-10-12,11.58,11.73,11.35,11.5,11.5,492590000.0,investing
2022-10-13,10.97,12.08,10.81,11.96,11.96,850100000.0,investing
2022-10-14,12.06,12.11,11.2,11.23,11.23,713430000.0,investing
2022-10-17,11.52,11.95,11.52,11.89,11.89,580770000.0,investing
2022-10-18,12.34,12.49,11.62,11.97,11.97,659360000.0,investing
2022-10-19,11.88,12.35,11.83,12.05,12.05,523130000.0,investing
2022-10-20,12.11,12.77,12.1,12.19,12.19,652400000.0,investing
2022-10-21,12.1,12.5,11.89,12.47,12.47,609490000.0,investing
2022-10-24,12.51,12.71,12.06,12.6,12.6,517460000.00000006,investing
2022-10-25,12.69,13.3,12.66,13.26,13.26,505480000.0,investing
2022-10-26,12.87,13.39,12.71,12.9,12.9,535530000.0,investing
2022-10-27,13.63,13.84,13.12,13.18,13.18,583110000.0,investing
2022-10-28,13.1,13.85,13.06,13.83,13.83,521040000.0,investing
2022-10-31,13.78,13.84,13.3,13.5,13.5,486340000.0,investing
2022-11-01,13.81,13.93,13.52,13.54,13.54,432820000.0,investing
2022-11-02,13.85,14.21,13.21,13.22,13.22,672630000.0,investing
2022-11-03,13.04,13.78,12.96,13.42,13.42,500060000.0,investing
2022-11-04,13.99,14.23,13.7,14.16,14.16,612580000.0,investing
2022-11-07,14.23,14.41,13.95,14.3,14.3,410060000.0,investing
2022-11-08,14.8,14.89,14.22,14.6,14.6,595290000.0,investing
2022-11-09,14.16,14.21,13.76,13.78,13.78,454410000.0,investing
2022-11-10,14.8,15.77,14.55,15.75,15.75,700820000.0,investing
2022-11-11,15.81,16.39,15.48,16.33,16.33,655490000.0,investing
2022-11-14,16.22,16.54,15.92,16.3,16.3,527850000.0,investing
2022-11-15,16.72,17.0,16.38,16.67,16.67,545880000.0,investing
2022-11-16,16.16,16.36,15.87,15.91,15.91,649550000.0,investing
2022-11-17,15.72,16.27,15.53,15.68,15.68,710890000.0,investing
2022-11-18,15.97,16.0,15.12,15.41,15.41,492070000.0,investing
2022-11-21,15.15,15.48,15.08,15.32,15.32,404740000.0,investing
2022-11-22,15.33,16.06,15.12,16.04,16.04,472870000.0,investing
2022-11-23,16.1,16.53,16.05,16.52,16.52,427240000.0,investing
2022-11-25,16.32,16.49,16.17,16.27,16.27,167930000.0,investing
2022-11-28,16.03,16.36,15.73,15.83,15.83,304150000.0,investing
2022-11-29,15.83,15.93,15.52,15.64,15.64,298380000.0,investing
2022-11-30,15.7,16.93,15.6,16.92,16.92,565300000.0,investing
2022-12-01,17.0,17.26,16.64,17.14,17.14,470980000.0,investing
2022-12-02,16.66,16.93,16.44,16.88,16.88,371390000.0,investing
2022-12-05,16.68,17.0,16.47,16.61,16.61,352260000.0,investing
2022-12-06,16.53,16.57,15.82,15.99,15.99,352690000.0,investing
2022-12-07,15.77,16.19,15.67,16.12,16.12,372390000.0,investing
2022-12-08,16.27,17.18,15.96,17.17,17.17,515460000.00000006,investing
2022-12-09,17.16,17.58,16.98,17.0,17.0,465340000.0,investing
2022-12-12,17.04,17.54,16.8,17.53,17.53,457330000.0,investing
2022-12-13,18.53,18.79,17.71,18.07,18.07,656590000.0,investing
2022-12-14,17.99,18.25,17.42,17.67,17.67,496890000.0,investing
2022-12-15,17.15,17.32,16.7,16.95,16.95,478540000.0,investing
2022-12-16,16.86,17.04,16.41,16.57,16.57,478230000.0,investing
2022-12-19,16.57,16.61,16.15,16.25,16.25,354040000.0,investing
2022-12-20,16.06,16.31,15.85,16.08,16.08,403260000.0,investing
2022-12-21,16.11,16.63,16.1,16.5,16.5,325020000.0,investing
2022-12-22,16.09,16.14,14.88,15.34,15.34,565040000.0,investing
2022-12-23,15.2,15.34,14.88,15.21,15.21,349330000.0,investing
2022-12-27,15.07,15.1,14.06,14.12,14.12,464900000.0,investing
2022-12-28,13.93,14.26,13.88,14.04,14.04,351070000.0,investing
2022-12-29,14.4,14.68,14.23,14.6,14.6,354920000.0,investing
2022-12-30,14.33,14.63,14.23,14.61,14.61,310490000.0,investing
2023-01-03,14.85,15.0,14.1,14.31,14.31,401280000.0,investing
2023-01-04,14.57,14.85,14.24,14.75,14.75,431320000.0,investing
2023-01-05,14.49,14.56,14.15,14.27,14.27,389170000.0,investing
2023-01-06,14.47,15.01,14.03,14.86,14.86,405040000.0,investing
2023-01-09,15.28,16.06,15.14,15.63,15.63,504230000.0,investing
2023-01-10,15.51,15.96,15.47,15.91,15.91,384100000.0,investing
2023-01-11,15.84,16.03,15.56,16.0,16.0,353280000.0,investing
2023-01-12,16.1,16.64,15.49,16.51,16.51,551410000.0,investing
2023-01-13,16.28,16.92,16.17,16.9,16.9,447290000.0,investing
2023-01-17,16.9,17.73,16.9,17.7,17.7,511100000.0,investing
2023-01-18,17.67,17.87,17.28,17.38,17.38,439620000.0,investing
2023-01-19,17.04,17.2,16.73,16.76,16.76,452930000.0,investing
2023-01-20,17.01,17.86,16.83,17.84,17.84,564970000.0,investing
2023-01-23,18.06,19.25,17.82,19.19,19.19,655160000.0,investing
2023-01-24,18.83,19.5,18.82,19.26,19.26,496200000.0,investing
2023-01-25,18.91,19.37,18.58,19.32,19.32,449540000.0,investing
2023-01-26,19.7,20.17,19.28,19.8,19.8,489540000.0,investing
2023-01-27,19.46,20.63,19.41,20.36,20.36,542140000.0,investing
2023-01-30,19.95,20.14,19.15,19.16,19.16,488610000.0,investing
2023-01-31,19.17,19.69,18.95,19.54,19.54,498020000.0,investing
2023-02-01,19.69,21.19,19.61,20.94,20.94,660480000.0,investing
2023-02-02,21.0,21.95,20.7,21.71,21.71,564280000.0,investing
2023-02-03,21.0,21.74,20.79,21.1,21.1,429370000.0,investing
2023-02-06,20.81,21.57,20.79,21.09,21.09,452200000.0,investing
2023-02-07,21.38,22.26,21.15,22.17,22.17,664150000.0,investing
2023-02-08,22.39,22.88,22.01,22.2,22.2,559650000.0,investing
2023-02-09,22.61,23.02,22.12,22.34,22.34,523880000.0,investing
2023-02-10,21.69,22.08,20.81,21.26,21.26,550740000.0,investing
2023-02-13,21.54,22.05,20.96,21.79,21.79,474920000.0,investing
2023-02-14,21.58,23.05,21.37,22.97,22.97,675470000.0,investing
2023-02-15,22.55,22.85,22.11,22.76,22.76,421190000.0,investing
2023-02-16,22.13,22.55,21.93,22.0,22.0,412030000.0,investing
2023-02-17,21.63,21.74,20.98,21.39,21.39,465890000.0,investing
2023-02-21,21.0,21.49,20.62,20.66,20.66,410020000.0,investing
2023-02-22,20.71,21.1,20.42,20.75,20.75,513180000.0,investing
2023-02-23,23.44,23.89,23.02,23.66,23.66,1120000000.0,investing
2023-02-24,23.23,23.47,22.95,23.29,23.29,589720000.0,investing
2023-02-27,23.67,23.88,23.45,23.5,23.5,452990000.0,investing
2023-02-28,23.37,23.83,23.21,23.22,23.22,455960000.0,investing
2023-03-01,23.19,23.26,22.51,22.7,22.7,460030000.0,investing
2023-03-02,22.49,23.38,22.43,23.31,23.31,390080000.0,investing
2023-03-03,23.32,23.9,23.13,23.89,23.89,412390000.0,investing
2023-03-06,23.89,24.25,23.49,23.55,23.55,437430000.0,investing
2023-03-07,23.6,24.13,23.24,23.29,23.29,515150000.0,investing
2023-03-08,23.49,24.2,23.42,24.18,24.18,513570000.00000006,investing
2023-03-09,24.17,24.45,23.38,23.44,23.44,501260000.0,investing
2023-03-10,23.41,23.63,22.73,22.97,22.97,474870000.0,investing
2023-03-13,22.75,23.3,22.3,22.97,22.97,421890000.0,investing
2023-03-14,23.5,24.22,23.46,24.06,24.06,474910000.0,investing
2023-03-15,23.76,24.29,23.36,24.23,24.23,524490000.0,investing
2023-03-16,24.03,25.59,23.89,25.54,25.54,584950000.0,investing
2023-03-17,25.98,26.4,25.67,25.73,25.73,848550000.0,investing
2023-03-20,25.61,26.02,25.13,25.9,25.9,432750000.0,investing
2023-03-21,26.18,26.39,25.38,26.2,26.2,547410000.0,investing
2023-03-22,26.42,27.59,26.24,26.47,26.47,797290000.0,investing
2023-03-23,27.12,27.5,26.69,27.19,27.19,564890000.0,investing
2023-03-24,27.03,27.17,26.35,26.78,26.78,455410000.0,investing
2023-03-27,26.84,27.0,26.36,26.53,26.53,361030000.0,investing
2023-03-28,26.45,26.51,25.85,26.41,26.41,356100000.0,investing
2023-03-29,26.83,27.08,26.6,26.98,26.98,393690000.0,investing
2023-03-30,27.23,27.5,27.1,27.38,27.38,364520000.0,investing
2023-03-31,27.14,27.83,27.1,27.78,27.78,433930000.0,investing
2023-04-03,27.51,28.0,27.34,27.97,27.97,398720000.0,investing
2023-04-04,27.97,28.0,27.31,27.45,27.45,368590000.0,investing
2023-04-05,26.83,27.0,26.4,26.88,26.88,515020000.0,investing
2023-04-06,26.58,27.08,26.43,27.04,27.04,397650000.0,investing
2023-04-10,26.82,27.62,26.67,27.58,27.58,395280000.0,investing
2023-04-11,27.72,27.79,27.13,27.17,27.17,314380000.0,investing
2023-04-12,27.37,27.47,26.45,26.5,26.5,446260000.0,investing
2023-04-13,26.73,26.89,26.33,26.46,26.46,353620000.0,investing
2023-04-14,26.5,26.88,26.22,26.76,26.76,395660000.0,investing
2023-04-17,26.57,27.01,26.43,27.0,27.0,321470000.0,investing
2023-04-18,27.53,28.11,27.36,27.67,27.67,604810000.0,investing
2023-04-19,27.36,28.0,27.23,27.93,27.93,358660000.0,investing
2023-04-20,27.67,28.03,27.0,27.1,27.1,427710000.0,investing
2023-04-21,26.95,27.18,26.72,27.12,27.12,345100000.0,investing
2023-04-24,27.01,27.37,26.67,27.04,27.04,339280000.0,investing
2023-04-25,27.08,27.25,26.23,26.24,26.24,378530000.0,investing
2023-04-26,27.0,27.33,26.71,26.96,26.96,406340000.0,investing
2023-04-27,27.36,27.5,26.63,27.23,27.23,377160000.0,investing
2023-04-28,27.23,27.76,27.07,27.75,27.75,292220000.0,investing
2023-05-01,27.84,29.06,27.78,28.91,28.91,570330000.0,investing
2023-05-02,28.68,28.84,28.08,28.21,28.21,402730000.0,investing
2023-05-03,27.84,28.37,27.47,27.8,27.8,383390000.0,investing
2023-05-04,27.65,27.86,27.24,27.56,27.56,321850000.0,investing
2023-05-05,27.83,28.75,27.73,28.68,28.68,361490000.0,investing
2023-05-08,28.52,29.22,28.35,29.15,29.15,344980000.0,investing
2023-05-09,28.9,28.97,28.45,28.57,28.57,314870000.0,investing
2023-05-10,29.0,29.11,28.46,28.89,28.89,369350000.0,investing
2023-05-11,28.9,28.95,28.25,28.58,28.58,322150000.0,investing
2023-05-12,28.53,28.78,28.05,28.34,28.34,274220000.0,investing
2023-05-15,28.51,28.97,28.15,28.95,28.95,293930000.0,investing
2023-05-16,28.84,29.87,28.83,29.21,29.21,449400000.0,investing
2023-05-17,29.58,30.2,29.43,30.18,30.18,432540000.0,investing
2023-05-18,30.41,31.83,30.32,31.68,31.68,748720000.0,investing
2023-05-19,31.54,31.58,30.92,31.26,31.26,473910000.0,investing
2023-05-22,30.9,31.52,30.68,31.18,31.18,372000000.0,investing
2023-05-23,31.0,31.29,30.63,30.69,30.69,356250000.0,investing
2023-05-24,30.21,30.61,29.81,30.54,30.54,721420000.0,investing
2023-05-25,38.52,39.48,36.63,37.98,37.98,1540000000.0,investing
2023-05-26,37.89,39.17,37.55,38.95,38.95,714400000.0,investing
2023-05-30,40.6,41.94,39.95,40.11,40.11,923400000.0,investing
2023-05-31,39.49,40.29,37.82,37.83,37.83,1000000000.0,investing
2023-06-01,38.49,40.05,38.34,39.77,39.77,635870000.0,investing
2023-06-02,40.1,40.5,39.06,39.33,39.33,482730000.0,investing
2023-06-05,38.91,39.57,38.71,39.17,39.17,396090000.0,investing
2023-06-06,38.83,39.16,38.15,38.65,38.65,388730000.0,investing
2023-06-07,38.92,39.5,37.36,37.47,37.47,512000000.0,investing
2023-06-08,37.72,38.86,37.51,38.51,38.51,417770000.0,investing
2023-06-09,39.04,39.71,38.57,38.77,38.77,427720000.0,investing
2023-06-12,39.2,39.53,38.62,39.48,39.48,389670000.0,investing
2023-06-13,40.19,41.1,39.74,41.02,41.02,613210000.0,investing
2023-06-14,40.82,43.0,40.55,43.0,43.0,740470000.0,investing
2023-06-15,42.6,43.29,42.15,42.65,42.65,568620000.0,investing
2023-06-16,43.45,43.72,42.66,42.69,42.69,655710000.0,investing
2023-06-20,43.0,43.99,42.67,43.81,43.81,451150000.0,investing
2023-06-21,43.5,43.62,42.08,43.04,43.04,551600000.0,investing
2023-06-22,42.25,43.43,42.23,43.03,43.03,417740000.0,investing
2023-06-23,42.46,42.81,42.01,42.21,42.21,358140000.0,investing
2023-06-26,42.46,42.76,40.1,40.63,40.63,594320000.0,investing
2023-06-27,40.8,41.94,40.45,41.88,41.88,462180000.0,investing
2023-06-28,40.66,41.85,40.52,41.12,41.12,582640000.0,investing
2023-06-29,41.56,41.6,40.6,40.82,40.82,380510000.0,investing
2023-06-30,41.68,42.55,41.5,42.3,42.3,501150000.0,investing
2023-07-03,42.52,42.9,42.2,42.41,42.41,198210000.0,investing
2023-07-05,42.13,43.18,42.08,42.32,42.32,323620000.0,investing
2023-07-06,41.84,42.18,41.35,42.1,42.1,304140000.0,investing
2023-07-07,42.32,43.21,42.18,42.5,42.5,355880000.0,investing
2023-07-10,42.66,42.81,41.65,42.18,42.18,353910000.0,investing
2023-07-11,42.48,42.76,42.07,42.4,42.4,298240000.0,investing
2023-07-12,43.03,43.94,42.78,43.9,43.9,481280000.0,investing
2023-07-13,44.52,46.15,44.49,45.98,45.98,478200000.0,investing
2023-07-14,46.58,48.09,45.06,45.47,45.47,772080000.0,investing
2023-07-17,46.29,46.5,45.26,46.46,46.46,510490000.0,investing
2023-07-18,46.7,47.9,45.73,47.49,47.49,570190000.0,investing
2023-07-19,47.46,47.82,46.74,47.08,47.08,427500000.0,investing
2023-07-20,46.51,47.09,45.06,45.52,45.52,537870000.0,investing
2023-07-21,45.79,45.87,44.1,44.31,44.31,963770000.0,investing
2023-07-24,44.73,45.11,44.04,44.61,44.61,383100000.0,investing
2023-07-25,44.94,46.18,44.92,45.68,45.68,348080000.0,investing
2023-07-26,46.02,46.05,44.63,45.45,45.45,364240000.0,investing
2023-07-27,46.52,47.4,45.75,45.9,45.9,455980000.0,investing
2023-07-28,46.67,47.03,46.38,46.75,46.75,331190000.0,investing
2023-07-31,46.75,47.13,46.51,46.73,46.73,251060000.0,investing
2023-08-01,46.46,46.9,46.03,46.51,46.51,239280000.0,investing
2023-08-02,45.83,45.84,43.39,44.27,44.27,530140000.0,investing
2023-08-03,43.8,45.12,43.8,44.51,44.51,325080000.0,investing
2023-08-04,44.99,45.64,44.39,44.68,44.68,362670000.0,investing
2023-08-07,45.11,45.54,44.56,45.42,45.42,322150000.0,investing
2023-08-08,44.85,45.24,44.06,44.66,44.66,353840000.0,investing
2023-08-09,44.27,44.31,42.13,42.55,42.55,586450000.0,investing
2023-08-10,42.16,43.57,41.83,42.39,42.39,492700000.0,investing
2023-08-11,41.75,42.02,40.64,40.85,40.85,533080000.00000006,investing
2023-08-14,40.49,43.8,40.31,43.75,43.75,690290000.0,investing
2023-08-15,44.56,45.27,43.71,43.94,43.94,676510000.0,investing
2023-08-16,44.52,44.67,43.41,43.49,43.49,527450000.00000006,investing
2023-08-17,43.97,44.06,43.0,43.34,43.34,452400000.0,investing
2023-08-18,42.63,43.58,41.66,43.3,43.3,583770000.0,investing
2023-08-21,44.49,47.06,44.22,46.97,46.97,692570000.0,investing
2023-08-22,48.13,48.19,45.33,45.67,45.67,757210000.0,investing
2023-08-23,45.87,47.2,45.21,47.12,47.12,779050000.0,investing
2023-08-24,50.22,50.27,47.16,47.16,47.16,1160000000.0,investing
2023-08-25,47.01,47.81,45.02,46.02,46.02,925340000.0,investing
2023-08-28,46.48,46.98,44.89,46.83,46.83,685190000.0,investing
2023-08-29,46.67,49.08,46.39,48.78,48.78,701400000.0,investing
2023-08-30,49.04,49.93,48.42,49.26,49.26,735210000.0,investing
2023-08-31,49.38,49.74,48.96,49.35,49.35,528570000.00000006,investing
2023-09-01,49.76,49.8,48.14,48.51,48.51,463830000.0,investing
2023-09-05,48.22,48.85,47.86,48.55,48.55,382650000.0,investing
2023-09-06,48.44,48.55,46.58,47.06,47.06,468670000.0,investing
2023-09-07,45.53,46.34,45.15,46.24,46.24,433330000.0,investing
2023-09-08,45.94,46.61,45.27,45.57,45.57,473900000.0,investing
2023-09-11,46.15,46.16,44.31,45.18,45.18,473970000.0,investing
2023-09-12,44.74,45.67,44.53,44.87,44.87,349260000.0,investing
2023-09-13,44.6,45.93,44.5,45.49,45.49,398360000.0,investing
2023-09-14,45.95,45.99,45.13,45.58,45.58,370100000.0,investing
2023-09-15,45.34,45.6,43.81,43.9,43.9,506830000.0,investing
2023-09-18,42.75,44.24,42.0,43.97,43.97,500270000.0,investing
2023-09-19,43.83,43.97,43.0,43.52,43.52,373060000.0,investing
2023-09-20,43.6,43.9,42.22,42.24,42.24,367110000.0,investing
2023-09-21,41.58,42.1,40.98,41.02,41.02,450740000.0,investing
2023-09-22,41.57,42.12,41.23,41.61,41.61,479240000.0,investing
2023-09-25,41.59,42.54,41.18,42.22,42.22,419090000.0,investing
2023-09-26,42.0,42.82,41.65,41.91,41.91,402280000.0,investing
2023-09-27,42.33,42.87,41.63,42.47,42.47,444940000.0,investing
2023-09-28,42.46,43.45,42.12,43.09,43.09,424660000.0,investing
2023-09-29,43.83,44.14,43.31,43.5,43.5,397830000.0,investing
2023-10-02,44.03,45.17,43.86,44.78,44.78,433300000.0,investing
2023-10-03,44.81,45.13,43.25,43.52,43.52,470850000.0,investing
2023-10-04,43.74,44.14,43.29,44.04,44.04,361820000.0,investing
2023-10-05,44.05,44.9,43.89,44.69,44.69,393480000.0,investing
2023-10-06,44.19,45.79,44.03,45.76,45.76,434440000.0,investing
2023-10-09,44.84,45.6,44.37,45.27,45.27,409680000.0,investing
2023-10-10,45.31,46.26,45.09,45.8,45.8,368580000.0,investing
2023-10-11,46.2,46.86,46.05,46.81,46.81,378140000.0,investing
2023-10-12,46.78,47.61,46.33,46.94,46.94,481320000.0,investing
2023-10-13,46.96,47.12,45.28,45.46,45.46,475430000.0,investing
2023-10-16,45.06,46.22,44.91,46.1,46.1,375100000.0,investing
2023-10-17,44.0,44.75,42.48,43.94,43.94,812330000.0,investing
2023-10-18,42.59,43.22,41.83,42.2,42.2,627290000.0,investing
2023-10-19,42.81,43.3,41.88,42.1,42.1,501230000.0,investing
2023-10-20,41.89,42.47,41.08,41.39,41.39,477270000.0,investing
2023-10-23,41.23,43.25,40.94,42.97,42.97,478530000.0,investing
2023-10-24,43.08,43.7,42.69,43.66,43.66,401460000.0,investing
2023-10-25,43.4,43.65,41.56,41.78,41.78,398380000.0,investing
2023-10-26,41.85,42.26,39.88,40.33,40.33,541000000.0,investing
2023-10-27,41.13,41.21,40.01,40.5,40.5,416780000.0,investing
2023-10-30,41.09,41.77,40.48,41.16,41.16,388030000.0,investing
2023-10-31,40.45,40.88,39.23,40.78,40.78,517970000.0,investing
2023-11-01,40.88,42.38,40.87,42.33,42.33,437590000.0,investing
2023-11-02,43.33,43.88,42.89,43.51,43.51,409170000.0,investing
2023-11-03,44.02,45.31,43.72,45.01,45.01,424610000.0,investing
2023-11-06,45.28,45.94,44.9,45.75,45.75,400730000.0,investing
2023-11-07,45.72,46.22,45.16,45.96,45.96,343160000.0,investing
2023-11-08,46.1,46.87,45.97,46.57,46.57,346720000.0,investing
2023-11-09,47.47,48.23,46.75,46.95,46.95,540500000.0,investing
2023-11-10,47.5,48.47,47.28,48.33,48.33,422440000.0,investing
2023-11-13,48.32,49.12,48.1,48.62,48.62,384140000.0,investing
2023-11-14,49.68,49.83,49.04,49.66,49.66,416950000.0,investing
2023-11-15,49.94,49.96,48.2,48.89,48.89,475500000.0,investing
2023-11-16,48.68,49.52,48.33,49.48,49.48,339760000.0,investing
2023-11-17,49.52,49.72,49.01,49.3,49.3,325900000.0,investing
2023-11-20,49.31,50.55,49.18,50.41,50.41,416140000.0,investing
2023-11-21,50.13,50.52,49.22,49.94,49.94,565750000.0,investing
2023-11-22,49.85,50.33,47.69,48.72,48.72,900640000.0,investing
2023-11-24,48.47,48.92,47.74,47.78,47.78,294640000.0,investing
2023-11-27,47.8,48.53,47.65,48.24,48.24,395660000.0,investing
2023-11-28,48.24,48.32,47.47,47.82,47.82,401490000.0,investing
2023-11-29,48.38,48.76,47.86,48.14,48.14,382000000.0,investing
2023-11-30,48.02,48.11,46.42,46.77,46.77,526250000.0,investing
2023-12-01,46.53,47.2,46.19,46.76,46.76,369320000.0,investing
2023-12-04,46.08,46.08,45.01,45.51,45.51,437540000.0,investing
2023-12-05,45.47,46.6,45.27,46.57,46.57,371720000.0,investing
2023-12-06,47.21,47.39,45.41,45.5,45.5,380590000.0,investing
2023-12-07,45.7,46.63,45.6,46.6,46.6,350820000.0,investing
2023-12-08,46.6,47.74,46.55,47.51,47.51,359220000.0,investing
2023-12-11,47.49,47.53,45.83,46.63,46.63,509730000.0,investing
2023-12-12,46.05,47.67,46.05,47.66,47.66,372390000.0,investing
2023-12-13,47.63,48.59,47.61,48.09,48.09,447790000.0,investing
2023-12-14,48.39,48.67,47.42,48.35,48.35,391230000.0,investing
2023-12-15,48.19,49.4,48.12,48.89,48.89,479950000.0,investing
2023-12-18,49.4,50.43,49.15,50.08,50.08,412590000.0,investing
2023-12-19,49.42,49.7,48.9,49.6,49.6,464440000.0,investing
2023-12-20,49.65,50.0,48.1,48.11,48.11,397890000.0,investing
2023-12-21,48.81,49.1,48.42,48.99,48.99,300420000.0,investing
2023-12-22,49.19,49.38,48.47,48.83,48.83,252510000.0,investing
2023-12-26,48.97,49.6,48.96,49.28,49.28,244200000.0,investing
2023-12-27,49.51,49.68,49.08,49.42,49.42,233650000.0,investing
2023-12-28,49.64,49.88,49.41,49.52,49.52,246590000.0,investing
2023-12-29,49.81,50.0,48.75,49.52,49.52,389290000.0,investing
2024-01-02,49.24,49.29,47.6,48.17,48.17,411250000.0,investing
2024-01-03,47.49,48.18,47.32,47.57,47.57,320900000.0,investing
2024-01-04,47.77,48.5,47.51,48.0,48.0,306540000.0,investing
2024-01-05,48.46,49.55,48.31,49.1,49.1,415040000.0,investing
2024-01-08,49.51,52.28,49.48,52.25,52.25,642510000.0,investing
2024-01-09,52.4,54.33,51.69,53.14,53.14,773100000.0,investing
2024-01-10,53.62,54.6,53.49,54.35,54.35,533800000.0,investing
2024-01-11,55.0,55.35,53.56,54.82,54.82,596760000.0,investing
2024-01-12,54.62,54.97,54.33,54.71,54.71,352990000.0,investing
2024-01-16,55.02,56.83,54.9,56.38,56.38,449580000.0,investing
2024-01-17,56.35,56.47,54.74,56.05,56.05,474390000.0,investing
2024-01-18,57.26,57.6,56.11,57.11,57.11,491650000.0,investing
2024-01-19,57.99,59.5,57.22,59.49,59.49,543500000.0,investing
2024-01-22,60.05,60.33,59.07,59.65,59.65,452960000.0,investing
2024-01-23,59.57,59.91,58.58,59.87,59.87,294650000.0,investing
2024-01-24,60.3,62.85,59.94,61.36,61.36,560270000.0,investing
2024-01-25,62.35,62.72,60.85,61.62,61.62,482780000.0,investing
2024-01-26,60.96,61.78,60.57,61.03,61.03,390310000.0,investing
2024-01-29,61.23,62.49,60.91,62.47,62.47,348730000.0,investing
2024-01-30,62.9,63.49,62.26,62.77,62.77,410740000.0,investing
2024-01-31,61.44,62.27,60.7,61.53,61.53,453800000.0,investing
2024-02-01,62.1,63.19,61.65,63.03,63.03,369150000.0,investing
2024-02-02,63.97,66.6,63.69,66.16,66.16,476580000.0,investing
2024-02-05,68.22,69.5,67.21,69.33,69.33,680080000.0,investing
2024-02-06,69.63,69.75,66.3,68.22,68.22,683110000.0,investing
2024-02-07,68.32,70.22,67.6,70.1,70.1,495580000.0,investing
2024-02-08,70.07,70.79,69.46,69.64,69.64,414420000.0,investing
2024-02-09,70.53,72.18,70.21,72.13,72.13,436640000.0,investing
2024-02-12,72.6,74.61,71.25,72.25,72.25,613710000.0,investing
2024-02-13,70.4,73.45,69.62,72.13,72.13,602580000.0,investing
2024-02-14,73.2,74.24,71.94,73.9,73.9,504920000.0,investing
2024-02-15,73.87,73.97,72.4,72.66,72.66,420120000.0,investing
2024-02-16,74.1,74.4,72.5,72.61,72.61,495330000.0,investing
2024-02-20,71.95,71.96,67.73,69.45,69.45,704830000.0,investing
2024-02-21,68.01,68.89,66.25,67.47,67.47,690300000.0,investing
2024-02-22,75.03,78.57,74.22,78.54,78.54,865100000.0,investing
2024-02-23,80.79,82.39,77.57,78.82,78.82,829390000.0,investing
2024-02-26,79.7,80.65,78.5,79.09,79.09,503970000.0,investing
2024-02-27,79.38,79.48,77.16,78.7,78.7,391700000.0,investing
2024-02-28,77.62,78.93,77.13,77.66,77.66,393110000.0,investing
2024-02-29,79.09,79.99,78.35,79.11,79.11,507290000.0,investing
2024-03-01,80.0,82.3,79.44,82.28,82.28,479140000.0,investing
2024-03-04,84.13,87.69,83.72,85.24,85.24,615620000.0,investing
2024-03-05,85.27,86.1,83.42,85.96,85.96,520640000.0,investing
2024-03-06,88.02,89.72,87.03,88.7,88.7,582520000.0,investing
2024-03-07,90.16,92.77,89.6,92.67,92.67,608120000.0,investing
2024-03-08,95.14,97.4,86.51,87.53,87.53,1140000000.0,investing
2024-03-11,86.43,88.8,84.17,85.77,85.77,678360000.0,investing
2024-03-12,88.05,91.96,86.15,91.91,91.91,668080000.0,investing
2024-03-13,91.06,91.5,88.43,90.89,90.89,635710000.0,investing
2024-03-14,89.58,90.65,86.6,87.94,87.94,602320000.0,investing
2024-03-15,86.93,89.55,86.26,87.84,87.84,642090000.0,investing
2024-03-18,90.39,92.4,87.08,88.46,88.46,668980000.0,investing
2024-03-19,86.7,90.54,85.01,89.4,89.4,672170000.0,investing
2024-03-20,89.8,90.41,88.22,90.37,90.37,479060000.0,investing
2024-03-21,92.3,92.65,90.4,91.43,91.43,480370000.0,investing
2024-03-22,91.14,94.78,90.83,94.29,94.29,586720000.0,investing
2024-03-25,93.94,96.77,93.51,95.0,95.0,552140000.0,investing
2024-03-26,95.85,96.38,92.5,92.56,92.56,513650000.0,investing
2024-03-27,93.11,93.24,89.12,90.25,90.25,586070000.0,investing
2024-03-28,90.0,91.3,89.19,90.36,90.36,435210000.0,investing
2024-04-01,90.3,92.22,89.2,90.36,90.36,452440000.0,investing
2024-04-02,88.45,90.09,87.62,89.45,89.45,433060000.0,investing
2024-04-03,88.48,90.37,88.4,88.96,88.96,370070000.0,investing
2024-04-04,90.41,90.63,85.88,85.9,85.9,434960000.0,investing
2024-04-05,86.87,88.48,85.93,88.01,88.01,399680000.0,investing
2024-04-08,88.7,88.83,86.73,87.13,87.13,283220000.0,investing
2024-04-09,87.44,87.64,83.02,85.35,85.35,503550000.0,investing
2024-04-10,83.93,87.4,83.71,87.04,87.04,431930000.0,investing
2024-04-11,87.42,90.74,86.93,90.62,90.62,431640000.0,investing
2024-04-12,89.7,90.17,87.53,88.19,88.19,426800000.0,investing
2024-04-15,89.1,90.61,85.93,86.0,86.0,443080000.0,investing
2024-04-16,86.43,88.12,86.06,87.42,87.42,370450000.0,investing
2024-04-17,88.34,88.78,83.95,84.04,84.04,495400000.0,investing
2024-04-18,84.97,86.19,82.4,84.67,84.67,447260000.0,investing
2024-04-19,83.15,84.32,75.61,76.2,76.2,875200000.0,investing
2024-04-22,78.1,80.07,76.4,79.52,79.52,596340000.0,investing
2024-04-23,80.77,82.77,80.26,82.42,82.42,438560000.0,investing
2024-04-24,83.95,84.08,79.18,79.68,79.68,512210000.00000006,investing
2024-04-25,78.87,83.32,78.22,82.63,82.63,424640000.0,investing
2024-04-26,83.82,88.33,83.39,87.74,87.74,551010000.0,investing
2024-04-29,87.6,87.99,85.27,87.76,87.76,388970000.0,investing
2024-04-30,87.24,88.82,86.3,86.4,86.4,363710000.0,investing
2024-05-01,85.08,86.0,81.25,83.04,83.04,559860000.0,investing
2024-05-02,84.45,86.24,83.2,85.82,85.82,377900000.0,investing
2024-05-03,87.79,89.28,87.04,88.79,88.79,398340000.0,investing
2024-05-06,89.39,92.22,89.06,92.14,92.14,376200000.0,investing
2024-05-07,91.1,91.78,89.01,90.55,90.55,437340000.0,investing
2024-05-08,89.48,91.19,89.42,90.41,90.41,325720000.0,investing
2024-05-09,90.53,91.07,88.23,88.75,88.75,378010000.0,investing
2024-05-10,90.3,91.4,89.23,89.88,89.88,335320000.0,investing
2024-05-13,90.48,91.0,88.53,90.4,90.4,289680000.0,investing
2024-05-14,89.6,91.65,88.93,91.36,91.36,296510000.0,investing
2024-05-15,92.47,94.86,91.6,94.63,94.63,417740000.0,investing
2024-05-16,94.91,95.82,94.1,94.36,94.36,323950000.0,investing
2024-05-17,94.37,94.74,91.81,92.48,92.48,359690000.0,investing
2024-05-20,93.75,95.2,93.44,94.78,94.78,318760000.0,investing
2024-05-21,93.6,95.4,93.18,95.39,95.39,328950000.0,investing
2024-05-22,95.46,96.02,93.25,94.95,94.95,548650000.0,investing
2024-05-23,102.03,106.32,101.52,103.8,103.8,835070000.0,investing
2024-05-24,104.45,106.47,103.0,106.47,106.47,429490000.0,investing
2024-05-28,110.24,114.94,109.88,113.9,113.9,652730000.0,investing
2024-05-29,113.05,115.49,110.9,114.82,114.82,557440000.0,investing
2024-05-30,114.65,115.82,109.66,110.5,110.5,487350000.0,investing
2024-05-31,112.52,112.72,106.94,109.63,109.63,613260000.0,investing
2024-06-03,113.62,115.0,112.0,115.0,115.0,438390000.0,investing
2024-06-04,115.72,116.6,114.04,116.44,116.44,403320000.0,investing
2024-06-05,118.37,122.45,117.47,122.44,122.44,528400000.0,investing
2024-06-06,124.05,125.59,118.32,121.0,121.0,664700000.0,investing
2024-06-07,119.77,121.69,118.02,120.89,120.89,412390000.0,investing
2024-06-10,120.37,123.1,117.01,121.79,121.79,314160000.0,investing
2024-06-11,121.77,122.87,118.74,120.91,120.91,222550000.0,investing
2024-06-12,123.06,126.88,122.57,125.2,125.2,299600000.0,investing
2024-06-13,129.39,129.8,127.16,129.61,129.61,260700000.0,investing
2024-06-14,129.96,132.84,128.32,131.88,131.88,309320000.0,investing
2024-06-17,132.99,133.73,129.58,130.98,130.98,288500000.0,investing
2024-06-18,131.14,136.33,130.69,135.58,135.58,294340000.0,investing
2024-06-20,139.8,140.76,129.52,130.78,130.78,517770000.0,investing
2024-06-21,127.12,130.63,124.3,126.57,126.57,655480000.0,investing
2024-06-24,123.24,124.46,118.04,118.11,118.11,476060000.0,investing
2024-06-25,121.2,126.5,119.32,126.09,126.09,425790000.0,investing
2024-06-26,126.13,128.12,122.6,126.4,126.4,362980000.0,investing
2024-06-27,124.1,126.41,122.92,123.99,123.99,252570000.0,investing
2024-06-28,124.58,127.71,122.75,123.54,123.54,315520000.0,investing
2024-07-01,123.47,124.84,118.83,124.3,124.3,284890000.0,investing
2024-07-02,121.13,123.41,121.03,122.67,122.67,218370000.0,investing
2024-07-03,121.66,128.28,121.36,128.28,128.28,215750000.0,investing
2024-07-05,127.38,128.85,125.68,125.83,125.83,214180000.0,investing
2024-07-08,127.49,130.77,127.04,128.2,128.2,237680000.0,investing
2024-07-09,130.35,133.82,128.65,131.38,131.38,287020000.0,investing
2024-07-10,134.03,135.1,132.42,134.91,134.91,248980000.0,investing
2024-07-11,135.75,136.15,127.05,127.4,127.4,374780000.0,investing
2024-07-12,128.26,131.92,127.22,129.24,129.24,252680000.0,investing
2024-07-15,130.56,131.39,127.18,128.44,128.44,208330000.0,investing
2024-07-16,128.44,129.04,124.58,126.36,126.36,214770000.0,investing
2024-07-17,121.35,121.85,116.72,117.99,117.99,390090000.0,investing
2024-07-18,121.85,122.4,116.56,121.09,121.09,320980000.0,investing
2024-07-19,120.35,121.6,117.37,117.93,117.93,217220000.0,investing
2024-07-22,120.35,124.07,119.86,123.54,123.54,258070000.0,investing
2024-07-23,122.78,124.69,122.1,122.59,122.59,173910000.0,investing
2024-07-24,119.17,119.95,113.44,114.25,114.25,327780000.0,investing
2024-07-25,113.04,116.63,106.3,112.28,112.28,460070000.0,investing
2024-07-26,116.19,116.2,111.58,113.06,113.06,293400000.0,investing
2024-07-29,113.69,116.28,111.3,111.59,111.59,248150000.0,investing
2024-07-30,111.52,111.99,102.54,103.73,103.73,486830000.0,investing
2024-07-31,112.9,118.34,110.88,117.02,117.02,473170000.0,investing
2024-08-01,117.53,120.16,106.81,109.21,109.21,523460000.00000006,investing
2024-08-02,103.76,108.72,101.37,107.27,107.27,482030000.0,investing
2024-08-05,92.06,103.41,90.69,100.45,100.45,552840000.0,investing
2024-08-06,103.84,107.71,100.55,104.25,104.25,409010000.0,investing
2024-08-07,107.81,108.8,98.69,98.91,98.91,411440000.0,investing
2024-08-08,102.0,105.5,97.52,104.97,104.97,391910000.0,investing
2024-08-09,105.64,106.6,103.43,104.75,104.75,290840000.0,investing
2024-08-12,106.32,111.07,106.26,109.02,109.02,325560000.0,investing
2024-08-13,112.44,116.23,111.58,116.14,116.14,312650000.0,investing
2024-08-14,118.53,118.6,114.07,118.08,118.08,339250000.0,investing
2024-08-15,118.76,123.24,117.47,122.86,122.86,318090000.0,investing
2024-08-16,121.94,125.0,121.18,124.58,124.58,302590000.0,investing
2024-08-19,124.28,130.0,123.42,130.0,130.0,318330000.0,investing
2024-08-20,128.4,129.88,125.89,127.25,127.25,300090000.0,investing
2024-08-21,127.32,129.35,126.66,128.5,128.5,257880000.0,investing
2024-08-22,130.02,130.75,123.1,123.74,123.74,376190000.0,investing
2024-08-23,125.86,129.6,125.22,129.37,129.37,323230000.0,investing
2024-08-26,129.57,131.26,124.37,126.46,126.46,331960000.0,investing
2024-08-27,125.05,129.2,123.88,128.3,128.3,303140000.0,investing
2024-08-28,128.12,128.33,122.64,125.61,125.61,448100000.0,investing
2024-08-29,121.36,124.43,116.71,117.59,117.59,453020000.0,investing
2024-08-30,119.53,121.75,117.22,119.37,119.37,333750000.0,investing
2024-09-03,116.01,116.21,107.29,108.0,108.0,477160000.0,investing
2024-09-04,105.41,113.27,104.12,106.21,106.21,372470000.0,investing
2024-09-05,104.99,109.65,104.76,107.21,107.21,306850000.0,investing
2024-09-06,108.04,108.15,100.95,102.83,102.83,413640000.0,investing
2024-09-09,104.88,106.55,103.69,106.47,106.47,273910000.0,investing
2024-09-10,107.81,109.4,104.95,108.1,108.1,268280000.0,investing
2024-09-11,109.39,117.19,107.42,116.91,116.91,441420000.0,investing
2024-09-12,116.84,120.79,115.38,119.14,119.14,367100000.0,investing
2024-09-13,119.08,119.96,117.6,119.1,119.1,238360000.0,investing
2024-09-16,116.79,118.18,114.36,116.78,116.78,248770000.0,investing
2024-09-17,118.17,118.8,114.83,115.59,115.59,231930000.0,investing
2024-09-18,115.89,117.7,113.22,113.37,113.37,310320000.0,investing
2024-09-19,117.35,119.66,117.25,117.87,117.87,293510000.0,investing
2024-09-20,117.06,118.62,115.39,116.0,116.0,382460000.0,investing
2024-09-23,116.55,116.99,114.86,116.26,116.26,206230000.0,investing
2024-09-24,116.51,121.8,115.38,120.87,120.87,354970000.0,investing
2024-09-25,122.02,124.94,121.61,123.51,123.51,284690000.0,investing
2024-09-26,126.8,127.67,121.8,124.04,124.04,302580000.0,investing
2024-09-27,123.97,124.03,119.26,121.4,121.4,271010000.0,investing
2024-09-30,118.31,121.5,118.15,121.44,121.44,227050000.0,investing
2024-10-01,121.76,122.44,115.79,117.0,117.0,302090000.0,investing
2024-10-02,116.44,119.38,115.14,118.85,118.85,221850000.0,investing
2024-10-03,120.92,124.36,120.34,122.85,122.85,277120000.0,investing
2024-10-04,124.94,125.04,121.83,124.92,124.92,244470000.0,investing
2024-10-07,124.99,130.64,124.95,127.72,127.72,346250000.0,investing
2024-10-08,130.26,133.48,129.42,132.89,132.89,285720000.0,investing
2024-10-09,134.11,134.52,131.38,132.65,132.65,246190000.0,investing
2024-10-10,131.91,135.0,131.0,134.81,134.81,242310000.0,investing
2024-10-11,134.01,135.78,133.66,134.8,134.8,170210000.0,investing
2024-10-14,136.47,139.6,136.3,138.07,138.07,232350000.0,investing
2024-10-15,137.87,138.57,128.74,131.6,131.6,377830000.0,investing
2024-10-16,133.98,136.62,131.58,135.72,135.72,264880000.0,investing
2024-10-17,139.34,140.89,136.87,136.93,136.93,306440000.0,investing
2024-10-18,138.66,138.9,137.28,138.0,138.0,176090000.0,investing
2024-10-21,138.13,143.71,138.0,143.71,143.71,264560000.0,investing
2024-10-22,142.91,144.42,141.78,143.59,143.59,226310000.0,investing
2024-10-23,142.03,142.43,137.46,139.56,139.56,285930000.0,investing
2024-10-24,140.82,141.35,138.46,140.41,140.41,172360000.0,investing
2024-10-25,140.93,144.13,140.8,141.54,141.54,205120000.0,investing
2024-10-28,143.0,143.14,140.05,140.52,140.52,173590000.0,investing
2024-10-29,140.29,142.26,138.9,141.25,141.25,157590000.0,investing
2024-10-30,139.54,140.33,136.81,139.34,139.34,179420000.0,investing
2024-10-31,137.6,137.61,132.11,132.76,132.76,270040000.0,investing
2024-11-01,134.7,137.31,134.57,135.4,135.4,207130000.0,investing
2024-11-04,137.21,138.96,135.57,136.05,136.05,187530000.0,investing
2024-11-05,137.45,140.37,137.33,139.91,139.91,160540000.0,investing
2024-11-06,142.96,146.49,141.96,145.61,145.61,242040000.0,investing
2024-11-07,146.39,148.93,146.17,148.88,148.88,207320000.0,investing
2024-11-08,148.77,149.77,146.26,147.63,147.63,175670000.0,investing
2024-11-11,148.68,148.85,143.57,145.26,145.26,182330000.0,investing
2024-11-12,146.78,149.65,146.01,148.29,148.29,198640000.0,investing
2024-11-13,149.07,149.33,145.9,146.27,146.27,191900000.0,investing
2024-11-14,147.64,149.0,145.55,146.76,146.76,194460000.0,investing
2024-11-15,144.87,145.24,140.08,141.98,141.98,250130000.0,investing
2024-11-18,139.5,141.55,137.15,140.15,140.15,221870000.0,investing
2024-11-19,141.32,147.13,140.99,147.01,147.01,227840000.0,investing
2024-11-20,147.41,147.56,142.73,145.89,145.89,309870000.0,investing
2024-11-21,149.35,152.89,140.7,146.67,146.67,400950000.0,investing
2024-11-22,145.93,147.16,141.1,141.95,141.95,236410000.0,investing
2024-11-25,141.99,142.05,135.82,136.02,136.02,344940000.0,investing
2024-11-26,137.7,139.3,135.67,136.92,136.92,190290000.0,investing
2024-11-27,135.01,137.22,131.8,135.34,135.34,226370000.0,investing
2024-11-29,136.78,139.35,136.05,138.25,138.25,141860000.0,investing
2024-12-02,138.83,140.45,137.82,138.63,138.63,171680000.0,investing
2024-12-03,138.26,140.54,137.95,140.26,140.26,164410000.0,investing
2024-12-04,141.99,145.79,140.29,145.14,145.14,231220000.0,investing
2024-12-05,145.11,146.54,143.95,145.06,145.06,172620000.0,investing
2024-12-06,144.6,145.7,141.31,142.44,142.44,188510000.0,investing
2024-12-09,138.97,139.95,137.13,138.81,138.81,189310000.0,investing
2024-12-10,139.01,141.82,133.79,135.07,135.07,210020000.0,investing
2024-12-11,137.36,140.17,135.21,139.31,139.31,184900000.0,investing
2024-12-12,137.08,138.44,135.8,137.34,137.34,159210000.0,investing
2024-12-13,138.94,139.6,132.54,134.25,134.25,231520000.0,investing
2024-12-16,134.18,134.4,130.42,132.0,132.0,237950000.0,investing
2024-12-17,129.09,131.59,126.86,130.39,130.39,259410000.00000003,investing
2024-12-18,133.86,136.7,128.28,128.91,128.91,277440000.0,investing
2024-12-19,131.76,134.03,129.55,130.68,130.68,209720000.0,investing
2024-12-20,129.81,135.28,128.22,134.7,134.7,306530000.0,investing
2024-12-23,136.28,139.79,135.12,139.67,139.67,176050000.0,investing
2024-12-24,140.0,141.9,138.65,140.22,140.22,105160000.0,investing
2024-12-26,139.7,140.85,137.73,139.93,139.93,116520000.0,investing
2024-12-27,138.55,139.02,134.71,137.01,137.01,170580000.0,investing
2024-12-30,134.83,140.27,134.02,137.49,137.49,167740000.0,investing
2024-12-31,138.03,138.07,133.83,134.29,134.29,155660000.0,investing
2025-01-02,136.0,138.88,134.63,138.31,138.31,198250000.0,investing
2025-01-03,140.01,144.9,139.73,144.47,144.47,229320000.0,investing
2025-01-06,148.59,152.16,147.82,149.43,149.43,265380000.0,investing
2025-01-07,153.03,153.13,140.01,140.14,140.14,351780000.0,investing
2025-01-08,142.58,143.95,137.56,140.11,140.11,227350000.0,investing
2025-01-10,137.45,139.92,134.22,135.91,135.91,207600000.0,investing
2025-01-13,129.99,133.49,129.51,133.23,133.23,204810000.0,investing
2025-01-14,136.05,136.38,130.05,131.76,131.76,195590000.0,investing
2025-01-15,133.65,136.45,131.29,136.24,136.24,185220000.0,investing
2025-01-16,138.64,138.75,133.49,133.57,133.57,209240000.0,investing
2025-01-17,136.69,138.5,135.46,137.71,137.71,201190000.0,investing
2025-01-21,139.16,141.83,137.09,140.83,140.83,197750000.0,investing
2025-01-22,144.66,147.79,143.67,147.07,147.07,237650000.0,investing
2025-01-23,145.05,147.23,143.72,147.22,147.22,155920000.0,investing
2025-01-24,148.37,148.97,141.88,142.62,142.62,234660000.0,investing
2025-01-27,124.8,128.4,116.7,118.42,118.42,818830000.0,investing
2025-01-28,121.81,129.0,116.25,128.99,128.99,579670000.0,investing
2025-01-29,126.5,126.89,120.05,123.7,123.7,467120000.0,investing
2025-01-30,123.1,125.0,118.1,124.65,124.65,392930000.0,investing
2025-01-31,123.78,127.85,119.19,120.07,120.07,390370000.0,investing
2025-02-03,114.75,118.57,113.01,116.66,116.66,371240000.0,investing
2025-02-04,116.96,121.2,116.7,118.65,118.65,256550000.0,investing
2025-02-05,121.76,125.0,120.76,124.83,124.83,263110000.0,investing
2025-02-06,127.42,128.77,125.21,128.68,128.68,251480000.0,investing
2025-02-07,129.22,130.37,125.0,129.84,129.84,228190000.0,investing
2025-02-10,130.09,135.0,129.96,133.57,133.57,216990000.0,investing
2025-02-11,132.58,134.48,131.02,132.8,132.8,178900000.0,investing
2025-02-12,130.02,132.24,129.08,131.14,131.14,160280000.0,investing
2025-02-13,131.55,136.5,131.17,135.29,135.29,197430000.0,investing
2025-02-14,136.48,139.25,135.5,138.85,138.85,195480000.0,investing
2025-02-18,141.27,143.44,137.93,139.4,139.4,219180000.0,investing
2025-02-19,139.51,141.36,137.22,139.23,139.23,167540000.0,investing
2025-02-20,140.03,140.66,136.79,140.11,140.11,143900000.0,investing
2025-02-21,140.04,141.46,134.03,134.43,134.43,228220000.0,investing
2025-02-24,136.56,138.59,130.08,130.28,130.28,251380000.0,investing
2025-02-25,129.98,130.2,124.44,126.63,126.63,271430000.0,investing
2025-02-26,129.99,133.73,128.49,131.28,131.28,322550000.0,investing
2025-02-27,135.0,135.01,120.01,120.15,120.15,443180000.0,investing
2025-02-28,118.02,125.09,116.4,124.92,124.92,389090000.0,investing
2025-03-03,123.51,123.7,112.28,114.06,114.06,411380000.0,investing
2025-03-04,110.64,119.31,110.11,115.99,115.99,398160000.0,investing
2025-03-05,117.58,118.28,114.51,117.3,117.3,284340000.0,investing
2025-03-06,113.53,115.35,110.22,110.57,110.57,321180000.0,investing
2025-03-07,111.25,113.48,107.56,112.69,112.69,341760000.0,investing
2025-03-10,109.9,111.85,105.46,106.98,106.98,366490000.0,investing
2025-03-11,106.99,112.24,104.77,108.76,108.76,354870000.0,investing
2025-03-12,114.12,116.76,112.88,115.74,115.74,323860000.0,investing
2025-03-13,117.03,117.76,113.79,115.58,115.58,299030000.0,investing
2025-03-14,118.61,121.88,118.15,121.67,121.67,277590000.0,investing
2025-03-17,122.74,122.89,118.03,119.53,119.53,255500000.0,investing
2025-03-18,118.0,119.02,114.54,115.43,115.43,299690000.0,investing
2025-03-19,117.27,120.44,115.68,117.52,117.52,273430000.0,investing
2025-03-20,116.55,120.2,116.47,118.53,118.53,248830000.0,investing
2025-03-21,116.94,117.99,115.42,117.7,117.7,266500000.0,investing
2025-03-24,119.88,122.22,119.34,121.41,121.41,228450000.0,investing
2025-03-25,120.54,121.29,118.92,120.69,120.69,167450000.0,investing
2025-03-26,118.73,118.84,112.71,113.76,113.76,296430000.0,investing
2025-03-27,111.35,114.45,110.66,111.43,111.43,236900000.0,investing
2025-03-28,111.49,112.87,109.07,109.67,109.67,229870000.0,investing
2025-03-31,105.13,110.96,103.65,108.38,108.38,299210000.0,investing
2025-04-01,108.51,110.2,106.47,110.15,110.15,222610000.0,investing
2025-04-02,107.29,111.98,106.79,110.42,110.42,220600000.0,investing
2025-04-03,103.51,105.63,101.6,101.8,101.8,338770000.0,investing
2025-04-04,98.91,100.13,92.11,94.31,94.31,532270000.0,investing
2025-04-07,87.46,101.75,86.62,97.64,97.64,611040000.0,investing
2025-04-08,103.81,105.85,94.46,96.3,96.3,476240000.0,investing
2025-04-09,98.89,115.1,97.53,114.33,114.33,612920000.0,investing
2025-04-10,109.37,110.86,99.15,107.57,107.57,437810000.0,investing
2025-04-11,108.5,111.55,107.48,110.93,110.93,313420000.0,investing
2025-04-14,114.11,114.29,109.07,110.71,110.71,264710000.0,investing
2025-04-15,110.97,113.61,110.5,112.2,112.2,228970000.0,investing
2025-04-16,104.55,106.79,100.45,104.49,104.49,397020000.0,investing
2025-04-17,104.45,104.47,100.05,101.49,101.49,292520000.0,investing
2025-04-21,98.77,99.44,95.04,96.91,96.91,288500000.0,investing
2025-04-22,98.78,99.81,97.28,98.89,98.89,241000000.0,investing
2025-04-23,104.52,104.8,102.02,102.71,102.71,247530000.0,investing
2025-04-24,103.47,106.54,103.11,106.43,106.43,220820000.0,investing
2025-04-25,106.85,111.92,105.73,111.01,111.01,251060000.0,investing
2025-04-28,109.69,110.37,106.02,108.73,108.73,207710000.0,investing
2025-04-29,107.67,110.2,107.44,109.02,109.02,170440000.0,investing
2025-04-30,104.47,108.92,104.08,108.92,108.92,235040000.0,investing
2025-05-01,113.08,114.94,111.3,111.61,111.61,236120000.0,investing
2025-05-02,114.18,115.4,113.37,114.5,114.5,190190000.0,investing
2025-05-05,112.9,114.67,112.66,113.82,113.82,133160000.0,investing
2025-05-06,111.48,114.74,110.82,113.54,113.54,158530000.0,investing
2025-05-07,113.04,117.68,112.28,117.06,117.06,207830000.0,investing
2025-05-08,118.25,118.68,115.85,117.37,117.37,198430000.0,investing
2025-05-09,117.35,118.23,115.21,116.65,116.65,132970000.0,investing
2025-05-12,121.97,123.0,120.28,123.0,123.0,225020000.0,investing
2025-05-13,124.98,131.22,124.47,129.93,129.93,330430000.0,investing
2025-05-14,133.2,135.43,131.68,135.34,135.34,281180000.0,investing
2025-05-15,134.29,136.3,132.66,134.83,134.83,226630000.0,investing
2025-05-16,136.22,136.35,133.46,135.4,135.4,226540000.0,investing
2025-05-19,132.39,135.87,132.39,135.57,135.57,193150000.0,investing
2025-05-20,134.29,134.58,132.62,134.38,134.38,161510000.0,investing
2025-05-21,133.06,137.4,130.59,131.8,131.8,270610000.0,investing
2025-05-22,132.23,134.25,131.55,132.83,132.83,187340000.0,investing
2025-05-23,130.0,132.68,129.16,131.29,131.29,198820000.0,investing
2025-05-27,134.15,135.66,133.31,135.5,135.5,192950000.0,investing
2025-05-28,136.02,137.25,134.79,134.81,134.81,304020000.0,investing
2025-05-29,142.24,143.49,137.91,139.19,139.19,370620000.0,investing
2025-05-30,138.71,139.62,132.92,135.13,135.13,333170000.0,investing
2025-06-02,135.49,138.12,135.4,137.38,137.38,197660000.0,investing
2025-06-03,138.78,142.0,137.95,141.22,141.22,225580000.0,investing
2025-06-04,142.19,142.39,139.54,141.92,141.92,167120000.0,investing
2025-06-05,142.17,144.0,138.83,139.99,139.99,232410000.0,investing
2025-06-06,142.51,143.27,141.51,141.72,141.72,153990000.0,investing
2025-06-09,143.19,145.0,141.94,142.63,142.63,185110000.0,investing
2025-06-10,142.69,144.29,141.52,143.96,143.96,155880000.0,investing
2025-06-11,144.61,144.99,141.87,142.83,142.83,167690000.0,investing
2025-06-12,141.97,145.0,141.85,145.0,145.0,162360000.0,investing
2025-06-13,142.48,143.58,140.85,141.97,141.97,180820000.0,investing
2025-06-16,143.35,146.18,143.2,144.69,144.69,183130000.0,investing
2025-06-17,144.49,145.22,143.78,144.12,144.12,139110000.0,investing
2025-06-18,144.01,145.65,143.12,145.48,145.48,161490000.0,investing
2025-06-20,145.45,146.2,142.65,143.85,143.85,242960000.0,investing
2025-06-23,142.5,144.78,142.03,144.17,144.17,154310000.0,investing
2025-06-24,145.56,147.96,145.5,147.9,147.9,187570000.0,investing
2025-06-25,149.27,154.45,149.26,154.31,154.31,269150000.0,investing
2025-06-26,155.98,156.71,154.0,155.02,155.02,198150000.0,investing
2025-06-27,156.04,158.71,155.26,157.75,157.75,263230000.00000003,investing
2025-06-30,158.4,158.66,155.96,157.99,157.99,194580000.0,investing
2025-07-01,156.29,157.2,151.49,153.3,153.3,213140000.0,investing
2025-07-02,152.98,157.6,152.97,157.25,157.25,171220000.0,investing
2025-07-03,158.37,160.98,157.77,159.34,159.34,143720000.0,investing
2025-07-07,158.2,159.31,157.34,158.24,158.24,140140000.0,investing
2025-07-08,159.33,160.22,158.39,160.0,160.0,138130000.0,investing
2025-07-09,161.22,164.42,161.16,162.88,162.88,183660000.0,investing
2025-07-10,164.32,164.5,161.61,164.1,164.1,167700000.0,investing
2025-07-11,163.71,167.89,163.47,164.92,164.92,193630000.0,investing
2025-07-14,165.37,165.49,162.02,164.07,164.07,136980000.0,investing
2025-07-15,171.19,172.4,169.2,170.7,170.7,230630000.0,investing
2025-07-16,171.06,171.75,168.9,171.37,171.37,158830000.0,investing
2025-07-17,172.02,174.16,170.83,173.0,173.0,160840000.0,investing
2025-07-18,173.64,174.25,171.26,172.41,172.41,146460000.0,investing
2025-07-21,172.75,173.38,171.0,171.38,171.38,123130000.0,investing
2025-07-22,171.34,171.39,164.58,167.03,167.03,193110000.0,investing
2025-07-23,169.53,171.26,167.97,170.78,170.78,154080000.0,investing
2025-07-24,172.44,173.83,171.3,173.74,173.74,128980000.0,investing
2025-07-25,173.61,174.72,172.96,173.5,173.5,122320000.0,investing
2025-07-28,174.02,177.0,173.97,176.75,176.75,140020000.0,investing
2025-07-29,177.96,179.38,175.02,175.51,175.51,154080000.0,investing
2025-07-30,176.51,179.89,176.04,179.27,179.27,174310000.0,investing
2025-07-31,182.9,183.3,175.93,177.87,177.87,221690000.0,investing
2025-08-01,174.09,176.54,170.89,173.72,173.72,204530000.0,investing
2025-08-04,175.16,180.2,174.52,180.0,180.0,148170000.0,investing
2025-08-05,179.62,180.26,175.9,178.26,178.26,156410000.0,investing
2025-08-06,176.32,179.9,176.25,179.42,179.42,137190000.0,investing
2025-08-07,181.57,183.88,178.79,180.77,180.77,151880000.0,investing
2025-08-08,181.55,183.3,180.4,182.7,182.7,123400000.0,investing
2025-08-11,182.05,183.84,180.25,182.06,182.06,138320000.0,investing
2025-08-12,182.96,184.48,179.46,183.16,183.16,145730000.0,investing
2025-08-13,182.62,183.97,179.35,181.59,181.59,179870000.0,investing
2025-08-14,179.75,183.02,179.46,182.02,182.02,129550000.0,investing
2025-08-15,181.88,181.9,178.04,180.45,180.45,156600000.0,investing
2025-08-18,180.6,182.94,180.59,182.01,182.01,132010000.0,investing
2025-08-19,182.43,182.5,175.49,175.64,175.64,185230000.0,investing
2025-08-20,175.16,176.0,168.8,175.4,175.4,215140000.0,investing
2025-08-21,174.85,176.9,173.81,174.98,174.98,140040000.0,investing
2025-08-22,172.61,178.59,171.2,177.99,177.99,172790000.0,investing
2025-08-25,178.35,181.91,176.57,179.81,179.81,163010000.0,investing
2025-08-26,180.05,182.39,178.81,181.77,181.77,168690000.0,investing
2025-08-27,181.98,182.49,179.1,181.6,181.6,235520000.0,investing
2025-08-28,180.82,184.47,176.41,180.17,180.17,281790000.0,investing
2025-08-29,178.11,178.15,173.15,174.18,174.18,243260000.0,investing
2025-09-02,170.0,172.38,167.22,170.78,170.78,231160000.0,investing
2025-09-03,171.06,172.41,168.88,170.62,170.62,164420000.0,investing
2025-09-04,170.57,171.86,169.41,171.66,171.66,141670000.0,investing
2025-09-05,168.03,169.03,164.07,167.02,167.02,224440000.0,investing
2025-09-08,167.55,170.96,167.35,168.31,168.31,163770000.0,investing
2025-09-09,169.09,170.98,166.74,170.76,170.76,157550000.0,investing
2025-09-10,176.64,179.29,175.47,177.33,177.33,226850000.0,investing
2025-09-11,179.68,180.28,176.48,177.17,177.17,151160000.0,investing
2025-09-12,177.77,178.6,176.45,177.82,177.82,124910000.0,investing
2025-09-15,175.67,178.85,174.51,177.75,177.75,147060000.0,investing
2025-09-16,177.0,177.5,174.38,174.88,174.88,140740000.0,investing
2025-09-17,172.64,173.2,168.41,170.29,170.29,211840000.0,investing
2025-09-18,173.98,177.1,172.96,176.24,176.24,191760000.0,investing
2025-09-19,175.77,178.08,175.18,176.67,176.67,237180000.0,investing
2025-09-22,175.3,184.55,174.71,183.61,183.61,269640000.0,investing
2025-09-23,181.97,182.42,176.21,178.43,178.43,192560000.0,investing
2025-09-24,179.77,179.78,175.4,176.97,176.97,143560000.0,investing
2025-09-25,174.48,180.26,173.13,177.69,177.69,191590000.0,investing
2025-09-26,178.17,179.77,174.93,178.19,178.19,148570000.0,investing
2025-09-29,180.43,184.0,180.32,181.85,181.85,193060000.0,investing
2025-09-30,182.08,187.35,181.48,186.58,186.58,236980000.0,investing
2025-10-01,185.24,188.14,183.9,187.24,187.24,173840000.0,investing
2025-10-02,189.6,191.05,188.06,188.89,188.89,136810000.0,investing
2025-10-03,189.19,190.36,185.38,187.62,187.62,137600000.0,investing
2025-10-06,185.5,187.23,183.33,185.54,185.54,157680000.0,investing
2025-10-07,186.23,189.06,184.0,185.04,185.04,140090000.0,investing
2025-10-08,186.57,189.6,186.54,189.11,189.11,130170000.0,investing
2025-10-09,192.23,195.3,191.06,192.57,192.57,183000000.0,investing
2025-10-10,193.51,195.62,182.05,183.16,183.16,268770000.0,investing
2025-10-13,187.96,190.11,185.96,188.32,188.32,153480000.0,investing
2025-10-14,184.77,184.8,179.7,180.03,180.03,205640000.0,investing
2025-10-15,184.8,184.87,177.29,179.83,179.83,214450000.0,investing
2025-10-16,182.23,183.28,179.77,181.81,181.81,179720000.0,investing
2025-10-17,180.18,184.1,179.75,183.22,183.22,173140000.0,investing
2025-10-20,183.13,185.2,181.73,182.64,182.64,128540000.0,investing
2025-10-21,182.79,182.79,179.8,181.16,181.16,124240000.0,investing
2025-10-22,181.14,183.44,176.76,180.28,180.28,162250000.0,investing
2025-10-23,180.42,183.03,179.79,182.16,182.16,111360000.0,investing
2025-10-24,183.84,187.47,183.5,186.26,186.26,131300000.0,investing
2025-10-27,189.99,192.0,188.43,191.49,191.49,153450000.0,investing
2025-10-28,193.05,203.15,191.91,201.03,201.03,297990000.0,investing
2025-10-29,207.98,212.19,204.77,207.04,207.04,308830000.0,investing
2025-10-30,205.15,206.16,201.41,202.89,202.89,178860000.0,investing
2025-10-31,206.45,207.97,202.07,202.49,202.49,179800000.0,investing
2025-11-03,208.08,211.34,205.56,206.88,206.88,180270000.0,investing
2025-11-04,203.0,203.97,197.93,198.69,198.69,188920000.0,investing
2025-11-05,198.77,202.92,194.65,195.21,195.21,171350000.0,investing
2025-11-06,196.42,197.62,186.38,188.08,188.08,223030000.0,investing
2025-11-07,184.9,188.32,178.91,188.15,188.15,264940000.0,investing
2025-11-10,195.11,199.94,193.79,199.05,199.05,198900000.0,investing
2025-11-11,195.15,195.42,191.3,193.16,193.16,176480000.0,investing
2025-11-12,195.72,195.89,191.13,193.8,193.8,154940000.0,investing
2025-11-13,191.05,191.44,183.85,186.86,186.86,207420000.0,investing
2025-11-14,182.86,191.01,180.58,190.17,190.17,186590000.0,investing
2025-11-17,185.96,189.0,184.32,186.6,186.6,173630000.0,investing
2025-11-18,183.38,184.8,179.65,181.36,181.36,213600000.0,investing
2025-11-19,184.79,187.85,182.83,186.52,186.52,247250000.0,investing
2025-11-20,195.95,196.0,179.85,180.64,180.64,343500000.0,investing
2025-11-21,181.24,184.56,172.93,178.88,178.88,346930000.0,investing
2025-11-24,179.49,183.5,176.48,182.55,182.55,256620000.0,investing
2025-11-25,174.91,178.16,169.55,177.82,177.82,320600000.0,investing
2025-11-26,181.63,182.91,178.24,180.26,180.26,183850000.0,investing
2025-11-28,179.01,179.29,176.5,177.0,177.0,121330000.0,investing
2025-12-01,174.76,180.3,173.68,179.92,179.92,188130000.0,investing
2025-12-02,181.76,185.66,180.0,181.46,181.46,182630000.0,investing
2025-12-03,181.08,182.45,179.11,179.59,179.59,165140000.0,investing
2025-12-04,181.62,184.51,179.96,183.38,183.38,167360000.0,investing
2025-12-05,183.89,184.66,180.91,182.41,182.41,143970000.0,investing
2025-12-08,182.64,188.0,182.4,185.55,185.55,204380000.0,investing
2025-12-09,185.56,185.72,183.32,184.97,184.97,144720000.0,investing
2025-12-10,184.96,185.48,182.04,183.78,183.78,162790000.0,investing
2025-12-11,180.27,181.32,176.62,180.93,180.93,182140000.0,investing
2025-12-12,181.11,182.82,174.62,175.02,175.02,204270000.0,investing
2025-12-15,177.94,178.41,175.03,176.29,176.29,164780000.0,investing
2025-12-16,176.26,178.49,174.9,177.72,177.72,148590000.0,investing
2025-12-17,176.1,176.13,170.31,170.94,170.94,222780000.0,investing
2025-12-18,174.53,176.15,171.82,174.14,174.14,176100000.0,investing
2025-12-19,176.66,181.45,176.34,180.99,180.99,324930000.0,investing
2025-12-22,183.92,184.16,182.35,183.69,183.69,129060000.0,investing
2025-12-23,182.97,189.33,182.9,189.21,189.21,174870000.0,investing
2025-12-24,187.94,188.91,186.59,188.61,188.61,65530000.0,investing
2025-12-26,189.92,192.69,188.0,190.53,190.53,139740000.0,investing
2025-12-29,187.71,188.76,185.91,188.22,188.22,120010000.0,investing
2025-12-30,188.24,188.99,186.93,187.54,187.54,97690000.0,investing
2025-12-31,189.57,190.56,186.49,186.5,186.5,120100000.0,investing
2026-01-02,189.84,192.93,188.26,188.85,188.85,148240000.0,investing
2026-01-05,191.76,193.63,186.15,188.12,188.12,183530000.0,investing
2026-01-06,190.52,192.17,186.82,187.24,187.24,176860000.0,investing
2026-01-07,188.57,191.37,186.56,189.11,189.11,153540000.0,investing
2026-01-08,189.11,189.55,183.71,185.04,185.04,172460000.0,investing
2026-01-09,185.08,186.34,183.67,184.86,184.86,131330000.0,investing
2026-01-12,183.22,187.12,183.02,184.94,184.94,137970000.0,investing
2026-01-13,184.99,188.11,183.4,185.81,185.81,160130000.0,investing
2026-01-14,184.32,184.46,180.8,183.14,183.14,159590000.0,investing
2026-01-15,186.5,189.7,186.33,187.05,187.05,206190000.0,investing
2026-01-16,189.07,190.44,186.08,186.23,186.23,187970000.0,investing
2026-01-20,181.9,182.38,177.61,178.07,178.07,223350000.0,investing
2026-01-21,179.05,185.38,178.4,183.32,183.32,200380000.0,investing
2026-01-22,184.75,186.17,183.93,184.84,184.84,139640000.0,investing
2026-01-23,187.5,189.6,186.82,187.67,187.67,142750000.0,investing
2026-01-26,187.16,189.12,185.99,186.47,186.47,124800000.0,investing
2026-01-27,187.24,190.0,185.7,188.52,188.52,143710000.0,investing
2026-01-28,191.27,192.35,189.84,191.52,191.52,148550000.0,investing
2026-01-29,191.34,193.48,186.06,192.51,192.51,171760000.0,investing
2026-01-30,191.21,194.49,189.47,191.13,191.13,179490000.0,investing
2026-02-02,187.2,190.3,184.88,185.61,185.61,165790000.0,investing
2026-02-03,186.24,186.27,176.23,180.34,180.34,204020000.0,investing
2026-02-04,179.46,179.58,171.91,174.19,174.19,207010000.0,investing
2026-02-05,174.93,176.82,171.03,171.88,171.88,206310000.0,investing
2026-02-06,176.69,187.0,174.6,185.41,185.41,231350000.0,investing
2026-02-09,184.26,193.66,183.95,190.04,190.04,196390000.0,investing
2026-02-10,191.38,192.48,188.12,188.54,188.54,136760000.0,investing
2026-02-11,192.45,193.26,188.77,190.05,190.05,144190000.0,investing
2026-02-12,193.03,193.61,186.51,186.94,186.94,189930000.0,investing
2026-02-13,187.48,187.5,181.59,182.81,182.81,161890000.0,investing
2026-02-17,181.75,187.15,179.18,184.97,184.97,162280000.0,investing
2026-02-18,188.75,190.37,186.76,187.98,187.98,164750000.0,investing
2026-02-19,187.05,188.43,185.66,187.9,187.9,126550000.0,investing
2026-02-20,186.57,190.33,185.94,189.82,189.82,178420000.0,investing
2026-02-23,191.4,193.95,189.57,191.55,191.55,171580000.0,investing
2026-02-24,191.49,193.77,187.4,192.85,192.85,175120000.0,investing
2026-02-25,194.45,197.63,193.79,195.56,195.56,250640000.0,investing
2026-02-26,194.27,194.29,184.32,184.89,184.89,360810000.0,investing
2026-02-27,181.25,182.59,176.38,177.19,177.19,311640000.0,investing
2026-03-02,175.01,183.46,174.64,182.48,182.48,209100000.0,investing
2026-03-03,178.49,180.9,176.92,180.05,180.05,178100000.0,investing
2026-03-04,180.44,184.7,180.06,183.04,183.04,177730000.0,investing
2026-03-05,181.17,184.06,177.88,183.34,183.34,198780000.0,investing
2026-03-06,179.84,182.76,176.82,177.82,177.82,189020000.0,investing
2026-03-09,176.83,182.91,175.56,182.65,182.65,177210000.0,investing
2026-03-10,182.4,186.44,182.01,184.77,184.77,179120000.0,investing
2026-03-11,185.91,187.62,184.45,186.03,186.03,145280000.0,investing
2026-03-12,184.05,184.94,181.75,183.14,183.14,155760000.0,investing
2026-03-13,184.92,186.09,179.94,180.25,180.25,160990000.0,investing
2026-03-16,182.97,188.88,181.41,183.22,183.22,217310000.0,investing
2026-03-17,185.06,185.4,181.68,181.93,181.93,182500000.0,investing
2026-03-18,182.48,183.38,180.33,180.4,180.4,156680000.0,investing
2026-03-19,178.01,179.98,175.79,178.56,178.56,170970000.0,investing
2026-03-20,178.0,178.26,171.72,172.7,172.7,241320000.0,investing
2026-03-23,177.26,178.37,174.76,175.64,175.64,182840000.0,investing
2026-03-24,174.83,176.22,173.98,175.2,175.2,147670000.0,investing
2026-03-25,177.1,181.22,176.85,178.68,178.68,162600000.0,investing
2026-03-26,176.07,176.51,171.14,171.24,171.24,186150000.0,investing
2026-03-27,170.0,170.97,167.01,167.52,167.52,196210000.0,investing
2026-03-30,168.78,169.45,164.27,165.17,165.17,185630000.0,investing
2026-03-31,166.97,174.62,166.96,174.4,174.4,226180000.0,investing
2026-04-01,176.0,177.37,174.75,175.75,175.75,168130000.0,investing
2026-04-02,172.18,177.49,171.37,177.39,177.39,143140000.0,investing
2026-04-06,177.15,177.79,175.76,177.64,177.64,107560000.0,investing
2026-04-07,175.73,178.23,173.66,178.1,178.1,132530000.0,investing
2026-04-08,184.5,185.26,180.3,182.08,182.08,147730000.0,investing
2026-04-09,181.84,184.08,180.62,183.91,183.91,116430000.0,investing
2026-04-10,184.31,190.0,184.3,188.63,188.63,160460000.0,investing
2026-04-13,186.03,189.66,185.74,189.31,189.31,133650000.0,investing
2026-04-14,190.84,196.51,190.77,196.51,196.51,161310000.0,investing
2026-04-15,196.54,200.4,195.74,198.87,198.87,185340000.0,investing
2026-04-16,197.43,199.85,195.81,198.35,198.35,134010000.0,investing
2026-04-17,199.9,201.7,199.27,201.68,201.68,160320000.0,investing
2026-04-20,199.98,202.17,197.84,202.06,202.06,119380000.0,investing
2026-04-21,202.13,202.75,199.0,199.88,199.88,107950000.0,investing
2026-04-22,200.99,202.5,199.0,202.5,202.5,107500000.0,investing
2026-04-23,202.46,203.83,197.22,199.64,199.64,113560000.0,investing
2026-04-24,199.96,210.95,199.81,208.27,208.27,214130000.0,investing
2026-04-27,209.65,216.82,207.38,216.61,216.61,187170000.0,investing
2026-04-28,209.49,214.73,208.2,213.17,213.17,180280000.0,investing
2026-04-29,212.7,212.72,207.58,209.25,209.25,123710000.0,investing
2026-04-30,209.93,210.3,198.7,199.57,199.57,225240000.0,investing
2026-05-01,201.28,203.0,197.12,198.45,198.45,128650000.0,investing
2026-05-04,199.5,201.73,194.74,198.48,198.48,125370000.0,investing
2026-05-05,199.3,200.24,196.03,196.5,196.5,113410000.0,investing
2026-05-06,199.89,208.26,198.61,207.83,207.83,188360000.0,investing
2026-05-07,208.34,214.2,206.5,211.5,211.5,168310000.0,investing
2026-05-08,213.03,217.8,212.89,215.2,215.2,136420000.0,investing
2026-05-11,214.04,222.3,213.89,219.44,219.44,160690000.0,investing
2026-05-12,218.54,223.75,214.92,220.78,220.78,159180000.0,investing
2026-05-13,224.93,227.84,221.57,225.83,225.83,150410000.0,investing
2026-05-14,229.85,236.54,229.3,235.74,235.74,180780000.0,investing
2026-05-15,229.76,231.5,224.24,225.32,225.32,180980000.0,investing
2026-05-18,229.87,230.0,218.37,222.32,222.32,146280000.0,investing
2026-05-19,219.62,224.48,217.91,220.61,220.61,140950000.0,investing
2026-05-20,223.18,226.13,220.49,223.47,223.47,184200000.0,investing
2026-05-21,222.29,227.4,217.93,219.51,219.51,203380000.0,investing
2026-05-22,220.9,221.01,214.8,215.33,215.33,169280000.0,investing
2026-05-26,216.54,218.18,212.0,214.86,214.86,187200000.0,investing
2026-05-27,214.12,214.15,208.78,212.6,212.6,167600000.0,investing
2026-05-28,211.27,215.52,211.22,214.25,214.25,144000000.0,investing
2026-05-29,214.57,217.86,211.13,211.14,211.14,289410000.0,investing
2026-06-01,215.73,224.87,215.7,224.36,224.36,212850000.0,investing
2026-06-02,227.18,232.28,221.35,222.82,222.82,193360000.0,investing
2026-06-03,221.72,222.82,214.51,214.75,214.75,160910000.0,investing
2026-06-04,213.9,221.6,210.97,218.66,218.66,169020000.0,investing
2026-06-05,214.53,214.87,204.33,205.1,205.1,219660000.0,investing
2026-06-08,210.18,210.47,206.0,208.64,208.64,138370000.0,investing
2026-06-09,210.62,211.4,199.34,208.19,208.19,180960000.0,investing
2026-06-10,204.43,207.22,199.92,200.42,200.42,161750000.0,investing
2026-06-11,201.49,205.66,199.54,204.87,204.87,158640000.0,investing
2026-06-12,204.86,207.07,203.44,205.19,205.19,112350000.0,investing
2026-06-15,208.92,212.71,208.34,212.45,212.45,149940000.0,investing
2026-06-16,211.18,211.49,207.29,207.41,207.41,125690000.0,investing
2026-06-17,208.53,209.21,203.08,204.65,204.65,128360000.0,investing
2026-06-18,207.33,211.39,206.5,210.69,210.69,241270000.0,investing
2026-06-22,211.44,213.99,207.72,208.65,208.65,122040000.0,investing
2026-06-23,202.17,203.77,200.0,200.04,200.04,153500000.0,investing
2026-06-24,200.12,201.67,196.58,199.0,199.0,151810000.0,investing
2026-06-25,200.08,200.8,192.13,195.74,195.74,150210000.0,investing
2026-06-26,193.12,195.55,191.22,192.53,192.53,179300000.0,investing
2026-06-29,193.85,196.18,189.8,194.97,194.97,148840000.0,investing
2026-06-30,197.24,200.63,195.11,200.09,200.09,166480000.0,investing
2026-07-01,196.2,199.85,193.45,197.58,197.58,146150000.0,investing
2026-07-02,197.14,200.05,192.35,194.83,194.83,142390000.0,investing
2026-07-06,194.42,197.55,193.99,195.55,195.55,109000000.0,investing
2026-07-07,192.37,198.41,191.14,196.93,196.93,124150000.0,investing
2026-07-08,195.18,205.16,195.06,204.12,204.12,147420000.0,investing
2026-07-09,204.46,204.59,198.96,202.78,202.78,132040000.0,investing
2026-07-10,202.0,211.0,201.92,210.96,210.96,148420000.0,investing
2026-07-13,208.54,210.57,203.0,203.53,203.53,121410000.0,investing
2026-07-14,208.2,212.55,203.8,211.8,211.8,124380000.0,investing
2026-07-15,211.96,213.81,206.04,212.5,212.5,124800000.0,investing
2026-07-16,210.17,211.08,205.85,207.4,207.4,122990000.0,investing
2026-07-17,202.64,206.65,197.97,202.81,202.81,144280000.0,investing
2026-07-20,205.87,207.74,202.28,203.28,203.28,88700000.0,investing
2026-07-21,207.54,208.65,204.01,207.29,207.29,108690000.0,investing
2026-07-22,205.8,214.39,204.95,212.06,212.06,137650000.0,investing
2026-07-23,209.46,210.87,205.96,208.76,208.76,110510000.0,investing
2026-07-24,207.45,211.91,204.81,206.84,206.84,114840000.0,investing
2026-07-27,208.1999969482422,208.75,195.44000244140625,196.509994506836,196.509994506836,154353700.0,yahoo
2026-07-28,195.0,198.6999969482422,192.7400054931641,197.009994506836,197.009994506836,134111500.0,yahoo
2026-07-29,195.8500061035156,197.07000732421875,190.009994506836,190.009994506836,190.009994506836,147680800.0,yahoo
2026-07-30,193.4499969482422,197.25,191.5200042724609,195.0399932861328,195.0399932861328,129010200.0,yahoo
2026-07-31,198.44000244140625,202.0,194.9499969482422,200.75,200.75,139659700.0,yahoo
2026-08-03,197.72999572753903,208.7400054931641,196.8500061035156,206.63999938964844,206.63999938964844,127547828.0,yahoo
2026-08-04,211.4900054931641,213.0599975585937,209.0500030517578,211.94000244140625,211.94000244140625,130429698.0,yahoo
2026-08-05,216.8600006103516,222.22000122070312,216.3999938964844,219.22000122070312,219.22000122070312,156378175.0,yahoo
2026-08-06,221.52999877929688,223.62750244140625,217.2700042724609,218.9900054931641,218.9900054931641,113051990.0,yahoo
2026-08-07,221.5850067138672,224.759994506836,220.6600036621093,223.9600067138672,223.9600067138672,104730601.0,yahoo
2026-08-10,223.4499969482422,224.1378936767578,216.7700042724609,217.5500030517578,217.5500030517578,108135773.0,yahoo
2026-08-11,222.1499938964844,222.1999969482422,216.3000030517578,217.5,217.5,95707655.0,yahoo
2026-08-12,221.0399932861328,225.1000061035156,220.1999969482422,224.08999633789065,224.08999633789065,106431963.0,yahoo
2026-08-13,225.05499267578125,227.22999572753903,223.7100067138672,225.3000030517578,225.3000030517578,93629467.0,yahoo
2026-08-14,226.8000030517578,227.4900054931641,224.5,225.16000366210935,225.16000366210935,75161211.0,yahoo
2026-08-17,226.02000427246094,227.9199981689453,224.86000061035156,225.00999450683594,225.00999450683594,81442206.0,yahoo
