date,open,high,low,close,adj_close,volume,source
2009-01-02,29.75,31.1299991607666,29.690000534057617,31.030000686645508,26.75530433654785,107891500,yahoo
2009-01-05,30.82999992370605,31.32999992370605,30.59000015258789,31.020000457763672,26.74667930603028,91751900,yahoo
2009-01-06,31.25,31.6299991607666,31.11000061035156,31.32999992370605,27.01398086547852,136791700,yahoo
2009-01-07,30.729999542236328,30.89999961853028,30.190000534057617,30.440000534057617,26.246585845947266,133879800,yahoo
2009-01-08,30.3799991607666,30.799999237060547,30.07999992370605,30.76000022888184,26.52250289916992,131926600,yahoo
2009-01-09,30.770000457763672,30.790000915527344,29.920000076293945,30.06999969482422,25.92755508422852,117137900,yahoo
2009-01-12,30.11000061035156,30.14999961853028,29.200000762939453,29.520000457763672,25.453311920166016,102726200,yahoo
2009-01-13,29.51000022888184,29.979999542236328,29.18000030517578,29.530000686645508,25.46194648742676,186266700,yahoo
2009-01-14,29.190000534057617,29.280000686645508,28.46999931335449,28.6299991607666,24.685924530029297,136294000,yahoo
2009-01-15,28.56999969482422,29.34000015258789,28.06999969482422,29.100000381469727,25.091182708740234,192567200,yahoo
2009-01-16,29.5,29.600000381469727,28.700000762939453,29.420000076293945,25.36709976196289,175478100,yahoo
2009-01-20,29.299999237060547,29.43000030517578,27.959999084472656,27.959999084472656,24.108226776123047,135105800,yahoo
2009-01-21,28.43000030517578,29.190000534057617,28.100000381469727,29.14999961853028,25.13429450988769,149179600,yahoo
2009-01-22,28.520000457763672,29.229999542236328,28.26000022888184,28.76000022888184,24.79801750183105,200602700,yahoo
2009-01-23,28.290000915527344,29.350000381469727,28.13999938964844,28.89999961853028,24.91873550415039,170164100,yahoo
2009-01-26,28.940000534057617,29.59000015258789,28.75,29.11000061035156,25.099803924560547,140398700,yahoo
2009-01-27,29.1200008392334,29.56999969482422,29.1200008392334,29.31999969482422,25.280866622924805,110591300,yahoo
2009-01-28,29.809999465942383,30.64999961853028,29.809999465942383,30.350000381469727,26.168983459472656,139722800,yahoo
2009-01-29,29.979999542236328,30.39999961853028,29.479999542236328,29.57999992370605,25.505062103271484,130731800,yahoo
2009-01-30,29.799999237060547,29.93000030517578,28.940000534057617,29.059999465942383,25.056686401367188,140334200,yahoo
2009-02-02,28.780000686645508,29.61000061035156,28.739999771118164,29.40999984741211,25.358476638793945,126796100,yahoo
2009-02-03,29.46999931335449,30.43000030517578,29.030000686645508,29.8700008392334,25.75511360168457,120541100,yahoo
2009-02-04,29.940000534057617,30.8700008392334,29.790000915527344,29.90999984741211,25.789594650268555,175780900,yahoo
2009-02-05,29.479999542236328,30.770000457763672,29.459999084472656,30.56999969482422,26.35867118835449,217578900,yahoo
2009-02-06,30.68000030517578,31.51000022888184,30.57999992370605,31.3700008392334,27.04846572875977,164513200,yahoo
2009-02-09,31.38999938964844,31.670000076293945,31.190000534057617,31.5,27.160552978515625,98856900,yahoo
2009-02-10,31.299999237060547,31.68000030517578,30.100000381469727,30.34000015258789,26.16035842895508,232795200,yahoo
2009-02-11,30.3799991607666,30.530000686645508,29.729999542236328,30.200000762939453,26.03964614868164,169117200,yahoo
2009-02-12,29.850000381469727,30.61000061035156,29.63999938964844,30.56999969482422,26.35867118835449,201151400,yahoo
2009-02-13,30.479999542236328,30.780000686645508,30.290000915527344,30.43000030517578,26.23795890808105,145066700,yahoo
2009-02-17,29.489999771118164,29.670000076293945,29.059999465942383,29.21999931335449,25.19465065002441,157783300,yahoo
2009-02-18,29.40999984741211,29.670000076293945,28.8700008392334,29.239999771118164,25.211898803710938,161271900,yahoo
2009-02-19,29.420000076293945,29.61000061035156,28.71999931335449,28.790000915527344,24.82389259338379,155322400,yahoo
2009-02-20,28.46999931335449,29.14999961853028,28.38999938964844,28.8700008392334,24.892868041992188,210752400,yahoo
2009-02-23,29.030000686645508,29.049999237060547,27.729999542236328,27.86000061035156,24.02200508117676,169473500,yahoo
2009-02-24,28.01000022888184,28.979999542236328,27.959999084472656,28.780000686645508,24.81525993347168,181337300,yahoo
2009-02-25,28.61000061035156,29.170000076293945,28.13999938964844,28.59000015258789,24.651443481445312,220224700,yahoo
2009-02-26,28.780000686645508,28.950000762939453,27.700000762939453,27.790000915527344,23.961647033691406,211218500,yahoo
2009-02-27,27.5,27.979999542236328,27.38999938964844,27.530000686645508,23.73746490478516,204492600,yahoo
2009-03-02,27.1200008392334,27.51000022888184,26.46999931335449,26.63999938964844,22.97006607055664,188180400,yahoo
2009-03-03,26.86000061035156,27.15999984741211,26.420000076293945,26.6200008392334,22.95282554626465,158758800,yahoo
2009-03-04,27.01000022888184,27.709999084472656,26.920000076293945,27.32999992370605,23.56501197814941,164911000,yahoo
2009-03-05,27.030000686645508,27.239999771118164,26.420000076293945,26.51000022888184,22.85797691345215,199626900,yahoo
2009-03-06,26.64999961853028,26.809999465942383,25.709999084472656,26.299999237060547,22.676904678344727,218421600,yahoo
2009-03-09,26.09000015258789,26.809999465942383,25.6299991607666,25.739999771118164,22.194053649902344,181098800,yahoo
2009-03-10,26.25,27.38999938964844,26.15999984741211,27.32999992370605,23.56501197814941,175068200,yahoo
2009-03-11,27.61000061035156,27.989999771118164,27.26000022888184,27.75,23.927154541015625,173094900,yahoo
2009-03-12,27.729999542236328,28.76000022888184,27.440000534057617,28.670000076293945,24.72041702270508,184395100,yahoo
2009-03-13,28.65999984741211,28.84000015258789,28.31999969482422,28.739999771118164,24.78077507019043,156783500,yahoo
2009-03-16,28.93000030517578,28.979999542236328,28.190000534057617,28.26000022888184,24.36690330505371,190269800,yahoo
2009-03-17,28.39999961853028,29.32999992370605,28.299999237060547,29.32999992370605,25.28949928283692,169773800,yahoo
2009-03-18,29.209999084472656,30.200000762939453,29.07999992370605,29.700000762939453,25.60852813720703,208033900,yahoo
2009-03-19,30.11000061035156,30.1299991607666,29.459999084472656,29.68000030517578,25.591279983520508,146753400,yahoo
2009-03-20,29.690000534057617,30.030000686645508,28.979999542236328,29.18000030517578,25.20176887512207,149410800,yahoo
2009-03-23,29.89999961853028,30.940000534057617,29.200000762939453,30.89999961853028,26.6872673034668,179499000,yahoo
2009-03-24,30.63999938964844,30.8799991607666,30.309999465942383,30.32999992370605,26.19498443603516,118757600,yahoo
2009-03-25,30.59000015258789,31.049999237060547,29.65999984741211,30.46999931335449,26.315895080566406,190555200,yahoo
2009-03-26,30.799999237060547,31.459999084472656,30.420000076293945,31.40999984741211,27.127742767333984,182459500,yahoo
2009-03-27,31.0,31.18000030517578,30.709999084472656,30.81999969482422,26.61817741394043,156108100,yahoo
2009-03-30,30.299999237060547,30.31999969482422,29.6200008392334,30.059999465942383,25.96179580688477,162919700,yahoo
2009-03-31,30.290000915527344,30.950000762939453,30.270000457763672,30.31999969482422,26.18634414672852,150243800,yahoo
2009-04-01,29.940000534057617,30.8799991607666,29.790000915527344,30.770000457763672,26.574981689453125,137950000,yahoo
2009-04-02,31.31999969482422,32.27000045776367,31.229999542236328,31.76000022888184,27.43002319335937,212272400,yahoo
2009-04-03,32.09000015258789,32.400001525878906,31.82999992370605,32.349998474121094,27.939584732055664,134577300,yahoo
2009-04-06,31.989999771118164,32.33000183105469,31.64999961853028,32.27000045776367,27.87048721313477,160413700,yahoo
2009-04-07,31.920000076293945,31.920000076293945,31.209999084472656,31.420000076293945,27.13637924194336,147531200,yahoo
2009-04-08,31.729999542236328,32.150001525878906,31.489999771118164,31.950000762939453,27.59412384033203,126126000,yahoo
2009-04-09,32.54999923706055,33.0099983215332,32.43000030517578,32.939998626708984,28.449148178100582,131871500,yahoo
2009-04-13,32.84000015258789,33.06999969482422,32.529998779296875,32.88999938964844,28.40596389770508,119310500,yahoo
2009-04-14,32.689998626708984,32.880001068115234,32.27000045776367,32.4900016784668,28.060497283935547,124069000,yahoo
2009-04-15,32.2599983215332,32.43000030517578,31.850000381469727,32.400001525878906,27.98277473449707,124808200,yahoo
2009-04-16,32.849998474121094,33.43000030517578,32.5099983215332,33.2400016784668,28.70825386047364,171168000,yahoo
2009-04-17,33.16999816894531,33.5,32.93000030517578,33.310001373291016,28.768712997436523,129835400,yahoo
2009-04-20,32.709999084472656,32.81999969482422,32.060001373291016,32.2400016784668,27.844581604003903,123080500,yahoo
2009-04-21,32.119998931884766,32.7400016784668,32.08000183105469,32.689998626708984,28.233232498168945,145490200,yahoo
2009-04-22,32.5,33.529998779296875,32.38999938964844,32.790000915527344,28.319599151611328,165040500,yahoo
2009-04-23,33.0,33.13999938964844,32.4900016784668,33.11000061035156,28.59598159790039,181666600,yahoo
2009-04-24,33.34000015258789,33.93000030517578,33.06999969482422,33.689998626708984,29.09688949584961,141170000,yahoo
2009-04-27,33.41999816894531,34.060001373291016,33.349998474121094,33.72999954223633,29.131452560424805,120749100,yahoo
2009-04-28,33.52000045776367,33.90999984741211,33.36000061035156,33.47999954223633,28.9155330657959,108968000,yahoo
2009-04-29,33.75,34.400001525878906,33.70000076293945,33.939998626708984,29.312820434570312,141413600,yahoo
2009-04-30,34.38999938964844,34.900001525878906,34.040000915527344,34.279998779296875,29.606460571289062,144120400,yahoo
2009-05-01,34.27000045776367,34.540000915527344,34.0099983215332,34.369998931884766,29.684194564819336,100112000,yahoo
2009-05-04,34.68000030517578,35.09000015258789,34.52000045776367,35.04999923706055,30.27147102355957,119317400,yahoo
2009-05-05,34.9900016784668,35.060001373291016,34.630001068115234,35.02000045776367,30.245567321777344,113569500,yahoo
2009-05-06,35.290000915527344,35.34000015258789,34.459999084472656,35.029998779296875,30.25420570373535,178840500,yahoo
2009-05-07,35.27000045776367,35.27000045776367,33.880001068115234,34.209999084472656,29.546003341674805,216484700,yahoo
2009-05-08,34.470001220703125,34.7400016784668,33.880001068115234,34.22999954223633,29.563276290893555,183507300,yahoo
2009-05-11,33.790000915527344,34.720001220703125,33.68000030517578,34.349998474121094,29.666912078857425,142775900,yahoo
2009-05-12,34.41999816894531,34.47999954223633,33.52000045776367,33.93000030517578,29.304187774658203,147842200,yahoo
2009-05-13,33.630001068115234,33.650001525878906,32.959999084472656,33.02000045776367,28.51824188232422,175548300,yahoo
2009-05-14,33.099998474121094,33.70000076293945,33.08000183105469,33.38999938964844,28.83780288696289,140021700,yahoo
2009-05-15,33.34000015258789,33.81999969482422,33.22999954223633,33.369998931884766,28.820526123046875,121326400,yahoo
2009-05-18,33.599998474121094,34.279998779296875,33.38999938964844,34.2400016784668,29.57190704345703,114333400,yahoo
2009-05-19,34.15999984741211,34.7400016784668,33.95000076293945,34.400001525878906,29.710100173950195,129086400,yahoo
2009-05-20,34.529998779296875,35.040000915527344,34.18000030517578,34.279998779296875,29.606460571289062,131873700,yahoo
2009-05-21,34.02000045776367,34.2599983215332,33.310001373291016,33.650001525878906,29.06235313415528,139253200,yahoo
2009-05-22,33.779998779296875,33.970001220703125,33.31999969482422,33.540000915527344,28.967348098754883,83510600,yahoo
2009-05-26,33.25,34.83000183105469,33.18000030517578,34.790000915527344,30.04692840576172,144857200,yahoo
2009-05-27,34.689998626708984,35.189998626708984,34.43000030517578,34.54999923706055,29.83965301513672,121348800,yahoo
2009-05-28,34.7599983215332,35.06999969482422,34.209999084472656,34.95000076293945,30.185115814208984,118931300,yahoo
2009-05-29,34.970001220703125,35.5,34.7599983215332,35.380001068115234,30.55649185180664,111535700,yahoo
2009-06-01,35.7599983215332,36.5,35.61000061035156,36.38999938964844,31.42879867553711,119126200,yahoo
2009-06-02,36.18999862670898,36.790000915527344,36.11000061035156,36.43999862670898,31.471967697143555,126858600,yahoo
2009-06-03,36.33000183105469,36.369998931884766,35.93000030517578,36.33000183105469,31.3769760131836,93329800,yahoo
2009-06-04,36.40999984741211,36.790000915527344,36.34000015258789,36.7400016784668,31.73108673095703,89280600,yahoo
2009-06-05,36.959999084472656,37.08000183105469,36.41999816894531,36.77999877929688,31.765613555908203,121958800,yahoo
2009-06-08,36.54999923706055,36.95000076293945,36.119998931884766,36.66999816894531,31.670629501342773,89194100,yahoo
2009-06-09,36.84000015258789,37.16999816894531,36.66999816894531,36.95000076293945,31.912431716918945,109187800,yahoo
2009-06-10,37.15999984741211,37.16999816894531,36.290000915527344,36.81999969482422,31.80017471313477,133404700,yahoo
2009-06-11,36.77000045776367,37.22999954223633,36.75,36.81999969482422,31.80017471313477,147909800,yahoo
2009-06-12,36.66999816894531,36.720001220703125,36.20000076293945,36.650001525878906,31.65333747863769,109452500,yahoo
2009-06-15,36.29999923706055,36.33000183105469,35.58000183105469,35.900001525878906,31.00561141967773,112152900,yahoo
2009-06-16,36.040000915527344,36.18999862670898,35.52000045776367,35.54999923706055,30.703304290771484,110550300,yahoo
2009-06-17,35.70000076293945,36.209999084472656,35.45000076293945,35.88999938964844,30.99696350097656,153421800,yahoo
2009-06-18,35.83000183105469,36.060001373291016,35.56999969482422,35.81999969482422,30.93651390075684,126266700,yahoo
2009-06-19,36.04999923706055,36.36000061035156,35.90999984741211,36.15999984741211,31.268569946289062,122044700,yahoo
2009-06-22,35.83000183105469,35.88999938964844,35.02000045776367,35.08000183105469,30.334657669067383,137714900,yahoo
2009-06-23,35.18000030517578,35.2599983215332,34.77000045776367,35.0,30.26548385620117,114903100,yahoo
2009-06-24,35.29999923706055,35.869998931884766,35.279998779296875,35.59000015258789,30.775671005249023,103314600,yahoo
2009-06-25,35.36000061035156,36.36000061035156,35.279998779296875,36.290000915527344,31.380970001220703,112538200,yahoo
2009-06-26,36.119998931884766,36.5,36.04999923706055,36.369998931884766,31.45014762878418,87677300,yahoo
2009-06-29,36.470001220703125,36.75,36.119998931884766,36.45000076293945,31.51932907104492,93817600,yahoo
2009-06-30,36.54999923706055,36.72999954223633,36.11000061035156,36.380001068115234,31.458816528320312,97843000,yahoo
2009-07-01,36.560001373291016,36.84000015258789,36.38999938964844,36.400001525878906,31.476089477539062,85976000,yahoo
2009-07-02,36.09000015258789,36.09999847412109,35.5,35.599998474121094,30.7843074798584,113309800,yahoo
2009-07-06,35.380001068115234,35.540000915527344,35.040000915527344,35.40999984741211,30.620004653930664,107632500,yahoo
2009-07-07,35.41999816894531,35.4900016784668,34.5099983215332,34.529998779296875,29.85904693603516,149773000,yahoo
2009-07-08,34.7400016784668,34.869998931884766,34.29999923706055,34.709999084472656,30.014705657958984,152776400,yahoo
2009-07-09,34.84000015258789,35.0099983215332,34.650001525878906,34.77000045776367,30.066593170166016,97851500,yahoo
2009-07-10,34.66999816894531,35.13999938964844,34.560001373291016,34.91999816894531,30.19630241394043,108482000,yahoo
2009-07-13,34.95000076293945,35.599998474121094,34.47999954223633,35.59000015258789,30.775671005249023,127140300,yahoo
2009-07-14,35.54999923706055,35.790000915527344,35.400001525878906,35.720001220703125,30.888090133666992,115631700,yahoo
2009-07-15,36.31999969482422,36.93000030517578,36.13999938964844,36.91999816894531,31.925764083862305,160869700,yahoo
2009-07-16,36.75,37.43999862670898,36.720001220703125,37.36000061035156,32.30625534057617,120142500,yahoo
2009-07-17,37.34999847412109,37.56999969482422,37.16999816894531,37.560001373291016,32.479183197021484,104906500,yahoo
2009-07-20,37.7599983215332,38.0,37.61000061035156,37.91999816894531,32.79048538208008,97168800,yahoo
2009-07-21,38.06999969482422,38.18000030517578,37.63999938964844,38.18000030517578,33.01531219482422,130587600,yahoo
2009-07-22,38.209999084472656,38.68999862670898,38.130001068115234,38.5,33.29201126098633,113808600,yahoo
2009-07-23,38.459999084472656,39.4900016784668,38.38999938964844,39.34999847412109,34.027042388916016,160239300,yahoo
2009-07-24,38.93000030517578,39.369998931884766,38.77999877929688,39.04999923706055,33.76761245727539,109312300,yahoo
2009-07-27,39.33000183105469,39.40999984741211,38.869998931884766,39.34999847412109,34.027042388916016,94718600,yahoo
2009-07-28,39.18000030517578,39.59000015258789,38.93000030517578,39.08000183105469,33.7935676574707,111564300,yahoo
2009-07-29,39.31999969482422,39.43000030517578,39.0,39.34000015258789,34.01839828491211,126538200,yahoo
2009-07-30,39.75,40.18000030517578,39.5099983215332,39.56999969482422,34.21726989746094,108969900,yahoo
2009-07-31,39.56999969482422,39.84999847412109,39.40999984741211,39.45000076293945,34.113529205322266,78208300,yahoo
2009-08-03,39.869998931884766,40.060001373291016,39.63999938964844,40.040000915527344,34.62371063232422,111722800,yahoo
2009-08-04,39.84999847412109,40.18999862670898,39.77000045776367,40.040000915527344,34.62371063232422,100690800,yahoo
2009-08-05,40.130001068115234,40.13999938964844,39.459999084472656,39.72999954223633,34.35564041137695,118093000,yahoo
2009-08-06,39.81999969482422,39.93000030517578,39.2400016784668,39.380001068115234,34.05298614501953,116937500,yahoo
2009-08-07,39.91999816894531,40.06999969482422,39.59000015258789,39.880001068115234,34.485347747802734,107442100,yahoo
2009-08-10,39.7400016784668,39.84999847412109,39.34000015258789,39.59999847412109,34.24323272705078,87163200,yahoo
2009-08-11,39.470001220703125,39.5,39.04999923706055,39.2599983215332,33.9492073059082,91922700,yahoo
2009-08-12,39.22999954223633,40.220001220703125,39.20000076293945,39.869998931884766,34.47669982910156,147240000,yahoo
2009-08-13,40.11000061035156,40.15999984741211,39.63999938964844,40.09000015258789,34.66694641113281,110107000,yahoo
2009-08-14,39.869998931884766,39.959999084472656,39.27999877929688,39.630001068115234,34.269168853759766,124480200,yahoo
2009-08-17,38.959999084472656,39.0099983215332,38.459999084472656,38.47999954223633,33.274742126464844,131797200,yahoo
2009-08-18,38.720001220703125,39.11000061035156,38.61000061035156,39.02999877929688,33.75033950805664,84496200,yahoo
2009-08-19,38.56999969482422,39.400001525878906,38.540000915527344,39.29999923706055,33.98380661010742,88036300,yahoo
2009-08-20,39.27999877929688,39.84000015258789,39.20000076293945,39.7599983215332,34.3815803527832,81473500,yahoo
2009-08-21,39.9900016784668,40.36000061035156,39.7400016784668,40.290000915527344,34.839874267578125,114660200,yahoo
2009-08-24,40.36000061035156,40.56999969482422,40.09999847412109,40.25,34.8052978515625,109904900,yahoo
2009-08-25,40.34000015258789,40.7599983215332,40.25,40.369998931884766,34.90907287597656,92900400,yahoo
2009-08-26,40.27999877929688,40.59999847412109,40.08000183105469,40.29999923706055,34.84854507446289,96407500,yahoo
2009-08-27,40.290000915527344,40.470001220703125,39.66999816894531,40.400001525878906,34.93501663208008,121957800,yahoo
2009-08-28,40.900001525878906,41.08000183105469,40.15999984741211,40.43999862670898,34.96961212158203,114300900,yahoo
2009-08-31,40.13999938964844,40.20000076293945,39.790000915527344,40.02999877929688,34.61505889892578,96415300,yahoo
2009-09-01,39.88999938964844,40.59000015258789,39.15999984741211,39.27999877929688,33.966514587402344,162958900,yahoo
2009-09-02,39.06999969482422,39.470001220703125,39.040000915527344,39.25,33.94057083129883,92757200,yahoo
2009-09-03,39.43999862670898,39.56999969482422,39.02000045776367,39.5099983215332,34.165401458740234,76783100,yahoo
2009-09-04,39.58000183105469,40.380001068115234,39.52000045776367,40.36000061035156,34.900421142578125,74866600,yahoo
2009-09-08,40.68000030517578,40.77999877929688,40.459999084472656,40.7400016784668,35.22901153564453,71024400,yahoo
2009-09-09,40.77000045776367,41.290000915527344,40.59000015258789,41.09000015258789,35.531681060791016,99280800,yahoo
2009-09-10,41.11000061035156,41.52999877929688,41.0,41.47999954223633,35.86891555786133,99289100,yahoo
2009-09-11,41.5099983215332,41.619998931884766,41.220001220703125,41.52000045776367,35.90350341796875,93868400,yahoo
2009-09-14,41.25,41.709999084472656,41.209999084472656,41.68000030517578,36.0418586730957,90435600,yahoo
2009-09-15,41.650001525878906,41.95000076293945,41.56999969482422,41.810001373291016,36.15427780151367,91594600,yahoo
2009-09-16,42.0,42.47999954223633,41.84000015258789,42.41999816894531,36.68175506591797,96888500,yahoo
2009-09-17,42.310001373291016,42.65999984741211,42.209999084472656,42.40999984741211,36.6731071472168,102169600,yahoo
2009-09-18,42.540000915527344,42.619998931884766,42.209999084472656,42.43999862670898,36.73455810546875,87444200,yahoo
2009-09-21,42.20000076293945,42.70000076293945,42.15999984741211,42.56999969482422,36.84708786010742,71351400,yahoo
2009-09-22,42.810001373291016,42.83000183105469,42.43999862670898,42.650001525878906,36.91634368896485,75638400,yahoo
2009-09-23,42.83000183105469,43.16999816894531,42.380001068115234,42.45000076293945,36.74323272705078,143924100,yahoo
2009-09-24,42.619998931884766,42.68999862670898,41.77000045776367,42.06999969482422,36.414306640625,111016400,yahoo
2009-09-25,41.7599983215332,42.09000015258789,41.58000183105469,41.70000076293945,36.09404373168945,109216000,yahoo
2009-09-28,41.93000030517578,42.65999984741211,41.88999938964844,42.40999984741211,36.708595275878906,84478500,yahoo
2009-09-29,42.40999984741211,42.619998931884766,42.02999877929688,42.220001220703125,36.54415893554688,106686400,yahoo
2009-09-30,42.38999938964844,42.59999847412109,41.59999847412109,42.25,36.57011032104492,173102700,yahoo
2009-10-01,42.09999847412109,42.130001068115234,41.0,41.0,35.4881706237793,140119100,yahoo
2009-10-02,40.720001220703125,41.25,40.720001220703125,40.880001068115234,35.384273529052734,145286400,yahoo
2009-10-05,41.09000015258789,41.400001525878906,40.83000183105469,41.209999084472656,35.669925689697266,97054200,yahoo
2009-10-06,41.43999862670898,42.13999938964844,41.41999816894531,41.93999862670898,36.3017692565918,124628000,yahoo
2009-10-07,41.88999938964844,42.08000183105469,41.77000045776367,42.060001373291016,36.40565490722656,93787600,yahoo
2009-10-08,42.310001373291016,42.619998931884766,42.13999938964844,42.2400016784668,36.561466217041016,107850400,yahoo
2009-10-09,42.150001525878906,42.54999923706055,42.060001373291016,42.47999954223633,36.76918411254883,62828000,yahoo
2009-10-12,42.650001525878906,42.869998931884766,42.27999877929688,42.56999969482422,36.84708786010742,53221900,yahoo
2009-10-13,42.52999877929688,42.75,42.369998931884766,42.58000183105469,36.855743408203125,70939300,yahoo
2009-10-14,43.11000061035156,43.209999084472656,42.84999847412109,43.15999984741211,37.3577766418457,91004900,yahoo
2009-10-15,42.93000030517578,43.119998931884766,42.869998931884766,43.060001373291016,37.27122116088867,85772800,yahoo
2009-10-16,42.900001525878906,42.9900016784668,42.47999954223633,42.77999877929688,37.02885055541992,111859300,yahoo
2009-10-19,42.810001373291016,43.27000045776367,42.59000015258789,43.209999084472656,37.40104675292969,83512000,yahoo
2009-10-20,43.459999084472656,43.459999084472656,42.93999862670898,43.220001220703125,37.40972137451172,89847900,yahoo
2009-10-21,43.209999084472656,43.81999969482422,43.060001373291016,43.13999938964844,37.3404541015625,110397400,yahoo
2009-10-22,43.060001373291016,43.4900016784668,42.790000915527344,43.310001373291016,37.48762130737305,85871800,yahoo
2009-10-23,43.72999954223633,43.72999954223633,43.02000045776367,43.130001068115234,37.33180618286133,117020400,yahoo
2009-10-26,43.20000076293945,43.7599983215332,42.790000915527344,42.9900016784668,37.210636138916016,107068600,yahoo
2009-10-27,42.93000030517578,43.11000061035156,42.18000030517578,42.34000015258789,36.64800643920898,121438200,yahoo
2009-10-28,42.18999862670898,42.31999969482422,41.29999923706055,41.38999938964844,35.825714111328125,143553600,yahoo
2009-10-29,41.630001068115234,42.18999862670898,41.540000915527344,42.09000015258789,36.43162155151367,85207600,yahoo
2009-10-30,42.060001373291016,42.150001525878906,40.91999816894531,40.959999084472656,35.45352935791016,162796500,yahoo
2009-11-02,41.0,41.56999969482422,40.63999938964844,41.130001068115234,35.60068130493164,142456600,yahoo
2009-11-03,40.90999984741211,41.31999969482422,40.84000015258789,41.2599983215332,35.71318817138672,95107000,yahoo
2009-11-04,41.52999877929688,41.869998931884766,41.27999877929688,41.33000183105469,35.77379608154297,107970600,yahoo
2009-11-05,41.810001373291016,42.400001525878906,41.77999877929688,42.34999847412109,36.65666961669922,135204800,yahoo
2009-11-06,42.119998931884766,42.650001525878906,42.08000183105469,42.59999847412109,36.873046875,96312300,yahoo
2009-11-09,42.93000030517578,43.52000045776367,42.880001068115234,43.5099983215332,37.66072082519531,101620800,yahoo
2009-11-10,43.459999084472656,43.77000045776367,43.400001525878906,43.619998931884766,37.75593185424805,72846500,yahoo
2009-11-11,43.95000076293945,44.13999938964844,43.61000061035156,43.900001525878906,37.9982795715332,84676200,yahoo
2009-11-12,43.93000030517578,44.15999984741211,43.54999923706055,43.650001525878906,37.78192138671875,92426100,yahoo
2009-11-13,43.77999877929688,44.13999938964844,43.630001068115234,44.0099983215332,38.093509674072266,87959500,yahoo
2009-11-16,44.20000076293945,44.650001525878906,44.119998931884766,44.459999084472656,38.483009338378906,87776100,yahoo
2009-11-17,44.34000015258789,44.59999847412109,44.25,44.59999847412109,38.60417556762695,81884000,yahoo
2009-11-18,44.459999084472656,44.4900016784668,44.04999923706055,44.34999847412109,38.38779067993164,100240800,yahoo
2009-11-19,44.04999923706055,44.08000183105469,43.34999847412109,43.65999984741211,37.79055404663086,114558000,yahoo
2009-11-20,43.43000030517578,43.54999923706055,43.27999877929688,43.43999862670898,37.600128173828125,70912100,yahoo
2009-11-23,43.88999938964844,44.400001525878906,43.86000061035156,44.13999938964844,38.206016540527344,91621500,yahoo
2009-11-24,44.119998931884766,44.150001525878906,43.72999954223633,43.9900016784668,38.07619094848633,60670000,yahoo
2009-11-25,44.13999938964844,44.220001220703125,44.0099983215332,44.18000030517578,38.24064636230469,37630100,yahoo
2009-11-27,42.970001220703125,43.83000183105469,42.900001525878906,43.5099983215332,37.66072082519531,61230000,yahoo
2009-11-30,43.40999984741211,43.619998931884766,43.11000061035156,43.560001373291016,37.7039909362793,84819400,yahoo
2009-12-01,43.88999938964844,44.29999923706055,43.880001068115234,44.0099983215332,38.093509674072266,81817800,yahoo
2009-12-02,44.15999984741211,44.4900016784668,43.97999954223633,44.06999969482422,38.14542770385742,81653600,yahoo
2009-12-03,44.22999954223633,44.5,43.880001068115234,43.88999938964844,37.989627838134766,72460400,yahoo
2009-12-04,44.45000076293945,44.72999954223633,43.65999984741211,44.119998931884766,38.18871688842773,125062600,yahoo
2009-12-07,44.09000015258789,44.290000915527344,43.81999969482422,43.90999984741211,38.006954193115234,67471900,yahoo
2009-12-08,43.65999984741211,44.0,43.36000061035156,43.63999938964844,37.77323913574219,86621400,yahoo
2009-12-09,43.59999847412109,44.119998931884766,43.31999969482422,44.08000183105469,38.15409469604492,78820500,yahoo
2009-12-10,44.27000045776367,44.540000915527344,44.2400016784668,44.29999923706055,38.34451675415039,76722400,yahoo
2009-12-11,44.540000915527344,44.59000015258789,43.95000076293945,44.130001068115234,38.19736099243164,66643700,yahoo
2009-12-14,44.43000030517578,44.59999847412109,44.18999862670898,44.54999923706055,38.56090927124024,47965500,yahoo
2009-12-15,44.40999984741211,44.66999816894531,44.16999816894531,44.29999923706055,38.34451675415039,61171100,yahoo
2009-12-16,44.470001220703125,44.70000076293945,44.290000915527344,44.36000061035156,38.396446228027344,61629700,yahoo
2009-12-17,44.15999984741211,44.209999084472656,43.7599983215332,43.81999969482422,37.92903900146485,90440900,yahoo
2009-12-18,44.15999984741211,44.47999954223633,44.0,44.459999084472656,38.54722595214844,96442600,yahoo
2009-12-21,44.68999862670898,45.130001068115234,44.66999816894531,44.959999084472656,38.98072814941406,82357400,yahoo
2009-12-22,45.11000061035156,45.290000915527344,45.02999877929688,45.22999954223633,39.21481323242188,51569100,yahoo
2009-12-23,45.31999969482422,45.56999969482422,45.209999084472656,45.560001373291016,39.50092697143555,73932200,yahoo
2009-12-24,45.61000061035156,45.97999954223633,45.59999847412109,45.97999954223633,39.86506271362305,31770400,yahoo
2009-12-28,46.09000015258789,46.29999923706055,45.93999862670898,46.220001220703125,40.07315826416016,49381400,yahoo
2009-12-29,46.22999954223633,46.25,45.9900016784668,46.02999877929688,39.90841674804688,32410200,yahoo
2009-12-30,45.97999954223633,46.2599983215332,45.959999084472656,46.16999816894531,40.029815673828125,57612700,yahoo
2009-12-31,46.2599983215332,46.27999877929688,45.75,45.75,39.6656608581543,50079200,yahoo
2010-01-04,46.33000183105469,46.4900016784668,46.27000045776367,46.41999816894531,40.24656677246094,62822800,yahoo
2010-01-05,46.38999938964844,46.5,46.15999984741211,46.41999816894531,40.24656677246094,62935600,yahoo
2010-01-06,46.400001525878906,46.54999923706055,46.06999969482422,46.13999938964844,40.00380706787109,96033000,yahoo
2010-01-07,46.209999084472656,46.27000045776367,45.91999816894531,46.16999816894531,40.029815673828125,77094100,yahoo
2010-01-08,46.06999969482422,46.54999923706055,45.93000030517578,46.54999923706055,40.359283447265625,88886600,yahoo
2010-01-11,46.61000061035156,46.63999938964844,46.119998931884766,46.36000061035156,40.19454574584961,104673400,yahoo
2010-01-12,46.08000183105469,46.13999938964844,45.52999877929688,45.77999877929688,39.691673278808594,90673900,yahoo
2010-01-13,45.91999816894531,46.4900016784668,45.61000061035156,46.34999847412109,40.18585586547852,100661000,yahoo
2010-01-14,46.2599983215332,46.52000045776367,46.220001220703125,46.38999938964844,40.22054672241211,75209000,yahoo
2010-01-15,46.470001220703125,46.54999923706055,45.650001525878906,45.84999847412109,39.75238037109375,126849300,yahoo
2010-01-19,45.959999084472656,46.63999938964844,45.95000076293945,46.59000015258789,40.39395523071289,84388200,yahoo
2010-01-20,46.2599983215332,46.59999847412109,45.43000030517578,45.91999816894531,39.81305313110352,145680000,yahoo
2010-01-21,46.04999923706055,46.34999847412109,45.29999923706055,45.4900016784668,39.44025421142578,204939600,yahoo
2010-01-22,45.34000015258789,45.47999954223633,44.040000915527344,44.15999984741211,38.28711318969727,171098700,yahoo
2010-01-25,44.43000030517578,44.59999847412109,44.119998931884766,44.310001373291016,38.41717147827149,154218700,yahoo
2010-01-26,44.2599983215332,44.88999938964844,44.04999923706055,44.34999847412109,38.45185089111328,140816500,yahoo
2010-01-27,44.27000045776367,44.84999847412109,44.0099983215332,44.70000076293945,38.75531005859375,161632700,yahoo
2010-01-28,44.400001525878906,44.43000030517578,43.31999969482422,43.54999923706055,37.75825881958008,221439800,yahoo
2010-01-29,43.90999984741211,44.02000045776367,42.630001068115234,42.790000915527344,37.09932327270508,212099600,yahoo
2010-02-01,42.900001525878906,43.27999877929688,42.880001068115234,43.2599983215332,37.50680923461914,136827100,yahoo
2010-02-02,43.33000183105469,43.77999877929688,43.02999877929688,43.650001525878906,37.84495544433594,110727700,yahoo
2010-02-03,43.43999862670898,43.970001220703125,43.41999816894531,43.88999938964844,38.053016662597656,93581600,yahoo
2010-02-04,43.56999969482422,43.65999984741211,42.619998931884766,42.619998931884766,36.951927185058594,151652500,yahoo
2010-02-05,42.72999954223633,43.02000045776367,42.119998931884766,42.97999954223633,37.26405334472656,213618600,yahoo
2010-02-08,42.90999984741211,43.18000030517578,42.63999938964844,42.66999816894531,36.99526596069336,94354400,yahoo
2010-02-09,43.18000030517578,43.5099983215332,42.7599983215332,43.11000061035156,37.37674331665039,118956000,yahoo
2010-02-10,43.11000061035156,43.310001373291016,42.75,43.02000045776367,37.29872894287109,94102900,yahoo
2010-02-11,43.02999877929688,43.790000915527344,42.7599983215332,43.66999816894531,37.86227416992188,93050800,yahoo
2010-02-12,43.27999877929688,43.880001068115234,43.15999984741211,43.7599983215332,37.9403190612793,93938500,yahoo
2010-02-16,44.08000183105469,44.34999847412109,43.84999847412109,44.31999969482422,38.42582321166992,83861400,yahoo
2010-02-17,44.52000045776367,44.56999969482422,44.2599983215332,44.56999969482422,38.64259338378906,82691700,yahoo
2010-02-18,44.540000915527344,44.93000030517578,44.45000076293945,44.84999847412109,38.88536834716797,65752600,yahoo
2010-02-19,44.72999954223633,45.04999923706055,44.619998931884766,44.83000183105469,38.86802291870117,80416500,yahoo
2010-02-22,45.0099983215332,45.02999877929688,44.560001373291016,44.7400016784668,38.79000854492188,72055000,yahoo
2010-02-23,44.709999084472656,44.7400016784668,43.95000076293945,44.15999984741211,38.28711318969727,95814400,yahoo
2010-02-24,44.38999938964844,44.790000915527344,44.31999969482422,44.61000061035156,38.677276611328125,86591000,yahoo
2010-02-25,44.13999938964844,44.70000076293945,43.83000183105469,44.59999847412109,38.668601989746094,97961300,yahoo
2010-02-26,44.59000015258789,44.86000061035156,44.400001525878906,44.7599983215332,38.80733108520508,66222400,yahoo
2010-03-01,44.959999084472656,45.4900016784668,44.95000076293945,45.40999984741211,39.37089157104492,77290100,yahoo
2010-03-02,45.56999969482422,45.84999847412109,45.45000076293945,45.54999923706055,39.49226760864258,76368500,yahoo
2010-03-03,45.65999984741211,45.81999969482422,45.43000030517578,45.59999847412109,39.53561782836914,65735500,yahoo
2010-03-04,45.630001068115234,45.810001373291016,45.400001525878906,45.75,39.6656608581543,54470900,yahoo
2010-03-05,46.09000015258789,46.540000915527344,45.9900016784668,46.43999862670898,40.263893127441406,68136300,yahoo
2010-03-08,46.459999084472656,46.63999938964844,46.43999862670898,46.52999877929688,40.3419303894043,58712400,yahoo
2010-03-09,46.43000030517578,47.04999923706055,46.400001525878906,46.790000915527344,40.5673713684082,98002800,yahoo
2010-03-10,46.81999969482422,47.27999877929688,46.79999923706055,47.16999816894531,40.896820068359375,102578900,yahoo
2010-03-11,47.060001373291016,47.34999847412109,46.97999954223633,47.34999847412109,41.05287170410156,67510300,yahoo
2010-03-12,47.5,47.52999877929688,47.09999847412109,47.36000061035156,41.061553955078125,64068300,yahoo
2010-03-15,47.2599983215332,47.380001068115234,46.90999984741211,47.2400016784668,40.95751190185547,60150500,yahoo
2010-03-16,47.38999938964844,47.61000061035156,47.22999954223633,47.540000915527344,41.21760940551758,74950600,yahoo
2010-03-17,47.61000061035156,47.900001525878906,47.52999877929688,47.66999816894531,41.330322265625,75643500,yahoo
2010-03-18,47.709999084472656,47.880001068115234,47.59999847412109,47.83000183105469,41.46905517578125,77829400,yahoo
2010-03-19,47.91999816894531,47.95000076293945,47.31999969482422,47.4900016784668,41.21820831298828,86337100,yahoo
2010-03-22,47.29999923706055,48.11000061035156,47.25,47.91999816894531,41.59142303466797,71902800,yahoo
2010-03-23,47.9900016784668,48.29999923706055,47.77000045776367,48.25,41.87784576416016,59182600,yahoo
2010-03-24,48.16999816894531,48.16999816894531,47.90999984741211,48.02000045776367,41.6782112121582,62995700,yahoo
2010-03-25,48.41999816894531,48.59999847412109,47.900001525878906,47.95000076293945,41.617462158203125,76294800,yahoo
2010-03-26,48.150001525878906,48.33000183105469,47.7400016784668,48.0,41.66085433959961,78067900,yahoo
2010-03-29,48.2400016784668,48.400001525878906,48.09999847412109,48.22999954223633,41.860477447509766,57993300,yahoo
2010-03-30,48.380001068115234,48.54999923706055,48.060001373291016,48.38999938964844,41.99933624267578,49437300,yahoo
2010-03-31,48.2400016784668,48.45000076293945,48.06999969482422,48.15999984741211,41.79974365234375,59947400,yahoo
2010-04-01,48.36000061035156,48.70000076293945,47.790000915527344,48.15999984741211,41.79974365234375,83728600,yahoo
2010-04-05,48.27000045776367,48.720001220703125,48.13999938964844,48.61000061035156,42.1902961730957,56220300,yahoo
2010-04-06,48.5,48.900001525878906,48.38999938964844,48.75,42.31180953979492,54097100,yahoo
2010-04-07,48.68000030517578,48.869998931884766,48.369998931884766,48.630001068115234,42.20764923095703,77211500,yahoo
2010-04-08,48.4900016784668,48.81999969482422,48.2400016784668,48.7400016784668,42.303131103515625,68314300,yahoo
2010-04-09,48.75,49.04999923706055,48.630001068115234,49.02999877929688,42.55481719970703,54227300,yahoo
2010-04-12,49.04999923706055,49.20000076293945,48.93999862670898,49.06999969482422,42.58953857421875,44280600,yahoo
2010-04-13,49.02000045776367,49.34999847412109,48.86000061035156,49.31999969482422,42.80652618408203,59376000,yahoo
2010-04-14,49.58000183105469,49.91999816894531,49.5,49.90999984741211,43.318603515625,69004800,yahoo
2010-04-15,49.869998931884766,50.18999862670898,49.869998931884766,50.130001068115234,43.509559631347656,72254200,yahoo
2010-04-16,49.95000076293945,50.119998931884766,49.20000076293945,49.52999877929688,42.98880386352539,127388000,yahoo
2010-04-19,49.34999847412109,49.65999984741211,48.900001525878906,49.5,42.96275329589844,98251700,yahoo
2010-04-20,49.77000045776367,49.880001068115234,49.43000030517578,49.75,43.17972946166992,69543700,yahoo
2010-04-21,50.09000015258789,50.18999862670898,49.720001220703125,50.02999877929688,43.42276763916016,74748700,yahoo
2010-04-22,49.54999923706055,50.36000061035156,49.2599983215332,50.310001373291016,43.66577911376953,110477200,yahoo
2010-04-23,50.29999923706055,50.56999969482422,50.09000015258789,50.52000045776367,43.848052978515625,77205200,yahoo
2010-04-26,50.56999969482422,50.650001525878906,50.29999923706055,50.40999984741211,43.75257110595703,67361000,yahoo
2010-04-27,50.209999084472656,50.43000030517578,49.209999084472656,49.34000015258789,42.82387924194336,112608000,yahoo
2010-04-28,49.59999847412109,49.630001068115234,48.97999954223633,49.369998931884766,42.84993362426758,130082100,yahoo
2010-04-29,49.650001525878906,50.33000183105469,49.61000061035156,50.22999954223633,43.59635543823242,84180200,yahoo
2010-04-30,50.209999084472656,50.290000915527344,49.20000076293945,49.2400016784668,42.73709487915039,110897000,yahoo
2010-05-03,49.45000076293945,50.16999816894531,49.43000030517578,49.93000030517578,43.33597183227539,74169700,yahoo
2010-05-04,49.31999969482422,49.31999969482422,48.08000183105469,48.43000030517578,42.03407287597656,141136500,yahoo
2010-05-05,47.91999816894531,48.5,47.63999938964844,48.18000030517578,41.817081451416016,128560200,yahoo
2010-05-06,47.84999847412109,48.31999969482422,42.63999938964844,46.56999969482422,40.419700622558594,274356800,yahoo
2010-05-07,46.220001220703125,46.79999923706055,44.27999877929688,45.40999984741211,39.41291046142578,288200400,yahoo
2010-05-10,47.43000030517578,47.79999923706055,47.310001373291016,47.77000045776367,41.461219787597656,136041600,yahoo
2010-05-11,47.290000915527344,48.38999938964844,47.20000076293945,47.720001220703125,41.41783142089844,113016100,yahoo
2010-05-12,47.97999954223633,48.65999984741211,47.900001525878906,48.619998931884766,42.198978424072266,85462400,yahoo
2010-05-13,48.40999984741211,48.790000915527344,47.72999954223633,47.84999847412109,41.53068161010742,102844300,yahoo
2010-05-14,47.4900016784668,47.52000045776367,46.380001068115234,46.93000030517578,40.73217010498047,147386100,yahoo
2010-05-17,47.02000045776367,47.27000045776367,46.06999969482422,47.08000183105469,40.86235427856445,120969600,yahoo
2010-05-18,47.47999954223633,47.58000183105469,46.220001220703125,46.43000030517578,40.298187255859375,153072100,yahoo
2010-05-19,46.2599983215332,46.630001068115234,45.54999923706055,46.060001373291016,39.97706985473633,159000300,yahoo
2010-05-20,45.15999984741211,45.27999877929688,44.25,44.34999847412109,38.49289321899414,189289800,yahoo
2010-05-21,43.65999984741211,45.63999938964844,43.4900016784668,44.84000015258789,38.91818618774414,190631100,yahoo
2010-05-24,44.81999969482422,45.33000183105469,44.63999938964844,44.65999984741211,38.76194381713867,113038000,yahoo
2010-05-25,43.68000030517578,44.7599983215332,43.22999954223633,44.70000076293945,38.79666519165039,155643000,yahoo
2010-05-26,45.0099983215332,45.56999969482422,44.119998931884766,44.20000076293945,38.362701416015625,140203200,yahoo
2010-05-27,45.20000076293945,45.88999938964844,45.09000015258789,45.869998931884766,39.81215286254883,110671600,yahoo
2010-05-28,45.95000076293945,45.9900016784668,45.20000076293945,45.59999847412109,39.57781219482422,128535300,yahoo
2010-06-01,45.43000030517578,46.25,45.130001068115234,45.18000030517578,39.21327590942383,104242700,yahoo
2010-06-02,45.43999862670898,46.27999877929688,45.130001068115234,46.25,40.14196395874024,97249300,yahoo
2010-06-03,46.380001068115234,46.77000045776367,46.08000183105469,46.68999862670898,40.523868560791016,98928400,yahoo
2010-06-04,45.70000076293945,46.290000915527344,44.93999862670898,45.09000015258789,39.13517379760742,112849900,yahoo
2010-06-07,45.31999969482422,45.459999084472656,44.220001220703125,44.27000045776367,38.42345428466797,88436600,yahoo
2010-06-08,44.34999847412109,44.47999954223633,43.59000015258789,44.18999862670898,38.35403823852539,133030100,yahoo
2010-06-09,44.5,44.90999984741211,43.68999862670898,43.81999969482422,38.03289794921875,101949200,yahoo
2010-06-10,44.36000061035156,45.119998931884766,44.2400016784668,45.06999969482422,39.1178092956543,76892300,yahoo
2010-06-11,44.61000061035156,45.540000915527344,44.61000061035156,45.5,39.49102020263672,74346800,yahoo
2010-06-14,45.91999816894531,46.2400016784668,45.40999984741211,45.4900016784668,39.48234176635742,68085000,yahoo
2010-06-15,45.72999954223633,46.77000045776367,45.45000076293945,46.709999084472656,40.54120635986328,76332600,yahoo
2010-06-16,46.58000183105469,47.13999938964844,46.5,46.900001525878906,40.70614242553711,78399700,yahoo
2010-06-17,47.15999984741211,47.18000030517578,46.63999938964844,47.04999923706055,40.8363151550293,77111900,yahoo
2010-06-18,47.04999923706055,47.34000015258789,46.86000061035156,47.0,40.87025451660156,75921400,yahoo
2010-06-21,47.59999847412109,47.68000030517578,46.33000183105469,46.59999847412109,40.522403717041016,95488100,yahoo
2010-06-22,46.79999923706055,47.13999938964844,46.150001525878906,46.2400016784668,40.2093620300293,94493400,yahoo
2010-06-23,46.290000915527344,46.470001220703125,45.68999862670898,46.04999923706055,40.04413986206055,92397600,yahoo
2010-06-24,45.84999847412109,45.9900016784668,45.20000076293945,45.34999847412109,39.43543243408203,114145900,yahoo
2010-06-25,45.5099983215332,45.65999984741211,44.95000076293945,45.27000045776367,39.44327926635742,88740300,yahoo
2010-06-28,45.27000045776367,45.54999923706055,44.810001373291016,45.11000061035156,39.30385208129883,71350000,yahoo
2010-06-29,44.41999816894531,44.459999084472656,43.06999969482422,43.369998931884766,37.787818908691406,136384200,yahoo
2010-06-30,43.22999954223633,43.66999816894531,42.63999938964844,42.709999084472656,37.21275329589844,101313200,yahoo
2010-07-01,42.84000015258789,42.959999084472656,41.77000045776367,42.59000015258789,37.10820770263672,158695000,yahoo
2010-07-02,42.65999984741211,42.81999969482422,42.09000015258789,42.470001220703125,37.003665924072266,78565300,yahoo
2010-07-06,43.09999847412109,43.369998931884766,42.25,42.59999847412109,37.116920471191406,88591900,yahoo
2010-07-07,42.7400016784668,44.0099983215332,42.70000076293945,43.959999084472656,38.3018798828125,72448400,yahoo
2010-07-08,44.310001373291016,44.380001068115234,43.68000030517578,44.20000076293945,38.51098251342773,78264600,yahoo
2010-07-09,44.18000030517578,44.630001068115234,44.08000183105469,44.619998931884766,38.87693405151367,47851200,yahoo
2010-07-12,44.58000183105469,45.02999877929688,44.459999084472656,44.75,38.99020385742188,60927500,yahoo
2010-07-13,45.13999938964844,45.5,44.79999923706055,45.33000183105469,39.49555969238281,93310500,yahoo
2010-07-14,45.41999816894531,45.810001373291016,45.2400016784668,45.560001373291016,39.69594955444336,87687100,yahoo
2010-07-15,45.470001220703125,45.7400016784668,44.9900016784668,45.59999847412109,39.73079681396485,95992500,yahoo
2010-07-16,45.43999862670898,45.630001068115234,44.29999923706055,44.34000015258789,38.63296890258789,98831900,yahoo
2010-07-19,44.470001220703125,44.810001373291016,44.09999847412109,44.720001220703125,38.964088439941406,81800800,yahoo
2010-07-20,44.0,45.2599983215332,43.86000061035156,45.2599983215332,39.43453598022461,89061200,yahoo
2010-07-21,45.7400016784668,45.7599983215332,44.560001373291016,44.63999938964844,38.89436340332031,83577000,yahoo
2010-07-22,45.27000045776367,45.97999954223633,45.2400016784668,45.77000045776367,39.87891006469727,82890300,yahoo
2010-07-23,45.459999084472656,46.09999847412109,45.380001068115234,46.060001373291016,40.13158798217773,81056100,yahoo
2010-07-26,46.119998931884766,46.459999084472656,45.90999984741211,46.43999862670898,40.46268081665039,64850900,yahoo
2010-07-27,46.63999938964844,46.720001220703125,46.209999084472656,46.41999816894531,40.44524765014648,67655600,yahoo
2010-07-28,46.369998931884766,46.58000183105469,45.880001068115234,46.04999923706055,40.12287139892578,51988200,yahoo
2010-07-29,46.31999969482422,46.40999984741211,45.25,45.709999084472656,39.82663345336914,85669500,yahoo
2010-07-30,45.33000183105469,46.09000015258789,45.06999969482422,45.810001373291016,39.91376495361328,98958100,yahoo
2010-08-02,46.38999938964844,46.790000915527344,46.209999084472656,46.66999816894531,40.66308975219727,68706800,yahoo
2010-08-03,46.63999938964844,46.70000076293945,46.25,46.470001220703125,40.48881912231445,60856600,yahoo
2010-08-04,46.68000030517578,46.9900016784668,46.5,46.93999862670898,40.8983268737793,43820600,yahoo
2010-08-05,46.709999084472656,46.91999816894531,46.52000045776367,46.83000183105469,40.80247116088867,39150200,yahoo
2010-08-06,46.31999969482422,46.84999847412109,46.04999923706055,46.7599983215332,40.741485595703125,71339200,yahoo
2010-08-09,47.0,47.18999862670898,46.790000915527344,47.08000183105469,41.02030944824219,26927600,yahoo
2010-08-10,46.70000076293945,46.95000076293945,46.27999877929688,46.66999816894531,40.66308975219727,86694500,yahoo
2010-08-11,45.900001525878906,45.91999816894531,45.209999084472656,45.400001525878906,39.5565299987793,92219700,yahoo
2010-08-12,44.52999877929688,45.2400016784668,44.45000076293945,45.040000915527344,39.24286651611328,66000200,yahoo
2010-08-13,44.869998931884766,45.060001373291016,44.709999084472656,44.720001220703125,38.964088439941406,46387300,yahoo
2010-08-16,44.5,45.11000061035156,44.29999923706055,44.79999923706055,39.03376770019531,55472900,yahoo
2010-08-17,45.119998931884766,45.77999877929688,45.02999877929688,45.369998931884766,39.5303955078125,56927100,yahoo
2010-08-18,45.27999877929688,45.81999969482422,45.11000061035156,45.54999923706055,39.687232971191406,61835400,yahoo
2010-08-19,45.27999877929688,45.459999084472656,44.560001373291016,44.86000061035156,39.08603286743164,82969500,yahoo
2010-08-20,44.790000915527344,45.02999877929688,44.540000915527344,44.91999816894531,39.1383171081543,65806700,yahoo
2010-08-23,45.20000076293945,45.34000015258789,44.459999084472656,44.47999954223633,38.75497055053711,69612200,yahoo
2010-08-24,43.970001220703125,44.119998931884766,43.470001220703125,43.650001525878906,38.03177261352539,79095800,yahoo
2010-08-25,43.34000015258789,44.2599983215332,43.27000045776367,44.06999969482422,38.397727966308594,87247900,yahoo
2010-08-26,44.220001220703125,44.31999969482422,43.5,43.540000915527344,37.93593597412109,91199000,yahoo
2010-08-27,43.86000061035156,44.15999984741211,42.970001220703125,44.06999969482422,38.397727966308594,109568800,yahoo
2010-08-30,43.86000061035156,44.25,43.59999847412109,43.61000061035156,37.99694442749024,49373200,yahoo
2010-08-31,43.380001068115234,43.84999847412109,43.18000030517578,43.459999084472656,37.8662338256836,72066900,yahoo
2010-09-01,44.09999847412109,44.90999984741211,44.06999969482422,44.7599983215332,38.9989128112793,83523100,yahoo
2010-09-02,44.84000015258789,45.27999877929688,44.72999954223633,45.2599983215332,39.43453598022461,41816800,yahoo
2010-09-03,45.7599983215332,46.02000045776367,45.54999923706055,46.0099983215332,40.08803176879883,64041100,yahoo
2010-09-07,45.81999969482422,46.02999877929688,45.630001068115234,45.70000076293945,39.81792831420898,51195200,yahoo
2010-09-08,45.83000183105469,46.45000076293945,45.81999969482422,46.25,40.29713439941406,66879800,yahoo
2010-09-09,46.65999984741211,46.70000076293945,46.31999969482422,46.43000030517578,40.45397567749024,61476400,yahoo
2010-09-10,46.47999954223633,46.66999816894531,46.25,46.59999847412109,40.60209655761719,66995700,yahoo
2010-09-13,46.959999084472656,47.369998931884766,46.93999862670898,47.25,41.16842269897461,64523400,yahoo
2010-09-14,47.18999862670898,47.70000076293945,47.08000183105469,47.45000076293945,41.34265899658203,91405800,yahoo
2010-09-15,47.33000183105469,47.79999923706055,47.18999862670898,47.75,41.60407257080078,67108200,yahoo
2010-09-16,47.65999984741211,47.97999954223633,47.540000915527344,47.93999862670898,41.76961135864258,66885800,yahoo
2010-09-17,48.13999938964844,48.13999938964844,47.75,47.9900016784668,41.91110229492188,76372600,yahoo
2010-09-20,48.16999816894531,48.93000030517578,48.11000061035156,48.83000183105469,42.64468002319336,84475000,yahoo
2010-09-21,48.86000061035156,49.16999816894531,48.61000061035156,48.81999969482422,42.63595962524414,82272000,yahoo
2010-09-22,48.619998931884766,49.02000045776367,48.41999816894531,48.68999862670898,42.52241516113281,88315900,yahoo
2010-09-23,48.369998931884766,49.15999984741211,48.31999969482422,48.66999816894531,42.50494003295898,85040000,yahoo
2010-09-24,49.220001220703125,49.68999862670898,49.150001525878906,49.65999984741211,43.36955642700195,79495900,yahoo
2010-09-27,49.630001068115234,49.75,49.34999847412109,49.38999938964844,43.13375473022461,43859800,yahoo
2010-09-28,49.5099983215332,49.540000915527344,48.59000015258789,49.369998931884766,43.11628341674805,104922900,yahoo
2010-09-29,49.29999923706055,49.52999877929688,49.11000061035156,49.290000915527344,43.046417236328125,81679200,yahoo
2010-09-30,49.540000915527344,49.84000015258789,48.75,49.06999969482422,42.85427474975586,122458600,yahoo
2010-10-01,49.47999954223633,49.52999877929688,48.77999877929688,49.0099983215332,42.80189895629883,77675400,yahoo
2010-10-04,48.869998931884766,49.04999923706055,48.20000076293945,48.47999954223633,42.33901596069336,71359900,yahoo
2010-10-05,49.02999877929688,49.7599983215332,49.0,49.65999984741211,43.36955642700195,99301300,yahoo
2010-10-06,49.59999847412109,49.709999084472656,48.90999984741211,49.22999954223633,42.99401473999024,81831200,yahoo
2010-10-07,49.5099983215332,49.540000915527344,49.0,49.40999984741211,43.151214599609375,75693300,yahoo
2010-10-08,49.43000030517578,49.869998931884766,49.08000183105469,49.75,43.44815444946289,83223900,yahoo
2010-10-11,49.77999877929688,50.02000045776367,49.619998931884766,49.77000045776367,43.465606689453125,46880000,yahoo
2010-10-12,49.68999862670898,50.209999084472656,49.2599983215332,50.11000061035156,43.76255035400391,88571700,yahoo
2010-10-13,50.43000030517578,50.75,50.27999877929688,50.52000045776367,44.12062454223633,71122900,yahoo
2010-10-14,50.54999923706055,50.63999938964844,50.16999816894531,50.41999816894531,44.03327941894531,68464000,yahoo
2010-10-15,51.040000915527344,51.5,50.630001068115234,51.4900016784668,44.96774673461914,104654000,yahoo
2010-10-18,51.5,51.720001220703125,51.29999923706055,51.29999923706055,44.80181121826172,72399400,yahoo
2010-10-19,50.81999969482422,51.29999923706055,50.41999816894531,50.81999969482422,44.38262939453125,105739800,yahoo
2010-10-20,50.959999084472656,51.56999969482422,50.869998931884766,51.18999862670898,44.70574569702149,80861400,yahoo
2010-10-21,51.5099983215332,51.709999084472656,50.790000915527344,51.290000915527344,44.79307174682617,85885400,yahoo
2010-10-22,51.29999923706055,51.68999862670898,51.209999084472656,51.63999938964844,45.098758697509766,47406900,yahoo
2010-10-25,51.84999847412109,52.22999954223633,51.84999847412109,51.88999938964844,45.31708526611328,51413900,yahoo
2010-10-26,51.630001068115234,52.150001525878906,51.41999816894531,52.02999877929688,45.43934631347656,60498300,yahoo
2010-10-27,51.7599983215332,52.22999954223633,51.65999984741211,52.18999862670898,45.57907104492188,57483400,yahoo
2010-10-28,52.40999984741211,52.45000076293945,51.84000015258789,52.29999923706055,45.67513656616211,61220000,yahoo
2010-10-29,52.29999923706055,52.4900016784668,52.16999816894531,52.18000030517578,45.57033920288086,46668700,yahoo
2010-11-01,52.369998931884766,52.75,51.97999954223633,52.220001220703125,45.60527420043945,60555600,yahoo
2010-11-02,52.650001525878906,52.93000030517578,52.58000183105469,52.77999877929688,46.09435272216797,48137500,yahoo
2010-11-03,52.83000183105469,53.040000915527344,52.36000061035156,53.02000045776367,46.30393981933594,126225800,yahoo
2010-11-04,53.59999847412109,53.86000061035156,53.5,53.66999816894531,46.87159729003906,84201000,yahoo
2010-11-05,53.70000076293945,53.810001373291016,53.5099983215332,53.66999816894531,46.87159729003906,77937100,yahoo
2010-11-08,53.58000183105469,53.83000183105469,53.45000076293945,53.7400016784668,46.9327392578125,39623500,yahoo
2010-11-09,53.95000076293945,54.040000915527344,53.209999084472656,53.45000076293945,46.67947006225586,66828700,yahoo
2010-11-10,53.52000045776367,53.77000045776367,53.09999847412109,53.720001220703125,46.915287017822266,83553700,yahoo
2010-11-11,52.90999984741211,53.47999954223633,52.65999984741211,53.380001068115234,46.61833572387695,85163600,yahoo
2010-11-12,53.09999847412109,53.369998931884766,52.11000061035156,52.5099983215332,45.85853576660156,99164300,yahoo
2010-11-15,52.77999877929688,52.880001068115234,52.290000915527344,52.310001373291016,45.68388748168945,56723400,yahoo
2010-11-16,51.93999862670898,52.25,50.84999847412109,51.45000076293945,44.932804107666016,101097000,yahoo
2010-11-17,51.47999954223633,51.869998931884766,51.34999847412109,51.59999847412109,45.063812255859375,77836200,yahoo
2010-11-18,52.15999984741211,52.790000915527344,52.130001068115234,52.43000030517578,45.788665771484375,71488300,yahoo
2010-11-19,52.36000061035156,52.59000015258789,52.13999938964844,52.470001220703125,45.8236198425293,54506100,yahoo
2010-11-22,52.2599983215332,52.90999984741211,52.16999816894531,52.90999984741211,46.20786666870117,69918900,yahoo
2010-11-23,52.369998931884766,52.45000076293945,51.77000045776367,52.06999969482422,45.474266052246094,76818300,yahoo
2010-11-24,52.58000183105469,53.25,52.560001373291016,53.119998931884766,46.39128875732422,53444200,yahoo
2010-11-26,52.77999877929688,53.130001068115234,52.66999816894531,52.77000045776367,46.08561706542969,23640300,yahoo
2010-11-29,52.70000076293945,52.900001525878906,52.09999847412109,52.72999954223633,46.0506706237793,89269100,yahoo
2010-11-30,52.18000030517578,52.7400016784668,51.880001068115234,52.09000015258789,45.49175643920898,118862100,yahoo
2010-12-01,52.86000061035156,53.459999084472656,52.84000015258789,53.18999862670898,46.45240020751953,81758800,yahoo
2010-12-02,53.27000045776367,53.810001373291016,53.209999084472656,53.72999954223633,46.92401123046875,56844600,yahoo
2010-12-03,53.5,53.93999862670898,53.5,53.869998931884766,47.04625701904297,38014200,yahoo
2010-12-06,53.880001068115234,53.95000076293945,53.68000030517578,53.84999847412109,47.02881622314453,39312000,yahoo
2010-12-07,54.5,54.52000045776367,53.81999969482422,53.880001068115234,47.05499649047852,59067300,yahoo
2010-12-08,54.02000045776367,54.150001525878906,53.68999862670898,54.08000183105469,47.22967147827149,48066900,yahoo
2010-12-09,54.40999984741211,54.43999862670898,53.95000076293945,54.130001068115234,47.27333068847656,51679800,yahoo
2010-12-10,54.290000915527344,54.54999923706055,54.09000015258789,54.4900016784668,47.587738037109375,44696200,yahoo
2010-12-13,54.70000076293945,54.7400016784668,54.27000045776367,54.29999923706055,47.42179107666016,53110200,yahoo
2010-12-14,54.43999862670898,54.619998931884766,54.22999954223633,54.400001525878906,47.50912857055664,69884800,yahoo
2010-12-15,54.369998931884766,54.70000076293945,54.02999877929688,54.15999984741211,47.29953384399414,76951900,yahoo
2010-12-16,54.209999084472656,54.65999984741211,54.060001373291016,54.58000183105469,47.66634368896485,65519400,yahoo
2010-12-17,54.540000915527344,54.68000030517578,54.40999984741211,54.52000045776367,47.70833587646485,36844200,yahoo
2010-12-20,54.619998931884766,54.7599983215332,54.15999984741211,54.560001373291016,47.74334716796875,48159600,yahoo
2010-12-21,54.77000045776367,54.88999938964844,54.619998931884766,54.88999938964844,48.032108306884766,35775400,yahoo
2010-12-22,54.869998931884766,54.959999084472656,54.790000915527344,54.880001068115234,48.02335357666016,35766500,yahoo
2010-12-23,54.77999877929688,54.869998931884766,54.61000061035156,54.7400016784668,47.900856018066406,21664800,yahoo
2010-12-27,54.58000183105469,54.86000061035156,54.209999084472656,54.77000045776367,47.9271125793457,29263700,yahoo
2010-12-28,54.880001068115234,54.91999816894531,54.54999923706055,54.66999816894531,47.839599609375,24160500,yahoo
2010-12-29,54.81999969482422,54.900001525878906,54.72999954223633,54.790000915527344,47.94459915161133,24132700,yahoo
2010-12-30,54.790000915527344,54.79999923706055,54.54999923706055,54.65999984741211,47.830841064453125,27553300,yahoo
2010-12-31,54.59000015258789,54.619998931884766,54.209999084472656,54.459999084472656,47.65584564208984,38540100,yahoo
2011-01-03,54.970001220703125,55.68999862670898,54.95000076293945,55.310001373291016,48.39964294433594,90994300,yahoo
2011-01-04,55.5099983215332,55.54999923706055,54.91999816894531,55.27000045776367,48.364627838134766,43851500,yahoo
2011-01-05,55.09999847412109,55.7599983215332,55.06999969482422,55.7400016784668,48.77592086791992,43787400,yahoo
2011-01-06,55.79999923706055,55.959999084472656,55.68000030517578,55.91999816894531,48.93341445922852,46139600,yahoo
2011-01-07,56.02000045776367,56.04999923706055,55.31999969482422,55.869998931884766,48.88967514038086,72261700,yahoo
2011-01-10,55.75,56.18000030517578,55.58000183105469,56.08000183105469,49.07342529296875,55551800,yahoo
2011-01-11,56.310001373291016,56.36000061035156,55.95000076293945,56.15999984741211,49.1434211730957,56663800,yahoo
2011-01-12,56.43000030517578,56.560001373291016,56.20000076293945,56.560001373291016,49.49346923828125,51979300,yahoo
2011-01-13,56.59999847412109,56.72999954223633,56.40999984741211,56.58000183105469,49.51098251342773,47364500,yahoo
2011-01-14,56.59999847412109,57.02000045776367,56.459999084472656,57.0,49.87848663330078,43867400,yahoo
2011-01-18,56.56999969482422,57.22999954223633,56.4900016784668,57.15999984741211,50.01849365234375,65805600,yahoo
2011-01-19,57.2599983215332,57.2599983215332,56.31999969482422,56.5099983215332,49.4497184753418,67767200,yahoo
2011-01-20,56.27000045776367,56.34999847412109,55.68000030517578,56.11000061035156,49.09969329833984,92357800,yahoo
2011-01-21,56.38999938964844,56.4900016784668,55.650001525878906,55.68000030517578,48.72339630126953,59673300,yahoo
2011-01-24,55.790000915527344,56.459999084472656,55.68000030517578,56.45000076293945,49.39720916748047,64103300,yahoo
2011-01-25,56.16999816894531,56.54999923706055,56.04999923706055,56.52999877929688,49.46720886230469,55305100,yahoo
2011-01-26,56.61000061035156,56.97999954223633,56.45000076293945,56.83000183105469,49.72972869873047,60547700,yahoo
2011-01-27,57.0099983215332,57.34999847412109,56.91999816894531,57.18000030517578,50.0359992980957,53656100,yahoo
2011-01-28,57.16999816894531,57.220001220703125,55.470001220703125,55.72999954223633,48.76716613769531,123359900,yahoo
2011-01-31,55.810001373291016,56.15999984741211,55.38999938964844,56.0,49.00341033935547,70571300,yahoo
2011-02-01,56.41999816894531,57.18000030517578,56.36000061035156,57.04999923706055,49.922245025634766,76952900,yahoo
2011-02-02,56.93000030517578,57.16999816894531,56.84000015258789,56.959999084472656,49.84349822998047,48661000,yahoo
2011-02-03,56.84999847412109,57.13999938964844,56.400001525878906,57.060001373291016,49.93099212646485,45341900,yahoo
2011-02-04,57.04999923706055,57.41999816894531,56.900001525878906,57.380001068115234,50.21100234985352,47647800,yahoo
2011-02-07,57.4900016784668,57.970001220703125,57.400001525878906,57.650001525878906,50.447265625,45627100,yahoo
2011-02-08,57.66999816894531,58.06999969482422,57.560001373291016,58.02999877929688,50.77981185913086,38099900,yahoo
2011-02-09,57.93999862670898,58.119998931884766,57.75,57.93000030517578,50.69229888916016,62540800,yahoo
2011-02-10,57.54999923706055,58.09999847412109,57.4900016784668,58.02000045776367,50.77104949951172,70194700,yahoo
2011-02-11,57.84999847412109,58.47999954223633,57.77000045776367,58.43999862670898,51.13858795166016,47853500,yahoo
2011-02-14,58.43999862670898,58.65999984741211,58.380001068115234,58.58000183105469,51.26107406616211,48506100,yahoo
2011-02-15,58.43999862670898,58.56999969482422,58.22999954223633,58.5,51.19108581542969,39723800,yahoo
2011-02-16,58.650001525878906,59.040000915527344,58.630001068115234,58.880001068115234,51.52359771728516,53061700,yahoo
2011-02-17,58.59000015258789,58.970001220703125,58.54999923706055,58.86000061035156,51.50609588623047,38361900,yahoo
2011-02-18,58.86000061035156,58.970001220703125,58.5099983215332,58.72999954223633,51.392337799072266,44334300,yahoo
2011-02-22,57.93000030517578,58.130001068115234,56.93999862670898,57.02999877929688,49.904747009277344,92598100,yahoo
2011-02-23,57.02999877929688,57.22999954223633,56.130001068115234,56.560001373291016,49.49346923828125,97842900,yahoo
2011-02-24,56.68000030517578,57.02999877929688,56.13999938964844,56.86000061035156,49.755985260009766,98716100,yahoo
2011-02-25,57.18000030517578,57.720001220703125,57.119998931884766,57.650001525878906,50.447265625,54094600,yahoo
2011-02-28,57.880001068115234,58.04999923706055,57.43000030517578,57.77000045776367,50.552284240722656,51402800,yahoo
2011-03-01,58.02000045776367,58.02000045776367,56.70000076293945,56.84000015258789,49.73848342895508,91993900,yahoo
2011-03-02,56.810001373291016,57.5099983215332,56.790000915527344,57.13999938964844,50.001007080078125,61552900,yahoo
2011-03-03,57.66999816894531,58.369998931884766,57.66999816894531,58.27000045776367,50.98982620239258,64146600,yahoo
2011-03-04,58.25,58.2599983215332,57.59000015258789,57.970001220703125,50.727294921875,62328400,yahoo
2011-03-07,58.209999084472656,58.2599983215332,56.66999816894531,57.18999862670898,50.04474258422852,98470000,yahoo
2011-03-08,57.119998931884766,57.68000030517578,56.77000045776367,57.41999816894531,50.24602127075195,62399100,yahoo
2011-03-09,57.209999084472656,57.27000045776367,56.720001220703125,57.02999877929688,49.904747009277344,84764200,yahoo
2011-03-10,56.38999938964844,56.52000045776367,55.90999984741211,56.13999938964844,49.125938415527344,102894400,yahoo
2011-03-11,55.81999969482422,56.65999984741211,55.81999969482422,56.4900016784668,49.43220901489258,81679400,yahoo
2011-03-14,56.18000030517578,56.59000015258789,55.86000061035156,56.290000915527344,49.25720977783203,73565800,yahoo
2011-03-15,54.63999938964844,55.81999969482422,54.470001220703125,55.4900016784668,48.5571517944336,101276500,yahoo
2011-03-16,55.02999877929688,55.34000015258789,53.77000045776367,54.150001525878906,47.38457489013672,176507700,yahoo
2011-03-17,55.0099983215332,55.2400016784668,54.130001068115234,54.650001525878906,47.82209396362305,94434500,yahoo
2011-03-18,55.220001220703125,55.220001220703125,54.40999984741211,54.45000076293945,47.71430969238281,94887200,yahoo
2011-03-21,55.27999877929688,55.77999877929688,54.5,55.5,48.63441467285156,57423000,yahoo
2011-03-22,55.58000183105469,55.61000061035156,55.27999877929688,55.400001525878906,48.54680252075195,36162100,yahoo
2011-03-23,55.20000076293945,55.869998931884766,54.81999969482422,55.709999084472656,48.818450927734375,60365100,yahoo
2011-03-24,56.130001068115234,56.81999969482422,55.81999969482422,56.70000076293945,49.685977935791016,69502400,yahoo
2011-03-25,56.880001068115234,57.220001220703125,56.72999954223633,56.84000015258789,49.80866622924805,74131100,yahoo
2011-03-28,57.09000015258789,57.09999847412109,56.5,56.52999877929688,49.53700637817383,37824000,yahoo
2011-03-29,56.400001525878906,57.08000183105469,56.22999954223633,57.08000183105469,50.01897048950195,47994800,yahoo
2011-03-30,57.36000061035156,57.43000030517578,57.08000183105469,57.34999847412109,50.25556564331055,44935900,yahoo
2011-03-31,57.25,57.47999954223633,57.150001525878906,57.43000030517578,50.3256721496582,50004300,yahoo
2011-04-01,57.720001220703125,57.900001525878906,57.290000915527344,57.459999084472656,50.35198593139648,68031800,yahoo
2011-04-04,57.619998931884766,57.68000030517578,57.02000045776367,57.27000045776367,50.18546676635742,48659100,yahoo
2011-04-05,57.15999984741211,57.4900016784668,57.0,57.119998931884766,50.05401992797852,55349400,yahoo
2011-04-06,57.560001373291016,57.72999954223633,56.93000030517578,57.2599983215332,50.17670822143555,49532100,yahoo
2011-04-07,57.2400016784668,57.59999847412109,56.810001373291016,57.220001220703125,50.14165878295898,60697000,yahoo
2011-04-08,57.47999954223633,57.56999969482422,56.650001525878906,56.95000076293945,49.90506362915039,42782200,yahoo
2011-04-11,57.16999816894531,57.290000915527344,56.560001373291016,56.7599983215332,49.73854446411133,42451700,yahoo
2011-04-12,56.5,56.63999938964844,56.150001525878906,56.369998931884766,49.39680862426758,50422800,yahoo
2011-04-13,56.790000915527344,57.0,56.400001525878906,56.84999847412109,49.81740188598633,49979800,yahoo
2011-04-14,56.459999084472656,56.83000183105469,56.22999954223633,56.75,49.72980117797852,53544100,yahoo
2011-04-15,56.52999877929688,56.869998931884766,56.27999877929688,56.650001525878906,49.64215850830078,68530000,yahoo
2011-04-18,56.08000183105469,56.27000045776367,55.31999969482422,56.25,49.29164123535156,69065000,yahoo
2011-04-19,56.400001525878906,56.59999847412109,56.09999847412109,56.59999847412109,49.59833908081055,38608400,yahoo
2011-04-20,57.59999847412109,57.93999862670898,57.52999877929688,57.880001068115234,50.720008850097656,67397500,yahoo
2011-04-21,58.43999862670898,58.470001220703125,58.15999984741211,58.34000015258789,51.12310028076172,43666800,yahoo
2011-04-25,58.38999938964844,58.52000045776367,58.27999877929688,58.4900016784668,51.25454330444336,25376800,yahoo
2011-04-26,58.63999938964844,59.02999877929688,58.5099983215332,58.81999969482422,51.543724060058594,49400000,yahoo
2011-04-27,58.93000030517578,59.290000915527344,58.65999984741211,59.220001220703125,51.89424514770508,56465500,yahoo
2011-04-28,59.040000915527344,59.22999954223633,58.880001068115234,59.130001068115234,51.81537628173828,48100000,yahoo
2011-04-29,59.02000045776367,59.290000915527344,58.97999954223633,59.08000183105469,51.77155303955078,44831200,yahoo
2011-05-02,59.16999816894531,59.34000015258789,58.81999969482422,58.970001220703125,51.67516326904297,48149400,yahoo
2011-05-03,58.93999862670898,59.0,58.33000183105469,58.68999862670898,51.429813385009766,38100000,yahoo
2011-05-04,58.720001220703125,58.869998931884766,58.11000061035156,58.59999847412109,51.35095977783203,53097200,yahoo
2011-05-05,58.310001373291016,58.970001220703125,58.08000183105469,58.27999877929688,51.07052993774414,72200000,yahoo
2011-05-06,58.86000061035156,59.20000076293945,58.310001373291016,58.470001220703125,51.23701858520508,72507000,yahoo
2011-05-09,58.56999969482422,58.91999816894531,58.34000015258789,58.68999862670898,51.429813385009766,40022000,yahoo
2011-05-10,58.86000061035156,59.27999877929688,58.77999877929688,59.18999862670898,51.867958068847656,38053600,yahoo
2011-05-11,59.09999847412109,59.310001373291016,58.36000061035156,58.7599983215332,51.49113464355469,61900000,yahoo
2011-05-12,58.58000183105469,59.18999862670898,58.2400016784668,59.11000061035156,51.79785537719727,66100000,yahoo
2011-05-13,58.970001220703125,59.06999969482422,58.38999938964844,58.40999984741211,51.18444061279297,63506600,yahoo
2011-05-16,58.13999938964844,58.31999969482422,57.27000045776367,57.400001525878906,50.29939651489258,73115300,yahoo
2011-05-17,57.09999847412109,57.56999969482422,56.97999954223633,57.560001373291016,50.43959045410156,63136000,yahoo
2011-05-18,57.47999954223633,58.13999938964844,57.40999984741211,58.040000915527344,50.86022186279297,42351100,yahoo
2011-05-19,58.220001220703125,58.34000015258789,57.84999847412109,58.209999084472656,51.00917053222656,35015800,yahoo
2011-05-20,58.150001525878906,58.209999084472656,57.68999862670898,57.77000045776367,50.62360382080078,44703300,yahoo
2011-05-23,56.97999954223633,57.150001525878906,56.650001525878906,56.91999816894531,49.87876129150391,43700000,yahoo
2011-05-24,57.060001373291016,57.06999969482422,56.560001373291016,56.56999969482422,49.57206344604492,39314800,yahoo
2011-05-25,56.5,57.060001373291016,56.470001220703125,56.790000915527344,49.76485443115234,41369000,yahoo
2011-05-26,56.619998931884766,57.29999923706055,56.61000061035156,57.13999938964844,50.07155990600586,40564100,yahoo
2011-05-27,57.2400016784668,57.4900016784668,57.18999862670898,57.43000030517578,50.3256721496582,30127200,yahoo
2011-05-31,57.970001220703125,58.36000061035156,57.66999816894531,58.36000061035156,51.14064407348633,47590100,yahoo
2011-06-01,58.220001220703125,58.36000061035156,57.040000915527344,57.09000015258789,50.02772521972656,51795000,yahoo
2011-06-02,57.20000076293945,57.40999984741211,56.88999938964844,57.209999084472656,50.13287353515625,50198100,yahoo
2011-06-03,56.54999923706055,56.9900016784668,56.27000045776367,56.34999847412109,49.37928009033203,57773700,yahoo
2011-06-06,56.220001220703125,56.52999877929688,55.86000061035156,55.88999938964844,48.97617721557617,50175600,yahoo
2011-06-07,56.040000915527344,56.2599983215332,55.75,55.790000915527344,48.88856887817383,46311100,yahoo
2011-06-08,55.66999816894531,55.77000045776367,55.22999954223633,55.38999938964844,48.53800964355469,46426400,yahoo
2011-06-09,55.40999984741211,55.7599983215332,55.22999954223633,55.4900016784668,48.62566757202149,45307500,yahoo
2011-06-10,55.22999954223633,55.34000015258789,54.59000015258789,54.63999938964844,47.88082504272461,53740600,yahoo
2011-06-13,54.66999816894531,54.93000030517578,54.45000076293945,54.63999938964844,47.88082504272461,37736800,yahoo
2011-06-14,55.060001373291016,55.470001220703125,55.02999877929688,55.34000015258789,48.49421691894531,40565300,yahoo
2011-06-15,54.810001373291016,55.150001525878906,54.18000030517578,54.290000915527344,47.5740966796875,59022400,yahoo
2011-06-16,54.31999969482422,54.5,53.619998931884766,54.08000183105469,47.39009094238281,66316200,yahoo
2011-06-17,54.400001525878906,54.59999847412109,53.630001068115234,53.790000915527344,47.241661071777344,70337000,yahoo
2011-06-20,53.63999938964844,54.22999954223633,53.63999938964844,54.06999969482422,47.487571716308594,37402900,yahoo
2011-06-21,54.2599983215332,55.290000915527344,54.02999877929688,55.22999954223633,48.50635147094727,55892800,yahoo
2011-06-22,55.0,55.31999969482422,54.81999969482422,54.83000183105469,48.1550407409668,36833300,yahoo
2011-06-23,54.2400016784668,55.369998931884766,54.060001373291016,55.34000015258789,48.602970123291016,80743300,yahoo
2011-06-24,55.08000183105469,55.130001068115234,54.27000045776367,54.380001068115234,47.75982666015625,56298300,yahoo
2011-06-27,54.43999862670898,55.52999877929688,54.31999969482422,55.25,48.523921966552734,49968900,yahoo
2011-06-28,55.369998931884766,56.08000183105469,55.290000915527344,56.06999969482422,49.24409484863281,47028800,yahoo
2011-06-29,56.20000076293945,56.40999984741211,55.900001525878906,56.29999923706055,49.44608688354492,65407300,yahoo
2011-06-30,56.5,57.09000015258789,56.470001220703125,57.04999923706055,50.10480117797852,50347200,yahoo
2011-07-01,57.08000183105469,57.9900016784668,56.91999816894531,57.90999984741211,50.86008834838867,53203900,yahoo
2011-07-05,57.970001220703125,58.2599983215332,57.83000183105469,58.20000076293945,51.11479568481445,43128800,yahoo
2011-07-06,58.130001068115234,58.4900016784668,57.93999862670898,58.38999938964844,51.28163528442383,49282700,yahoo
2011-07-07,58.83000183105469,59.36000061035156,58.7400016784668,59.18999862670898,51.98427200317383,54799800,yahoo
2011-07-08,58.68000030517578,59.040000915527344,58.369998931884766,59.02999877929688,51.843746185302734,69519500,yahoo
2011-07-11,58.40999984741211,58.709999084472656,57.7599983215332,57.959999084472656,50.90400695800781,52080800,yahoo
2011-07-12,57.95000076293945,58.06999969482422,57.459999084472656,57.52000045776367,50.51758193969727,84000700,yahoo
2011-07-13,57.93999862670898,58.34000015258789,57.54999923706055,57.7599983215332,50.72834777832031,82378100,yahoo
2011-07-14,57.90999984741211,58.18000030517578,56.869998931884766,57.09000015258789,50.139923095703125,98774200,yahoo
2011-07-15,57.72999954223633,57.84999847412109,57.310001373291016,57.84999847412109,50.80738830566406,68281500,yahoo
2011-07-18,57.52999877929688,57.790000915527344,56.97999954223633,57.540000915527344,50.535152435302734,59512200,yahoo
2011-07-19,58.09000015258789,58.900001525878906,58.09000015258789,58.84999847412109,51.6856575012207,73904600,yahoo
2011-07-20,59.18000030517578,59.18999862670898,58.5,58.59999847412109,51.466102600097656,57085500,yahoo
2011-07-21,58.65999984741211,59.31999969482422,58.34000015258789,58.9900016784668,51.8086166381836,70148800,yahoo
2011-07-22,58.959999084472656,59.70000076293945,58.91999816894531,59.59999847412109,52.344364166259766,43620400,yahoo
2011-07-25,59.130001068115234,59.810001373291016,59.02000045776367,59.47999954223633,52.23896408081055,48916100,yahoo
2011-07-26,59.43999862670898,59.83000183105469,59.31999969482422,59.630001068115234,52.37070083618164,40918900,yahoo
2011-07-27,59.2400016784668,59.290000915527344,57.93999862670898,58.09000015258789,51.0181770324707,83969500,yahoo
2011-07-28,58.119998931884766,58.93000030517578,57.88999938964844,58.18999862670898,51.10600280761719,61031900,yahoo
2011-07-29,57.720001220703125,58.61000061035156,57.43999862670898,58.0,50.93912124633789,82860500,yahoo
2011-08-01,58.70000076293945,58.81999969482422,57.02999877929688,57.72999954223633,50.70199203491211,85421100,yahoo
2011-08-02,57.459999084472656,57.720001220703125,56.209999084472656,56.27000045776367,49.41975021362305,90853300,yahoo
2011-08-03,56.34000015258789,56.880001068115234,55.34999847412109,56.810001373291016,49.89401245117188,103612300,yahoo
2011-08-04,56.0,56.09000015258789,54.16999816894531,54.16999816894531,47.57539749145508,132830000,yahoo
2011-08-05,54.720001220703125,55.02999877929688,52.31999969482422,53.83000183105469,47.27679061889648,214111800,yahoo
2011-08-08,52.18000030517578,53.119998931884766,50.59000015258789,50.59000015258789,44.43123245239258,204804500,yahoo
2011-08-09,51.34999847412109,53.08000183105469,49.93000030517578,53.02999877929688,46.57418823242188,193707100,yahoo
2011-08-10,51.83000183105469,53.040000915527344,50.79999923706055,50.86000061035156,44.66834259033203,205917900,yahoo
2011-08-11,51.59000015258789,53.68999862670898,51.34000015258789,53.09999847412109,46.635650634765625,143825300,yahoo
2011-08-12,53.43000030517578,53.900001525878906,52.880001068115234,53.56999969482422,47.04842376708984,90483300,yahoo
2011-08-15,53.790000915527344,54.36000061035156,53.52999877929688,54.36000061035156,47.742279052734375,73554300,yahoo
2011-08-16,53.83000183105469,54.34999847412109,53.18000030517578,53.900001525878906,47.33825302124024,89219200,yahoo
2011-08-17,53.970001220703125,54.41999816894531,53.02000045776367,53.58000183105469,47.05723571777344,84416600,yahoo
2011-08-18,52.130001068115234,52.13999938964844,50.47999954223633,50.95000076293945,44.74740219116211,130019400,yahoo
2011-08-19,50.41999816894531,51.66999816894531,49.9900016784668,50.02999877929688,43.93939208984375,96674600,yahoo
2011-08-22,51.22999954223633,51.2400016784668,50.060001373291016,50.209999084472656,44.09748458862305,77107700,yahoo
2011-08-23,50.54999923706055,52.27999877929688,50.34000015258789,52.27999877929688,45.915489196777344,75688400,yahoo
2011-08-24,52.130001068115234,52.790000915527344,51.709999084472656,52.68999862670898,46.275577545166016,80197700,yahoo
2011-08-25,52.65999984741211,52.900001525878906,51.650001525878906,51.83000183105469,45.52027130126953,93623700,yahoo
2011-08-26,51.65999984741211,53.310001373291016,51.150001525878906,53.130001068115234,46.66200256347656,91573300,yahoo
2011-08-29,53.65999984741211,54.66999816894531,53.63999938964844,54.61000061035156,47.96183395385742,45985800,yahoo
2011-08-30,54.40999984741211,55.29999923706055,54.11000061035156,54.970001220703125,48.278018951416016,61617900,yahoo
2011-08-31,55.29999923706055,55.7400016784668,54.59999847412109,55.060001373291016,48.35704803466797,60900400,yahoo
2011-09-01,55.20000076293945,55.63999938964844,54.459999084472656,54.560001373291016,47.91793823242188,57158400,yahoo
2011-09-02,53.58000183105469,54.61000061035156,52.9900016784668,53.27999877929688,46.793731689453125,58185700,yahoo
2011-09-06,52.040000915527344,53.369998931884766,51.90999984741211,53.290000915527344,46.80254364013672,52992200,yahoo
2011-09-07,54.04999923706055,54.650001525878906,53.900001525878906,54.63999938964844,47.98819732666016,48952200,yahoo
2011-09-08,54.36000061035156,55.16999816894531,54.209999084472656,54.38999938964844,47.76860809326172,61422800,yahoo
2011-09-09,54.0099983215332,54.2400016784668,52.84999847412109,53.18000030517578,46.70591354370117,63663500,yahoo
2011-09-12,52.59000015258789,53.900001525878906,52.56999969482422,53.86000061035156,47.30313873291016,65973000,yahoo
2011-09-13,54.060001373291016,54.68999862670898,53.79999923706055,54.58000183105469,47.93548202514648,59020000,yahoo
2011-09-14,54.86000061035156,55.97999954223633,54.31999969482422,55.36000061035156,48.62051010131836,90757300,yahoo
2011-09-15,55.959999084472656,56.27999877929688,55.38999938964844,56.18000030517578,49.3407096862793,83536100,yahoo
2011-09-16,56.20000076293945,56.650001525878906,56.09000015258789,56.59000015258789,49.79295349121094,91902100,yahoo
2011-09-19,55.88999938964844,56.90999984741211,55.43000030517578,56.61000061035156,49.81057357788086,73042900,yahoo
2011-09-20,56.900001525878906,57.34999847412109,56.22999954223633,56.36000061035156,49.59059143066406,66570100,yahoo
2011-09-21,56.650001525878906,56.93000030517578,55.369998931884766,55.380001068115234,48.72830581665039,79938000,yahoo
2011-09-22,53.970001220703125,54.459999084472656,52.75,53.58000183105469,47.14451217651367,151885500,yahoo
2011-09-23,53.130001068115234,54.380001068115234,53.09000015258789,54.150001525878906,47.646034240722656,85940600,yahoo
2011-09-26,54.41999816894531,54.880001068115234,53.209999084472656,54.77999877929688,48.20035171508789,96261400,yahoo
2011-09-27,55.709999084472656,56.20000076293945,54.97999954223633,55.34999847412109,48.70191192626953,81148600,yahoo
2011-09-28,55.59000015258789,55.970001220703125,54.400001525878906,54.52999877929688,47.98038101196289,76757100,yahoo
2011-09-29,55.36000061035156,55.43000030517578,52.970001220703125,53.880001068115234,47.40846252441406,116900200,yahoo
2011-09-30,53.15999984741211,53.61000061035156,52.459999084472656,52.4900016784668,46.1854133605957,104870100,yahoo
2011-10-03,52.02000045776367,52.84999847412109,51.11000061035156,51.13999938964844,44.9975700378418,99149500,yahoo
2011-10-04,50.619998931884766,52.290000915527344,50.09999847412109,52.18999862670898,45.92144393920898,137013700,yahoo
2011-10-05,52.060001373291016,53.68000030517578,51.65999984741211,53.52999877929688,47.10048675537109,108825700,yahoo
2011-10-06,53.459999084472656,54.43999862670898,53.209999084472656,54.43000030517578,47.89241409301758,71939200,yahoo
2011-10-07,54.400001525878906,54.65999984741211,53.720001220703125,54.06999969482422,47.57563781738281,72525200,yahoo
2011-10-10,54.9900016784668,55.93999862670898,54.88999938964844,55.93999862670898,49.22102737426758,48230200,yahoo
2011-10-11,55.790000915527344,56.459999084472656,55.70000076293945,56.31999969482422,49.55538558959961,66449100,yahoo
2011-10-12,56.86000061035156,57.22999954223633,56.560001373291016,56.59999847412109,49.8017578125,85627600,yahoo
2011-10-13,56.4900016784668,57.18999862670898,56.43000030517578,57.119998931884766,50.259307861328125,63443700,yahoo
2011-10-14,57.81999969482422,58.18999862670898,57.5099983215332,58.18000030517578,51.19198989868164,65643600,yahoo
2011-10-17,57.90999984741211,58.09000015258789,56.970001220703125,57.27999877929688,50.40008544921875,65161300,yahoo
2011-10-18,57.18999862670898,58.290000915527344,56.65999984741211,57.9900016784668,51.024810791015625,91434600,yahoo
2011-10-19,57.66999816894531,57.84999847412109,56.68000030517578,56.869998931884766,50.039337158203125,67639400,yahoo
2011-10-20,56.86000061035156,56.91999816894531,55.790000915527344,56.59000015258789,49.79295349121094,80378300,yahoo
2011-10-21,57.18999862670898,57.65999984741211,56.77999877929688,57.29999923706055,50.41767501831055,60455800,yahoo
2011-10-24,57.5099983215332,58.650001525878906,57.310001373291016,58.4900016784668,51.46474456787109,61449500,yahoo
2011-10-25,58.29999923706055,58.31999969482422,57.220001220703125,57.34000015258789,50.452880859375,65299200,yahoo
2011-10-26,57.65999984741211,57.77999877929688,56.209999084472656,57.27000045776367,50.39130783081055,98193800,yahoo
2011-10-27,58.63999938964844,59.20000076293945,58.02999877929688,58.84999847412109,51.781524658203125,104455500,yahoo
2011-10-28,58.52000045776367,59.0099983215332,58.5,58.93999862670898,51.86071395874024,42950000,yahoo
2011-10-31,58.43000030517578,58.63999938964844,57.90999984741211,57.95000076293945,50.9896125793457,60520200,yahoo
2011-11-01,56.52000045776367,57.90999984741211,56.119998931884766,56.43999862670898,49.66097259521485,99933000,yahoo
2011-11-02,57.02999877929688,57.15999984741211,56.380001068115234,56.91999816894531,50.08333206176758,65003800,yahoo
2011-11-03,57.369998931884766,58.18000030517578,56.709999084472656,58.09999847412109,51.12158966064453,78994200,yahoo
2011-11-04,57.81999969482422,58.04999923706055,57.220001220703125,57.79999923706055,50.85763549804688,61527800,yahoo
2011-11-07,57.7599983215332,58.25,57.16999816894531,58.209999084472656,51.21836853027344,65559000,yahoo
2011-11-08,58.630001068115234,58.97999954223633,57.970001220703125,58.880001068115234,51.80791473388672,62906900,yahoo
2011-11-09,57.7400016784668,57.83000183105469,56.630001068115234,56.810001373291016,49.98654556274414,69539000,yahoo
2011-11-10,57.369998931884766,57.41999816894531,56.22999954223633,56.77999877929688,49.96013641357422,66052400,yahoo
2011-11-11,57.27000045776367,58.02000045776367,57.20000076293945,57.84999847412109,50.90161895751953,54471000,yahoo
2011-11-14,57.68999862670898,58.0099983215332,57.27999877929688,57.4900016784668,50.58485412597656,44617600,yahoo
2011-11-15,57.31999969482422,58.36000061035156,57.2599983215332,58.130001068115234,51.14799880981445,52203900,yahoo
2011-11-16,57.709999084472656,58.15999984741211,57.060001373291016,57.16999816894531,50.30330276489258,68342800,yahoo
2011-11-17,57.02000045776367,57.040000915527344,55.47999954223633,55.83000183105469,49.12425231933594,101706900,yahoo
2011-11-18,55.84000015258789,55.900001525878906,55.29999923706055,55.400001525878906,48.74591064453125,60417000,yahoo
2011-11-21,54.650001525878906,54.72999954223633,53.77999877929688,54.34000015258789,47.81322860717773,52283700,yahoo
2011-11-22,54.20000076293945,54.68000030517578,53.869998931884766,54.52000045776367,47.97160339355469,51940100,yahoo
2011-11-23,54.11000061035156,54.16999816894531,53.2599983215332,53.290000915527344,46.88933944702149,48437300,yahoo
2011-11-25,53.060001373291016,53.66999816894531,52.869998931884766,52.880001068115234,46.52857971191406,25448100,yahoo
2011-11-28,54.16999816894531,54.790000915527344,54.13999938964844,54.720001220703125,48.1475715637207,46710700,yahoo
2011-11-29,54.68999862670898,55.09999847412109,54.220001220703125,54.380001068115234,47.84840774536133,52056700,yahoo
2011-11-30,55.86000061035156,56.43999862670898,55.66999816894531,56.38999938964844,49.61697006225586,66918600,yahoo
2011-12-01,56.380001068115234,56.93000030517578,56.34999847412109,56.77999877929688,49.96013641357422,45362200,yahoo
2011-12-02,57.34000015258789,57.34000015258789,56.56999969482422,56.619998931884766,49.81937026977539,36938900,yahoo
2011-12-05,57.470001220703125,57.619998931884766,56.91999816894531,57.2400016784668,50.36489486694336,40492200,yahoo
2011-12-06,57.290000915527344,57.45000076293945,56.88999938964844,57.08000183105469,50.22410583496094,38670000,yahoo
2011-12-07,56.91999816894531,57.34000015258789,56.34999847412109,57.08000183105469,50.22410583496094,44576200,yahoo
2011-12-08,56.709999084472656,57.150001525878906,56.0099983215332,56.119998931884766,49.37943649291992,51692600,yahoo
2011-12-09,56.2599983215332,57.18999862670898,56.2400016784668,57.02000045776367,50.17131042480469,55757900,yahoo
2011-12-12,56.41999816894531,57.0099983215332,55.900001525878906,56.380001068115234,49.60818862915039,55411700,yahoo
2011-12-13,56.75,56.97999954223633,55.52999877929688,55.7599983215332,49.06263732910156,68557700,yahoo
2011-12-14,55.54999923706055,55.59000015258789,54.58000183105469,54.88999938964844,48.297149658203125,63682800,yahoo
2011-12-15,55.36000061035156,55.41999816894531,54.65999984741211,54.7400016784668,48.1651725769043,58732900,yahoo
2011-12-16,54.869998931884766,55.61000061035156,54.77000045776367,54.86000061035156,48.41315078735352,60978900,yahoo
2011-12-19,55.06999969482422,55.20000076293945,54.16999816894531,54.31999969482422,47.936614990234375,46733900,yahoo
2011-12-20,55.20000076293945,56.0,55.16999816894531,55.93000030517578,49.357421875,81758800,yahoo
2011-12-21,55.59999847412109,55.63999938964844,54.4900016784668,55.130001068115234,48.65143203735352,78552300,yahoo
2011-12-22,55.25,55.630001068115234,55.16999816894531,55.59999847412109,49.06619644165039,40334100,yahoo
2011-12-23,55.709999084472656,56.08000183105469,55.58000183105469,56.08000183105469,49.489784240722656,26594600,yahoo
2011-12-27,55.9900016784668,56.41999816894531,55.93000030517578,56.2400016784668,49.67436981201172,21443500,yahoo
2011-12-28,56.16999816894531,56.2599983215332,55.43999862670898,55.59000015258789,49.10025405883789,38180100,yahoo
2011-12-29,55.68000030517578,56.02999877929688,55.5,55.9900016784668,49.45355987548828,28077900,yahoo
2011-12-30,55.869998931884766,56.119998931884766,55.81999969482422,55.83000183105469,49.31223678588867,21832400,yahoo
2012-01-03,56.90999984741211,57.18999862670898,56.75,56.900001525878906,50.2573356628418,39514100,yahoo
2012-01-04,56.810001373291016,57.220001220703125,56.560001373291016,57.13999938964844,50.469329833984375,29403400,yahoo
2012-01-05,57.02000045776367,57.65999984741211,56.79999923706055,57.61000061035156,50.88443374633789,41260600,yahoo
2012-01-06,57.619998931884766,57.93999862670898,57.400001525878906,57.810001373291016,51.06109237670898,46325200,yahoo
2012-01-09,57.959999084472656,57.97999954223633,57.43000030517578,57.619998931884766,50.89327621459961,39195500,yahoo
2012-01-10,58.22999954223633,58.400001525878906,57.63999938964844,58.040000915527344,51.26424407958984,35949900,yahoo
2012-01-11,58.02999877929688,58.290000915527344,57.810001373291016,58.15999984741211,51.3702392578125,37144100,yahoo
2012-01-12,58.290000915527344,58.470001220703125,57.86000061035156,58.38999938964844,51.57339859008789,26188300,yahoo
2012-01-13,58.08000183105469,58.20000076293945,57.68000030517578,58.18000030517578,51.38790893554688,35980400,yahoo
2012-01-17,58.68999862670898,58.959999084472656,58.4900016784668,58.709999084472656,51.85602951049805,41790800,yahoo
2012-01-18,58.81999969482422,59.4900016784668,58.68000030517578,59.4900016784668,52.54497909545898,48692700,yahoo
2012-01-19,59.7599983215332,59.970001220703125,59.650001525878906,59.86000061035156,52.871768951416016,47774500,yahoo
2012-01-20,59.59999847412109,59.79999923706055,59.560001373291016,59.77000045776367,52.79228973388672,41041700,yahoo
2012-01-23,59.77999877929688,60.209999084472656,59.43999862670898,59.790000915527344,52.80995178222656,40958300,yahoo
2012-01-24,59.52000045776367,59.84000015258789,59.40999984741211,59.68000030517578,52.71277618408203,38440200,yahoo
2012-01-25,60.2599983215332,60.58000183105469,59.83000183105469,60.43000030517578,53.3752326965332,61591800,yahoo
2012-01-26,60.68999862670898,60.79999923706055,59.93000030517578,60.220001220703125,53.18973922729492,37852700,yahoo
2012-01-27,60.09000015258789,60.5099983215332,60.060001373291016,60.400001525878906,53.34872817993164,45532300,yahoo
2012-01-30,59.88999938964844,60.540000915527344,59.65999984741211,60.45000076293945,53.39288330078125,42797800,yahoo
2012-01-31,60.75,60.86000061035156,60.13999938964844,60.52999877929688,53.46355438232422,51449600,yahoo
2012-02-01,60.880001068115234,61.2400016784668,60.65999984741211,61.02000045776367,53.89633560180664,46146700,yahoo
2012-02-02,61.220001220703125,61.40999984741211,60.970001220703125,61.209999084472656,54.06416320800781,46373600,yahoo
2012-02-03,61.77999877929688,62.119998931884766,61.68000030517578,62.04999923706055,54.806114196777344,36453800,yahoo
2012-02-06,61.81999969482422,62.02000045776367,61.65999984741211,62.0,54.76194763183594,28541300,yahoo
2012-02-07,61.95000076293945,62.25,61.66999816894531,62.130001068115234,54.87677383422852,37935700,yahoo
2012-02-08,62.13999938964844,62.459999084472656,61.90999984741211,62.459999084472656,55.1682243347168,41171100,yahoo
2012-02-09,62.70000076293945,62.97999954223633,62.31999969482422,62.90999984741211,55.5656852722168,46856400,yahoo
2012-02-10,62.459999084472656,62.63999938964844,62.25,62.470001220703125,55.17705535888672,58090500,yahoo
2012-02-13,62.93999862670898,63.130001068115234,62.650001525878906,63.04999923706055,55.68937301635742,36810200,yahoo
2012-02-14,62.90999984741211,63.220001220703125,62.68999862670898,63.209999084472656,55.8306770324707,51648200,yahoo
2012-02-15,63.5099983215332,63.86000061035156,62.66999816894531,62.77000045776367,55.44205093383789,105709100,yahoo
2012-02-16,62.790000915527344,63.70000076293945,62.630001068115234,63.630001068115234,56.2016487121582,83642300,yahoo
2012-02-17,63.63999938964844,63.68999862670898,63.150001525878906,63.43000030517578,56.02499771118164,76112300,yahoo
2012-02-21,63.5,63.88999938964844,63.209999084472656,63.61000061035156,56.18398666381836,38141300,yahoo
2012-02-22,63.4900016784668,63.68000030517578,63.22999954223633,63.31999969482422,55.927833557128906,43174700,yahoo
2012-02-23,63.400001525878906,63.810001373291016,63.09000015258789,63.7400016784668,56.29879760742188,54250000,yahoo
2012-02-24,63.91999816894531,64.06999969482422,63.79999923706055,63.959999084472656,56.493125915527344,41364900,yahoo
2012-02-27,63.61000061035156,64.26000213623047,63.33000183105469,64.05000305175781,56.57261657714844,42678500,yahoo
2012-02-28,64.11000061035156,64.69999694824219,64.02999877929688,64.69999694824219,57.14674758911133,43717500,yahoo
2012-02-29,64.75,64.95999908447266,64.19999694824219,64.41000366210938,56.89059829711914,59784400,yahoo
2012-03-01,64.6500015258789,64.9800033569336,64.45999908447266,64.91999816894531,57.34104919433594,67558900,yahoo
2012-03-02,64.83000183105469,65.08000183105469,64.66000366210938,64.87000274658203,57.2968978881836,33358200,yahoo
2012-03-05,64.83000183105469,64.91000366210938,63.9900016784668,64.19999694824219,56.705108642578125,45788800,yahoo
2012-03-06,63.56999969482422,63.720001220703125,63.22999954223633,63.56999969482422,56.14865493774414,54638600,yahoo
2012-03-07,63.869998931884766,64.20999908447266,63.77000045776367,64.05999755859375,56.58145523071289,42741800,yahoo
2012-03-08,64.44000244140625,64.94000244140625,64.30000305175781,64.75,57.19089889526367,43711100,yahoo
2012-03-09,64.86000061035156,65.13999938964844,64.81999969482422,65.0199966430664,57.42935943603516,43117200,yahoo
2012-03-12,65.0,65.11000061035156,64.72000122070312,65.05000305175781,57.45590591430664,32687300,yahoo
2012-03-13,65.4000015258789,66.26000213623047,65.2699966430664,66.26000213623047,58.52463150024414,61559100,yahoo
2012-03-14,66.33000183105469,66.73999786376953,66.08000183105469,66.48999786376953,58.7277717590332,59926900,yahoo
2012-03-15,66.69000244140625,66.81999969482422,66.3499984741211,66.68000030517578,58.89559555053711,65531200,yahoo
2012-03-16,66.66999816894531,66.66999816894531,66.36000061035156,66.5199966430664,58.8539924621582,53023100,yahoo
2012-03-19,66.62999725341797,67.1500015258789,66.44999694824219,66.98999786376953,59.26984405517578,60966200,yahoo
2012-03-20,66.63999938964844,67.18000030517578,66.45999908447266,67.11000061035156,59.37601089477539,47290600,yahoo
2012-03-21,67.12000274658203,67.48999786376953,67.02999877929688,67.12000274658203,59.384857177734375,39648100,yahoo
2012-03-22,66.72000122070312,67.13999938964844,66.68000030517578,66.9800033569336,59.2609748840332,56953900,yahoo
2012-03-23,67.05999755859375,67.08000183105469,66.55999755859375,66.94000244140625,59.22559356689453,45541700,yahoo
2012-03-26,67.38999938964844,68.11000061035156,67.33000183105469,68.11000061035156,60.26078414916992,40855300,yahoo
2012-03-27,68.16000366210938,68.48999786376953,68.12999725341797,68.20999908447266,60.34923553466797,37278200,yahoo
2012-03-28,68.25,68.51000213623047,67.54000091552734,67.94000244140625,60.11035537719727,44421900,yahoo
2012-03-29,67.5999984741211,67.93000030517578,67.19999694824219,67.68000030517578,59.88032913208008,53975300,yahoo
2012-03-30,67.9800033569336,68.0199966430664,67.27999877929688,67.55000305175781,59.76531600952149,39480900,yahoo
2012-04-02,67.4800033569336,68.33999633789062,67.36000061035156,68.25,60.3846321105957,40031600,yahoo
2012-04-03,68.30999755859375,68.55000305175781,67.8499984741211,68.2300033569336,60.36693572998047,45539900,yahoo
2012-04-04,67.72000122070312,67.76000213623047,66.91000366210938,67.30000305175781,59.54412078857422,54088100,yahoo
2012-04-05,67.18000030517578,67.77999877929688,67.12999725341797,67.72000122070312,59.91573333740234,42979900,yahoo
2012-04-09,66.87999725341797,67.4800033569336,66.76000213623047,67.20999908447266,59.464473724365234,36908200,yahoo
2012-04-10,67.18000030517578,67.44000244140625,65.91999816894531,66.12999725341797,58.50895690917969,69254200,yahoo
2012-04-11,66.70999908447266,66.88999938964844,66.27999877929688,66.44999694824219,58.79207229614258,62950000,yahoo
2012-04-12,66.58000183105469,67.27999877929688,66.4800033569336,67.20999908447266,59.464473724365234,57407400,yahoo
2012-04-13,66.9800033569336,67.19999694824219,66.16000366210938,66.19000244140625,58.5620346069336,55227500,yahoo
2012-04-16,66.5199966430664,66.55999755859375,65.23999786376953,65.44999694824219,57.90732192993164,57588000,yahoo
2012-04-17,65.7300033569336,66.98999786376953,65.62999725341797,66.77999877929688,59.084022521972656,47362400,yahoo
2012-04-18,66.58999633789062,67.0,66.41000366210938,66.61000061035156,58.93364715576172,42536100,yahoo
2012-04-19,66.37000274658203,67.16999816894531,65.62000274658203,65.86000061035156,58.27006530761719,81110900,yahoo
2012-04-20,66.22000122070312,66.51000213623047,65.58000183105469,65.68000030517578,58.11080551147461,59906900,yahoo
2012-04-23,65.05999755859375,65.18000030517578,64.48999786376953,65.08000183105469,57.5799560546875,70514400,yahoo
2012-04-24,64.95999908447266,65.2300033569336,64.44999694824219,64.7300033569336,57.27029800415039,49661500,yahoo
2012-04-25,66.06999969482422,66.48999786376953,65.97000122070312,66.44999694824219,58.79207229614258,57526900,yahoo
2012-04-26,66.44000244140625,66.98999786376953,66.3499984741211,66.83999633789062,59.13712310791016,41799500,yahoo
2012-04-27,67.12000274658203,67.44999694824219,66.7699966430664,67.23999786376953,59.491024017333984,46003800,yahoo
2012-04-30,67.04000091552734,67.16999816894531,66.70999908447266,66.76000213623047,59.06632995605469,37787700,yahoo
2012-05-01,66.69000244140625,67.62999725341797,66.58999633789062,66.87000274658203,59.1636848449707,37643800,yahoo
2012-05-02,66.54000091552734,67.11000061035156,66.37999725341797,67.05999755859375,59.331764221191406,38299300,yahoo
2012-05-03,67.0999984741211,67.1500015258789,66.18000030517578,66.3499984741211,58.703575134277344,51297600,yahoo
2012-05-04,65.73999786376953,66.3499984741211,64.69000244140625,64.69999694824219,57.24374008178711,107554000,yahoo
2012-05-07,64.30999755859375,65.06999969482422,64.29000091552734,64.76000213623047,57.29684829711914,50267800,yahoo
2012-05-08,64.3499984741211,64.73999786376953,63.47999954223633,64.5199966430664,57.08449935913086,72659700,yahoo
2012-05-09,63.77000045776367,64.68000030517578,63.5099983215332,64.31999969482422,56.90754699707031,85715300,yahoo
2012-05-10,64.61000061035156,64.62999725341797,63.95000076293945,64.19000244140625,56.79252243041992,49448900,yahoo
2012-05-11,63.970001220703125,64.86000061035156,63.90999984741211,64.18000030517578,56.78367614746094,47099900,yahoo
2012-05-14,63.630001068115234,64.08000183105469,63.47999954223633,63.58000183105469,56.25283050537109,46360000,yahoo
2012-05-15,63.75,64.2699966430664,63.2599983215332,63.369998931884766,56.06703567504883,66908600,yahoo
2012-05-16,63.59000015258789,63.77999877929688,62.810001373291016,62.93999862670898,55.68656921386719,52825900,yahoo
2012-05-17,62.959999084472656,63.060001373291016,61.59999847412109,61.61000061035156,54.50984954833984,62253900,yahoo
2012-05-18,61.79999923706055,61.959999084472656,60.7599983215332,60.810001373291016,53.802040100097656,79496500,yahoo
2012-05-21,60.93000030517578,62.56999969482422,60.84999847412109,62.5099983215332,55.30613327026367,61473000,yahoo
2012-05-22,62.68999862670898,62.95000076293945,61.9900016784668,62.43999862670898,55.24419403076172,62954800,yahoo
2012-05-23,61.90999984741211,62.709999084472656,61.369998931884766,62.560001373291016,55.350379943847656,56951100,yahoo
2012-05-24,62.650001525878906,62.709999084472656,61.68999862670898,62.150001525878906,54.98761367797852,83131200,yahoo
2012-05-25,62.209999084472656,62.31999969482422,61.88999938964844,62.06999969482422,54.91683197021485,32078900,yahoo
2012-05-29,62.650001525878906,63.150001525878906,62.27999877929688,62.86000061035156,55.61578750610352,44216700,yahoo
2012-05-30,62.290000915527344,62.54999923706055,61.68000030517578,62.33000183105469,55.14687728881836,56431800,yahoo
2012-05-31,62.25,62.40999984741211,61.59000015258789,62.060001373291016,54.90798568725586,55260100,yahoo
2012-06-01,60.93999862670898,61.31999969482422,60.38999938964844,60.40999984741211,53.448150634765625,71430800,yahoo
2012-06-04,60.58000183105469,60.959999084472656,60.040000915527344,60.869998931884766,53.85512924194336,74119500,yahoo
2012-06-05,60.65999984741211,61.2400016784668,60.630001068115234,61.119998931884766,54.07632064819336,47916900,yahoo
2012-06-06,61.58000183105469,62.56999969482422,61.52000045776367,62.52000045776367,55.31499099731445,58781800,yahoo
2012-06-07,63.18000030517578,63.18000030517578,62.220001220703125,62.27000045776367,55.09379196166992,38414800,yahoo
2012-06-08,62.16999816894531,62.95000076293945,61.959999084472656,62.869998931884766,55.6246452331543,39730800,yahoo
2012-06-11,63.34999847412109,63.380001068115234,61.77000045776367,61.810001373291016,54.68680191040039,51008900,yahoo
2012-06-12,62.09999847412109,62.59000015258789,61.68000030517578,62.560001373291016,55.350379943847656,48802600,yahoo
2012-06-13,62.380001068115234,62.84999847412109,61.91999816894531,62.130001068115234,54.96992874145508,50840100,yahoo
2012-06-14,62.119998931884766,62.61000061035156,61.79999923706055,62.36000061035156,55.17341232299805,65170600,yahoo
2012-06-15,62.38999938964844,63.08000183105469,62.36000061035156,62.9900016784668,55.85890197753906,41536100,yahoo
2012-06-18,62.72999954223633,63.7400016784668,62.630001068115234,63.58000183105469,56.382102966308594,32191200,yahoo
2012-06-19,63.900001525878906,64.51000213623047,63.84999847412109,64.23999786376953,56.96739196777344,36476500,yahoo
2012-06-20,64.37999725341797,64.56999969482422,63.810001373291016,64.29000091552734,57.01173400878906,51389700,yahoo
2012-06-21,64.23999786376953,64.30999755859375,62.619998931884766,62.68999862670898,55.592872619628906,42492700,yahoo
2012-06-22,62.900001525878906,63.43000030517578,62.72999954223633,63.34999847412109,56.17814636230469,29504200,yahoo
2012-06-25,62.83000183105469,62.84999847412109,61.95000076293945,62.130001068115234,55.09626388549805,33136400,yahoo
2012-06-26,62.34000015258789,62.70000076293945,62.060001373291016,62.52000045776367,55.442115783691406,30611100,yahoo
2012-06-27,62.7599983215332,63.18000030517578,62.68999862670898,62.900001525878906,55.77907943725586,35705800,yahoo
2012-06-28,62.43000030517578,62.470001220703125,61.540000915527344,62.20000076293945,55.1583366394043,49793400,yahoo
2012-06-29,63.400001525878906,64.16000366210938,63.209999084472656,64.16000366210938,56.89645767211914,44761300,yahoo
2012-07-02,64.25,64.37999725341797,63.869998931884766,64.3499984741211,57.064937591552734,33425600,yahoo
2012-07-03,64.38999938964844,64.88999938964844,64.29000091552734,64.88999938964844,57.54378128051758,15895100,yahoo
2012-07-05,64.83000183105469,65.25,64.4800033569336,64.93000030517578,57.57926940917969,37016200,yahoo
2012-07-06,64.62999725341797,64.69000244140625,63.650001525878906,64.12000274658203,56.86097717285156,40684100,yahoo
2012-07-09,64.05000305175781,64.26000213623047,63.68000030517578,64.0,56.75455474853516,35628300,yahoo
2012-07-10,64.3499984741211,64.51000213623047,63.119998931884766,63.369998931884766,56.19589614868164,47365700,yahoo
2012-07-11,63.290000915527344,63.459999084472656,62.5,63.02000045776367,55.8855094909668,43432000,yahoo
2012-07-12,62.52000045776367,62.68999862670898,61.86000061035156,62.43000030517578,55.36229705810547,57680400,yahoo
2012-07-13,62.59999847412109,63.52000045776367,62.560001373291016,63.380001068115234,56.20475769042969,32357200,yahoo
2012-07-16,63.2400016784668,63.52000045776367,62.95000076293945,63.20000076293945,56.04512405395508,27621400,yahoo
2012-07-17,63.59999847412109,63.7400016784668,62.630001068115234,63.52999877929688,56.3377685546875,42467800,yahoo
2012-07-18,63.40999984741211,64.58000183105469,63.38999938964844,64.38999938964844,57.10040664672852,44489700,yahoo
2012-07-19,64.83999633789062,65.30999755859375,64.72000122070312,65.0999984741211,57.73003387451172,53017800,yahoo
2012-07-20,65.08000183105469,65.0999984741211,64.20999908447266,64.23999786376953,56.96739196777344,40573100,yahoo
2012-07-23,62.9900016784668,63.68000030517578,62.5099983215332,63.459999084472656,56.27570343017578,48657800,yahoo
2012-07-24,63.56999969482422,63.65999984741211,62.54999923706055,62.959999084472656,55.832305908203125,57269700,yahoo
2012-07-25,62.470001220703125,62.95000076293945,62.150001525878906,62.540000915527344,55.459842681884766,46264400,yahoo
2012-07-26,63.43999862670898,63.72999954223633,62.970001220703125,63.369998931884766,56.19589614868164,41928200,yahoo
2012-07-27,63.83000183105469,64.98999786376953,63.63999938964844,64.87000274658203,57.52607345581055,42621000,yahoo
2012-07-30,65.02999877929688,65.30999755859375,64.5999984741211,64.81999969482422,57.481719970703125,37821300,yahoo
2012-07-31,64.91999816894531,65.18000030517578,64.73999786376953,64.80000305175781,57.46400451660156,34588300,yahoo
2012-08-01,65.26000213623047,65.27999877929688,64.3499984741211,64.61000061035156,57.29549026489258,30920200,yahoo
2012-08-02,64.12000274658203,65.0199966430664,63.90999984741211,64.37999725341797,57.09152603149414,40534900,yahoo
2012-08-03,65.41999816894531,65.87999725341797,65.19000244140625,65.5999984741211,58.17342376708984,42117400,yahoo
2012-08-06,65.94000244140625,66.38999938964844,65.80000305175781,66.0999984741211,58.616817474365234,23523600,yahoo
2012-08-07,66.37999725341797,66.91999816894531,66.27999877929688,66.6500015258789,59.10455703735352,28223300,yahoo
2012-08-08,66.4800033569336,66.76000213623047,66.37000274658203,66.62000274658203,59.07795715332031,20723500,yahoo
2012-08-09,66.61000061035156,66.91000366210938,66.48999786376953,66.81999969482422,59.25532531738281,20726200,yahoo
2012-08-10,66.58000183105469,66.87999725341797,66.41000366210938,66.86000061035156,59.290794372558594,20312000,yahoo
2012-08-13,66.83999633789062,67.02999877929688,66.5,67.0199966430664,59.43265914916992,19890300,yahoo
2012-08-14,67.2699966430664,67.41000366210938,66.86000061035156,67.05000305175781,59.45927047729492,24218700,yahoo
2012-08-15,67.0,67.31999969482422,66.98999786376953,67.22000122070312,59.61003875732422,29100400,yahoo
2012-08-16,67.47000122070312,68.16999816894531,67.38999938964844,68.0199966430664,60.31943130493164,35699900,yahoo
2012-08-17,68.16999816894531,68.33000183105469,68.01000213623047,68.31999969482422,60.58552551269531,22584800,yahoo
2012-08-20,68.2699966430664,68.43000030517578,68.0,68.41999816894531,60.67416763305664,26924000,yahoo
2012-08-21,68.5999984741211,68.87999725341797,67.87999725341797,68.1500015258789,60.43474197387695,41391000,yahoo
2012-08-22,68.0,68.55999755859375,67.80999755859375,68.43000030517578,60.68305969238281,44555700,yahoo
2012-08-23,68.12000274658203,68.33999633789062,67.69000244140625,67.87000274658203,60.18645095825195,28800400,yahoo
2012-08-24,67.70999908447266,68.44999694824219,67.5999984741211,68.29000091552734,60.558895111083984,38384800,yahoo
2012-08-27,68.58000183105469,68.66999816894531,68.25,68.4000015258789,60.65644454956055,20671400,yahoo
2012-08-28,68.33999633789062,68.58999633789062,68.11000061035156,68.4000015258789,60.65644454956055,27337900,yahoo
2012-08-29,68.4000015258789,68.56999969482422,68.11000061035156,68.4000015258789,60.65644454956055,26672400,yahoo
2012-08-30,68.0999984741211,68.12999725341797,67.5999984741211,67.70999908447266,60.0445442199707,24425400,yahoo
2012-08-31,68.19999694824219,68.44999694824219,67.47000122070312,68.16000366210938,60.4436149597168,42128000,yahoo
2012-09-04,68.02999877929688,68.3499984741211,67.41999816894531,68.08999633789062,60.38153839111328,32017200,yahoo
2012-09-05,68.05999755859375,68.3499984741211,67.83999633789062,68.0199966430664,60.31943130493164,26129300,yahoo
2012-09-06,68.44000244140625,69.55000305175781,68.41999816894531,69.52999877929688,61.65849304199219,43100000,yahoo
2012-09-07,69.37000274658203,69.55000305175781,69.2300033569336,69.43000030517578,61.56984329223633,32958600,yahoo
2012-09-10,69.25,69.4000015258789,68.48999786376953,68.54000091552734,60.78058624267578,25490000,yahoo
2012-09-11,68.55000305175781,68.81999969482422,68.31999969482422,68.43000030517578,60.68305969238281,29810100,yahoo
2012-09-12,68.68000030517578,68.80999755859375,68.20999908447266,68.62999725341797,60.86038589477539,42203400,yahoo
2012-09-13,68.69000244140625,69.86000061035156,68.62000274658203,69.55999755859375,61.68514251708984,45417800,yahoo
2012-09-14,69.80999755859375,70.43000030517578,69.79000091552734,70.18000030517578,62.23494338989258,38880300,yahoo
2012-09-17,70.22000122070312,70.23999786376953,69.95999908447266,70.20999908447266,62.261512756347656,31798400,yahoo
2012-09-18,70.02999877929688,70.30000305175781,70.0199966430664,70.2699966430664,62.31471633911133,27169800,yahoo
2012-09-19,70.26000213623047,70.58000183105469,70.05999755859375,70.4000015258789,62.43004989624024,36484600,yahoo
2012-09-20,70.05999755859375,70.4000015258789,69.87000274658203,70.33000183105469,62.36791610717773,42520200,yahoo
2012-09-21,70.4800033569336,70.54000091552734,70.08000183105469,70.1500015258789,62.38574600219727,23678500,yahoo
2012-09-24,69.56999969482422,69.86000061035156,69.41999816894531,69.73999786376953,62.02109909057617,32341600,yahoo
2012-09-25,69.91999816894531,70.08000183105469,68.7300033569336,68.76000213623047,61.14960861206055,41299600,yahoo
2012-09-26,68.66999816894531,68.70999908447266,67.8499984741211,68.19999694824219,60.65155792236328,32770400,yahoo
2012-09-27,68.37000274658203,69.30000305175781,68.25,69.13999938964844,61.48750686645508,25339500,yahoo
2012-09-28,68.91000366210938,69.12000274658203,68.51000213623047,68.56999969482422,60.980655670166016,30112600,yahoo
2012-10-01,68.9000015258789,69.33000183105469,68.25,68.47000122070312,60.89167785644531,37715300,yahoo
2012-10-02,68.7699966430664,68.9800033569336,68.12999725341797,68.66999816894531,61.06954574584961,33254300,yahoo
2012-10-03,68.86000061035156,69.23999786376953,68.58999633789062,69.11000061035156,61.46084213256836,38236000,yahoo
2012-10-04,69.22000122070312,69.54000091552734,69.0,69.3499984741211,61.67428588867188,26128600,yahoo
2012-10-05,69.69999694824219,69.80000305175781,68.80000305175781,68.9800033569336,61.345245361328125,25207900,yahoo
2012-10-08,68.58000183105469,68.72000122070312,68.19000244140625,68.3499984741211,60.7849235534668,30911500,yahoo
2012-10-09,68.16999816894531,68.33999633789062,67.0999984741211,67.26000213623047,59.81560134887695,67974000,yahoo
2012-10-10,67.23999786376953,67.43000030517578,66.80000305175781,66.91999816894531,59.51322937011719,45134300,yahoo
2012-10-11,67.41999816894531,67.47000122070312,66.66999816894531,66.70999908447266,59.32646560668945,30469400,yahoo
2012-10-12,66.69999694824219,67.05999755859375,66.55000305175781,66.68000030517578,59.299781799316406,24891200,yahoo
2012-10-15,66.93000030517578,67.26000213623047,66.52999877929688,67.16999816894531,59.73555374145508,22220100,yahoo
2012-10-16,67.2699966430664,68.19999694824219,67.25,68.12000274658203,60.580413818359375,33960600,yahoo
2012-10-17,67.7699966430664,68.30000305175781,67.68000030517578,68.08000183105469,60.54485702514648,33439400,yahoo
2012-10-18,67.86000061035156,68.08000183105469,67.04000091552734,67.29000091552734,59.84228897094727,61707600,yahoo
2012-10-19,67.20999908447266,67.2699966430664,65.5999984741211,65.68000030517578,58.41047668457031,75362600,yahoo
2012-10-22,65.6500015258789,66.19000244140625,65.5,66.0199966430664,58.71282958984375,38621500,yahoo
2012-10-23,65.4800033569336,65.94999694824219,65.19000244140625,65.38999938964844,58.1525764465332,52591200,yahoo
2012-10-24,65.76000213623047,65.87000274658203,65.05999755859375,65.16000366210938,57.94802474975586,39872400,yahoo
2012-10-25,65.61000061035156,65.72000122070312,64.97000122070312,65.16000366210938,57.94802474975586,52688700,yahoo
2012-10-26,65.16000366210938,65.62000274658203,64.6500015258789,65.3499984741211,58.11700820922852,54213100,yahoo
2012-10-31,65.2699966430664,65.38999938964844,64.7300033569336,64.94999694824219,57.76125717163086,38524500,yahoo
2012-11-01,65.36000061035156,66.0,65.16999816894531,65.87000274658203,58.57944107055664,26945000,yahoo
2012-11-02,66.16999816894531,66.20999908447266,65.11000061035156,65.16999816894531,57.95691680908203,44083000,yahoo
2012-11-05,65.18000030517578,65.7300033569336,65.04000091552734,65.5999984741211,58.33932495117188,28094700,yahoo
2012-11-06,65.70999908447266,66.16999816894531,65.45999908447266,65.72000122070312,58.44602584838867,29608400,yahoo
2012-11-07,65.0199966430664,65.0999984741211,63.900001525878906,64.16999816894531,57.06760787963867,70737800,yahoo
2012-11-08,64.3499984741211,64.5,63.15999984741211,63.15999984741211,56.16938018798828,58585800,yahoo
2012-11-09,63.20000076293945,64.11000061035156,63.15999984741211,63.43000030517578,56.40949630737305,51542100,yahoo
2012-11-12,63.79999923706055,63.869998931884766,63.25,63.41999816894531,56.40060806274414,32663700,yahoo
2012-11-13,62.93000030517578,63.58000183105469,62.77999877929688,62.97999954223633,56.00930404663086,43288300,yahoo
2012-11-14,63.290000915527344,63.36000061035156,62.13999938964844,62.2400016784668,55.35120391845703,82655300,yahoo
2012-11-15,62.27999877929688,62.4900016784668,61.79999923706055,62.02999877929688,55.16445159912109,55124200,yahoo
2012-11-16,62.08000183105469,62.47999954223633,61.310001373291016,62.29999923706055,55.40456771850586,70873100,yahoo
2012-11-19,62.97999954223633,63.83000183105469,62.959999084472656,63.77999877929688,56.72076034545898,55306400,yahoo
2012-11-20,63.7599983215332,63.88999938964844,63.18999862670898,63.79999923706055,56.738555908203125,52012700,yahoo
2012-11-21,63.869998931884766,64.0199966430664,63.59999847412109,63.93000030517578,56.85416793823242,19611700,yahoo
2012-11-23,64.29000091552734,64.91999816894531,64.25,64.9000015258789,57.71680450439453,16462900,yahoo
2012-11-26,64.73999786376953,65.22000122070312,64.54000091552734,65.18000030517578,57.96581268310547,26430900,yahoo
2012-11-27,65.16999816894531,65.4000015258789,64.8499984741211,64.95999908447266,57.77016830444336,25828600,yahoo
2012-11-28,64.6500015258789,65.56999969482422,64.25,65.5199966430664,58.26816177368164,37295800,yahoo
2012-11-29,65.87000274658203,66.13999938964844,65.58000183105469,65.91000366210938,58.61500930786133,41136100,yahoo
2012-11-30,65.91999816894531,65.97000122070312,65.61000061035156,65.80000305175781,58.517189025878906,33497400,yahoo
2012-12-03,66.30999755859375,66.37000274658203,65.63999938964844,65.66999816894531,58.40158462524414,28240000,yahoo
2012-12-04,65.69999694824219,65.7699966430664,65.19999694824219,65.62999725341797,58.36602020263672,49584500,yahoo
2012-12-05,65.52999877929688,65.54000091552734,64.55000305175781,64.9000015258789,57.71680450439453,54076200,yahoo
2012-12-06,64.69999694824219,65.4800033569336,64.52999877929688,65.31999969482422,58.09030151367188,47512300,yahoo
2012-12-07,65.63999938964844,65.70999908447266,64.70999908447266,64.93000030517578,57.74347686767578,30089400,yahoo
2012-12-10,64.75,65.45999908447266,64.75,65.12000274658203,57.912445068359375,33219600,yahoo
2012-12-11,65.56999969482422,66.33999633789062,65.5199966430664,65.97000122070312,58.66837310791016,40750800,yahoo
2012-12-12,66.31999969482422,66.31999969482422,65.6500015258789,65.83000183105469,58.54388427734375,45917700,yahoo
2012-12-13,65.69999694824219,66.16000366210938,65.02999877929688,65.30999755859375,58.081424713134766,45467700,yahoo
2012-12-14,64.87000274658203,65.08000183105469,64.47000122070312,64.69000244140625,57.53004455566406,39630300,yahoo
2012-12-17,64.75,65.56999969482422,64.66000366210938,65.55000305175781,58.29485321044922,42302900,yahoo
2012-12-18,65.87999725341797,66.6500015258789,65.69999694824219,66.55000305175781,59.184173583984375,55596000,yahoo
2012-12-19,66.73999786376953,66.76000213623047,66.22000122070312,66.26000213623047,58.92626953125,34832500,yahoo
2012-12-20,66.37999725341797,66.41000366210938,65.93000030517578,66.26000213623047,58.92626953125,40754300,yahoo
2012-12-21,64.87999725341797,65.27999877929688,64.5999984741211,65.19999694824219,58.3065299987793,51152900,yahoo
2012-12-24,65.02999877929688,65.13999938964844,64.91999816894531,65.06999969482422,58.190277099609375,11418300,yahoo
2012-12-26,65.12000274658203,65.18000030517578,64.29000091552734,64.5,57.6805534362793,21751300,yahoo
2012-12-27,64.55999755859375,64.63999938964844,63.59999847412109,64.4000015258789,57.59114456176758,52933200,yahoo
2012-12-28,63.90999984741211,64.43000030517578,63.75,63.77999877929688,57.03667449951172,33082100,yahoo
2012-12-31,63.709999084472656,65.25,63.58000183105469,65.12999725341797,58.24394989013672,57544000,yahoo
2013-01-02,66.7300033569336,67.2300033569336,66.4800033569336,67.19999694824219,60.09508895874024,70695900,yahoo
2013-01-03,67.19999694824219,67.33999633789062,66.6500015258789,66.8499984741211,59.78211212158203,47366500,yahoo
2013-01-04,66.87999725341797,66.87999725341797,66.47000122070312,66.62999725341797,59.58534622192383,33972500,yahoo
2013-01-07,66.45999908447266,66.76000213623047,66.25,66.6500015258789,59.60325241088867,26766200,yahoo
2013-01-08,66.63999938964844,66.81999969482422,66.16999816894531,66.5199966430664,59.48697662353516,28734900,yahoo
2013-01-09,66.62000274658203,66.94999694824219,66.55000305175781,66.7699966430664,59.71053695678711,25600300,yahoo
2013-01-10,67.2300033569336,67.2699966430664,66.55000305175781,67.16999816894531,60.06825256347656,37528000,yahoo
2013-01-11,67.13999938964844,67.29000091552734,67.0,67.26000213623047,60.14874649047852,21158600,yahoo
2013-01-14,66.91999816894531,67.1500015258789,66.66999816894531,66.95999908447266,59.88046646118164,36768500,yahoo
2013-01-15,66.62999725341797,66.7300033569336,66.33000183105469,66.62999725341797,59.58534622192383,31675300,yahoo
2013-01-16,66.72000122070312,67.12999725341797,66.5999984741211,66.9000015258789,59.82679748535156,33822300,yahoo
2013-01-17,67.16999816894531,67.4800033569336,67.05999755859375,67.22000122070312,60.11299133300781,32024200,yahoo
2013-01-18,67.0199966430664,67.13999938964844,66.7699966430664,67.06999969482422,59.97882843017578,31992000,yahoo
2013-01-22,67.13999938964844,67.2300033569336,66.7300033569336,67.18000030517578,60.07719421386719,32123100,yahoo
2013-01-23,67.55999755859375,67.79000091552734,67.45999908447266,67.58999633789062,60.44384765625,31975700,yahoo
2013-01-24,66.66000366210938,67.27999877929688,66.55999755859375,66.66000366210938,59.61216735839844,42596300,yahoo
2013-01-25,66.87000274658203,67.19000244140625,66.73999786376953,67.0,59.91624069213867,39240100,yahoo
2013-01-28,67.01000213623047,67.37999725341797,66.93000030517578,67.1500015258789,60.05035018920898,32926100,yahoo
2013-01-29,67.06999969482422,67.30999755859375,66.62999725341797,67.16000366210938,60.05934524536133,35554700,yahoo
2013-01-30,67.27999877929688,67.4800033569336,66.87000274658203,67.0199966430664,59.93410110473633,34445000,yahoo
2013-01-31,66.98999786376953,67.3499984741211,66.80999755859375,66.87000274658203,59.79998397827149,34870500,yahoo
2013-02-01,67.33999633789062,67.77999877929688,67.06999969482422,67.66000366210938,60.50645446777344,53120800,yahoo
2013-02-04,67.2699966430664,67.45999908447266,66.45999908447266,66.4800033569336,59.45123291015625,48483700,yahoo
2013-02-05,66.7699966430664,67.66999816894531,66.61000061035156,67.45999908447266,60.32762908935547,35120300,yahoo
2013-02-06,67.23999786376953,67.55000305175781,67.04000091552734,67.23999786376953,60.1308479309082,43593200,yahoo
2013-02-07,67.31999969482422,67.37000274658203,66.55999755859375,67.30000305175781,60.18450546264648,46017900,yahoo
2013-02-08,67.63999938964844,68.12999725341797,67.62999725341797,67.98999786376953,60.801570892333984,39837200,yahoo
2013-02-11,68.02999877929688,68.05999755859375,67.77999877929688,68.01000213623047,60.81944274902344,17650400,yahoo
2013-02-12,67.91999816894531,68.05000305175781,67.66000366210938,67.7300033569336,60.56906127929688,22057900,yahoo
2013-02-13,67.93000030517578,68.2300033569336,67.7699966430664,67.97000122070312,60.78369140625,23494700,yahoo
2013-02-14,67.66000366210938,68.05000305175781,67.62000274658203,67.94999694824219,60.76578521728516,24478800,yahoo
2013-02-15,67.94000244140625,68.11000061035156,67.55999755859375,67.75,60.58691787719727,25333600,yahoo
2013-02-19,67.87999725341797,68.26000213623047,67.86000061035156,68.23999786376953,61.0251350402832,23436500,yahoo
2013-02-20,68.22000122070312,68.25,67.18000030517578,67.19000244140625,60.086158752441406,38200300,yahoo
2013-02-21,66.94000244140625,67.01000213623047,66.2300033569336,66.47000122070312,59.44226837158203,45855600,yahoo
2013-02-22,66.8499984741211,67.1500015258789,66.58999633789062,67.13999938964844,60.04142379760742,21968000,yahoo
2013-02-25,67.56999969482422,67.80999755859375,66.25,66.30999755859375,59.29918670654297,40927600,yahoo
2013-02-26,66.4000015258789,66.68000030517578,65.95999908447266,66.55999755859375,59.522743225097656,42088800,yahoo
2013-02-27,66.55999755859375,67.6500015258789,66.47000122070312,67.23999786376953,60.1308479309082,36339500,yahoo
2013-02-28,67.25,67.73999786376953,67.08999633789062,67.0999984741211,60.00565719604492,28557300,yahoo
2013-03-01,66.87000274658203,67.5,66.54000091552734,67.37999725341797,60.25604248046875,31617200,yahoo
2013-03-04,67.16000366210938,67.69000244140625,67.06999969482422,67.68000030517578,60.52433395385742,19380500,yahoo
2013-03-05,68.08000183105469,68.7699966430664,68.08000183105469,68.68000030517578,61.41861343383789,35581900,yahoo
2013-03-06,68.88999938964844,68.91000366210938,68.41999816894531,68.51000213623047,61.266563415527344,29071100,yahoo
2013-03-07,68.58999633789062,68.80000305175781,68.44999694824219,68.69000244140625,61.42757415771485,21775900,yahoo
2013-03-08,68.91999816894531,69.0199966430664,68.5,68.7699966430664,61.49910354614258,26159900,yahoo
2013-03-11,68.68000030517578,68.98999786376953,68.47000122070312,68.97000122070312,61.67795944213867,23187900,yahoo
2013-03-12,68.7699966430664,68.93000030517578,68.38999938964844,68.72000122070312,61.45438766479492,27575400,yahoo
2013-03-13,68.80999755859375,68.88999938964844,68.38999938964844,68.62999725341797,61.37389755249024,34297300,yahoo
2013-03-14,68.87000274658203,69.01000213623047,68.70999908447266,68.86000061035156,61.57957458496094,31530800,yahoo
2013-03-15,68.75,68.79000091552734,68.33999633789062,68.51000213623047,61.40835952758789,30752600,yahoo
2013-03-18,67.87999725341797,68.63999938964844,67.7300033569336,68.36000061035156,61.273921966552734,36163000,yahoo
2013-03-19,68.56999969482422,68.69999694824219,67.62000274658203,68.2300033569336,61.15739822387695,33125100,yahoo
2013-03-20,68.70999908447266,68.86000061035156,68.38999938964844,68.70999908447266,61.5876579284668,28035400,yahoo
2013-03-21,68.08000183105469,68.25,67.7699966430664,67.93000030517578,60.88851165771485,30050800,yahoo
2013-03-22,68.20999908447266,68.63999938964844,68.12999725341797,68.58999633789062,61.480098724365234,28837200,yahoo
2013-03-25,68.80999755859375,68.95999908447266,68.01000213623047,68.33999633789062,61.25600051879883,24909800,yahoo
2013-03-26,68.5999984741211,68.7300033569336,68.44999694824219,68.70999908447266,61.5876579284668,19725200,yahoo
2013-03-27,68.23999786376953,68.8499984741211,68.13999938964844,68.80000305175781,61.66831970214844,22539500,yahoo
2013-03-28,68.80000305175781,69.05999755859375,68.63999938964844,68.97000122070312,61.82070541381836,23662800,yahoo
2013-04-01,69.0199966430664,69.08999633789062,68.30999755859375,68.5,61.3994369506836,28112800,yahoo
2013-04-02,68.83000183105469,69.2699966430664,68.7699966430664,69.04000091552734,61.88345336914063,29431900,yahoo
2013-04-03,69.08000183105469,69.18000030517578,68.23999786376953,68.41000366210938,61.318729400634766,35131200,yahoo
2013-04-04,68.37999725341797,68.5999984741211,68.05999755859375,68.43000030517578,61.33668518066406,32287400,yahoo
2013-04-05,67.3499984741211,67.95999908447266,67.19000244140625,67.86000061035156,60.82574462890625,55610800,yahoo
2013-04-08,67.88999938964844,68.23999786376953,67.69000244140625,68.22000122070312,61.1484260559082,17891600,yahoo
2013-04-09,68.4000015258789,68.95999908447266,68.08999633789062,68.68000030517578,61.56075668334961,30931400,yahoo
2013-04-10,68.91999816894531,70.16999816894531,68.87999725341797,70.0199966430664,62.76184844970703,55271300,yahoo
2013-04-11,69.8499984741211,70.1500015258789,69.7699966430664,69.98999786376953,62.73497772216797,37233600,yahoo
2013-04-12,69.81999969482422,69.98999786376953,69.41000366210938,69.94000244140625,62.69013595581055,32783700,yahoo
2013-04-15,69.68000030517578,69.79000091552734,68.4800033569336,68.55999755859375,61.45318222045898,48795800,yahoo
2013-04-16,68.94999694824219,69.55000305175781,68.80999755859375,69.47000122070312,62.26887512207031,27682600,yahoo
2013-04-17,68.87000274658203,68.88999938964844,67.70999908447266,68.11000061035156,61.04985046386719,60204800,yahoo
2013-04-18,68.29000091552734,68.33000183105469,66.87999725341797,67.16999816894531,60.20726776123047,56798200,yahoo
2013-04-19,67.30000305175781,68.2300033569336,67.19999694824219,68.08999633789062,61.03192138671875,43062800,yahoo
2013-04-22,68.33000183105469,69.04000091552734,68.08000183105469,68.79000091552734,61.65938186645508,34412100,yahoo
2013-04-23,69.18000030517578,69.69999694824219,68.81999969482422,69.44999694824219,62.25092315673828,53078300,yahoo
2013-04-24,69.27999877929688,69.66999816894531,69.12000274658203,69.41999816894531,62.22405242919922,44500700,yahoo
2013-04-25,69.5999984741211,70.05000305175781,69.58999633789062,69.79000091552734,62.55571365356445,26437100,yahoo
2013-04-26,69.62000274658203,69.7699966430664,69.2699966430664,69.56999969482422,62.35850143432617,24079800,yahoo
2013-04-29,69.79000091552734,70.4800033569336,69.76000213623047,70.20999908447266,62.9321517944336,31664000,yahoo
2013-04-30,70.30000305175781,70.7300033569336,70.04000091552734,70.72000122070312,63.3892822265625,30135800,yahoo
2013-05-01,70.73999786376953,70.8499984741211,70.25,70.38999938964844,63.093505859375,28537200,yahoo
2013-05-02,70.51000213623047,71.43000030517578,70.44999694824219,71.27999877929688,63.8912239074707,31744200,yahoo
2013-05-03,71.97000122070312,72.33999633789062,71.91000366210938,72.12000274658203,64.64414978027344,34061700,yahoo
2013-05-06,72.25,72.51000213623047,72.19000244140625,72.4000015258789,64.89514923095703,19244300,yahoo
2013-05-07,72.5199966430664,72.56999969482422,72.08999633789062,72.36000061035156,64.85932159423828,25838100,yahoo
2013-05-08,72.31999969482422,72.7699966430664,72.19999694824219,72.70999908447266,65.17301177978516,24252100,yahoo
2013-05-09,72.56999969482422,73.0999984741211,72.47000122070312,72.61000061035156,65.08338165283203,29337200,yahoo
2013-05-10,72.76000213623047,73.08000183105469,72.62999725341797,73.05000305175781,65.47775268554688,20663700,yahoo
2013-05-13,72.93000030517578,73.31999969482422,72.86000061035156,73.13999938964844,65.55844116210938,29730100,yahoo
2013-05-14,73.16000366210938,73.73999786376953,73.12999725341797,73.5199966430664,65.89905548095703,36009800,yahoo
2013-05-15,73.37999725341797,73.73999786376953,73.19999694824219,73.66999816894531,66.03350067138672,27214400,yahoo
2013-05-16,73.7300033569336,74.0999984741211,73.55000305175781,73.58999633789062,65.96182250976562,27253400,yahoo
2013-05-17,73.97000122070312,74.33000183105469,73.7300033569336,74.30000305175781,66.59820556640625,31114500,yahoo
2013-05-20,74.16000366210938,74.43000030517578,73.88999938964844,74.19000244140625,66.49959564208984,25132400,yahoo
2013-05-21,74.1500015258789,74.54000091552734,73.88999938964844,74.2699966430664,66.5712890625,25900000,yahoo
2013-05-22,74.36000061035156,74.94999694824219,73.23999786376953,73.62000274658203,65.98867797851562,59843200,yahoo
2013-05-23,72.97000122070312,73.69999694824219,72.83000183105469,73.44999694824219,65.83631134033203,48222100,yahoo
2013-05-24,72.95999908447266,73.43000030517578,72.76000213623047,73.41000366210938,65.80046081542969,26430300,yahoo
2013-05-28,74.2699966430664,74.54000091552734,73.66000366210938,73.88999938964844,66.2306900024414,27057100,yahoo
2013-05-29,73.5999984741211,73.80000305175781,73.12000274658203,73.54000091552734,65.91699981689453,32090300,yahoo
2013-05-30,73.56999969482422,74.27999877929688,73.55000305175781,73.93000030517578,66.26656341552734,32390500,yahoo
2013-05-31,73.6500015258789,74.20999908447266,73.16999816894531,73.25,65.65705871582031,38347600,yahoo
2013-06-03,73.26000213623047,73.4000015258789,72.43000030517578,73.37999725341797,65.77357482910156,47613100,yahoo
2013-06-04,73.52999877929688,73.81999969482422,72.69999694824219,73.0,65.4329605102539,35251900,yahoo
2013-06-05,72.76000213623047,73.04000091552734,71.98999786376953,72.05000305175781,64.5814208984375,48654200,yahoo
2013-06-06,72.1500015258789,72.41000366210938,71.47000122070312,72.4000015258789,64.89514923095703,62524100,yahoo
2013-06-07,72.69999694824219,73.47000122070312,72.5199966430664,73.38999938964844,65.78251647949219,31969800,yahoo
2013-06-10,73.52999877929688,73.76000213623047,73.26000213623047,73.41999816894531,65.80941772460938,25390000,yahoo
2013-06-11,72.69000244140625,73.33999633789062,72.44000244140625,72.69000244140625,65.15510559082031,40278900,yahoo
2013-06-12,73.11000061035156,73.13999938964844,71.73999786376953,71.8499984741211,64.40217590332031,42081900,yahoo
2013-06-13,71.75,72.91999816894531,71.55000305175781,72.76000213623047,65.21784973144531,28221500,yahoo
2013-06-14,72.76000213623047,72.83999633789062,72.16999816894531,72.27999877929688,64.7875747680664,27690700,yahoo
2013-06-17,72.8499984741211,73.4000015258789,72.5999984741211,72.9800033569336,65.4150161743164,32441900,yahoo
2013-06-18,73.08000183105469,73.72000122070312,73.05999755859375,73.58000183105469,65.95281982421875,24853100,yahoo
2013-06-19,73.5999984741211,73.68000030517578,72.68000030517578,72.76000213623047,65.21784973144531,43145100,yahoo
2013-06-20,71.91999816894531,72.16000366210938,70.79000091552734,71.02999877929688,63.66714859008789,60908400,yahoo
2013-06-21,70.77999877929688,70.97000122070312,69.83999633789062,70.43000030517578,63.32907104492188,51558900,yahoo
2013-06-24,69.8499984741211,70.2699966430664,69.1500015258789,69.7300033569336,62.699649810791016,41492300,yahoo
2013-06-25,70.4000015258789,70.5199966430664,69.80999755859375,70.23999786376953,63.15821838378906,28897400,yahoo
2013-06-26,70.83999633789062,71.0,70.58999633789062,70.87000274658203,63.72469329833984,23742300,yahoo
2013-06-27,71.23999786376953,71.62000274658203,71.12999725341797,71.16999816894531,63.99443817138672,23545000,yahoo
2013-06-28,70.94999694824219,71.69000244140625,70.79000091552734,71.2699966430664,64.08435821533203,28301100,yahoo
2013-07-01,71.75,72.30000305175781,71.63999938964844,71.70999908447266,64.48002624511719,24942800,yahoo
2013-07-02,71.68000030517578,72.18000030517578,71.3499984741211,71.73999786376953,64.50700378417969,23067900,yahoo
2013-07-03,71.4800033569336,72.37000274658203,71.41999816894531,72.02999877929688,64.76776885986328,18847500,yahoo
2013-07-05,72.44000244140625,72.61000061035156,71.86000061035156,72.58000183105469,65.26229095458984,28795900,yahoo
2013-07-08,72.95999908447266,72.98999786376953,72.37999725341797,72.6500015258789,65.32524108886719,20558500,yahoo
2013-07-09,72.98999786376953,73.25,72.6500015258789,73.08999633789062,65.72085571289062,26108600,yahoo
2013-07-10,73.0199966430664,73.62000274658203,72.9800033569336,73.51000213623047,66.09851837158203,25598900,yahoo
2013-07-11,74.30000305175781,75.02999877929688,74.25,74.97000122070312,67.41133117675781,47768900,yahoo
2013-07-12,75.0199966430664,75.3499984741211,74.81999969482422,75.30000305175781,67.70806121826172,31412600,yahoo
2013-07-15,75.37999725341797,75.5199966430664,75.16999816894531,75.47000122070312,67.86092376708984,19783600,yahoo
2013-07-16,75.52999877929688,75.58999633789062,75.18000030517578,75.37000274658203,67.7710189819336,31747100,yahoo
2013-07-17,75.5999984741211,75.73999786376953,75.3499984741211,75.55999755859375,67.94184875488281,24631500,yahoo
2013-07-18,75.55000305175781,75.73999786376953,75.25,75.37000274658203,67.7710189819336,36278800,yahoo
2013-07-19,74.72000122070312,74.73999786376953,74.37000274658203,74.58999633789062,67.06966400146484,37732400,yahoo
2013-07-22,74.87000274658203,74.9800033569336,74.58000183105469,74.80999755859375,67.2674560546875,21135900,yahoo
2013-07-23,74.94999694824219,74.95999908447266,74.19999694824219,74.26000213623047,66.77294921875,24739500,yahoo
2013-07-24,74.98999786376953,75.0199966430664,74.33000183105469,74.5,66.98871612548828,24426900,yahoo
2013-07-25,74.8499984741211,75.05999755859375,74.45999908447266,74.97000122070312,67.41133117675781,23162200,yahoo
2013-07-26,74.66999816894531,75.37999725341797,74.55000305175781,75.37000274658203,67.7710189819336,20885600,yahoo
2013-07-29,75.22000122070312,75.54000091552734,75.02999877929688,75.2300033569336,67.64514923095703,20958400,yahoo
2013-07-30,75.5,75.94999694824219,75.3499984741211,75.62999725341797,68.00479125976562,24104600,yahoo
2013-07-31,75.77999877929688,76.20999908447266,75.62999725341797,75.7699966430664,68.13066864013672,25007600,yahoo
2013-08-01,76.29000091552734,76.6500015258789,76.20999908447266,76.54000091552734,68.82305145263672,16880000,yahoo
2013-08-02,76.55000305175781,76.98999786376953,76.37999725341797,76.97000122070312,69.20967102050781,18105300,yahoo
2013-08-05,76.93000030517578,77.08000183105469,76.77999877929688,77.0199966430664,69.25465393066406,15462800,yahoo
2013-08-06,76.91999816894531,76.98999786376953,76.25,76.55999755859375,68.84104919433594,23675400,yahoo
2013-08-07,76.33999633789062,76.56999969482422,75.87000274658203,76.41999816894531,68.71516418457031,20281200,yahoo
2013-08-08,76.83999633789062,76.9800033569336,76.30000305175781,76.80000305175781,69.0568618774414,19994000,yahoo
2013-08-09,76.66999816894531,76.94000244140625,76.2699966430664,76.48999786376953,68.778076171875,18558500,yahoo
2013-08-12,76.19999694824219,76.80999755859375,76.19000244140625,76.66999816894531,68.93994903564453,20515900,yahoo
2013-08-13,76.7699966430664,77.2699966430664,76.22000122070312,77.0999984741211,69.32657623291016,23917000,yahoo
2013-08-14,77.06999969482422,77.18000030517578,76.69999694824219,76.80999755859375,69.06582641601562,29921000,yahoo
2013-08-15,75.94999694824219,75.98999786376953,75.29000091552734,75.51000213623047,67.89690399169922,39406600,yahoo
2013-08-16,75.5199966430664,75.87000274658203,75.3499984741211,75.4800033569336,67.8698959350586,23825000,yahoo
2013-08-19,75.48999786376953,76.12999725341797,75.33000183105469,75.3499984741211,67.7530517578125,29586900,yahoo
2013-08-20,75.48999786376953,76.02999877929688,75.43000030517578,75.68000030517578,68.04975128173828,18842800,yahoo
2013-08-21,75.44000244140625,76.08999633789062,75.13999938964844,75.41999816894531,67.81596374511719,30705100,yahoo
2013-08-22,75.75,76.20999908447266,75.70999908447266,76.16000366210938,68.48136901855469,17269500,yahoo
2013-08-23,76.69999694824219,76.7699966430664,76.4000015258789,76.66999816894531,68.93994903564453,20697300,yahoo
2013-08-26,76.7300033569336,77.27999877929688,76.55000305175781,76.70999908447266,68.97589874267578,27525500,yahoo
2013-08-27,75.80000305175781,76.18000030517578,74.95999908447266,75.13999938964844,67.56419372558594,40068900,yahoo
2013-08-28,75.05000305175781,75.75,75.05000305175781,75.43000030517578,67.8249740600586,20490400,yahoo
2013-08-29,75.41000366210938,76.33999633789062,75.30000305175781,75.95999908447266,68.30155181884766,27287900,yahoo
2013-08-30,76.04000091552734,76.04000091552734,75.19999694824219,75.47000122070312,67.86092376708984,26228500,yahoo
2013-09-03,76.08999633789062,76.44000244140625,75.54000091552734,75.9000015258789,68.24754333496094,27241500,yahoo
2013-09-04,76.16000366210938,76.83999633789062,75.93000030517578,76.70999908447266,68.97589874267578,27142900,yahoo
2013-09-05,76.76000213623047,77.05999755859375,76.7300033569336,76.83999633789062,69.09278869628906,17809700,yahoo
2013-09-06,77.0999984741211,77.33999633789062,76.05000305175781,76.93000030517578,69.1737289428711,27715100,yahoo
2013-09-09,77.26000213623047,77.95999908447266,77.2300033569336,77.83000183105469,69.98297882080078,25161900,yahoo
2013-09-10,78.27999877929688,78.31999969482422,77.91999816894531,78.20999908447266,70.3246841430664,27619400,yahoo
2013-09-11,77.69000244140625,78.11000061035156,77.58999633789062,78.05999755859375,70.18981170654297,28132900,yahoo
2013-09-12,78.08000183105469,78.25,77.8499984741211,78.01000213623047,70.14484405517578,18332700,yahoo
2013-09-13,78.08999633789062,78.13999938964844,77.63999938964844,78.05999755859375,70.18981170654297,16932500,yahoo
2013-09-16,78.72000122070312,78.72000122070312,77.66999816894531,77.8499984741211,70.00096893310547,25704300,yahoo
2013-09-17,78.0199966430664,78.47000122070312,77.9800033569336,78.37000274658203,70.46851348876953,27174300,yahoo
2013-09-18,78.48999786376953,79.47000122070312,78.33000183105469,79.30999755859375,71.31377410888672,31714700,yahoo
2013-09-19,79.55999755859375,79.69000244140625,79.36000061035156,79.5,71.4845962524414,26435700,yahoo
2013-09-20,79.44999694824219,79.54000091552734,78.94999694824219,78.98999786376953,71.23930358886719,26328900,yahoo
2013-09-23,79.31999969482422,79.41000366210938,78.45999908447266,78.83000183105469,71.09502410888672,30319400,yahoo
2013-09-24,79.0,79.25,78.56999969482422,78.83000183105469,71.09502410888672,21871300,yahoo
2013-09-25,78.88999938964844,79.0,78.4000015258789,78.55999755859375,70.85147857666016,22746400,yahoo
2013-09-26,78.87999725341797,79.36000061035156,78.8499984741211,79.16999816894531,71.40164947509766,22421700,yahoo
2013-09-27,78.70999908447266,79.20999908447266,78.58999633789062,79.06999969482422,71.31145477294922,25151600,yahoo
2013-09-30,78.25,79.08999633789062,78.0,78.87999725341797,71.14009094238281,28031900,yahoo
2013-10-01,78.88999938964844,79.72000122070312,78.8499984741211,79.68000030517578,71.86160278320312,33129700,yahoo
2013-10-02,79.13999938964844,79.76000213623047,79.05999755859375,79.6500015258789,71.83454895019531,25503800,yahoo
2013-10-03,79.55000305175781,79.72000122070312,78.30000305175781,78.72000122070312,70.99577331542969,42998200,yahoo
2013-10-04,78.72000122070312,79.51000213623047,78.6500015258789,79.4000015258789,71.60906982421875,22852700,yahoo
2013-10-07,78.69999694824219,79.3499984741211,78.66999816894531,78.73999786376953,71.01383209228516,20227100,yahoo
2013-10-08,78.73999786376953,78.80999755859375,77.19000244140625,77.22000122070312,69.64299774169922,43660700,yahoo
2013-10-09,77.4000015258789,77.44000244140625,76.3499984741211,76.9800033569336,69.42655181884766,64526700,yahoo
2013-10-10,77.80999755859375,78.79000091552734,77.79000091552734,78.61000061035156,70.8966064453125,48062700,yahoo
2013-10-11,78.41000366210938,79.29000091552734,78.4000015258789,79.2300033569336,71.45574951171875,25214100,yahoo
2013-10-14,78.73999786376953,79.79000091552734,78.68000030517578,79.79000091552734,71.96078491210938,31471900,yahoo
2013-10-15,79.7300033569336,80.11000061035156,79.37999725341797,79.4800033569336,71.68119812011719,38684000,yahoo
2013-10-16,79.8499984741211,80.41999816894531,79.79000091552734,80.37999725341797,72.49291229248047,46735900,yahoo
2013-10-17,80.0199966430664,80.87000274658203,79.94999694824219,80.83999633789062,72.90774536132812,32193500,yahoo
2013-10-18,81.58000183105469,82.18000030517578,81.3499984741211,82.1500015258789,74.08926391601562,39628200,yahoo
2013-10-21,82.33999633789062,82.54000091552734,82.06999969482422,82.33000183105469,74.25154876708984,31176900,yahoo
2013-10-22,82.6500015258789,82.9000015258789,81.93000030517578,82.44999694824219,74.35980224609375,43944800,yahoo
2013-10-23,82.05000305175781,82.19999694824219,81.55000305175781,81.94999694824219,73.90884399414062,38021300,yahoo
2013-10-24,82.0,82.4800033569336,81.87999725341797,82.30999755859375,74.2335205078125,23155100,yahoo
2013-10-25,83.08000183105469,83.27999877929688,82.5,82.9000015258789,74.7656478881836,35824500,yahoo
2013-10-28,82.91000366210938,83.05000305175781,82.55000305175781,82.91999816894531,74.78368377685547,28618400,yahoo
2013-10-29,83.19999694824219,83.26000213623047,82.69999694824219,83.05999755859375,74.90995025634766,36878100,yahoo
2013-10-30,83.3499984741211,83.48999786376953,82.58000183105469,82.9800033569336,74.83781433105469,33535500,yahoo
2013-10-31,82.7699966430664,83.30000305175781,82.4800033569336,82.79000091552734,74.66645050048828,31309900,yahoo
2013-11-01,83.06999969482422,83.16999816894531,82.4000015258789,82.80999755859375,74.68447875976562,30867800,yahoo
2013-11-04,83.05999755859375,83.06999969482422,82.63999938964844,82.93000030517578,74.79268646240234,16834000,yahoo
2013-11-05,82.61000061035156,83.22000122070312,82.37000274658203,83.0199966430664,74.87384796142578,27975600,yahoo
2013-11-06,83.37000274658203,83.4000015258789,82.7300033569336,83.0,74.85584259033203,25576800,yahoo
2013-11-07,83.01000213623047,83.12999725341797,81.37000274658203,81.44000244140625,73.44892120361328,52173200,yahoo
2013-11-08,81.73999786376953,82.55999755859375,81.51000213623047,82.54000091552734,74.44097900390625,31470500,yahoo
2013-11-11,82.41999816894531,82.63999938964844,82.13999938964844,82.41000366210938,74.32372283935547,24822900,yahoo
2013-11-12,82.16000366210938,82.66000366210938,82.12000274658203,82.54000091552734,74.44097900390625,20108500,yahoo
2013-11-13,82.0,83.55000305175781,82.0,83.54000091552734,75.34284973144531,31345900,yahoo
2013-11-14,83.31999969482422,83.86000061035156,83.13999938964844,83.80000305175781,75.57733154296875,31101200,yahoo
2013-11-15,83.81999969482422,83.95999908447266,83.61000061035156,83.95999908447266,75.72162628173828,20511300,yahoo
2013-11-18,83.94000244140625,84.11000061035156,82.9800033569336,83.13999938964844,74.9820785522461,31679600,yahoo
2013-11-19,83.08999633789062,83.48999786376953,82.76000213623047,82.9000015258789,74.7656478881836,25545300,yahoo
2013-11-20,83.12000274658203,83.43000030517578,82.45999908447266,82.69999694824219,74.58527374267578,32177400,yahoo
2013-11-21,83.05000305175781,83.61000061035156,82.9800033569336,83.54000091552734,75.34284973144531,28125000,yahoo
2013-11-22,83.68000030517578,84.0199966430664,83.62000274658203,83.98999786376953,75.74869537353516,25361300,yahoo
2013-11-25,84.29000091552734,84.37999725341797,83.9800033569336,84.19000244140625,75.92906951904297,21695100,yahoo
2013-11-26,84.20999908447266,84.83999633789062,84.02999877929688,84.62999725341797,76.32588958740234,26621000,yahoo
2013-11-27,84.80000305175781,85.23999786376953,84.7300033569336,85.22000122070312,76.85797882080078,21638100,yahoo
2013-11-29,85.55999755859375,85.83999633789062,85.47000122070312,85.7300033569336,77.31797790527344,16708900,yahoo
2013-12-02,85.83000183105469,85.95999908447266,85.3499984741211,85.4800033569336,77.09248352050781,26354600,yahoo
2013-12-03,85.41999816894531,85.63999938964844,85.08000183105469,85.41000366210938,77.02937316894531,37147000,yahoo
2013-12-04,85.05000305175781,85.7699966430664,84.77999877929688,85.48999786376953,77.10149383544922,37193200,yahoo
2013-12-05,85.55999755859375,85.66000366210938,85.16999816894531,85.37999725341797,77.00228118896484,39829300,yahoo
2013-12-06,86.0999984741211,86.18000030517578,85.58999633789062,86.0,77.56145477294922,36842900,yahoo
2013-12-09,86.3499984741211,86.52999877929688,86.19999694824219,86.3499984741211,77.87712860107422,22590000,yahoo
2013-12-10,86.20999908447266,86.44999694824219,86.12000274658203,86.29000091552734,77.8230209350586,26965900,yahoo
2013-12-11,86.27999877929688,86.4000015258789,85.05999755859375,85.18000030517578,76.82193756103516,36830600,yahoo
2013-12-12,85.20999908447266,85.41999816894531,84.9000015258789,84.95999908447266,76.62350463867188,33662600,yahoo
2013-12-13,85.36000061035156,85.4000015258789,84.70999908447266,84.8499984741211,76.5243148803711,34072000,yahoo
2013-12-16,85.2699966430664,85.80999755859375,85.20999908447266,85.31999969482422,76.94818878173828,24902500,yahoo
2013-12-17,85.31999969482422,85.52999877929688,84.98999786376953,85.1500015258789,76.79486846923828,24454900,yahoo
2013-12-18,85.25,86.22000122070312,84.05000305175781,86.13999938964844,77.68772888183594,68387200,yahoo
2013-12-19,86.0,86.01000213623047,85.5199966430664,85.9000015258789,77.47127532958984,44964100,yahoo
2013-12-20,85.79000091552734,86.68000030517578,85.7300033569336,86.5,78.26025390625,40475400,yahoo
2013-12-23,87.20999908447266,87.41000366210938,86.94999694824219,87.41000366210938,79.08353424072266,28181800,yahoo
2013-12-24,87.43000030517578,87.51000213623047,87.2699966430664,87.44999694824219,79.11971282958984,13852500,yahoo
2013-12-26,87.61000061035156,87.80999755859375,87.44000244140625,87.73999786376953,79.38211822509766,15241100,yahoo
2013-12-27,87.8499984741211,87.9000015258789,87.41000366210938,87.5199966430664,79.18303680419922,15827400,yahoo
2013-12-30,87.38999938964844,87.51000213623047,87.13999938964844,87.38999938964844,79.06542205810547,18983700,yahoo
2013-12-31,87.55000305175781,87.95999908447266,87.5199966430664,87.95999908447266,79.58110809326172,24890500,yahoo
2014-01-02,87.55000305175781,87.58000183105469,87.0199966430664,87.2699966430664,78.95684051513672,29177500,yahoo
2014-01-03,87.2699966430664,87.3499984741211,86.62000274658203,86.63999938964844,78.38687896728516,35723700,yahoo
2014-01-06,86.66000366210938,86.76000213623047,86.0,86.31999969482422,78.09734344482422,32073100,yahoo
2014-01-07,86.72000122070312,87.25,86.55999755859375,87.12000274658203,78.82113647460938,25860600,yahoo
2014-01-08,87.13999938964844,87.55000305175781,86.94999694824219,87.30999755859375,78.99305725097656,27197400,yahoo
2014-01-09,87.62999725341797,87.63999938964844,86.72000122070312,87.0199966430664,78.73067474365234,23674700,yahoo
2014-01-10,87.2300033569336,87.4000015258789,86.58000183105469,87.30000305175781,78.98397064208984,38008900,yahoo
2014-01-13,87.18000030517578,87.4800033569336,85.68000030517578,86.01000213623047,77.8168716430664,48842300,yahoo
2014-01-14,86.30000305175781,87.72000122070312,86.30000305175781,87.6500015258789,79.3006591796875,37178900,yahoo
2014-01-15,88.02999877929688,88.54000091552734,87.94000244140625,88.37000274658203,79.95210266113281,39835600,yahoo
2014-01-16,88.30000305175781,88.51000213623047,88.16000366210938,88.37999725341797,79.96112060546875,31630100,yahoo
2014-01-17,88.11000061035156,88.37000274658203,87.66999816894531,87.87999725341797,79.50875854492188,36895800,yahoo
2014-01-21,88.44000244140625,88.58999633789062,87.80999755859375,88.55000305175781,80.11494445800781,26412700,yahoo
2014-01-22,88.77999877929688,89.0,88.5199966430664,88.77999877929688,80.3230209350586,29376900,yahoo
2014-01-23,88.51000213623047,88.5199966430664,87.86000061035156,88.4800033569336,80.05162048339844,35011900,yahoo
2014-01-24,88.05000305175781,88.18000030517578,86.70999908447266,86.73999786376953,78.47733306884766,63974600,yahoo
2014-01-27,86.73999786376953,86.88999938964844,85.25,85.9000015258789,77.71733856201172,63519300,yahoo
2014-01-28,85.5,85.94000244140625,85.30999755859375,85.8499984741211,77.672119140625,44378800,yahoo
2014-01-29,85.11000061035156,85.73999786376953,84.76000213623047,84.93000030517578,76.83976745605469,51939300,yahoo
2014-01-30,85.97000122070312,86.80000305175781,85.87999725341797,86.5,78.26025390625,65833600,yahoo
2014-01-31,85.54000091552734,86.68000030517578,85.44999694824219,86.2699966430664,78.05209350585938,45187000,yahoo
2014-02-03,86.11000061035156,86.5,84.06999969482422,84.29000091552734,76.26074981689453,65596900,yahoo
2014-02-04,84.72000122070312,85.25,84.45999908447266,84.91000366210938,76.82168579101562,37675500,yahoo
2014-02-05,84.62999725341797,84.98999786376953,83.73999786376953,84.69000244140625,76.62261962890625,41721800,yahoo
2014-02-06,84.94000244140625,85.87999725341797,84.91999816894531,85.7699966430664,77.59974670410156,32308600,yahoo
2014-02-07,86.25,87.36000061035156,86.0,87.30000305175781,78.98397064208984,38359400,yahoo
2014-02-10,87.2699966430664,87.83999633789062,87.20999908447266,87.80000305175781,79.4363784790039,30205400,yahoo
2014-02-11,87.98999786376953,88.97000122070312,87.88999938964844,88.80000305175781,80.34112548828125,38635500,yahoo
2014-02-12,88.9800033569336,89.16999816894531,88.69999694824219,88.97000122070312,80.49492645263672,32507200,yahoo
2014-02-13,88.31999969482422,89.69999694824219,88.30000305175781,89.62999725341797,81.09204864501953,40454500,yahoo
2014-02-14,89.5999984741211,90.01000213623047,89.33000183105469,89.80999755859375,81.25493621826172,33212400,yahoo
2014-02-18,89.95999908447266,90.41999816894533,89.73999786376953,90.25,81.65298461914062,29546600,yahoo
2014-02-19,90.08000183105467,90.29000091552734,89.44999694824219,89.62999725341797,81.09204864501953,41749900,yahoo
2014-02-20,89.69000244140625,90.22000122070312,89.30999755859375,90.05000305175781,81.47206115722656,41814800,yahoo
2014-02-21,90.33999633789062,90.47000122070312,89.81999969482422,89.93000030517578,81.36348724365234,31192200,yahoo
2014-02-24,90.13999938964844,90.81999969482422,90.04000091552734,90.41000366210938,81.79776763916016,31500400,yahoo
2014-02-25,90.54000091552734,90.72000122070312,90.0199966430664,90.30999755859376,81.707275390625,26771700,yahoo
2014-02-26,90.5500030517578,90.83999633789062,89.87000274658203,90.2300033569336,81.63493347167969,42953700,yahoo
2014-02-27,89.87000274658203,90.52999877929688,89.7300033569336,90.44000244140624,82.16455841064453,28742400,yahoo
2014-02-28,90.41999816894533,90.95999908447266,89.54000091552734,90.33999633789062,82.07369995117188,48609800,yahoo
2014-03-03,89.48999786376953,89.91000366210938,88.87000274658203,89.66999816894531,81.46499633789062,38885700,yahoo
2014-03-04,90.6500015258789,90.9800033569336,90.55999755859376,90.80999755859376,82.50067138671875,33189000,yahoo
2014-03-05,90.95999908447266,91.22000122070312,90.7699966430664,91.05999755859376,82.72782135009766,27203300,yahoo
2014-03-06,91.2699966430664,91.33999633789062,90.6500015258789,90.9800033569336,82.65514373779297,24063900,yahoo
2014-03-07,91.2699966430664,91.36000061035156,90.06999969482422,90.52999877929688,82.2463150024414,31167800,yahoo
2014-03-10,90.4800033569336,90.66000366210938,90.02999877929688,90.61000061035156,82.31900024414062,18131700,yahoo
2014-03-11,90.83000183105467,91.05999755859376,89.94999694824219,90.22000122070312,81.96469116210938,27484300,yahoo
2014-03-12,89.80999755859375,90.61000061035156,89.4800033569336,90.55999755859376,82.27356719970703,27977200,yahoo
2014-03-13,90.9000015258789,90.93000030517578,88.87000274658203,89.27999877929688,81.11070251464844,48542000,yahoo
2014-03-14,88.98999786376953,89.37999725341797,88.62999725341797,88.66999816894531,80.5564956665039,38732300,yahoo
2014-03-17,89.23999786376953,89.91000366210938,89.19000244140625,89.44999694824219,81.26515197753906,28467200,yahoo
2014-03-18,89.55999755859375,90.63999938964844,89.52999877929688,90.52999877929688,82.2463150024414,31250200,yahoo
2014-03-19,90.55999755859376,90.66000366210938,89.44999694824219,90.04000091552734,81.8011474609375,40869400,yahoo
2014-03-20,89.76000213623047,90.55999755859376,89.58000183105469,90.29000091552734,82.02826690673828,31634500,yahoo
2014-03-21,90.5999984741211,90.6500015258789,88.83000183105469,89.0,81.04121398925781,62754000,yahoo
2014-03-24,89.31999969482422,89.38999938964844,87.41000366210938,88.22000122070312,80.33097076416016,77735300,yahoo
2014-03-25,88.68000030517578,89.25,87.7699966430664,88.51000213623047,80.59503173828125,41723300,yahoo
2014-03-26,88.94999694824219,89.1500015258789,87.36000061035156,87.37000274658203,79.5569839477539,40930400,yahoo
2014-03-27,87.25,87.63999938964844,86.4000015258789,86.87999725341797,79.11078643798828,64784500,yahoo
2014-03-28,87.16000366210938,88.01000213623047,86.80999755859375,87.05000305175781,79.26560974121094,39895100,yahoo
2014-03-31,87.7300033569336,88.26000213623047,87.62000274658203,87.66999816894531,79.83018493652344,33924300,yahoo
2014-04-01,88.0999984741211,89.2699966430664,87.70999908447266,89.20999908447266,81.23242950439453,38683800,yahoo
2014-04-02,89.58999633789062,89.68000030517578,89.04000091552734,89.44000244140625,81.44187927246094,34631600,yahoo
2014-04-03,89.52999877929688,89.68000030517578,88.22000122070312,88.7300033569336,80.79536437988281,30319100,yahoo
2014-04-04,89.31999969482422,89.41000366210938,86.13999938964844,86.37000274658203,78.64640045166016,131213200,yahoo
2014-04-07,85.83000183105469,86.62999725341797,84.94999694824219,85.55000305175781,77.89973449707031,83995800,yahoo
2014-04-08,85.6500015258789,86.45999908447266,85.3499984741211,86.33999633789062,78.61908721923828,51495700,yahoo
2014-04-09,86.66000366210938,87.87000274658203,86.43000030517578,87.81999969482422,79.96678161621094,45685200,yahoo
2014-04-10,87.87999725341797,87.87999725341797,84.86000061035156,85.0999984741211,77.48997497558594,73659600,yahoo
2014-04-11,84.33999633789062,85.44000244140625,83.91000366210938,84.11000061035156,76.58850860595703,93657400,yahoo
2014-04-14,84.8499984741211,85.22000122070312,83.98999786376953,84.7699966430664,77.18949127197266,46500700,yahoo
2014-04-15,85.08000183105469,85.54000091552734,83.27999877929688,85.05000305175781,77.44442749023438,84631500,yahoo
2014-04-16,85.79000091552734,86.18000030517578,85.08999633789062,86.18000030517578,78.47341918945312,46970900,yahoo
2014-04-17,85.8499984741211,86.62999725341797,85.62999725341797,86.19999694824219,78.49162292480469,53719500,yahoo
2014-04-21,86.4000015258789,86.83999633789062,86.0,86.83999633789062,79.07435607910156,25947900,yahoo
2014-04-22,87.13999938964844,87.75,86.98999786376953,87.52999877929688,79.7026596069336,38593400,yahoo
2014-04-23,87.52999877929688,87.55999755859375,86.70999908447266,86.76000213623047,79.00154876708984,34376700,yahoo
2014-04-24,88.19000244140625,88.20999908447266,86.6500015258789,87.58999633789062,79.75730895996094,48926300,yahoo
2014-04-25,87.06999969482422,87.16999816894531,85.9800033569336,86.19000244140625,78.48249816894531,44334000,yahoo
2014-04-28,86.5999984741211,87.11000061035156,85.11000061035156,86.47000122070312,78.73745727539062,58623800,yahoo
2014-04-29,86.7300033569336,87.31999969482422,86.30999755859375,87.16000366210938,79.36578369140625,36742700,yahoo
2014-04-30,86.76000213623047,87.4800033569336,86.54000091552734,87.38999938964844,79.57518768310547,38689400,yahoo
2014-05-01,87.52999877929688,88.1500015258789,87.30999755859375,87.6500015258789,79.81194305419922,37127200,yahoo
2014-05-02,87.94999694824219,88.11000061035156,87.27999877929688,87.48999786376953,79.66622924804688,40074200,yahoo
2014-05-05,86.97000122070312,87.97000122070312,86.76000213623047,87.94999694824219,80.0850830078125,27924400,yahoo
2014-05-06,87.80999755859375,87.86000061035156,86.7699966430664,86.80999755859375,79.04705810546875,33698500,yahoo
2014-05-07,86.98999786376953,87.08000183105469,85.52999877929688,86.55999755859375,78.81939697265625,67489100,yahoo
2014-05-08,86.25,87.52999877929688,86.05000305175781,86.4800033569336,78.7465591430664,46556900,yahoo
2014-05-09,86.43000030517578,86.86000061035156,85.8499984741211,86.80000305175781,79.0379638671875,35081500,yahoo
2014-05-12,87.31999969482422,88.26000213623047,87.23999786376953,88.2300033569336,80.34007263183594,38951100,yahoo
2014-05-13,88.30999755859375,88.61000061035156,88.12000274658203,88.29000091552734,80.39470672607422,30311900,yahoo
2014-05-14,88.0199966430664,88.3499984741211,87.62000274658203,87.83000183105469,79.97584533691406,26483600,yahoo
2014-05-15,87.80999755859375,87.95999908447266,86.58000183105469,87.13999938964844,79.34754180908203,59680300,yahoo
2014-05-16,87.23999786376953,87.76000213623047,86.63999938964844,87.70999908447266,79.86656951904297,66804100,yahoo
2014-05-19,87.44999694824219,88.45999908447266,87.30000305175781,88.31999969482422,80.4220199584961,32017000,yahoo
2014-05-20,88.27999877929688,88.5999984741211,87.63999938964844,88.0,80.13064575195312,33716000,yahoo
2014-05-21,88.16000366210938,88.88999938964844,88.11000061035156,88.83999633789062,80.89551544189453,36837700,yahoo
2014-05-22,88.94000244140625,89.4800033569336,88.80000305175781,89.2300033569336,81.25066375732422,30617100,yahoo
2014-05-23,89.31999969482422,89.9000015258789,89.12000274658203,89.87999725341797,81.84252166748047,22687300,yahoo
2014-05-27,90.27999877929688,91.0199966430664,90.1999969482422,91.0,82.86236572265625,29725200,yahoo
2014-05-28,90.97000122070312,91.0999984741211,90.6500015258789,90.72000122070312,82.60742950439453,30468100,yahoo
2014-05-29,91.04000091552734,91.30999755859376,90.86000061035156,91.3000030517578,83.13551330566406,33036100,yahoo
2014-05-30,91.31999969482422,91.4499969482422,90.83000183105467,91.30999755859376,83.1446304321289,29906400,yahoo
2014-06-02,91.41999816894533,91.44000244140624,90.63999938964844,91.22000122070312,83.06269073486328,30409900,yahoo
2014-06-03,90.91999816894533,91.33000183105467,90.8000030517578,91.18000030517578,83.02625274658203,21774500,yahoo
2014-06-04,90.9499969482422,91.66999816894533,90.80999755859376,91.5199966430664,83.33586883544922,20118300,yahoo
2014-06-05,91.5999984741211,92.45999908447266,91.29000091552734,92.29000091552734,84.03699493408203,35583100,yahoo
2014-06-06,92.62999725341795,92.81999969482422,92.4499969482422,92.81999969482422,84.51961517333984,22680600,yahoo
2014-06-09,92.83999633789062,92.9800033569336,92.5,92.75,84.45587921142578,23399500,yahoo
2014-06-10,92.66999816894533,92.95999908447266,92.55999755859376,92.91000366210938,84.6015853881836,20626000,yahoo
2014-06-11,92.58999633789062,93.0199966430664,92.5,92.88999938964844,84.5833511352539,22878200,yahoo
2014-06-12,92.69000244140624,92.79000091552734,91.7300033569336,92.0500030517578,83.81849670410156,35275900,yahoo
2014-06-13,92.4499969482422,92.5500030517578,91.91999816894533,92.31999969482422,84.06434631347656,39447100,yahoo
2014-06-16,92.16000366210938,92.66999816894533,91.95999908447266,92.4000015258789,84.1371841430664,25212300,yahoo
2014-06-17,92.33000183105467,92.6999969482422,92.18000030517578,92.4499969482422,84.18272399902344,19977900,yahoo
2014-06-18,92.54000091552734,93.0999984741211,91.9800033569336,92.97000122070312,84.65618896484375,34514000,yahoo
2014-06-19,93.11000061035156,93.16999816894533,92.48999786376952,92.91000366210938,84.6015853881836,38422200,yahoo
2014-06-20,92.6999969482422,92.87000274658205,92.52999877929688,92.7699966430664,84.70108795166016,25897500,yahoo
2014-06-23,92.76000213623048,92.81999969482422,92.51000213623048,92.79000091552734,84.71934509277344,20837900,yahoo
2014-06-24,92.77999877929688,93.56999969482422,92.43000030517578,92.6999969482422,84.63716888427734,31945800,yahoo
2014-06-25,92.48999786376952,93.4499969482422,92.4800033569336,93.29000091552734,85.17587280273438,32818600,yahoo
2014-06-26,93.3499984741211,93.36000061035156,92.62000274658205,93.33999633789062,85.22152709960938,22563900,yahoo
2014-06-27,93.22000122070312,93.7699966430664,93.19000244140624,93.75,85.5958480834961,22877800,yahoo
2014-06-30,93.7300033569336,94.13999938964844,93.66999816894533,93.91000366210938,85.74191284179688,19751900,yahoo
2014-07-01,94.23999786376952,95.19000244140624,94.1999969482422,94.94000244140624,86.68234252929688,31862500,yahoo
2014-07-02,95.0,95.23999786376952,94.91000366210938,95.0999984741211,86.82842254638672,18777300,yahoo
2014-07-03,95.41000366210938,95.6999969482422,95.1500015258789,95.6999969482422,87.37625122070312,15291700,yahoo
2014-07-07,95.58999633789062,95.70999908447266,95.2300033569336,95.41000366210938,87.11148071289062,23266400,yahoo
2014-07-08,95.2300033569336,95.3000030517578,93.87000274658205,94.26000213623048,86.06148529052734,40612400,yahoo
2014-07-09,94.51000213623048,95.06999969482422,94.23999786376952,94.95999908447266,86.7005844116211,29919000,yahoo
2014-07-10,93.73999786376952,95.0500030517578,93.62999725341795,94.66000366210938,86.42669677734375,44245300,yahoo
2014-07-11,94.9000015258789,95.2699966430664,94.61000061035156,95.2699966430664,86.9836654663086,19566300,yahoo
2014-07-14,95.6999969482422,96.05999755859376,95.54000091552734,95.83999633789062,87.50408172607422,19579000,yahoo
2014-07-15,95.98999786376952,96.12999725341795,94.83000183105467,95.51000213623048,87.20276641845703,39467500,yahoo
2014-07-16,96.1999969482422,96.3000030517578,95.79000091552734,95.88999938964844,87.5497055053711,22052600,yahoo
2014-07-17,95.62999725341795,95.97000122070312,94.31999969482422,94.62000274658205,86.39016723632812,43111500,yahoo
2014-07-18,95.11000061035156,96.16999816894533,95.0,96.12000274658205,87.75969696044922,36682200,yahoo
2014-07-21,95.91999816894533,96.16000366210938,95.5500030517578,96.0,87.65016174316406,29750700,yahoo
2014-07-22,96.4499969482422,96.76000213623048,96.3499984741211,96.61000061035156,88.20708465576172,25770400,yahoo
2014-07-23,96.9499969482422,97.33999633789062,96.7699966430664,97.2300033569336,88.77315521240234,28947500,yahoo
2014-07-24,97.4000015258789,97.51000213623048,96.9800033569336,97.12000274658205,88.67274475097656,24707200,yahoo
2014-07-25,96.62000274658205,96.87000274658205,96.2300033569336,96.73999786376952,88.32576751708984,29898900,yahoo
2014-07-28,96.83999633789062,97.0199966430664,96.0199966430664,96.7699966430664,88.35316467285156,25603400,yahoo
2014-07-29,96.9800033569336,97.1999969482422,96.5199966430664,96.5999984741211,88.19795227050781,27022200,yahoo
2014-07-30,97.13999938964844,97.31999969482422,96.5999984741211,96.9800033569336,88.5449447631836,35348500,yahoo
2014-07-31,96.18000030517578,96.33999633789062,94.87999725341795,95.0199966430664,86.7553939819336,50047900,yahoo
2014-08-01,94.81999969482422,95.33999633789062,94.04000091552734,94.66999816894533,86.4358139038086,60708000,yahoo
2014-08-04,94.87000274658205,95.69000244140624,94.5199966430664,95.31999969482422,87.02928161621094,33230500,yahoo
2014-08-05,94.94000244140624,95.20999908447266,94.1500015258789,94.58999633789062,86.36280059814453,50331100,yahoo
2014-08-06,94.0,95.11000061035156,93.91999816894533,94.5199966430664,86.29884338378906,34431900,yahoo
2014-08-07,94.95999908447266,95.13999938964844,93.88999938964844,94.22000122070312,86.0250015258789,33274700,yahoo
2014-08-08,94.37000274658205,95.01000213623048,93.97000122070312,94.9000015258789,86.64581298828125,40236900,yahoo
2014-08-11,95.2699966430664,95.76000213623048,95.1999969482422,95.45999908447266,87.15713500976562,28277500,yahoo
2014-08-12,95.36000061035156,95.66999816894533,94.93000030517578,95.41999816894533,87.12060546875,28152300,yahoo
2014-08-13,95.80999755859376,96.47000122070312,95.76000213623048,96.43000030517578,88.04273986816406,27996500,yahoo
2014-08-14,96.55999755859376,96.9499969482422,96.43000030517578,96.93000030517578,88.4992904663086,25006600,yahoo
2014-08-15,97.48999786376952,97.62999725341795,96.4800033569336,97.4000015258789,88.92839050292969,55205500,yahoo
2014-08-18,97.91000366210938,98.23999786376952,97.7699966430664,98.1500015258789,89.6131591796875,38938300,yahoo
2014-08-19,98.37999725341795,98.76000213623048,98.31999969482422,98.6999969482422,90.11531829833984,21363400,yahoo
2014-08-20,98.62000274658205,98.9000015258789,98.52999877929688,98.6999969482422,90.11531829833984,23435600,yahoo
2014-08-21,98.75,98.9499969482422,98.5999984741211,98.9000015258789,90.29792785644533,19339500,yahoo
2014-08-22,98.94000244140624,99.25,98.72000122070312,99.0500030517578,90.43484497070312,24692000,yahoo
2014-08-25,99.5199966430664,99.68000030517578,99.16000366210938,99.4000015258789,90.7544403076172,24124700,yahoo
2014-08-26,99.5500030517578,99.61000061035156,99.2699966430664,99.5,90.84571075439452,20100400,yahoo
2014-08-27,99.52999877929688,99.63999938964844,99.30999755859376,99.5199966430664,90.86397552490234,15589100,yahoo
2014-08-28,99.18000030517578,99.52999877929688,99.08000183105467,99.41000366210938,90.7635498046875,23563900,yahoo
2014-08-29,99.62999725341795,99.91000366210938,99.2699966430664,99.77999877929688,91.10137939453124,17906300,yahoo
2014-09-02,100.0199966430664,100.0999984741211,99.66000366210938,100.06999969482422,91.36614227294922,18326800,yahoo
2014-09-03,100.33999633789062,100.33999633789062,99.3000030517578,99.4800033569336,90.82745361328124,25950700,yahoo
2014-09-04,99.70999908447266,100.22000122070312,99.13999938964844,99.38999938964844,90.7453155517578,24663500,yahoo
2014-09-05,99.54000091552734,99.9499969482422,99.02999877929688,99.88999938964844,91.20181274414062,30798200,yahoo
2014-09-08,99.91999816894533,100.33000183105467,99.62000274658205,100.08000183105467,91.37528228759766,25571300,yahoo
2014-09-09,100.08999633789062,100.45999908447266,99.05999755859376,99.25,90.61744689941406,36449200,yahoo
2014-09-10,99.37999725341795,100.11000061035156,99.0999984741211,100.06999969482422,91.36614227294922,31080100,yahoo
2014-09-11,99.63999938964844,100.04000091552734,99.23999786376952,99.98999786376952,91.29309844970705,28691900,yahoo
2014-09-12,99.9000015258789,99.93000030517578,99.16999816894533,99.4800033569336,90.82745361328124,30444400,yahoo
2014-09-15,99.58999633789062,99.5999984741211,98.22000122070312,98.5199966430664,89.95096588134766,32972200,yahoo
2014-09-16,98.1500015258789,99.56999969482422,98.0500030517578,99.37999725341795,90.73616790771484,38166900,yahoo
2014-09-17,99.36000061035156,100.0,98.93000030517578,99.52999877929688,90.87310028076172,37196500,yahoo
2014-09-18,99.83999633789062,100.29000091552734,99.7300033569336,100.27999877929688,91.55785369873048,30196700,yahoo
2014-09-19,100.45999908447266,100.55999755859376,99.58000183105467,99.9800033569336,91.50115203857422,46918000,yahoo
2014-09-22,99.73999786376952,99.75,98.62000274658205,99.0500030517578,90.6500015258789,48658000,yahoo
2014-09-23,98.6500015258789,99.22000122070312,98.58000183105467,98.77999877929688,90.40291595458984,33989600,yahoo
2014-09-24,98.87999725341795,99.88999938964844,98.54000091552734,99.83999633789062,91.3730010986328,35959000,yahoo
2014-09-25,99.5199966430664,99.6500015258789,97.6999969482422,97.73999786376952,89.45109558105469,68642500,yahoo
2014-09-26,98.05999755859376,98.95999908447266,97.88999938964844,98.77999877929688,90.40291595458984,56106200,yahoo
2014-09-29,97.8000030517578,98.91999816894533,97.75,98.6500015258789,90.2839126586914,33342700,yahoo
2014-09-30,98.91999816894533,99.3000030517578,98.31999969482422,98.79000091552734,90.41207885742188,41834300,yahoo
2014-10-01,98.51000213623048,98.61000061035156,96.9000015258789,97.20999908447266,88.9660415649414,58164900,yahoo
2014-10-02,97.16999816894533,97.51000213623048,95.97000122070312,97.20999908447266,88.9660415649414,54501300,yahoo
2014-10-03,97.77999877929688,98.56999969482422,97.44000244140624,98.16999816894533,89.84465026855469,41627800,yahoo
2014-10-06,98.4800033569336,98.72000122070312,97.66000366210938,97.95999908447266,89.6524658203125,36038700,yahoo
2014-10-07,97.5,97.77999877929688,96.55999755859376,96.56999969482422,88.38031005859375,45154000,yahoo
2014-10-08,96.62000274658205,98.76000213623048,96.05999755859376,98.4499969482422,90.10089111328124,64931600,yahoo
2014-10-09,98.31999969482422,98.56999969482422,96.70999908447266,96.86000061035156,88.645751953125,62497100,yahoo
2014-10-10,96.29000091552734,96.83000183105467,94.41999816894533,94.44000244140624,86.43094635009766,77579400,yahoo
2014-10-13,94.2699966430664,94.98999786376952,92.87999725341795,92.95999908447266,85.07647705078125,80835900,yahoo
2014-10-14,93.54000091552734,94.16999816894533,92.70999908447266,92.97000122070312,85.08560943603516,71814500,yahoo
2014-10-15,91.56999969482422,92.76000213623048,90.23999786376952,92.37000274658205,84.5364990234375,108847800,yahoo
2014-10-16,90.41999816894533,92.58000183105467,90.38999938964844,91.79000091552734,84.0057144165039,93165800,yahoo
2014-10-17,93.0,93.88999938964844,92.45999908447266,93.0,85.11308288574219,69546700,yahoo
2014-10-20,92.98999786376952,94.47000122070312,92.8000030517578,94.38999938964844,86.38521575927734,41479300,yahoo
2014-10-21,95.55999755859376,96.87000274658205,95.31999969482422,96.87000274658205,88.65492248535156,53609800,yahoo
2014-10-22,97.16999816894533,97.3000030517578,96.30999755859376,96.37000274658205,88.197265625,39178000,yahoo
2014-10-23,97.33999633789062,98.36000061035156,97.16999816894533,97.81999969482422,89.52433013916016,48123800,yahoo
2014-10-24,98.02999877929688,98.69000244140624,97.63999938964844,98.62000274658205,90.2564926147461,43157600,yahoo
2014-10-27,98.43000030517578,98.87000274658205,98.0199966430664,98.69000244140624,90.32051849365234,29545700,yahoo
2014-10-28,99.1500015258789,100.1999969482422,99.08000183105467,100.18000030517578,91.6841812133789,34495100,yahoo
2014-10-29,99.8499984741211,100.12000274658205,99.0999984741211,99.80999755859376,91.3455810546875,40552800,yahoo
2014-10-30,99.36000061035156,100.26000213623048,99.13999938964844,100.0199966430664,91.53775024414062,35935800,yahoo
2014-10-31,101.68000030517578,101.75,101.06999969482422,101.4000015258789,92.80072021484376,54254100,yahoo
2014-11-03,101.58000183105467,101.97000122070312,101.43000030517578,101.6999969482422,93.0752944946289,33481000,yahoo
2014-11-04,101.37999725341795,101.62000274658205,100.66999816894533,101.36000061035156,92.76409912109376,22773300,yahoo
2014-11-05,102.02999877929688,102.02999877929688,101.0199966430664,101.37000274658205,92.77324676513672,25818600,yahoo
2014-11-06,101.36000061035156,101.72000122070312,100.91999816894533,101.69000244140624,93.06613159179688,24671900,yahoo
2014-11-07,101.87000274658205,101.91000366210938,101.06999969482422,101.5999984741211,92.98374938964844,20931700,yahoo
2014-11-10,101.6500015258789,102.08999633789062,101.37999725341795,101.95999908447266,93.31321716308594,20360000,yahoo
2014-11-11,101.9800033569336,102.27999877929688,101.6999969482422,102.27999877929688,93.60609436035156,15454000,yahoo
2014-11-12,101.87000274658205,102.56999969482422,101.87000274658205,102.45999908447266,93.77081298828124,22050300,yahoo
2014-11-13,102.6500015258789,103.27999877929688,102.41999816894533,102.9000015258789,94.17351531982422,28027800,yahoo
2014-11-14,102.87000274658205,103.22000122070312,102.52999877929688,103.22000122070312,94.46638488769533,19251300,yahoo
2014-11-17,102.9800033569336,103.20999908447266,102.41999816894533,102.91000366210938,94.18264770507812,23361600,yahoo
2014-11-18,103.0,103.81999969482422,102.98999786376952,103.68000030517578,94.88736724853516,26336800,yahoo
2014-11-19,103.56999969482422,103.56999969482422,102.7300033569336,103.20999908447266,94.45719909667967,23760200,yahoo
2014-11-20,102.7699966430664,103.76000213623048,102.69000244140624,103.66999816894533,94.8782196044922,22874000,yahoo
2014-11-21,104.58999633789062,104.69000244140624,103.54000091552734,103.87000274658205,95.0612564086914,34049100,yahoo
2014-11-24,104.1500015258789,104.7300033569336,104.05999755859376,104.68000030517578,95.80254364013672,17928300,yahoo
2014-11-25,104.83999633789062,105.1500015258789,104.56999969482422,104.83999633789062,95.948974609375,17526000,yahoo
2014-11-26,104.94000244140624,105.58000183105467,104.83000183105467,105.5199966430664,96.57130432128906,18973800,yahoo
2014-11-28,105.8000030517578,106.25,105.7300033569336,106.01000213623048,97.01974487304688,17360400,yahoo
2014-12-01,105.72000122070312,105.91999816894533,104.41999816894533,104.80999755859376,95.92152404785156,35969500,yahoo
2014-12-02,104.91999816894533,105.41999816894533,104.6999969482422,105.2300033569336,96.30591583251952,26031300,yahoo
2014-12-03,105.38999938964844,105.56999969482422,104.76000213623048,105.41999816894533,96.4797821044922,32974300,yahoo
2014-12-04,105.31999969482422,105.77999877929688,104.93000030517578,105.37000274658205,96.4340591430664,31008800,yahoo
2014-12-05,105.54000091552734,105.6999969482422,105.1500015258789,105.37999725341795,96.44318389892578,25622200,yahoo
2014-12-08,105.11000061035156,105.56999969482422,104.08000183105467,104.62999725341795,95.75680541992188,32685800,yahoo
2014-12-09,103.41000366210938,105.04000091552734,103.04000091552734,104.95999908447266,96.05880737304688,46035100,yahoo
2014-12-10,104.7699966430664,105.02999877929688,103.12000274658205,103.30999755859376,94.54872131347656,39330100,yahoo
2014-12-11,103.61000061035156,105.04000091552734,103.58999633789062,103.8000030517578,94.9971923828125,47576000,yahoo
2014-12-12,102.80999755859376,103.98999786376952,102.66000366210938,102.66999816894533,93.96299743652344,46889400,yahoo
2014-12-15,103.1999969482422,103.58000183105467,101.31999969482422,101.61000061035156,92.992919921875,52968400,yahoo
2014-12-16,100.97000122070312,102.47000122070312,99.95999908447266,99.9800033569336,91.50115203857422,65348600,yahoo
2014-12-17,100.0500030517578,102.08999633789062,99.91999816894533,101.8000030517578,93.16678619384766,79715300,yahoo
2014-12-18,103.26000213623048,104.26000213623048,102.9800033569336,104.25,95.40901947021484,49840900,yahoo
2014-12-19,103.97000122070312,104.73999786376952,103.70999908447266,104.31999969482422,95.82879638671876,51419900,yahoo
2014-12-22,104.1500015258789,104.61000061035156,104.0999984741211,104.58000183105467,96.0676727294922,33869200,yahoo
2014-12-23,104.95999908447266,104.97000122070312,104.08999633789062,104.20999908447266,95.72777557373048,30156900,yahoo
2014-12-24,104.33999633789062,104.6999969482422,104.2699966430664,104.3000030517578,95.81043243408205,14291300,yahoo
2014-12-26,104.5999984741211,105.26000213623048,104.56999969482422,105.04000091552734,96.490234375,13924300,yahoo
2014-12-29,104.94000244140624,105.25,104.87999725341795,105.0199966430664,96.47186279296876,17073800,yahoo
2014-12-30,104.72000122070312,104.95999908447266,104.18000030517578,104.31999969482422,95.82879638671876,18604000,yahoo
2014-12-31,104.5,104.91000366210938,103.0999984741211,103.25,94.8459243774414,24367100,yahoo
2015-01-02,103.76000213623048,104.1999969482422,102.44000244140624,102.94000244140624,94.56114196777344,31314600,yahoo
2015-01-05,102.48999786376952,102.61000061035156,101.13999938964844,101.43000030517578,93.17406463623048,36521300,yahoo
2015-01-06,101.58000183105467,101.75,99.62000274658205,100.06999969482422,91.9247817993164,66205500,yahoo
2015-01-07,100.7300033569336,101.5999984741211,100.48999786376952,101.36000061035156,93.10975646972656,37577400,yahoo
2015-01-08,102.22000122070312,103.5,102.11000061035156,103.3000030517578,94.891845703125,40212600,yahoo
2015-01-09,103.62000274658205,103.6500015258789,102.0199966430664,102.62000274658205,94.2671890258789,41410100,yahoo
2015-01-12,102.81999969482422,102.93000030517578,101.29000091552734,101.5500030517578,93.28428649902344,34129800,yahoo
2015-01-13,102.54000091552734,103.62000274658205,100.6999969482422,101.5199966430664,93.2567367553711,56162300,yahoo
2015-01-14,100.5,101.4800033569336,100.06999969482422,100.95999908447266,92.74231719970705,51354200,yahoo
2015-01-15,101.43000030517578,101.58999633789062,99.52999877929688,99.6500015258789,91.53894805908205,51005400,yahoo
2015-01-16,99.5199966430664,100.9499969482422,99.36000061035156,100.81999969482422,92.61371612548828,35362200,yahoo
2015-01-20,101.43000030517578,101.87999725341795,100.29000091552734,101.62000274658205,93.34857940673828,30964100,yahoo
2015-01-21,101.31999969482422,102.62000274658205,100.95999908447266,102.13999938964844,93.82626342773438,40128800,yahoo
2015-01-22,102.54000091552734,104.13999938964844,101.63999938964844,104.02999877929688,95.56243896484376,40887200,yahoo
2015-01-23,104.0199966430664,104.58000183105467,103.72000122070312,104.26000213623048,95.77371978759766,34783000,yahoo
2015-01-26,104.13999938964844,104.33000183105467,103.61000061035156,104.13999938964844,95.66346740722656,19960900,yahoo
2015-01-27,102.5,102.55999755859376,101.0999984741211,101.44000244140624,93.18325805664062,45253200,yahoo
2015-01-28,103.06999969482422,103.18000030517578,100.9000015258789,100.91999816894533,92.70555114746094,43591700,yahoo
2015-01-29,100.83999633789062,102.08000183105467,99.95999908447266,101.88999938964844,93.59661865234376,46539700,yahoo
2015-01-30,101.8000030517578,102.58000183105467,100.95999908447266,101.0999984741211,92.87090301513672,42927600,yahoo
2015-02-02,101.33000183105467,102.06999969482422,99.75,101.9800033569336,93.67929077148438,43624700,yahoo
2015-02-03,102.3499984741211,103.02999877929688,101.68000030517578,102.95999908447266,94.57950592041016,30750400,yahoo
2015-02-04,102.54000091552734,103.5500030517578,102.30999755859376,102.87000274658205,94.4968490600586,34073200,yahoo
2015-02-05,103.12999725341795,103.83000183105467,102.87000274658205,103.76000213623048,95.3144302368164,23605500,yahoo
2015-02-06,103.91999816894533,104.16999816894533,102.76000213623048,103.12999725341795,94.7356948852539,34169300,yahoo
2015-02-09,102.7300033569336,103.29000091552734,102.5500030517578,102.8000030517578,94.43257904052734,22604700,yahoo
2015-02-10,103.37000274658205,104.54000091552734,103.20999908447266,104.4000015258789,95.9022979736328,23686500,yahoo
2015-02-11,104.5199966430664,105.0199966430664,104.31999969482422,104.77999877929688,96.25138092041016,20303600,yahoo
2015-02-12,105.45999908447266,106.04000091552734,105.3000030517578,106.0,97.37207794189452,22520300,yahoo
2015-02-13,106.3000030517578,106.93000030517578,106.0999984741211,106.91000366210938,98.20799255371094,29030200,yahoo
2015-02-17,106.91000366210938,107.08000183105467,106.63999938964844,107.01000213623048,98.29988861083984,17675300,yahoo
2015-02-18,106.87999725341795,107.22000122070312,106.73999786376952,107.16000366210938,98.43766021728516,15149600,yahoo
2015-02-19,107.08999633789062,107.76000213623048,107.05999755859376,107.69000244140624,98.92452239990234,19828100,yahoo
2015-02-20,107.62000274658205,108.47000122070312,107.27999877929688,108.41000366210938,99.58589935302734,28336700,yahoo
2015-02-23,108.3499984741211,108.5500030517578,108.11000061035156,108.5199966430664,99.68699645996094,17868000,yahoo
2015-02-24,108.37999725341795,108.7300033569336,108.0500030517578,108.5999984741211,99.76046752929688,19745000,yahoo
2015-02-25,108.44000244140624,108.86000061035156,108.08999633789062,108.33000183105467,99.5124282836914,19472300,yahoo
2015-02-26,108.44000244140624,108.94000244140624,108.13999938964844,108.87999725341795,100.01765441894533,22255500,yahoo
2015-02-27,108.83999633789062,108.91000366210938,108.2300033569336,108.4000015258789,99.57674407958984,27757600,yahoo
2015-03-02,108.61000061035156,109.41999816894533,108.58999633789062,109.37999725341795,100.47696685791016,22988600,yahoo
2015-03-03,109.0500030517578,109.16000366210938,108.18000030517578,108.87000274658205,100.00846862792967,20788900,yahoo
2015-03-04,108.51000213623048,108.66999816894533,107.86000061035156,108.4499969482422,99.62266540527344,21007400,yahoo
2015-03-05,108.7300033569336,108.97000122070312,108.19000244140624,108.63999938964844,99.79719543457033,15381000,yahoo
2015-03-06,108.5,108.70999908447266,107.13999938964844,107.41000366210938,98.66732025146484,30990400,yahoo
2015-03-09,107.62999725341795,107.98999786376952,107.19000244140624,107.72000122070312,98.95206451416016,26237100,yahoo
2015-03-10,106.9499969482422,106.9800033569336,105.72000122070312,105.72000122070312,97.11485290527344,34234500,yahoo
2015-03-11,105.87999725341795,106.01000213623048,105.06999969482422,105.11000061035156,96.55451202392578,25459700,yahoo
2015-03-12,105.02999877929688,105.91999816894533,104.95999908447266,105.8000030517578,97.18836212158205,21473200,yahoo
2015-03-13,105.6999969482422,106.12000274658205,104.68000030517578,105.33999633789062,96.7658233642578,42021100,yahoo
2015-03-16,105.7300033569336,106.73999786376952,105.62000274658205,106.6999969482422,98.01509857177734,25674100,yahoo
2015-03-17,106.41000366210938,107.04000091552734,106.16000366210938,106.87000274658205,98.1712646484375,19603800,yahoo
2015-03-18,106.58000183105467,108.41000366210938,106.02999877929688,107.91999816894533,99.1357650756836,40622200,yahoo
2015-03-19,108.02999877929688,108.37999725341795,107.87000274658205,108.08000183105467,99.28279876708984,31314000,yahoo
2015-03-20,108.72000122070312,109.06999969482422,108.51000213623048,108.52999877929688,99.92545318603516,31761400,yahoo
2015-03-23,108.47000122070312,108.7699966430664,108.27999877929688,108.31999969482422,99.73209381103516,17268500,yahoo
2015-03-24,108.30999755859376,108.80999755859376,107.91000366210938,107.93000030517578,99.37300872802734,22445300,yahoo
2015-03-25,108.0999984741211,108.1999969482422,105.41999816894533,105.45999908447266,97.09886169433594,41581400,yahoo
2015-03-26,104.58999633789062,105.6999969482422,104.23999786376952,105.0999984741211,96.7673797607422,47846300,yahoo
2015-03-27,105.08000183105467,105.7699966430664,104.91999816894533,105.5199966430664,97.15406036376952,33878400,yahoo
2015-03-30,106.16000366210938,106.81999969482422,106.16000366210938,106.7300033569336,98.26815795898438,30570200,yahoo
2015-03-31,106.43000030517578,106.6500015258789,105.56999969482422,105.5999984741211,97.22772216796876,30488100,yahoo
2015-04-01,105.5999984741211,105.62000274658205,104.37000274658205,105.0500030517578,96.7213363647461,32970500,yahoo
2015-04-02,105.1500015258789,105.45999908447266,104.77999877929688,105.12000274658205,96.78580474853516,19164200,yahoo
2015-04-06,104.5,106.2699966430664,104.33999633789062,105.9800033569336,97.5776138305664,24451100,yahoo
2015-04-07,105.91999816894533,106.6999969482422,105.8000030517578,105.8000030517578,97.41187286376952,19379400,yahoo
2015-04-08,105.83999633789062,106.79000091552734,105.83000183105467,106.63999938964844,98.18526458740234,25866900,yahoo
2015-04-09,106.58999633789062,107.3499984741211,106.2300033569336,107.30999755859376,98.80215454101562,23114700,yahoo
2015-04-10,107.2699966430664,107.76000213623048,107.02999877929688,107.75,99.207275390625,17164300,yahoo
2015-04-13,107.83000183105467,108.37999725341795,107.36000061035156,107.4800033569336,98.95870208740234,17783500,yahoo
2015-04-14,107.37000274658205,107.68000030517578,106.55999755859376,107.16999816894533,98.67325592041016,23755700,yahoo
2015-04-15,107.4499969482422,108.06999969482422,107.31999969482422,107.83999633789062,99.29013061523438,21128600,yahoo
2015-04-16,107.5500030517578,107.87999725341795,107.4000015258789,107.69000244140624,99.15203094482422,16195300,yahoo
2015-04-17,106.66000366210938,106.9499969482422,105.5500030517578,106.01000213623048,97.60521697998048,46514000,yahoo
2015-04-20,106.54000091552734,107.79000091552734,106.5,107.5999984741211,99.06916046142578,28945900,yahoo
2015-04-21,108.22000122070312,108.41000366210938,107.93000030517578,108.05999755859376,99.49270629882812,22759800,yahoo
2015-04-22,108.33999633789062,108.83000183105467,107.63999938964844,108.6500015258789,100.03594207763672,21429200,yahoo
2015-04-23,108.27999877929688,109.5500030517578,108.26000213623048,109.05999755859376,100.41340637207033,29473200,yahoo
2015-04-24,110.20999908447266,110.69000244140624,110.02999877929688,110.54000091552734,101.77608489990234,32508100,yahoo
2015-04-27,110.9499969482422,111.16000366210938,110.0199966430664,110.26000213623048,101.51827239990234,31121300,yahoo
2015-04-28,110.33999633789062,110.5500030517578,109.11000061035156,110.04000091552734,101.31570434570312,36849200,yahoo
2015-04-29,109.43000030517578,110.06999969482422,108.75,109.3499984741211,100.68041229248048,34043900,yahoo
2015-04-30,108.7300033569336,109.16999816894533,107.05999755859376,107.62999725341795,99.09677124023438,44080500,yahoo
2015-05-01,108.0500030517578,109.12000274658205,108.02999877929688,109.0500030517578,100.40422821044922,32874300,yahoo
2015-05-04,109.4000015258789,109.91000366210938,109.16999816894533,109.2300033569336,100.56996154785156,23507300,yahoo
2015-05-05,108.8000030517578,109.0,107.4000015258789,107.4499969482422,98.93106842041016,47843300,yahoo
2015-05-06,107.63999938964844,107.9499969482422,106.0,106.70999908447266,98.24974822998048,42687200,yahoo
2015-05-07,106.68000030517578,107.6500015258789,106.5999984741211,107.3499984741211,98.8390121459961,29335800,yahoo
2015-05-08,108.45999908447266,108.91999816894533,108.3000030517578,108.69000244140624,100.07276153564452,33023300,yahoo
2015-05-11,108.76000213623048,108.9800033569336,108.19000244140624,108.2699966430664,99.68606567382812,19679300,yahoo
2015-05-12,107.62999725341795,108.33000183105467,106.8000030517578,107.77999877929688,99.2348861694336,33665000,yahoo
2015-05-13,108.25,108.80999755859376,107.83999633789062,108.0,99.43746185302734,20738400,yahoo
2015-05-14,108.87999725341795,109.66999816894533,108.4800033569336,109.58000183105467,100.89219665527344,23904200,yahoo
2015-05-15,109.86000061035156,110.01000213623048,109.30999755859376,109.58000183105467,100.89219665527344,23937400,yahoo
2015-05-18,109.4000015258789,110.27999877929688,109.31999969482422,110.05999755859376,101.33411407470705,17631100,yahoo
2015-05-19,110.18000030517578,110.3499984741211,109.76000213623048,109.94000244140624,101.22364044189452,14212900,yahoo
2015-05-20,110.0199966430664,110.66999816894533,109.43000030517578,110.01000213623048,101.28807830810548,21131900,yahoo
2015-05-21,109.81999969482422,110.7300033569336,109.66000366210938,110.58000183105467,101.81291198730467,16771800,yahoo
2015-05-22,110.4499969482422,110.87000274658205,110.37999725341795,110.47000122070312,101.71161651611328,13543800,yahoo
2015-05-26,110.2300033569336,110.37999725341795,108.76000213623048,109.1999969482422,100.54230499267578,25488400,yahoo
2015-05-27,109.52999877929688,111.08000183105467,109.29000091552734,110.95999908447266,102.16278076171876,30572700,yahoo
2015-05-28,110.75,111.01000213623048,110.37000274658205,110.70999908447266,101.93260192871094,17302400,yahoo
2015-05-29,110.63999938964844,110.79000091552734,109.79000091552734,110.0500030517578,101.32493591308594,30383000,yahoo
2015-06-01,110.63999938964844,110.72000122070312,109.5199966430664,110.41999816894533,101.66559600830078,24570200,yahoo
2015-06-02,110.01000213623048,110.61000061035156,109.47000122070312,110.06999969482422,101.34335327148438,19449600,yahoo
2015-06-03,110.56999969482422,110.80999755859376,110.12999725341795,110.4000015258789,101.64717864990234,20507200,yahoo
2015-06-04,109.77999877929688,110.4800033569336,109.20999908447266,109.55999755859376,100.87376403808594,31374600,yahoo
2015-06-05,109.43000030517578,109.69000244140624,108.62999725341795,109.3000030517578,100.63441467285156,22641700,yahoo
2015-06-08,109.25,109.33000183105467,107.97000122070312,108.19000244140624,99.6124038696289,24549200,yahoo
2015-06-09,107.93000030517578,108.4000015258789,107.1999969482422,108.01000213623048,99.44666290283205,27554600,yahoo
2015-06-10,108.37999725341795,109.80999755859376,108.26000213623048,109.48999786376952,100.80931091308594,30297900,yahoo
2015-06-11,109.86000061035156,110.1500015258789,109.45999908447266,109.6500015258789,100.95663452148438,17593500,yahoo
2015-06-12,109.06999969482422,109.3000030517578,108.5999984741211,108.75,100.12798309326172,27201800,yahoo
2015-06-15,107.94000244140624,108.37999725341795,107.30999755859376,108.20999908447266,99.63080596923828,31238800,yahoo
2015-06-16,108.0999984741211,108.9800033569336,108.0500030517578,108.8000030517578,100.1740264892578,16456900,yahoo
2015-06-17,108.9800033569336,109.4499969482422,108.43000030517578,109.0999984741211,100.45023345947266,23296700,yahoo
2015-06-18,109.5,110.87999725341795,109.44000244140624,110.69000244140624,101.91419982910156,43032400,yahoo
2015-06-19,110.48999786376952,110.58000183105467,109.80999755859376,109.88999938964844,101.41031646728516,27877600,yahoo
2015-06-22,110.6999969482422,111.02999877929688,110.4499969482422,110.6999969482422,102.15779876708984,19120900,yahoo
2015-06-23,110.81999969482422,110.88999938964844,110.33000183105467,110.79000091552734,102.24087524414062,18127900,yahoo
2015-06-24,110.66000366210938,111.12999725341795,110.19000244140624,110.22000122070312,101.7148666381836,15815900,yahoo
2015-06-25,110.6500015258789,110.76000213623048,109.81999969482422,110.0,101.5118408203125,18326700,yahoo
2015-06-26,109.9800033569336,110.2300033569336,108.86000061035156,109.2699966430664,100.83816528320312,32311700,yahoo
2015-06-29,108.05999755859376,108.66000366210938,106.63999938964844,106.69000244140624,98.4572296142578,50874900,yahoo
2015-06-30,107.48999786376952,107.72000122070312,106.73999786376952,107.06999969482422,98.80791473388672,34809900,yahoo
2015-07-01,108.12999725341795,108.3499984741211,107.41999816894533,107.91999816894533,99.59233856201172,21293000,yahoo
2015-07-02,108.2300033569336,108.31999969482422,107.62000274658205,107.9499969482422,99.62004089355467,20499400,yahoo
2015-07-06,107.2699966430664,108.31999969482422,107.04000091552734,107.6999969482422,99.38932037353516,24311000,yahoo
2015-07-07,107.81999969482422,108.06999969482422,105.83000183105467,107.97000122070312,99.63851165771484,44230800,yahoo
2015-07-08,107.1999969482422,107.33000183105467,105.88999938964844,106.08999633789062,97.9035415649414,39691500,yahoo
2015-07-09,107.5,107.5999984741211,106.0199966430664,106.02999877929688,97.8481903076172,28381000,yahoo
2015-07-10,107.44000244140624,108.0500030517578,107.0500030517578,107.6500015258789,99.34320068359376,26415800,yahoo
2015-07-13,108.58000183105467,109.62999725341795,108.56999969482422,109.54000091552734,101.08734130859376,25780700,yahoo
2015-07-14,109.69000244140624,110.55999755859376,109.62999725341795,110.26000213623048,101.75180053710938,21977200,yahoo
2015-07-15,110.47000122070312,110.80999755859376,110.06999969482422,110.37999725341795,101.86247253417967,28631500,yahoo
2015-07-16,111.29000091552734,111.95999908447266,111.06999969482422,111.94000244140624,103.3021469116211,29838900,yahoo
2015-07-17,112.83999633789062,113.58999633789062,112.6500015258789,113.58999633789062,104.82481384277344,35926800,yahoo
2015-07-20,113.83000183105467,114.38999938964844,113.4800033569336,113.9800033569336,105.1847152709961,26539000,yahoo
2015-07-21,114.0199966430664,114.1999969482422,113.58000183105467,113.91000366210938,105.1201171875,35468900,yahoo
2015-07-22,112.16999816894533,113.16999816894533,112.16999816894533,112.62000274658205,103.92965698242188,35575000,yahoo
2015-07-23,112.7300033569336,113.0999984741211,111.91000366210938,112.1999969482422,103.54207611083984,25698300,yahoo
2015-07-24,112.8000030517578,113.0,110.93000030517578,111.0999984741211,102.52694702148438,30844700,yahoo
2015-07-27,110.47000122070312,110.9499969482422,109.94000244140624,110.18000030517578,101.67792510986328,35994800,yahoo
2015-07-28,110.66999816894533,111.3499984741211,109.79000091552734,111.12999725341795,102.55463409423828,33553500,yahoo
2015-07-29,111.37000274658205,111.79000091552734,110.94000244140624,111.5500030517578,102.94223022460938,26714100,yahoo
2015-07-30,111.29000091552734,112.2699966430664,110.62000274658205,112.08000183105467,103.43132781982422,25438100,yahoo
2015-07-31,112.43000030517578,112.48999786376952,111.72000122070312,111.9499969482422,103.31134796142578,22081700,yahoo
2015-08-03,111.97000122070312,112.27999877929688,110.86000061035156,111.5999984741211,102.9883804321289,25001800,yahoo
2015-08-04,111.5500030517578,111.75,110.93000030517578,111.38999938964844,102.7945785522461,22132300,yahoo
2015-08-05,112.01000213623048,113.0,111.87999725341795,112.25,103.58821868896484,28989900,yahoo
2015-08-06,112.3499984741211,112.5,109.9499969482422,110.4499969482422,101.92711639404295,42125400,yahoo
2015-08-07,110.18000030517578,110.56999969482422,109.4000015258789,110.30999755859376,101.79791259765624,30006800,yahoo
2015-08-10,111.01000213623048,111.80999755859376,111.0,111.56999969482422,102.96070861816406,21500800,yahoo
2015-08-11,110.9800033569336,111.41000366210938,109.52999877929688,110.13999938964844,101.64103698730467,36123300,yahoo
2015-08-12,109.37999725341795,110.73999786376952,108.22000122070312,110.5199966430664,101.99172973632812,41889000,yahoo
2015-08-13,110.62999725341795,111.16000366210938,110.0999984741211,110.33999633789062,101.82559967041016,22510500,yahoo
2015-08-14,110.08000183105467,110.66999816894533,109.86000061035156,110.51000213623048,101.98247528076172,17924900,yahoo
2015-08-17,110.23999786376952,111.45999908447266,109.95999908447266,111.43000030517578,102.83146667480467,21224900,yahoo
2015-08-18,111.27999877929688,111.37000274658205,110.70999908447266,110.86000061035156,102.30547332763672,13984400,yahoo
2015-08-19,110.5199966430664,111.11000061035156,109.48999786376952,110.12999725341795,101.63180541992188,42511400,yahoo
2015-08-20,109.11000061035156,109.45999908447266,107.06999969482422,107.08000183105467,98.81714630126952,57747300,yahoo
2015-08-21,105.56999969482422,106.47000122070312,102.4000015258789,102.4000015258789,94.49828338623048,97763400,yahoo
2015-08-24,94.2300033569336,102.52999877929688,84.73999786376953,98.45999908447266,90.86231994628906,150829900,yahoo
2015-08-25,102.06999969482422,102.73999786376952,98.01000213623048,98.08999633789062,90.52085876464844,75088300,yahoo
2015-08-26,100.95999908447266,103.2300033569336,98.93000030517578,103.02999877929688,95.07967376708984,104103800,yahoo
2015-08-27,104.5199966430664,105.70999908447266,103.27999877929688,105.63999938964844,97.4882583618164,69377700,yahoo
2015-08-28,105.08000183105467,106.0,104.8499984741211,105.62000274658205,97.46981811523438,49919600,yahoo
2015-08-31,105.02999877929688,105.61000061035156,104.0500030517578,104.30999755859376,96.26091003417967,39549400,yahoo
2015-09-01,101.70999908447266,103.29000091552734,100.62999725341795,101.0500030517578,93.2524642944336,73155500,yahoo
2015-09-02,102.87999725341795,103.91999816894533,101.6999969482422,103.9000015258789,95.8825454711914,43963600,yahoo
2015-09-03,104.30999755859376,105.0199966430664,103.0999984741211,103.38999938964844,95.4118881225586,45131800,yahoo
2015-09-04,101.97000122070312,102.8499984741211,101.58999633789062,102.16000366210938,94.27680206298828,49379600,yahoo
2015-09-08,104.12000274658205,105.16999816894533,103.69000244140624,105.04000091552734,96.93458557128906,37343500,yahoo
2015-09-09,106.27999877929688,106.30999755859376,103.58999633789062,103.86000061035156,95.84559631347656,47146700,yahoo
2015-09-10,103.73999786376952,105.68000030517578,103.62000274658205,104.98999786376952,96.88843536376952,47686700,yahoo
2015-09-11,104.51000213623048,105.56999969482422,104.20999908447266,105.56999969482422,97.42366790771484,29106100,yahoo
2015-09-14,105.95999908447266,105.9800033569336,104.8499984741211,105.25,97.12838745117188,19718800,yahoo
2015-09-15,105.5,106.81999969482422,105.11000061035156,106.48999786376952,98.27267456054688,30020200,yahoo
2015-09-16,106.51000213623048,107.19000244140624,106.13999938964844,107.08999633789062,98.82640838623048,31329100,yahoo
2015-09-17,106.9800033569336,108.7300033569336,106.63999938964844,107.12999725341795,98.86327362060548,56139800,yahoo
2015-09-18,105.2300033569336,106.5999984741211,105.16999816894533,105.3499984741211,97.45719146728516,48384000,yahoo
2015-09-21,105.93000030517578,106.5500030517578,104.7300033569336,105.68000030517578,97.762451171875,35772600,yahoo
2015-09-22,104.05999755859376,104.41999816894533,103.12999725341795,104.0999984741211,96.30081939697266,47359700,yahoo
2015-09-23,104.37999725341795,104.66000366210938,103.63999938964844,104.18000030517578,96.3748016357422,21775100,yahoo
2015-09-24,103.16999816894533,104.19000244140624,102.2699966430664,103.8000030517578,96.02328491210938,38284300,yahoo
2015-09-25,104.91000366210938,105.01000213623048,102.27999877929688,102.91999816894533,95.20924377441406,44700000,yahoo
2015-09-28,102.4800033569336,102.5500030517578,99.69000244140624,99.98999786376952,92.4987564086914,44077500,yahoo
2015-09-29,100.23999786376952,101.26000213623048,98.75,99.47000122070312,92.01770782470705,49315500,yahoo
2015-09-30,100.88999938964844,101.87000274658205,100.5,101.76000213623048,94.13616180419922,41411400,yahoo
2015-10-01,101.94000244140624,102.2300033569336,100.58999633789062,102.22000122070312,94.56168365478516,39339100,yahoo
2015-10-02,100.8000030517578,104.01000213623048,100.4800033569336,104.01000213623048,96.21756744384766,59370900,yahoo
2015-10-05,104.77999877929688,105.77999877929688,104.5500030517578,105.5,97.59593200683594,32853500,yahoo
2015-10-06,105.25,105.5999984741211,104.18000030517578,105.0,97.13339233398438,33051500,yahoo
2015-10-07,105.66000366210938,105.86000061035156,104.29000091552734,105.62999725341795,97.7162094116211,37389300,yahoo
2015-10-08,105.2300033569336,106.2300033569336,104.20999908447266,106.0500030517578,98.10472869873048,50188900,yahoo
2015-10-09,106.0999984741211,106.7300033569336,105.80999755859376,106.52999877929688,98.5487823486328,23916200,yahoo
2015-10-12,106.7300033569336,106.98999786376952,106.3499984741211,106.79000091552734,98.78929138183594,16162000,yahoo
2015-10-13,106.18000030517578,107.26000213623048,106.0,106.0999984741211,98.1510009765625,26999600,yahoo
2015-10-14,106.0999984741211,106.62999725341795,105.48999786376952,105.93000030517578,97.99372863769533,30902600,yahoo
2015-10-15,106.31999969482422,107.68000030517578,106.18000030517578,107.66999816894533,99.60335540771484,38393800,yahoo
2015-10-16,107.9000015258789,108.18000030517578,107.37999725341795,108.12000274658205,100.01966094970705,27091100,yahoo
2015-10-19,107.9800033569336,108.80999755859376,107.73999786376952,108.73999786376952,100.59317779541016,23776300,yahoo
2015-10-20,108.5500030517578,108.77999877929688,107.80999755859376,108.18000030517578,100.0751495361328,23404700,yahoo
2015-10-21,108.7300033569336,108.83999633789062,107.4800033569336,107.5199966430664,99.46460723876952,30195200,yahoo
2015-10-22,108.4800033569336,109.8000030517578,108.16999816894533,109.70999908447266,101.49053192138672,42778700,yahoo
2015-10-23,112.66000366210938,113.23999786376952,112.06999969482422,112.77999877929688,104.33049774169922,53170900,yahoo
2015-10-26,112.6999969482422,113.06999969482422,112.2699966430664,112.8499984741211,104.39527130126952,25918000,yahoo
2015-10-27,112.5500030517578,113.23999786376952,112.5199966430664,113.08000183105467,104.60802459716795,31390500,yahoo
2015-10-28,113.25,114.0199966430664,112.33999633789062,114.0199966430664,105.47760772705078,42221900,yahoo
2015-10-29,113.5,114.02999877929688,113.37999725341795,113.83999633789062,105.31111145019533,24913300,yahoo
2015-10-30,113.88999938964844,114.08000183105467,113.3000030517578,113.33000183105467,104.83930206298828,27199200,yahoo
2015-11-02,113.62999725341795,114.75,113.38999938964844,114.61000061035156,106.02342224121094,22176900,yahoo
2015-11-03,114.37999725341795,115.41999816894533,114.20999908447266,115.01000213623048,106.39346313476562,20418400,yahoo
2015-11-04,115.38999938964844,115.47000122070312,114.54000091552734,115.0199966430664,106.40270233154295,28633000,yahoo
2015-11-05,115.12000274658205,115.4000015258789,114.11000061035156,114.70999908447266,106.1159210205078,25004100,yahoo
2015-11-06,114.48999786376952,114.91999816894533,113.76000213623048,114.79000091552734,106.18993377685548,29924900,yahoo
2015-11-09,114.36000061035156,114.51000213623048,112.87000274658205,113.56999969482422,105.0613021850586,33479800,yahoo
2015-11-10,112.97000122070312,113.38999938964844,112.62999725341795,113.27999877929688,104.79304504394533,35452100,yahoo
2015-11-11,113.58999633789062,114.13999938964844,112.9499969482422,113.13999938964844,104.6635513305664,22748800,yahoo
2015-11-12,112.68000030517578,113.2300033569336,111.95999908447266,112.04000091552734,103.64598083496094,31196900,yahoo
2015-11-13,111.56999969482422,111.69000244140624,109.77999877929688,109.83999633789062,101.61077880859376,52836000,yahoo
2015-11-16,109.7300033569336,111.44000244140624,109.4800033569336,111.41999816894533,103.07240295410156,33980600,yahoo
2015-11-17,111.61000061035156,112.29000091552734,111.20999908447266,111.48999786376952,103.13715362548828,30579500,yahoo
2015-11-18,111.94000244140624,113.73999786376952,111.83000183105467,113.62999725341795,105.11681365966795,32966500,yahoo
2015-11-19,113.69000244140624,114.2300033569336,113.48999786376952,113.70999908447266,105.19083404541016,26188100,yahoo
2015-11-20,114.25,114.56999969482422,114.13999938964844,114.4800033569336,105.90314483642578,22727600,yahoo
2015-11-23,114.5199966430664,114.94000244140624,113.66000366210938,114.1500015258789,105.59786987304688,20696200,yahoo
2015-11-24,113.41000366210938,114.31999969482422,112.83999633789062,114.0500030517578,105.50538635253906,26374400,yahoo
2015-11-25,114.22000122070312,114.36000061035156,113.91000366210938,114.1500015258789,105.59786987304688,14159900,yahoo
2015-11-27,114.4000015258789,114.54000091552734,113.91999816894533,114.30999755859376,105.74590301513672,8828000,yahoo
2015-11-30,114.6500015258789,114.6500015258789,113.6500015258789,114.0199966430664,105.47760772705078,25041600,yahoo
2015-12-01,114.4800033569336,115.16000366210938,114.33999633789062,115.16000366210938,106.53221130371094,28639400,yahoo
2015-12-02,115.25,115.75,114.27999877929688,114.4499969482422,105.87541198730467,22395500,yahoo
2015-12-03,114.76000213623048,114.95999908447266,111.83999633789062,112.51000213623048,104.08074951171876,42754300,yahoo
2015-12-04,112.8499984741211,115.33000183105467,112.62000274658205,115.13999938964844,106.51371002197266,40037300,yahoo
2015-12-07,115.22000122070312,115.29000091552734,114.06999969482422,114.62000274658205,106.03267669677734,25892100,yahoo
2015-12-08,113.41999816894533,115.0,113.37999725341795,114.62999725341795,106.04191589355467,30792600,yahoo
2015-12-09,114.12999725341795,114.76000213623048,112.1999969482422,112.88999938964844,104.43226623535156,48509200,yahoo
2015-12-10,113.1500015258789,114.16000366210938,112.80999755859376,113.4000015258789,104.9040756225586,30154600,yahoo
2015-12-11,112.08999633789062,112.38999938964844,110.72000122070312,110.79000091552734,102.48963165283205,56022200,yahoo
2015-12-14,110.94000244140624,111.68000030517578,109.37999725341795,111.62999725341795,103.26668548583984,53098500,yahoo
2015-12-15,112.66000366210938,113.27999877929688,112.16999816894533,112.30999755859376,103.89574432373048,48428000,yahoo
2015-12-16,113.06999969482422,114.16999816894533,111.88999938964844,113.9800033569336,105.44062042236328,44944100,yahoo
2015-12-17,114.4800033569336,114.4800033569336,112.3000030517578,112.31999969482422,103.90496063232422,45668800,yahoo
2015-12-18,111.62999725341795,111.87999725341795,109.83000183105467,109.83000183105467,101.91183471679688,53746100,yahoo
2015-12-21,110.87000274658205,111.06999969482422,110.0500030517578,111.0500030517578,103.04389190673828,26432800,yahoo
2015-12-22,111.63999938964844,111.94000244140624,111.0500030517578,111.77999877929688,103.72125244140624,26540300,yahoo
2015-12-23,112.36000061035156,112.69000244140624,112.16000366210938,112.61000061035156,104.4914321899414,25656900,yahoo
2015-12-24,112.61000061035156,112.9000015258789,112.54000091552734,112.58999633789062,104.47286224365234,11468600,yahoo
2015-12-28,112.31999969482422,112.5500030517578,111.51000213623048,112.52999877929688,104.4171905517578,19183600,yahoo
2015-12-29,113.1999969482422,114.5500030517578,113.12999725341795,114.3000030517578,106.05956268310548,27725700,yahoo
2015-12-30,114.1999969482422,114.23999786376952,113.25,113.2699966430664,105.10381317138672,19520100,yahoo
2015-12-31,112.87000274658205,113.08000183105467,111.83999633789062,111.86000061035156,103.7955093383789,29886800,yahoo
2016-01-04,109.4499969482422,109.5999984741211,108.12000274658205,109.5,101.60560607910156,50807600,yahoo
2016-01-05,110.04000091552734,110.18000030517578,108.8000030517578,109.30999755859376,101.42935943603516,38795200,yahoo
2016-01-06,107.41000366210938,108.88999938964844,107.41000366210938,108.26000213623048,100.4550323486328,41891100,yahoo
2016-01-07,105.9499969482422,107.29000091552734,104.80999755859376,104.87000274658205,97.30944061279295,61386300,yahoo
2016-01-08,105.62999725341795,106.29000091552734,103.9000015258789,104.01000213623048,96.5114288330078,69344000,yahoo
2016-01-11,104.75,105.05999755859376,102.7300033569336,104.33000183105467,96.8083724975586,50024100,yahoo
2016-01-12,105.33000183105467,106.08000183105467,104.08000183105467,105.54000091552734,97.9311294555664,46734200,yahoo
2016-01-13,105.97000122070312,106.2300033569336,101.73999786376952,101.9000015258789,94.55357360839844,69870700,yahoo
2016-01-14,102.3000030517578,104.9800033569336,100.66999816894533,104.06999969482422,96.5671157836914,78445700,yahoo
2016-01-15,100.62000274658205,101.94000244140624,99.51000213623048,100.83999633789062,93.5699691772461,91443900,yahoo
2016-01-19,102.20999908447266,102.37000274658205,99.87999725341795,101.05999755859376,93.77411651611328,56563800,yahoo
2016-01-20,99.47000122070312,101.83000183105467,97.25,100.75,93.4864501953125,86675000,yahoo
2016-01-21,101.18000030517578,102.3499984741211,99.81999969482422,100.8499984741211,93.57923126220705,61660100,yahoo
2016-01-22,102.87999725341795,103.80999755859376,102.52999877929688,103.7699966430664,96.28873443603516,42229800,yahoo
2016-01-25,103.4000015258789,103.98999786376952,102.13999938964844,102.2300033569336,94.85975646972656,38881500,yahoo
2016-01-26,102.66000366210938,103.58999633789062,101.76000213623048,103.1500015258789,95.7134246826172,36143900,yahoo
2016-01-27,102.5500030517578,102.98999786376952,100.1500015258789,100.58000183105467,93.32875061035156,54524700,yahoo
2016-01-28,102.25,102.29000091552734,100.26000213623048,102.0,94.64634704589844,47641500,yahoo
2016-01-29,101.97000122070312,104.16999816894533,101.94000244140624,104.12999725341795,96.62277221679688,54245100,yahoo
2016-02-01,103.62999725341795,104.8000030517578,103.2300033569336,104.41000366210938,96.88260650634766,32750300,yahoo
2016-02-02,103.93000030517578,103.97000122070312,101.83999633789062,102.1500015258789,94.78553009033205,44928100,yahoo
2016-02-03,102.83000183105467,102.83000183105467,99.87999725341795,101.66000366210938,94.33087921142578,61572900,yahoo
2016-02-04,101.38999938964844,102.45999908447266,100.44000244140624,101.6500015258789,94.3215560913086,49321600,yahoo
2016-02-05,101.29000091552734,101.33000183105467,97.72000122070312,98.12000274658205,91.04606628417967,70749900,yahoo
2016-02-08,96.29000091552734,97.0500030517578,94.83999633789062,96.62000274658205,89.65420532226562,91673100,yahoo
2016-02-09,95.33000183105467,97.77999877929688,95.18000030517578,96.31999969482422,89.37583923339844,73778400,yahoo
2016-02-10,97.43000030517578,98.69000244140624,96.62000274658205,96.69000244140624,89.71916961669922,59421700,yahoo
2016-02-11,95.45999908447266,97.31999969482422,95.19000244140624,96.5500030517578,89.58927917480469,76839200,yahoo
2016-02-12,97.63999938964844,98.12000274658205,96.7300033569336,98.0199966430664,90.95325469970705,49186500,yahoo
2016-02-16,99.47000122070312,100.2300033569336,98.8499984741211,100.2300033569336,93.0039520263672,40565900,yahoo
2016-02-17,100.95999908447266,102.63999938964844,100.6999969482422,102.5,95.11029815673828,41766500,yahoo
2016-02-18,102.81999969482422,102.83999633789062,101.1999969482422,101.33000183105467,94.02465057373048,38991500,yahoo
2016-02-19,100.83999633789062,101.94000244140624,100.62000274658205,101.62999725341795,94.3030242919922,28257900,yahoo
2016-02-22,102.58000183105467,103.37999725341795,102.4800033569336,103.27999877929688,95.83406829833984,23979100,yahoo
2016-02-23,102.68000030517578,102.95999908447266,101.51000213623048,101.58000183105467,94.2566146850586,29869700,yahoo
2016-02-24,100.38999938964844,102.68000030517578,99.7699966430664,102.5500030517578,95.15667724609376,40739100,yahoo
2016-02-25,102.76000213623048,103.55999755859376,101.83999633789062,103.55999755859376,96.09386444091795,29389300,yahoo
2016-02-26,104.3499984741211,104.37000274658205,103.18000030517578,103.43000030517578,95.97325134277344,30925000,yahoo
2016-02-29,103.33000183105467,104.0999984741211,102.5,102.5,95.11029815673828,27553900,yahoo
2016-03-01,103.4800033569336,105.79000091552734,103.16000366210938,105.79000091552734,98.16310119628906,37699800,yahoo
2016-03-02,105.66000366210938,105.8499984741211,105.01000213623048,105.83000183105467,98.20021057128906,29209800,yahoo
2016-03-03,105.72000122070312,105.75,104.87000274658205,105.62999725341795,98.0146255493164,25474600,yahoo
2016-03-04,105.75,106.3499984741211,104.97000122070312,105.66999816894533,98.0517578125,31655400,yahoo
2016-03-07,105.12999725341795,105.73999786376952,104.2699966430664,105.0199966430664,97.44863891601562,25861200,yahoo
2016-03-08,104.3000030517578,105.20999908447266,103.97000122070312,104.1500015258789,96.6413345336914,28898500,yahoo
2016-03-09,104.54000091552734,104.83999633789062,103.95999908447266,104.81999969482422,97.26303100585938,31047400,yahoo
2016-03-10,105.26000213623048,105.86000061035156,103.30999755859376,104.66000366210938,97.11457061767578,44236100,yahoo
2016-03-11,105.79000091552734,106.48999786376952,105.45999908447266,106.48999786376952,98.81263732910156,31454000,yahoo
2016-03-14,106.08999633789062,106.91999816894533,106.05999755859376,106.66999816894533,98.97964477539062,25374900,yahoo
2016-03-15,106.29000091552734,106.75,105.9499969482422,106.62999725341795,98.94257354736328,26524600,yahoo
2016-03-16,106.37000274658205,107.86000061035156,106.33999633789062,107.58000183105467,99.82405853271484,31693100,yahoo
2016-03-17,107.2699966430664,107.7699966430664,106.87000274658205,107.5199966430664,99.76838684082033,29623700,yahoo
2016-03-18,107.45999908447266,107.63999938964844,106.8000030517578,107.37000274658205,99.92472076416016,37682300,yahoo
2016-03-21,107.18000030517578,107.88999938964844,107.12000274658205,107.79000091552734,100.31559753417967,17288600,yahoo
2016-03-22,107.18000030517578,108.37000274658205,107.16000366210938,108.12000274658205,100.62274169921876,18840300,yahoo
2016-03-23,107.91000366210938,107.98999786376952,106.98999786376952,107.2300033569336,99.7944107055664,20912900,yahoo
2016-03-24,106.70999908447266,107.29000091552734,106.52999877929688,107.26000213623048,99.82234954833984,19017300,yahoo
2016-03-28,107.55999755859376,107.58000183105467,106.91999816894533,107.11000061035156,99.68275451660156,13892300,yahoo
2016-03-29,106.91000366210938,108.9000015258789,106.7300033569336,108.83000183105467,101.28350067138672,29963900,yahoo
2016-03-30,109.4800033569336,110.04000091552734,109.12999725341795,109.36000061035156,101.77677917480467,23807200,yahoo
2016-03-31,109.27999877929688,109.69000244140624,109.02999877929688,109.1999969482422,101.62783813476562,21447200,yahoo
2016-04-01,108.54000091552734,110.4000015258789,108.38999938964844,110.36000061035156,102.70740509033205,26389000,yahoo
2016-04-04,110.36000061035156,110.44000244140624,109.68000030517578,109.94000244140624,102.3165283203125,17163000,yahoo
2016-04-05,109.08999633789062,109.5,108.73999786376952,108.87999725341795,101.33000946044922,20107900,yahoo
2016-04-06,108.98999786376952,110.70999908447266,108.98999786376952,110.66999816894533,102.99588012695312,25056000,yahoo
2016-04-07,110.02999877929688,110.2300033569336,108.61000061035156,109.08000183105467,101.5161590576172,28567200,yahoo
2016-04-08,109.76000213623048,110.0199966430664,108.62000274658205,109.0,101.44171142578124,22898000,yahoo
2016-04-11,109.47000122070312,110.0199966430664,108.58999633789062,108.5999984741211,101.06941986083984,25772100,yahoo
2016-04-12,108.68000030517578,109.72000122070312,108.0199966430664,109.51000213623048,101.91632843017578,28564100,yahoo
2016-04-13,110.3499984741211,111.08000183105467,110.20999908447266,110.91000366210938,103.21924591064452,25356700,yahoo
2016-04-14,110.93000030517578,111.33000183105467,110.0,110.91999816894533,103.22855377197266,17199700,yahoo
2016-04-15,110.83000183105467,111.05999755859376,110.36000061035156,110.63999938964844,102.96800231933594,21353300,yahoo
2016-04-18,110.31999969482422,111.2699966430664,110.25,111.2300033569336,103.51705169677734,17126100,yahoo
2016-04-19,111.44000244140624,111.44000244140624,109.87999725341795,110.5500030517578,102.88421630859376,42481400,yahoo
2016-04-20,110.5500030517578,111.1500015258789,110.16999816894533,110.63999938964844,102.96800231933594,18078300,yahoo
2016-04-21,110.58000183105467,111.0500030517578,110.1500015258789,110.6500015258789,102.97728729248048,20216000,yahoo
2016-04-22,109.20999908447266,109.72000122070312,108.12000274658205,108.9800033569336,101.42308807373048,39074000,yahoo
2016-04-25,108.6500015258789,108.98999786376952,108.4499969482422,108.9800033569336,101.42308807373048,14351900,yahoo
2016-04-26,109.20999908447266,109.38999938964844,108.12000274658205,108.4499969482422,100.92985534667967,19118300,yahoo
2016-04-27,107.33999633789062,107.83000183105467,106.69000244140624,107.58000183105467,100.12018585205078,33059800,yahoo
2016-04-28,107.6999969482422,108.33000183105467,106.06999969482422,106.27999877929688,98.91029357910156,29818200,yahoo
2016-04-29,106.27999877929688,106.5,104.87999725341795,105.72000122070312,98.38914489746094,67502800,yahoo
2016-05-02,105.98999786376952,106.87000274658205,105.5500030517578,106.72000122070312,99.31979370117188,24813800,yahoo
2016-05-03,105.95999908447266,106.44000244140624,105.4499969482422,105.7300033569336,98.39844512939452,38569400,yahoo
2016-05-04,105.08999633789062,105.4800033569336,104.79000091552734,105.0500030517578,97.76559448242188,27474500,yahoo
2016-05-05,105.43000030517578,105.66000366210938,104.80999755859376,105.0199966430664,97.73770141601562,20788100,yahoo
2016-05-06,104.5,105.5999984741211,104.4000015258789,105.58000183105467,98.25885009765624,30758500,yahoo
2016-05-09,105.58999633789062,106.37000274658205,105.54000091552734,105.87999725341795,98.53803253173828,19289600,yahoo
2016-05-10,106.26000213623048,107.37999725341795,106.06999969482422,107.33000183105467,99.8874969482422,21178900,yahoo
2016-05-11,107.16999816894533,107.48999786376952,106.33000183105467,106.36000061035156,98.98477172851562,20966300,yahoo
2016-05-12,106.61000061035156,106.73999786376952,105.13999938964844,105.88999938964844,98.54735565185548,29196300,yahoo
2016-05-13,105.8000030517578,106.4499969482422,105.29000091552734,105.5,98.18441009521484,21059300,yahoo
2016-05-16,105.66000366210938,107.20999908447266,105.55999755859376,106.81999969482422,99.41285705566406,18311900,yahoo
2016-05-17,106.7300033569336,107.04000091552734,105.1999969482422,105.4800033569336,98.16577911376952,29932700,yahoo
2016-05-18,105.23999786376952,106.43000030517578,105.04000091552734,105.86000061035156,98.51944732666016,27524400,yahoo
2016-05-19,105.4499969482422,105.70999908447266,104.54000091552734,105.30999755859376,98.00757598876952,27334600,yahoo
2016-05-20,105.7300033569336,106.9000015258789,105.66999816894533,106.47000122070312,99.087158203125,29549600,yahoo
2016-05-23,106.58999633789062,106.97000122070312,106.2300033569336,106.33000183105467,98.95682525634766,15729800,yahoo
2016-05-24,106.91999816894533,108.58999633789062,106.88999938964844,108.45999908447266,100.93914794921876,29931300,yahoo
2016-05-25,108.87000274658205,109.56999969482422,108.68000030517578,109.23999786376952,101.6650619506836,37951700,yahoo
2016-05-26,109.3499984741211,109.6999969482422,109.08999633789062,109.55999755859376,101.96287536621094,21885900,yahoo
2016-05-27,109.62999725341795,110.13999938964844,109.61000061035156,110.12999725341795,102.49335479736328,19870000,yahoo
2016-05-31,110.27999877929688,110.51000213623048,109.77999877929688,110.33999633789062,102.68878936767578,24366100,yahoo
2016-06-01,110.0,110.5999984741211,109.91000366210938,110.3499984741211,102.6980972290039,19571500,yahoo
2016-06-02,110.12999725341795,110.58999633789062,109.52999877929688,110.58000183105467,102.9121551513672,15696600,yahoo
2016-06-03,110.37000274658205,110.41999816894533,109.33999633789062,110.05999755859376,102.42816925048828,20269900,yahoo
2016-06-06,110.26000213623048,110.75,110.06999969482422,110.45999908447266,102.8004379272461,12502400,yahoo
2016-06-07,110.5199966430664,110.62999725341795,110.12999725341795,110.18000030517578,102.53987121582033,12184300,yahoo
2016-06-08,110.37000274658205,110.5999984741211,109.95999908447266,110.37000274658205,102.71671295166016,14568700,yahoo
2016-06-09,109.91999816894533,110.30999755859376,109.70999908447266,110.19000244140624,102.5491714477539,17571600,yahoo
2016-06-10,109.19000244140624,109.4000015258789,108.55999755859376,108.94000244140624,101.38585662841795,32965000,yahoo
2016-06-13,108.31999969482422,108.93000030517578,107.88999938964844,108.02999877929688,100.5389633178711,25154700,yahoo
2016-06-14,107.73999786376952,108.41999816894533,107.23999786376952,108.02999877929688,100.5389633178711,24588500,yahoo
2016-06-15,108.29000091552734,108.44000244140624,107.54000091552734,107.72000122070312,100.25045013427734,24605700,yahoo
2016-06-16,107.19000244140624,108.13999938964844,106.5,108.04000091552734,100.54825592041016,32079900,yahoo
2016-06-17,107.52999877929688,107.68000030517578,106.23999786376952,106.48999786376952,99.36971282958984,29208800,yahoo
2016-06-20,107.7300033569336,108.23999786376952,107.08000183105467,107.16000366210938,99.99491119384766,20562800,yahoo
2016-06-21,107.3000030517578,107.72000122070312,107.0999984741211,107.5,100.31218719482422,22804100,yahoo
2016-06-22,107.55999755859376,108.19000244140624,107.1500015258789,107.23999786376952,100.06956481933594,22724200,yahoo
2016-06-23,108.06999969482422,108.79000091552734,107.62000274658205,108.7699966430664,101.49723052978516,18714200,yahoo
2016-06-24,104.9000015258789,106.5,104.05999755859376,104.29000091552734,97.31682586669922,68012700,yahoo
2016-06-27,103.5999984741211,103.5999984741211,101.75,102.22000122070312,95.3852081298828,48222600,yahoo
2016-06-28,103.3499984741211,104.51000213623048,103.3000030517578,104.45999908447266,97.4754409790039,28260600,yahoo
2016-06-29,105.27999877929688,106.52999877929688,105.2300033569336,106.30999755859376,99.20175170898438,31356700,yahoo
2016-06-30,106.48999786376952,107.61000061035156,106.12999725341795,107.54000091552734,100.34951782226562,36300800,yahoo
2016-07-01,107.48999786376952,108.4800033569336,107.4499969482422,108.08000183105467,100.8533935546875,19902800,yahoo
2016-07-05,107.51000213623048,107.66000366210938,106.83999633789062,107.41999816894533,100.23753356933594,21167900,yahoo
2016-07-06,106.91000366210938,108.3499984741211,106.56999969482422,108.3000030517578,101.05870056152344,24579300,yahoo
2016-07-07,108.4000015258789,108.86000061035156,108.11000061035156,108.62000274658205,101.3572998046875,19161700,yahoo
2016-07-08,109.1999969482422,110.36000061035156,109.0199966430664,110.3000030517578,102.92497253417967,29457900,yahoo
2016-07-11,110.66999816894533,111.33999633789062,110.66000366210938,110.93000030517578,103.5128173828125,20218500,yahoo
2016-07-12,111.61000061035156,111.79000091552734,111.33999633789062,111.48999786376952,104.03539276123048,21906100,yahoo
2016-07-13,111.75,111.81999969482422,111.20999908447266,111.22000122070312,103.7834701538086,21107800,yahoo
2016-07-14,111.95999908447266,112.19000244140624,111.6999969482422,111.9800033569336,104.49263763427734,20871000,yahoo
2016-07-15,112.23999786376952,112.3000030517578,111.5500030517578,111.8000030517578,104.32469940185548,17999300,yahoo
2016-07-18,111.87000274658205,112.73999786376952,111.8499984741211,112.54000091552734,105.01519012451172,20713900,yahoo
2016-07-19,112.1500015258789,112.4800033569336,111.93000030517578,112.12999725341795,104.6326141357422,18936700,yahoo
2016-07-20,112.73999786376952,113.6500015258789,112.5999984741211,113.44000244140624,105.85504913330078,24997900,yahoo
2016-07-21,113.5199966430664,113.73999786376952,112.87000274658205,113.18000030517578,105.61237335205078,18885400,yahoo
2016-07-22,113.26000213623048,113.77999877929688,112.91000366210938,113.6500015258789,106.05097198486328,20003400,yahoo
2016-07-25,113.55999755859376,113.69000244140624,113.27999877929688,113.66000366210938,106.06031799316406,12968100,yahoo
2016-07-26,113.62000274658205,114.1999969482422,113.22000122070312,113.79000091552734,106.18161010742188,21223800,yahoo
2016-07-27,114.75,114.87999725341795,114.0999984741211,114.58000183105467,106.91879272460938,27646100,yahoo
2016-07-28,114.76000213623048,115.11000061035156,114.4000015258789,114.9800033569336,107.29205322265624,16939700,yahoo
2016-07-29,115.23999786376952,115.54000091552734,114.87000274658205,115.2300033569336,107.52532196044922,22385300,yahoo
2016-08-01,115.30999755859376,116.12999725341795,115.16999816894533,115.83999633789062,108.0945281982422,13990100,yahoo
2016-08-02,115.66999816894533,115.7699966430664,114.22000122070312,114.95999908447266,107.27338409423828,21278400,yahoo
2016-08-03,114.87000274658205,115.3499984741211,114.8000030517578,115.33999633789062,107.62799072265624,15011300,yahoo
2016-08-04,115.3000030517578,115.77999877929688,115.02999877929688,115.66999816894533,107.93590545654295,12835300,yahoo
2016-08-05,116.26000213623048,117.04000091552734,116.12999725341795,116.77999877929688,108.97168731689452,23196600,yahoo
2016-08-08,116.83999633789062,116.87000274658205,116.27999877929688,116.6500015258789,108.8503646850586,12358200,yahoo
2016-08-09,116.73999786376952,117.29000091552734,116.66999816894533,116.91999816894533,109.10232543945312,13276500,yahoo
2016-08-10,116.98999786376952,117.0199966430664,116.30999755859376,116.62000274658205,108.82239532470705,14688400,yahoo
2016-08-11,117.0199966430664,117.37000274658205,116.77999877929688,117.12000274658205,109.2889633178711,12969800,yahoo
2016-08-12,116.91999816894533,117.20999908447266,116.79000091552734,117.1999969482422,109.36361694335938,19379000,yahoo
2016-08-15,117.3499984741211,117.97000122070312,117.30999755859376,117.6999969482422,109.83018493652344,11777800,yahoo
2016-08-16,117.4800033569336,117.48999786376952,117.02999877929688,117.0500030517578,109.22362518310548,14161400,yahoo
2016-08-17,117.08000183105467,117.3000030517578,116.43000030517578,117.26000213623048,109.4195785522461,15980300,yahoo
2016-08-18,117.1500015258789,117.45999908447266,116.9499969482422,117.29000091552734,109.44757080078124,10036300,yahoo
2016-08-19,117.08000183105467,117.5199966430664,116.76000213623048,117.26000213623048,109.4195785522461,18743000,yahoo
2016-08-22,117.08999633789062,117.5500030517578,116.87000274658205,117.3499984741211,109.50357055664062,14500600,yahoo
2016-08-23,117.80999755859376,118.01000213623048,117.51000213623048,117.55999755859376,109.69955444335938,11997900,yahoo
2016-08-24,117.4800033569336,117.63999938964844,116.41000366210938,116.8000030517578,108.99034881591795,17728700,yahoo
2016-08-25,116.5,116.97000122070312,116.36000061035156,116.61000061035156,108.81304168701172,24266300,yahoo
2016-08-26,116.6500015258789,117.54000091552734,116.08000183105467,116.77999877929688,108.97168731689452,23896000,yahoo
2016-08-29,116.80999755859376,117.25,116.79000091552734,116.94000244140624,109.12102508544922,11184900,yahoo
2016-08-30,116.75,117.08999633789062,116.16000366210938,116.55999755859376,108.76639556884766,19843300,yahoo
2016-08-31,116.37999725341795,116.55999755859376,115.9499969482422,116.44000244140624,108.65443420410156,16169800,yahoo
2016-09-01,116.4800033569336,116.87999725341795,115.91000366210938,116.73999786376952,108.93435668945312,20944700,yahoo
2016-09-02,117.31999969482422,117.55999755859376,116.68000030517578,117.12000274658205,109.2889633178711,18088200,yahoo
2016-09-06,117.31999969482422,117.8499984741211,117.05999755859376,117.8499984741211,109.97013854980467,18525200,yahoo
2016-09-07,117.95999908447266,118.12000274658205,117.47000122070312,117.91999816894533,110.03549194335938,17546900,yahoo
2016-09-08,117.56999969482422,117.5999984741211,116.91999816894533,117.2300033569336,109.3916015625,20125300,yahoo
2016-09-09,116.25,116.51000213623048,114.26000213623048,114.27999877929688,106.63882446289062,50813300,yahoo
2016-09-12,113.63999938964844,116.48999786376952,113.62999725341795,116.33000183105467,108.55178833007812,39646000,yahoo
2016-09-13,115.75,116.08999633789062,114.7300033569336,115.29000091552734,107.58132934570312,45863900,yahoo
2016-09-14,115.41000366210938,116.47000122070312,115.37999725341795,115.83999633789062,108.0945281982422,28221800,yahoo
2016-09-15,115.87000274658205,117.81999969482422,115.86000061035156,117.63999938964844,109.77417755126952,38521400,yahoo
2016-09-16,117.22000122070312,117.41000366210938,116.70999908447266,117.29000091552734,109.72178649902344,27596500,yahoo
2016-09-19,117.58999633789062,117.9499969482422,116.5500030517578,116.77999877929688,109.24470520019533,16222900,yahoo
2016-09-20,117.1999969482422,117.4800033569336,116.8000030517578,117.0,109.45052337646484,18078600,yahoo
2016-09-21,117.5,118.31999969482422,116.80999755859376,118.1500015258789,110.52628326416016,31546800,yahoo
2016-09-22,118.83999633789062,119.22000122070312,118.72000122070312,119.08999633789062,111.40568542480467,22614400,yahoo
2016-09-23,119.0,119.0,118.16000366210938,118.33000183105467,110.69467163085938,22213400,yahoo
2016-09-26,117.66000366210938,117.8000030517578,117.16999816894533,117.33999633789062,109.7686004638672,16403900,yahoo
2016-09-27,117.26000213623048,118.55999755859376,117.1500015258789,118.5,110.85370635986328,20238400,yahoo
2016-09-28,118.6500015258789,118.7699966430664,118.08999633789062,118.6999969482422,111.0408172607422,14794300,yahoo
2016-09-29,118.5,118.72000122070312,117.33000183105467,117.83999633789062,110.23631286621094,27207500,yahoo
2016-09-30,118.1500015258789,119.06999969482422,118.02999877929688,118.72000122070312,111.05953979492188,25543200,yahoo
2016-10-03,118.56999969482422,118.6999969482422,118.08999633789062,118.5500030517578,110.90049743652344,19216400,yahoo
2016-10-04,118.9000015258789,119.16000366210938,117.91999816894533,118.37000274658205,110.7321319580078,21239700,yahoo
2016-10-05,118.72000122070312,119.16999816894533,118.66999816894533,118.79000091552734,111.1250228881836,14481300,yahoo
2016-10-06,118.63999938964844,118.9800033569336,118.1500015258789,118.7300033569336,111.06888580322266,11987100,yahoo
2016-10-07,118.83999633789062,119.01000213623048,117.88999938964844,118.47000122070312,110.82565307617188,19984200,yahoo
2016-10-10,119.08000183105467,119.4800033569336,119.02999877929688,119.22000122070312,111.52726745605467,19687300,yahoo
2016-10-11,119.12000274658205,119.13999938964844,117.0,117.5199966430664,109.93697357177734,27774400,yahoo
2016-10-12,117.62999725341795,117.81999969482422,117.05999755859376,117.41999816894533,109.84341430664062,14267800,yahoo
2016-10-13,116.62000274658205,117.31999969482422,115.94000244140624,117.0,109.45052337646484,22821000,yahoo
2016-10-14,117.58000183105467,118.0500030517578,117.06999969482422,117.13999938964844,109.58147430419922,21313300,yahoo
2016-10-17,117.04000091552734,117.3000030517578,116.66999816894533,116.81999969482422,109.28215789794922,14182700,yahoo
2016-10-18,118.20999908447266,118.41000366210938,117.8000030517578,117.86000061035156,110.25499725341795,19276700,yahoo
2016-10-19,117.7699966430664,118.0199966430664,117.63999938964844,117.8499984741211,110.24566650390624,13702900,yahoo
2016-10-20,117.7300033569336,117.97000122070312,117.02999877929688,117.70999908447266,110.1147003173828,18132200,yahoo
2016-10-21,117.8000030517578,118.22000122070312,117.41000366210938,118.1500015258789,110.52628326416016,15707800,yahoo
2016-10-24,118.91000366210938,119.6500015258789,118.88999938964844,119.56999969482422,111.8547134399414,19143000,yahoo
2016-10-25,119.63999938964844,119.66000366210938,119.01000213623048,119.19000244140624,111.49920654296876,20341800,yahoo
2016-10-26,118.41999816894533,119.02999877929688,118.02999877929688,118.37999725341795,110.74147033691406,20463700,yahoo
2016-10-27,118.88999938964844,118.98999786376952,117.66999816894533,117.83999633789062,110.23631286621094,19099800,yahoo
2016-10-28,117.5,118.11000061035156,116.73999786376952,117.0999984741211,109.54405975341795,35369300,yahoo
2016-10-31,117.52999877929688,117.52999877929688,116.93000030517578,116.98999786376952,109.441162109375,18749400,yahoo
2016-11-01,117.19000244140624,117.20999908447266,115.0999984741211,116.11000061035156,108.61795806884766,23498700,yahoo
2016-11-02,116.02999877929688,116.3000030517578,114.88999938964844,115.18000030517578,107.7479476928711,26960100,yahoo
2016-11-03,114.98999786376952,115.37000274658205,113.91999816894533,114.0500030517578,106.69087982177734,36205200,yahoo
2016-11-04,113.7699966430664,114.54000091552734,113.4499969482422,113.6500015258789,106.3166732788086,26997500,yahoo
2016-11-07,115.48999786376952,116.47000122070312,115.3000030517578,116.3499984741211,108.84242248535156,26591200,yahoo
2016-11-08,116.2300033569336,117.63999938964844,115.95999908447266,117.11000061035156,109.55343627929688,20777900,yahoo
2016-11-09,115.73999786376952,117.83999633789062,115.5999984741211,117.6500015258789,110.0585708618164,70234400,yahoo
2016-11-10,118.22000122070312,118.37999725341795,114.1999969482422,115.75,108.28117370605467,72825400,yahoo
2016-11-11,115.25,116.0500030517578,114.83999633789062,115.8000030517578,108.32795715332033,41115200,yahoo
2016-11-14,115.83000183105467,115.94000244140624,114.02999877929688,114.62999725341795,107.2334213256836,35906000,yahoo
2016-11-15,115.5,116.62000274658205,115.33000183105467,116.22000122070312,108.72084045410156,31796600,yahoo
2016-11-16,115.66999816894533,116.98999786376952,115.66999816894533,116.91000366210938,109.36634063720705,16538100,yahoo
2016-11-17,116.8499984741211,117.77999877929688,116.61000061035156,117.76000213623048,110.1614761352539,20598600,yahoo
2016-11-18,117.9000015258789,118.0999984741211,117.20999908447266,117.31999969482422,109.74986267089844,16428700,yahoo
2016-11-21,117.61000061035156,118.6500015258789,117.56999969482422,118.54000091552734,110.8911361694336,20268500,yahoo
2016-11-22,119.01000213623048,119.19000244140624,118.61000061035156,118.9000015258789,111.22792053222656,18850600,yahoo
2016-11-23,118.51000213623048,118.63999938964844,117.9000015258789,118.41999816894533,110.77889251708984,22926000,yahoo
2016-11-25,118.55999755859376,118.8499984741211,118.41999816894533,118.8000030517578,111.13438415527344,7162800,yahoo
2016-11-28,118.6500015258789,119.08000183105467,118.41000366210938,118.52999877929688,110.88177490234376,13479000,yahoo
2016-11-29,118.63999938964844,119.51000213623048,118.3000030517578,118.94000244140624,111.2653579711914,18553000,yahoo
2016-11-30,119.08999633789062,119.12999725341795,117.45999908447266,117.5,109.91824340820312,30405300,yahoo
2016-12-01,117.45999908447266,117.47000122070312,115.29000091552734,115.47000122070312,108.01924896240234,39796600,yahoo
2016-12-02,115.54000091552734,116.16000366210938,115.22000122070312,115.6999969482422,108.2344207763672,32876800,yahoo
2016-12-05,116.3000030517578,117.05999755859376,115.7699966430664,116.5999984741211,109.0763168334961,21419700,yahoo
2016-12-06,116.93000030517578,117.08000183105467,116.38999938964844,116.87999725341795,109.33824920654295,27293300,yahoo
2016-12-07,116.63999938964844,118.51000213623048,116.29000091552734,118.36000061035156,110.7227554321289,26622400,yahoo
2016-12-08,118.41000366210938,118.87000274658205,118.18000030517578,118.56999969482422,110.91917419433594,18578400,yahoo
2016-12-09,119.01000213623048,119.54000091552734,119.0,119.5,111.78919982910156,21863100,yahoo
2016-12-12,118.97000122070312,119.20999908447266,118.47000122070312,118.95999908447266,111.28404998779295,23259300,yahoo
2016-12-13,119.31999969482422,121.11000061035156,119.31999969482422,120.45999908447266,112.68726348876952,54477900,yahoo
2016-12-14,120.61000061035156,121.0,119.86000061035156,120.20999908447266,112.45338439941406,28746000,yahoo
2016-12-15,120.37000274658205,121.11000061035156,120.08000183105467,120.4000015258789,112.63111877441406,22762300,yahoo
2016-12-16,120.33999633789062,120.58000183105467,119.36000061035156,119.5999984741211,112.21358489990234,26283900,yahoo
2016-12-19,119.72000122070312,120.83000183105467,119.5500030517578,120.08999633789062,112.67335510253906,21138700,yahoo
2016-12-20,120.47000122070312,120.7699966430664,120.33000183105467,120.5500030517578,113.10494232177734,11461800,yahoo
2016-12-21,120.5999984741211,120.68000030517578,120.19000244140624,120.45999908447266,113.02051544189452,7079300,yahoo
2016-12-22,120.47000122070312,120.5,119.6500015258789,120.12000274658205,112.70150756835938,16645000,yahoo
2016-12-23,119.91999816894533,120.25,119.80999755859376,120.1999969482422,112.77655029296876,9007500,yahoo
2016-12-27,120.45999908447266,121.5199966430664,120.41000366210938,120.81999969482422,113.3582534790039,16110600,yahoo
2016-12-28,121.08000183105467,121.19000244140624,119.8000030517578,119.87999725341795,112.476318359375,17975200,yahoo
2016-12-29,119.8499984741211,120.12999725341795,119.33000183105467,119.70999908447266,112.31683349609376,13267500,yahoo
2016-12-30,119.94000244140624,119.9499969482422,118.13999938964844,118.4800033569336,111.1627960205078,41749000,yahoo
2017-01-03,119.2699966430664,119.98999786376952,118.88999938964844,119.54000091552734,112.15734100341795,22307600,yahoo
2017-01-04,119.66999816894533,120.41000366210938,119.66000366210938,120.19000244140624,112.76716613769533,19749100,yahoo
2017-01-05,120.0999984741211,120.9499969482422,120.0999984741211,120.87000274658205,113.40518188476562,20644300,yahoo
2017-01-06,121.0,122.25,120.69000244140624,121.93000030517578,114.39974212646484,24074300,yahoo
2017-01-09,122.02999877929688,122.5500030517578,121.9499969482422,122.33000183105467,114.77500915527344,18909200,yahoo
2017-01-10,122.37999725341795,122.97000122070312,122.0999984741211,122.5999984741211,115.02833557128906,16176600,yahoo
2017-01-11,122.6500015258789,122.93000030517578,122.0199966430664,122.93000030517578,115.33795166015624,20686000,yahoo
2017-01-12,122.48999786376952,122.81999969482422,121.5999984741211,122.73999786376952,115.1596908569336,19622500,yahoo
2017-01-13,122.8000030517578,123.37000274658205,122.8000030517578,123.16000366210938,115.55374908447266,16930800,yahoo
2017-01-17,122.83999633789062,123.02999877929688,122.43000030517578,122.79000091552734,115.20661163330078,14538500,yahoo
2017-01-18,122.97000122070312,123.16000366210938,122.66000366210938,123.04000091552734,115.44117736816406,12499700,yahoo
2017-01-19,123.22000122070312,123.6500015258789,122.72000122070312,122.9800033569336,115.38485717773438,12710700,yahoo
2017-01-20,123.5199966430664,123.83000183105467,122.91999816894533,123.25,115.63819122314452,22091000,yahoo
2017-01-23,123.16999816894533,123.52999877929688,122.56999969482422,123.3499984741211,115.73201751708984,17434200,yahoo
2017-01-24,123.58999633789062,124.37000274658205,123.37999725341795,124.18000030517578,116.51077270507812,17640900,yahoo
2017-01-25,124.95999908447266,125.45999908447266,124.8499984741211,125.43000030517578,117.6835708618164,15036200,yahoo
2017-01-26,125.5999984741211,125.81999969482422,125.33999633789062,125.55999755859376,117.80551147460938,16052200,yahoo
2017-01-27,125.83000183105467,125.91999816894533,125.38999938964844,125.8000030517578,118.03070831298828,15053000,yahoo
2017-01-30,125.37999725341795,125.37999725341795,124.12999725341795,124.81999969482422,117.11125183105467,25006700,yahoo
2017-01-31,124.37999725341795,124.5999984741211,123.8499984741211,124.56999969482422,116.8766632080078,19091100,yahoo
2017-02-01,125.4499969482422,125.68000030517578,124.86000061035156,125.43000030517578,117.6835708618164,22861900,yahoo
2017-02-02,125.20999908447266,125.6999969482422,124.86000061035156,125.31999969482422,117.58035278320312,15101400,yahoo
2017-02-03,125.4499969482422,125.80999755859376,125.33000183105467,125.68000030517578,117.91814422607422,16957200,yahoo
2017-02-06,125.47000122070312,125.8499984741211,125.3499984741211,125.83000183105467,118.05886840820312,11630100,yahoo
2017-02-07,126.08999633789062,126.5500030517578,125.97000122070312,126.29000091552734,118.49044036865234,17541100,yahoo
2017-02-08,126.12000274658205,126.68000030517578,125.87999725341795,126.5,118.68746185302734,12569100,yahoo
2017-02-09,126.62999725341795,127.23999786376952,126.55999755859376,126.95999908447266,119.11908721923828,17542700,yahoo
2017-02-10,127.23999786376952,127.55999755859376,127.0199966430664,127.37999725341795,119.51309967041016,13915700,yahoo
2017-02-13,127.7699966430664,128.25999450683594,127.72000122070312,128.10000610351562,120.1886749267578,19120200,yahoo
2017-02-14,128.14999389648438,128.5399932861328,127.73999786376952,128.52999877929688,120.59210205078124,16333500,yahoo
2017-02-15,128.44000244140625,129.35000610351562,128.3699951171875,129.2899932861328,121.30516815185548,17891400,yahoo
2017-02-16,129.3699951171875,129.6300048828125,128.9199981689453,129.25,121.26761627197266,15098300,yahoo
2017-02-17,129.05999755859375,129.82000732421875,129.0399932861328,129.80999755859375,121.79307556152344,15563700,yahoo
2017-02-21,130.05999755859375,130.52999877929688,129.99000549316406,130.4499969482422,122.3935546875,18479600,yahoo
2017-02-22,130.3300018310547,130.58999633789062,130.11000061035156,130.5,122.4404296875,12110900,yahoo
2017-02-23,130.6999969482422,130.6999969482422,129.49000549316406,130.00999450683594,121.980712890625,17489000,yahoo
2017-02-24,129.4199981689453,130.25999450683594,129.3800048828125,130.25999450683594,122.21526336669922,18624500,yahoo
2017-02-27,130.02000427246094,130.42999267578125,129.8000030517578,130.4199981689453,122.36540222167967,12008700,yahoo
2017-02-28,130.38999938964844,130.4499969482422,129.66000366210938,130.02000427246094,121.99009704589844,16598600,yahoo
2017-03-01,130.85000610351562,131.67999267578125,130.60000610351562,131.44000244140625,123.3223648071289,25813800,yahoo
2017-03-02,131.41000366210938,131.42999267578125,130.6199951171875,130.77999877929688,122.70311737060548,19951400,yahoo
2017-03-03,130.69000244140625,131.05999755859375,130.33999633789062,131.02000427246094,122.92835998535156,13722700,yahoo
2017-03-06,130.58999633789062,130.9499969482422,130.2100067138672,130.72999572753906,122.65624237060548,12026200,yahoo
2017-03-07,130.47000122070312,131.0800018310547,130.27999877929688,130.50999450683594,122.44983673095705,15500900,yahoo
2017-03-08,130.58999633789062,131.14999389648438,130.4600067138672,130.74000549316406,122.66565704345705,15776000,yahoo
2017-03-09,130.7100067138672,131.02000427246094,130.13999938964844,130.83999633789062,122.75945281982422,20855300,yahoo
2017-03-10,131.44000244140625,131.60000610351562,130.82000732421875,131.38999938964844,123.27548217773438,21922600,yahoo
2017-03-13,131.33999633789062,131.63999938964844,131.27000427246094,131.61000061035156,123.48193359375,10731600,yahoo
2017-03-14,131.30999755859375,131.36000061035156,130.75999450683594,131.2899932861328,123.181640625,14019700,yahoo
2017-03-15,131.55999755859375,132.41000366210938,131.13999938964844,132.10000610351562,123.94165802001952,22709100,yahoo
2017-03-16,132.35000610351562,132.35000610351562,131.7100067138672,132.00999450683594,123.857177734375,18457300,yahoo
2017-03-17,131.89999389648438,132.0399932861328,131.6199951171875,131.69000244140625,123.81397247314452,21234500,yahoo
2017-03-20,131.64999389648438,132.11000061035156,131.4600067138672,131.80999755859375,123.9267349243164,10105200,yahoo
2017-03-21,132.30999755859375,132.42999267578125,129.72999572753906,129.80999755859375,122.0463638305664,35841900,yahoo
2017-03-22,129.85000610351562,130.82000732421875,129.67999267578125,130.69000244140625,122.87374877929688,29177900,yahoo
2017-03-23,130.52000427246094,130.8800048828125,130.13999938964844,130.36000061035156,122.5635223388672,20311700,yahoo
2017-03-24,130.77999877929688,131.2899932861328,130.1300048828125,130.6300048828125,122.81734466552734,22967600,yahoo
2017-03-27,129.6999969482422,131.07000732421875,129.39999389648438,130.83999633789062,123.01477813720705,18472400,yahoo
2017-03-28,130.83999633789062,132.02999877929688,130.5500030517578,131.63999938964844,123.76696014404295,23721900,yahoo
2017-03-29,131.72999572753906,132.3000030517578,131.58999633789062,132.25,124.34041595458984,13710000,yahoo
2017-03-30,132.1999969482422,132.61000061035156,132.0800018310547,132.47000122070312,124.54733276367188,16092400,yahoo
2017-03-31,132.27999877929688,132.74000549316406,132.1300048828125,132.3800048828125,124.46267700195312,19841400,yahoo
2017-04-03,132.49000549316406,132.80999755859375,131.55999755859375,132.3000030517578,124.38746643066406,23700300,yahoo
2017-04-04,131.9199981689453,132.52999877929688,131.8699951171875,132.50999450683594,124.58490753173828,13400000,yahoo
2017-04-05,132.6999969482422,133.47999572753906,131.72000122070312,131.97000122070312,124.0771942138672,32011200,yahoo
2017-04-06,132.10000610351562,132.38999938964844,131.6999969482422,132.0399932861328,124.14298248291016,18832200,yahoo
2017-04-07,132.0,132.3699951171875,131.5,131.97000122070312,124.0771942138672,16743100,yahoo
2017-04-10,132.10000610351562,132.57000732421875,131.66000366210938,132.02000427246094,124.1242218017578,15619300,yahoo
2017-04-11,131.89999389648438,132.10000610351562,130.5,131.4499969482422,123.58827209472656,33778400,yahoo
2017-04-12,131.42999267578125,131.5399932861328,130.77999877929688,130.9199981689453,123.0899887084961,15955200,yahoo
2017-04-13,130.74000549316406,131.50999450683594,130.3800048828125,130.39999389648438,122.6011199951172,23683000,yahoo
2017-04-17,130.77000427246094,131.5,130.72000122070312,131.47999572753906,123.61648559570312,13325500,yahoo
2017-04-18,131.0399932861328,131.66000366210938,130.9499969482422,131.27999877929688,123.42847442626952,12841100,yahoo
2017-04-19,131.85000610351562,132.2899932861328,131.30999755859375,131.49000549316406,123.6258773803711,17764800,yahoo
2017-04-20,132.02000427246094,132.8800048828125,131.82000732421875,132.58999633789062,124.6601104736328,21977900,yahoo
2017-04-21,132.7100067138672,132.75999450683594,132.22000122070312,132.55999755859375,124.63186645507812,22454900,yahoo
2017-04-24,134.02999877929688,134.2899932861328,133.8000030517578,134.16000366210938,126.13624572753906,22469900,yahoo
2017-04-25,134.60000610351562,135.3699951171875,134.47999572753906,135.1300048828125,127.04817199707033,19384400,yahoo
2017-04-26,135.17999267578125,135.50999450683594,134.86000061035156,134.94000244140625,126.86957550048828,25398500,yahoo
2017-04-27,135.27000427246094,135.75,135.19000244140625,135.75,127.6311492919922,16136500,yahoo
2017-04-28,136.2899932861328,136.33999633789062,135.77000427246094,135.99000549316406,127.85676574707033,22771900,yahoo
2017-05-01,136.44000244140625,137.3800048828125,136.3800048828125,137.1999969482422,128.99440002441406,24815500,yahoo
2017-05-02,137.3699951171875,137.49000549316406,137.02000427246094,137.42999267578125,129.21063232421875,18345100,yahoo
2017-05-03,137.1199951171875,137.1699981689453,136.6199951171875,136.99000549316406,128.7969207763672,23827600,yahoo
2017-05-04,136.97000122070312,137.42999267578125,136.55999755859375,137.0399932861328,128.84397888183594,14630100,yahoo
2017-05-05,137.38999938964844,137.5399932861328,136.8800048828125,137.5399932861328,129.3140411376953,19330700,yahoo
2017-05-08,137.61000061035156,137.83999633789062,137.3300018310547,137.83999633789062,129.5961456298828,13279900,yahoo
2017-05-09,138.0500030517578,138.6300048828125,137.92999267578125,138.32000732421875,130.0474395751953,28426100,yahoo
2017-05-10,138.39999389648438,138.4499969482422,137.91000366210938,138.39999389648438,130.12258911132812,20499400,yahoo
2017-05-11,138.02000427246094,138.3300018310547,137.3800048828125,138.2899932861328,130.01919555664062,27232100,yahoo
2017-05-12,138.35000610351562,138.6300048828125,138.22999572753906,138.60000610351562,130.31072998046875,19738600,yahoo
2017-05-15,138.66000366210938,139.1199951171875,138.52999877929688,139.0399932861328,130.72433471679688,20481300,yahoo
2017-05-16,139.39999389648438,139.63999938964844,138.99000549316406,139.6199951171875,131.26968383789062,21786000,yahoo
2017-05-17,138.50999450683594,138.77000427246094,136.0500030517578,136.07000732421875,127.9320068359375,55642200,yahoo
2017-05-18,136.02000427246094,137.72000122070312,135.8699951171875,137.25999450683594,129.05078125,41319900,yahoo
2017-05-19,137.75,138.4199981689453,137.66000366210938,137.83999633789062,129.5961456298828,36730100,yahoo
2017-05-22,138.14999389648438,139.07000732421875,138.10000610351562,139.0,130.68675231933594,19509700,yahoo
2017-05-23,139.41000366210938,139.4199981689453,138.77999877929688,139.13999938964844,130.81838989257812,19687500,yahoo
2017-05-24,139.55999755859375,139.85000610351562,139.1699981689453,139.77999877929688,131.4201202392578,15891900,yahoo
2017-05-25,140.30999755859375,141.3300018310547,140.00999450683594,140.97000122070312,132.5388946533203,23928600,yahoo
2017-05-26,141.0,141.27999877929688,140.80999755859375,141.22000122070312,132.77395629882812,13851600,yahoo
2017-05-30,141.14999389648438,141.50999450683594,141.05999755859375,141.33999633789062,132.88677978515625,20306400,yahoo
2017-05-31,141.83999633789062,141.83999633789062,140.57000732421875,141.2899932861328,132.83975219726562,33229400,yahoo
2017-06-01,141.5800018310547,141.89999389648438,140.97999572753906,141.83999633789062,133.3568878173828,20120700,yahoo
2017-06-02,142.33999633789062,143.49000549316406,142.11000061035156,143.4600067138672,134.88003540039062,37222900,yahoo
2017-06-05,143.4499969482422,143.67999267578125,143.22999572753906,143.42999267578125,134.8517608642578,15727500,yahoo
2017-06-06,143.25999450683594,143.72999572753906,142.64999389648438,142.86000061035156,134.3158416748047,22393000,yahoo
2017-06-07,143.25999450683594,143.5399932861328,142.60000610351562,143.4199981689453,134.84242248535156,18842400,yahoo
2017-06-08,143.74000549316406,143.8000030517578,142.7899932861328,143.57000732421875,134.98342895507812,25417400,yahoo
2017-06-09,143.74000549316406,143.89999389648438,138.11000061035156,139.97999572753906,131.6081085205078,109783700,yahoo
2017-06-12,138.8000030517578,139.47999572753906,137.47000122070312,139.22999572753906,130.9029998779297,104454000,yahoo
2017-06-13,140.00999450683594,140.55999755859375,139.27999877929688,140.36000061035156,131.9654083251953,51193000,yahoo
2017-06-14,140.92999267578125,140.92999267578125,138.6199951171875,139.75,131.3918914794922,60093800,yahoo
2017-06-15,138.33999633789062,139.27999877929688,137.49000549316406,139.1300048828125,130.80899047851562,55145200,yahoo
2017-06-16,138.67999267578125,138.77999877929688,137.63999938964844,138.14999389648438,130.24136352539062,48087400,yahoo
2017-06-19,139.49000549316406,140.58999633789062,139.27999877929688,140.4600067138672,132.4191436767578,39626500,yahoo
2017-06-20,140.32000732421875,140.5,139.30999755859375,139.36000061035156,131.3821258544922,40935100,yahoo
2017-06-21,139.67999267578125,140.80999755859375,139.58999633789062,140.74000549316406,132.6831817626953,35743400,yahoo
2017-06-22,140.9600067138672,141.22000122070312,140.33999633789062,140.6999969482422,132.64544677734375,24099100,yahoo
2017-06-23,140.5399932861328,141.4199981689453,140.14999389648438,141.24000549316406,133.15455627441406,21654300,yahoo
2017-06-26,142.0500030517578,142.2899932861328,140.27000427246094,140.5800018310547,132.53233337402344,34411100,yahoo
2017-06-27,140.0500030517578,140.22000122070312,138.02000427246094,138.02999877929688,130.12828063964844,65957800,yahoo
2017-06-28,138.5399932861328,140.13999938964844,137.74000549316406,140.02000427246094,132.00437927246094,57427200,yahoo
2017-06-29,139.44000244140625,139.44000244140625,136.25,137.58999633789062,129.7135009765625,88769400,yahoo
2017-06-30,137.97999572753906,138.6699981689453,137.19000244140625,137.63999938964844,129.76063537597656,68898300,yahoo
2017-07-03,138.27000427246094,138.42999267578125,136.10000610351562,136.19000244140625,128.39366149902344,32797000,yahoo
2017-07-05,136.6199951171875,137.89999389648438,136.16000366210938,137.52999877929688,129.65687561035156,42116600,yahoo
2017-07-06,136.47999572753906,137.05999755859375,135.8000030517578,136.2899932861328,128.48789978027344,48430500,yahoo
2017-07-07,136.75,138.1300048828125,136.74000549316406,137.75999450683594,129.8737335205078,36970400,yahoo
2017-07-10,137.85000610351562,138.99000549316406,137.5,138.66000366210938,130.72225952148438,24853500,yahoo
2017-07-11,138.4600067138672,139.22000122070312,137.94000244140625,139.0500030517578,131.08993530273438,31517700,yahoo
2017-07-12,140.24000549316406,140.86000061035156,139.9600067138672,140.6999969482422,132.64544677734375,36045800,yahoo
2017-07-13,140.8699951171875,141.35000610351562,140.60000610351562,141.00999450683594,132.93772888183594,31073600,yahoo
2017-07-14,141.63999938964844,142.3000030517578,141.19000244140625,142.1199951171875,133.98414611816406,34544800,yahoo
2017-07-17,142.27000427246094,142.69000244140625,141.9199981689453,142.19000244140625,134.05014038085938,25343200,yahoo
2017-07-18,142.08999633789062,143.1699981689453,141.63999938964844,143.13999938964844,134.94577026367188,25748500,yahoo
2017-07-19,143.55999755859375,144.19000244140625,143.5,143.97999572753906,135.73768615722656,33752300,yahoo
2017-07-20,144.35000610351562,144.44000244140625,143.52000427246094,144.1699981689453,135.91677856445312,36139400,yahoo
2017-07-21,143.63999938964844,144.11000061035156,143.35000610351562,144.11000061035156,135.8602294921875,39697100,yahoo
2017-07-24,144.08999633789062,144.8699951171875,143.9199981689453,144.77000427246094,136.4824676513672,26712700,yahoo
2017-07-25,144.2899932861328,144.74000549316406,144.00999450683594,144.39999389648438,136.13363647460938,28120900,yahoo
2017-07-26,144.75999450683594,144.9499969482422,144.52999877929688,144.8699951171875,136.57675170898438,18610600,yahoo
2017-07-27,145.82000732421875,145.9600067138672,142.3000030517578,143.9600067138672,135.7188262939453,80665900,yahoo
2017-07-28,143.10000610351562,144.0800018310547,142.8699951171875,143.83999633789062,135.60569763183594,38013200,yahoo
2017-07-31,144.25,144.42999267578125,142.9199981689453,143.22999572753906,135.03060913085938,33848600,yahoo
2017-08-01,143.72000122070312,143.75999450683594,143.1199951171875,143.55999755859375,135.34173583984375,20149400,yahoo
2017-08-02,144.49000549316406,144.52000427246094,142.61000061035156,143.9499969482422,135.70944213867188,41769700,yahoo
2017-08-03,144.08999633789062,144.1699981689453,143.1300048828125,143.38999938964844,135.1814727783203,27112800,yahoo
2017-08-04,143.7100067138672,143.97000122070312,143.05999755859375,143.64999389648438,135.4265594482422,29472900,yahoo
2017-08-07,143.91000366210938,144.55999755859375,143.7100067138672,144.55999755859375,136.28445434570312,17933900,yahoo
2017-08-08,144.27999877929688,145.47000122070312,143.89999389648438,144.30999755859375,136.04876708984375,30810400,yahoo
2017-08-09,143.1199951171875,144.19000244140625,142.7899932861328,144.1199951171875,135.8696746826172,36169500,yahoo
2017-08-10,143.3000030517578,143.39999389648438,140.88999938964844,141.02999877929688,132.95655822753906,63331700,yahoo
2017-08-11,141.22000122070312,142.41000366210938,140.89999389648438,142.10000610351562,133.96530151367188,45862500,yahoo
2017-08-14,143.22999572753906,144.14999389648438,143.19000244140625,143.92999267578125,135.69052124023438,34161000,yahoo
2017-08-15,144.2899932861328,144.3000030517578,143.63999938964844,144.02999877929688,135.78480529785156,25509200,yahoo
2017-08-16,144.38999938964844,144.9600067138672,143.8000030517578,144.27999877929688,136.02053833007812,31913000,yahoo
2017-08-17,143.72000122070312,143.94000244140625,141.3300018310547,141.3300018310547,133.23939514160156,70191000,yahoo
2017-08-18,141.41000366210938,142.1999969482422,140.64999389648438,141.22999572753906,133.1451416015625,60751900,yahoo
2017-08-21,141.22000122070312,141.52999877929688,140.17999267578125,141.0500030517578,132.9754180908203,37111500,yahoo
2017-08-22,141.80999755859375,143.35000610351562,141.75999450683594,143.1999969482422,135.0023651123047,36294200,yahoo
2017-08-23,142.47999572753906,143.00999450683594,142.3800048828125,142.69000244140625,134.5215606689453,25702300,yahoo
2017-08-24,143.00999450683594,143.1699981689453,141.47000122070312,142.27000427246094,134.12559509277344,38160800,yahoo
2017-08-25,142.82000732421875,143.17999267578125,141.77999877929688,141.97000122070312,133.84274291992188,26380400,yahoo
2017-08-28,142.39999389648438,142.74000549316406,141.9499969482422,142.41000366210938,134.257568359375,15362100,yahoo
2017-08-29,141.19000244140625,143.2100067138672,141.05999755859375,142.97000122070312,134.78550720214844,24498300,yahoo
2017-08-30,143.08999633789062,144.88999938964844,143.0,144.64999389648438,136.36932373046875,33642700,yahoo
2017-08-31,145.05999755859375,146.2100067138672,144.97999572753906,146.1999969482422,137.8306121826172,38480700,yahoo
2017-09-01,146.38999938964844,146.58999633789062,145.61000061035156,146.0,137.64205932617188,22293600,yahoo
2017-09-05,145.57000732421875,145.8800048828125,143.60000610351562,144.69000244140625,136.40704345703125,44794300,yahoo
2017-09-06,145.05999755859375,145.4600067138672,144.0800018310547,145.1300048828125,136.82188415527344,30722700,yahoo
2017-09-07,145.39999389648438,145.83999633789062,144.94000244140625,145.47000122070312,137.14239501953125,22721100,yahoo
2017-09-08,145.27999877929688,145.35000610351562,144.05999755859375,144.2100067138672,135.9545440673828,27890100,yahoo
2017-09-11,145.33999633789062,146.1199951171875,145.3000030517578,145.8699951171875,137.51950073242188,27126300,yahoo
2017-09-12,146.27999877929688,146.41000366210938,145.52999877929688,146.22000122070312,137.8494415283203,30256700,yahoo
2017-09-13,145.97000122070312,146.44000244140625,145.72999572753906,146.4199981689453,138.03799438476562,28450900,yahoo
2017-09-14,145.85000610351562,146.2899932861328,145.47000122070312,145.55999755859375,137.2272186279297,35296400,yahoo
2017-09-15,145.52999877929688,146.58999633789062,145.2899932861328,146.05999755859375,137.6986541748047,46422400,yahoo
2017-09-18,145.91000366210938,146.3699951171875,145.11000061035156,145.5500030517578,137.5181427001953,24858200,yahoo
2017-09-19,145.80999755859375,146.00999450683594,145.30999755859375,145.8000030517578,137.7543182373047,20871200,yahoo
2017-09-20,145.75,145.91000366210938,144.22999572753906,145.35000610351562,137.32919311523438,34236200,yahoo
2017-09-21,145.25,145.25999450683594,143.9499969482422,144.4600067138672,136.48829650878906,28841800,yahoo
2017-09-22,144.0,144.52999877929688,143.85000610351562,144.32000732421875,136.35604858398438,21702400,yahoo
2017-09-25,143.75,143.8300018310547,142.10000610351562,142.8000030517578,134.91990661621094,54947700,yahoo
2017-09-26,143.52999877929688,143.8000030517578,142.6699981689453,143.1699981689453,135.2694854736328,29628800,yahoo
2017-09-27,143.92999267578125,145.0,143.57000732421875,144.4600067138672,136.48829650878906,33249400,yahoo
2017-09-28,144.11000061035156,144.55999755859375,143.77999877929688,144.41000366210938,136.44107055664062,24149400,yahoo
2017-09-29,144.6999969482422,145.55999755859375,144.32000732421875,145.4499969482422,137.42367553710938,43102400,yahoo
2017-10-02,145.6699981689453,146.1699981689453,144.92999267578125,145.5800018310547,137.5464630126953,27351300,yahoo
2017-10-03,145.77000427246094,146.05999755859375,145.4499969482422,145.88999938964844,137.83938598632812,19715200,yahoo
2017-10-04,145.61000061035156,146.33999633789062,145.47000122070312,146.02999877929688,137.97166442871094,26381100,yahoo
2017-10-05,146.55999755859375,147.5399932861328,146.41000366210938,147.4600067138672,139.32275390625,31562400,yahoo
2017-10-06,146.9600067138672,147.66000366210938,146.9600067138672,147.66000366210938,139.51168823242188,23561100,yahoo
2017-10-09,147.85000610351562,148.00999450683594,147.3000030517578,147.49000549316406,139.35105895996094,13704800,yahoo
2017-10-10,147.99000549316406,148.13999938964844,146.9499969482422,147.60000610351562,139.455078125,19223100,yahoo
2017-10-11,147.52999877929688,148.07000732421875,147.33999633789062,148.0399932861328,139.87074279785156,12439100,yahoo
2017-10-12,147.82000732421875,148.35000610351562,147.6199951171875,147.77000427246094,139.61563110351562,14513500,yahoo
2017-10-13,148.3699951171875,148.50999450683594,147.77999877929688,148.33999633789062,140.1541748046875,18409900,yahoo
2017-10-16,148.7100067138672,148.88999938964844,148.38999938964844,148.85000610351562,140.6360626220703,21809400,yahoo
2017-10-17,148.8000030517578,149.05999755859375,148.57000732421875,149.0399932861328,140.81556701660156,13138200,yahoo
2017-10-18,149.19000244140625,149.2100067138672,148.63999938964844,148.86000061035156,140.64552307128906,17218200,yahoo
2017-10-19,147.99000549316406,148.3300018310547,147.27000427246094,148.30999755859375,140.12582397460938,27680300,yahoo
2017-10-20,148.91000366210938,149.0399932861328,148.52999877929688,148.7100067138672,140.50376892089844,30173300,yahoo
2017-10-23,149.02000427246094,149.02999877929688,147.52999877929688,147.74000549316406,139.58734130859375,29297100,yahoo
2017-10-24,148.02999877929688,148.3000030517578,147.44000244140625,147.99000549316406,139.82354736328125,20289500,yahoo
2017-10-25,147.6999969482422,148.17999267578125,146.3300018310547,147.42999267578125,139.2943878173828,36179100,yahoo
2017-10-26,147.33999633789062,147.7100067138672,146.9199981689453,146.9600067138672,138.85037231445312,28230200,yahoo
2017-10-27,149.42999267578125,151.52000427246094,149.1999969482422,151.24000549316406,142.8941650390625,60165100,yahoo
2017-10-30,151.1300048828125,152.19000244140625,150.99000549316406,151.5800018310547,143.21543884277344,31733400,yahoo
2017-10-31,152.07000732421875,152.3699951171875,151.6300048828125,152.14999389648438,143.75390625,26319300,yahoo
2017-11-01,152.75999450683594,152.8300018310547,151.5,152.10000610351562,143.70669555664062,29481600,yahoo
2017-11-02,151.92999267578125,151.99000549316406,150.77000427246094,151.80999755859375,143.43275451660156,31017400,yahoo
2017-11-03,152.36000061035156,153.2899932861328,151.83999633789062,153.27000427246094,144.8121337890625,26199200,yahoo
2017-11-06,153.14999389648438,153.85000610351562,153.10000610351562,153.7899932861328,145.3034210205078,28693900,yahoo
2017-11-07,153.6699981689453,154.0800018310547,153.33999633789062,153.8800048828125,145.3885040283203,21333100,yahoo
2017-11-08,153.8000030517578,154.5399932861328,153.6199951171875,154.5,145.97425842285156,17373500,yahoo
2017-11-09,153.22999572753906,153.77000427246094,152.11000061035156,153.69000244140625,145.20901489257812,40594500,yahoo
2017-11-10,153.3300018310547,153.8000030517578,153.05999755859375,153.67999267578125,145.19949340820312,20150800,yahoo
2017-11-13,153.10000610351562,154.07000732421875,153.10000610351562,153.8699951171875,145.37901306152344,12522400,yahoo
2017-11-14,153.3300018310547,153.5,152.57000732421875,153.30999755859375,144.84994506835938,25173800,yahoo
2017-11-15,152.64999389648438,153.0,151.77999877929688,152.58999633789062,144.16966247558594,24808000,yahoo
2017-11-16,153.36000061035156,154.88999938964844,153.3300018310547,154.5399932861328,146.01206970214844,34790600,yahoo
2017-11-17,154.5800018310547,154.69000244140625,153.8000030517578,153.9499969482422,145.45458984375,28725800,yahoo
2017-11-20,154.05999755859375,154.1999969482422,153.61000061035156,153.8300018310547,145.34127807617188,21143900,yahoo
2017-11-21,154.55999755859375,155.57000732421875,154.49000549316406,155.5,146.9190673828125,20147800,yahoo
2017-11-22,155.63999938964844,155.83999633789062,155.33999633789062,155.69000244140625,147.0986328125,17299000,yahoo
2017-11-24,155.85000610351562,156.30999755859375,155.75999450683594,156.25999450683594,147.63714599609375,8280600,yahoo
2017-11-27,156.2100067138672,156.55999755859375,155.8300018310547,156.19000244140625,147.571044921875,22653400,yahoo
2017-11-28,156.5399932861328,156.69000244140625,155.6999969482422,156.58999633789062,147.9489288330078,25227300,yahoo
2017-11-29,156.41000366210938,156.4499969482422,153.1199951171875,153.86000061035156,145.3695831298828,71986300,yahoo
2017-11-30,154.50999450683594,155.4499969482422,154.14999389648438,155.14999389648438,146.58840942382812,56595500,yahoo
2017-12-01,154.1999969482422,155.24000549316406,152.25999450683594,154.49000549316406,145.96487426757812,59015800,yahoo
2017-12-04,155.4600067138672,155.6300048828125,152.55999755859375,152.7100067138672,144.28305053710938,51319100,yahoo
2017-12-05,152.67999267578125,154.5500030517578,152.10000610351562,152.80999755859375,144.37753295898438,40604200,yahoo
2017-12-06,152.24000549316406,153.74000549316406,152.05999755859375,153.5,145.02947998046875,28647800,yahoo
2017-12-07,153.49000549316406,154.4600067138672,153.3300018310547,154.02000427246094,145.52078247070312,32666200,yahoo
2017-12-08,155.14999389648438,155.52999877929688,154.4600067138672,154.6999969482422,146.1632080078125,28081700,yahoo
2017-12-11,154.77000427246094,155.9499969482422,154.75999450683594,155.89999389648438,147.2969970703125,20821500,yahoo
2017-12-12,155.8300018310547,156.14999389648438,155.36000061035156,155.69000244140625,147.0986328125,20310300,yahoo
2017-12-13,156.32000732421875,156.49000549316406,155.75999450683594,155.99000549316406,147.38204956054688,24418500,yahoo
2017-12-14,156.25999450683594,156.66000366210938,155.7100067138672,155.8800048828125,147.2781219482422,24594700,yahoo
2017-12-15,156.49000549316406,157.82000732421875,156.22999572753906,157.64999389648438,148.95042419433594,49816200,yahoo
2017-12-18,158.36000061035156,158.77000427246094,158.07000732421875,158.63999938964844,150.19921875,26844500,yahoo
2017-12-19,158.33999633789062,158.5,157.25999450683594,157.6999969482422,149.3092803955078,31415000,yahoo
2017-12-20,158.25,158.27999877929688,156.91000366210938,157.52999877929688,149.1483612060547,38972600,yahoo
2017-12-21,157.75,158.25,157.3699951171875,157.5500030517578,149.16725158691406,18638700,yahoo
2017-12-22,157.30999755859375,157.42999267578125,156.9499969482422,157.3699951171875,148.99681091308594,23330400,yahoo
2017-12-26,156.49000549316406,156.72000122070312,155.9499969482422,156.52000427246094,148.19203186035156,21918700,yahoo
2017-12-27,156.52999877929688,156.9600067138672,156.38999938964844,156.5399932861328,148.21099853515625,22388200,yahoo
2017-12-28,157.0399932861328,157.07000732421875,156.5399932861328,156.72999572753906,148.390869140625,25393800,yahoo
2017-12-29,156.8699951171875,156.89999389648438,155.6999969482422,155.75999450683594,147.47250366210938,33186000,yahoo
2018-01-02,156.55999755859375,158.52999877929688,156.1699981689453,158.49000549316406,150.05728149414062,32573300,yahoo
2018-01-03,158.63999938964844,160.1699981689453,158.61000061035156,160.02999877929688,151.51531982421875,29383600,yahoo
2018-01-04,160.5800018310547,160.7899932861328,160.0800018310547,160.30999755859375,151.78041076660156,24776100,yahoo
2018-01-05,161.07000732421875,162.02999877929688,160.77000427246094,161.9199981689453,153.3047637939453,26992300,yahoo
2018-01-08,161.9199981689453,162.6300048828125,161.86000061035156,162.5500030517578,153.90122985839844,23159100,yahoo
2018-01-09,162.8699951171875,163.0399932861328,162.07000732421875,162.55999755859375,153.91070556640625,24782400,yahoo
2018-01-10,161.83999633789062,162.2100067138672,161.1199951171875,162.17999267578125,153.5509033203125,34004000,yahoo
2018-01-11,162.4600067138672,163.3000030517578,162.2100067138672,163.2899932861328,154.601806640625,20473500,yahoo
2018-01-12,163.14999389648438,164.66000366210938,162.94000244140625,164.49000549316406,155.7379913330078,37762700,yahoo
2018-01-16,165.5800018310547,166.4199981689453,163.52999877929688,164.02000427246094,155.29295349121094,41231800,yahoo
2018-01-17,164.8000030517578,166.0399932861328,164.0,165.7899932861328,156.96878051757812,33849900,yahoo
2018-01-18,165.52999877929688,166.1999969482422,165.13999938964844,165.82000732421875,156.99722290039062,26432200,yahoo
2018-01-19,166.30999755859375,166.61000061035156,165.5399932861328,166.33999633789062,157.4895477294922,38937600,yahoo
2018-01-22,166.27999877929688,168.1199951171875,166.08999633789062,168.1199951171875,159.17486572265625,26081400,yahoo
2018-01-23,168.63999938964844,169.66000366210938,168.55999755859375,169.50999450683594,160.4909210205078,37989700,yahoo
2018-01-24,169.8699951171875,170.24000549316406,167.44000244140625,168.41000366210938,159.44947814941406,54287400,yahoo
2018-01-25,169.57000732421875,169.6300048828125,167.80999755859375,168.35000610351562,159.39263916015625,28925000,yahoo
2018-01-26,169.2899932861328,170.9499969482422,168.9600067138672,170.92999267578125,161.83538818359375,32038200,yahoo
2018-01-29,170.57000732421875,170.91000366210938,169.74000549316406,170.10000610351562,161.04953002929688,37277800,yahoo
2018-01-30,168.5500030517578,169.4199981689453,167.82000732421875,168.6999969482422,159.7239990234375,44987700,yahoo
2018-01-31,169.64999389648438,169.99000549316406,168.33999633789062,169.39999389648438,160.38673400878906,42449200,yahoo
2018-02-01,168.10000610351562,169.72999572753906,167.4199981689453,167.9600067138672,159.02340698242188,38037900,yahoo
2018-02-02,167.3000030517578,167.6999969482422,164.47000122070312,164.61000061035156,155.8516387939453,68478100,yahoo
2018-02-05,163.07000732421875,165.75,158.0,158.1199951171875,149.7069091796875,105372200,yahoo
2018-02-06,155.80999755859375,162.50999450683594,155.10000610351562,162.30999755859375,153.67401123046875,118537900,yahoo
2018-02-07,161.7899932861328,163.5500030517578,160.1999969482422,160.2100067138672,151.6857452392578,91028300,yahoo
2018-02-08,160.6199951171875,160.8000030517578,153.4499969482422,153.4499969482422,145.2853546142578,94184800,yahoo
2018-02-09,155.6199951171875,157.24000549316406,150.1300048828125,156.10000610351562,147.79440307617188,113836600,yahoo
2018-02-12,157.6999969482422,159.9499969482422,156.4600067138672,158.8699951171875,150.4170379638672,63050600,yahoo
2018-02-13,157.9600067138672,160.00999450683594,157.72000122070312,159.69000244140625,151.19342041015625,31785600,yahoo
2018-02-14,158.75,162.92999267578125,158.0,162.67999267578125,154.02430725097656,52107400,yahoo
2018-02-15,164.13999938964844,165.6999969482422,162.44000244140625,165.6999969482422,156.88363647460938,51633900,yahoo
2018-02-16,165.16000366210938,166.75999450683594,164.67999267578125,164.9600067138672,156.18299865722656,62256300,yahoo
2018-02-20,164.3800048828125,166.67999267578125,164.30999755859375,165.2899932861328,156.49545288085938,36785600,yahoo
2018-02-21,166.10000610351562,167.72000122070312,164.72000122070312,164.82000732421875,156.05047607421875,41161800,yahoo
2018-02-22,165.5399932861328,166.4199981689453,164.3800048828125,164.8000030517578,156.03147888183594,37074400,yahoo
2018-02-23,166.1300048828125,168.1699981689453,165.4499969482422,168.1699981689453,159.22218322753906,50096900,yahoo
2018-02-26,168.9600067138672,170.39999389648438,168.82000732421875,170.39999389648438,161.33346557617188,39266700,yahoo
2018-02-27,170.4499969482422,170.72999572753906,168.2100067138672,168.2899932861328,159.33580017089844,42209900,yahoo
2018-02-28,169.25,169.8000030517578,167.10000610351562,167.2100067138672,158.31329345703125,42936300,yahoo
2018-03-01,167.3000030517578,168.07000732421875,163.0,164.47999572753906,155.728515625,76809900,yahoo
2018-03-02,162.5,166.27999877929688,161.9600067138672,165.99000549316406,157.15818786621094,57445100,yahoo
2018-03-05,165.2100067138672,168.25999450683594,164.58999633789062,167.8300018310547,158.90032958984375,38540200,yahoo
2018-03-06,168.64999389648438,169.11000061035156,167.47999572753906,168.5399932861328,159.572509765625,29480900,yahoo
2018-03-07,167.25,169.07000732421875,166.9600067138672,168.92999267578125,159.94175720214844,34609400,yahoo
2018-03-08,169.6300048828125,169.97999572753906,168.9499969482422,169.86000061035156,160.82228088378906,25828400,yahoo
2018-03-09,171.07000732421875,173.16000366210938,170.82000732421875,173.16000366210938,163.9467010498047,38310500,yahoo
2018-03-12,173.6699981689453,174.47999572753906,173.27999877929688,174.0800018310547,164.81777954101562,37635000,yahoo
2018-03-13,174.47999572753906,175.2100067138672,171.27000427246094,171.7100067138672,162.5738525390625,55638900,yahoo
2018-03-14,172.61000061035156,172.74000549316406,170.92999267578125,171.67999267578125,162.54542541503906,40536400,yahoo
2018-03-15,171.8000030517578,172.52999877929688,170.89999389648438,171.52999877929688,162.40341186523438,28810400,yahoo
2018-03-16,171.82000732421875,172.1999969482422,170.94000244140625,171.02000427246094,161.9205322265625,31176700,yahoo
2018-03-19,169.10000610351562,169.22000122070312,165.63999938964844,167.10000610351562,158.46583557128906,71395100,yahoo
2018-03-20,167.1699981689453,168.0399932861328,166.61000061035156,167.64999389648438,158.98739624023438,34075700,yahoo
2018-03-21,167.2100067138672,168.75999450683594,166.19000244140625,166.9199981689453,158.29507446289062,43863500,yahoo
2018-03-22,164.61000061035156,165.77000427246094,162.58999633789062,162.8000030517578,154.38795471191406,66607300,yahoo
2018-03-23,162.61000061035156,163.3000030517578,158.42999267578125,158.50999450683594,150.3196258544922,80110400,yahoo
2018-03-26,161.72000122070312,164.60000610351562,159.16000366210938,164.39999389648438,155.90530395507812,57481500,yahoo
2018-03-27,165.6199951171875,165.6199951171875,157.67999267578125,159.0800018310547,150.8602294921875,78889100,yahoo
2018-03-28,158.1699981689453,159.77999877929688,156.0399932861328,157.25,149.1247100830078,89369700,yahoo
2018-03-29,158.10000610351562,161.7100067138672,156.6300048828125,160.1300048828125,151.85595703125,68692600,yahoo
2018-04-02,158.99000549316406,159.74000549316406,153.8800048828125,155.50999450683594,147.47462463378906,85549400,yahoo
2018-04-03,156.8699951171875,157.9199981689453,154.44000244140625,157.25999450683594,149.13421630859375,64090000,yahoo
2018-04-04,154.22000122070312,160.22999572753906,154.0399932861328,159.74000549316406,151.48609924316406,65768700,yahoo
2018-04-05,161.3300018310547,161.5800018310547,159.47999572753906,160.64999389648438,152.34901428222656,43054900,yahoo
2018-04-06,158.8800048828125,160.4600067138672,155.8800048828125,156.6300048828125,148.53675842285156,59870900,yahoo
2018-04-09,157.97999572753906,160.8800048828125,157.4600067138672,157.72999572753906,149.57992553710938,41810400,yahoo
2018-04-10,160.2100067138672,161.72999572753906,159.07000732421875,161.2100067138672,152.880126953125,48296800,yahoo
2018-04-11,160.1999969482422,162.0,160.10000610351562,160.27999877929688,151.99819946289062,41622100,yahoo
2018-04-12,161.25,162.77000427246094,161.16000366210938,162.2100067138672,153.82846069335938,30467900,yahoo
2018-04-13,163.02000427246094,163.25999450683594,160.6699981689453,161.3699951171875,153.03187561035156,44604900,yahoo
2018-04-16,162.5,163.19000244140625,161.47999572753906,162.60000610351562,154.19833374023438,28180800,yahoo
2018-04-17,164.24000549316406,166.4600067138672,163.91000366210938,166.10000610351562,157.51744079589844,35536100,yahoo
2018-04-18,166.10000610351562,167.0,165.30999755859375,166.44000244140625,157.83993530273438,29573900,yahoo
2018-04-19,165.60000610351562,165.99000549316406,164.33999633789062,164.91000366210938,156.38894653320312,34705700,yahoo
2018-04-20,164.49000549316406,164.61000061035156,161.72999572753906,162.3000030517578,153.913818359375,49197100,yahoo
2018-04-23,163.08999633789062,163.72999572753906,161.02000427246094,161.88999938964844,153.5249786376953,33040600,yahoo
2018-04-24,162.66000366210938,162.91000366210938,157.38999938964844,158.4600067138672,150.2722625732422,70256800,yahoo
2018-04-25,158.74000549316406,159.30999755859375,156.47000122070312,158.64999389648438,150.452392578125,52089300,yahoo
2018-04-26,160.6999969482422,162.52999877929688,160.17999267578125,161.99000549316406,153.61984252929688,43005500,yahoo
2018-04-27,164.3699951171875,164.41000366210938,161.1699981689453,162.08999633789062,153.71470642089844,51043400,yahoo
2018-04-30,162.47000122070312,163.47999572753906,160.5399932861328,160.94000244140625,152.6240997314453,35615300,yahoo
2018-05-01,160.52000427246094,162.8000030517578,160.13999938964844,162.77999877929688,154.36900329589844,36513500,yahoo
2018-05-02,163.05999755859375,163.57000732421875,161.6300048828125,161.82000732421875,153.45864868164062,38646800,yahoo
2018-05-03,161.0,162.39999389648438,159.22000122070312,161.8000030517578,153.43963623046875,60337100,yahoo
2018-05-04,161.10000610351562,165.25,160.97999572753906,164.8699951171875,156.35101318359375,41543200,yahoo
2018-05-07,165.63999938964844,166.77999877929688,165.50999450683594,166.24000549316406,157.6502227783203,32500200,yahoo
2018-05-08,165.88999938964844,166.42999267578125,164.86000061035156,166.07000732421875,157.48899841308594,26040200,yahoo
2018-05-09,166.3699951171875,168.0,165.77999877929688,167.8800048828125,159.20550537109375,29122700,yahoo
2018-05-10,168.4199981689453,169.74000549316406,168.2899932861328,169.6199951171875,160.85557556152344,27067600,yahoo
2018-05-11,169.4199981689453,169.86000061035156,168.72000122070312,169.4600067138672,160.703857421875,24688800,yahoo
2018-05-14,169.85000610351562,170.82000732421875,169.47000122070312,169.75,160.97885131835938,21821700,yahoo
2018-05-15,168.41000366210938,168.5,166.97999572753906,167.8699951171875,159.1959686279297,49361600,yahoo
2018-05-16,168.08999633789062,169.3699951171875,168.00999450683594,168.97999572753906,160.2487030029297,22941200,yahoo
2018-05-17,168.38999938964844,169.61000061035156,167.50999450683594,168.3300018310547,159.6322784423828,27480200,yahoo
2018-05-18,167.67999267578125,168.25999450683594,167.2100067138672,167.4600067138672,158.80722045898438,26217900,yahoo
2018-05-21,168.75999450683594,169.5,167.67999267578125,168.39999389648438,159.6986541748047,22954600,yahoo
2018-05-22,169.1699981689453,169.4499969482422,167.8800048828125,168.17999267578125,159.49002075195312,19477700,yahoo
2018-05-23,166.89999389648438,169.6199951171875,166.8800048828125,169.60000610351562,160.83663940429688,26557800,yahoo
2018-05-24,169.5500030517578,169.85000610351562,167.83999633789062,169.5500030517578,160.78916931152344,27696500,yahoo
2018-05-25,169.52999877929688,170.3300018310547,169.2100067138672,169.72000122070312,160.95040893554688,27460500,yahoo
2018-05-29,168.9499969482422,169.9199981689453,167.9600067138672,168.97000122070312,160.2391815185547,41220500,yahoo
2018-05-30,169.5800018310547,170.47999572753906,169.22000122070312,170.17999267578125,161.38665771484375,22665800,yahoo
2018-05-31,170.17999267578125,171.1999969482422,169.6300048828125,170.07000732421875,161.28237915039062,35670900,yahoo
2018-06-01,170.9199981689453,172.83999633789062,170.8699951171875,172.74000549316406,163.8143768310547,45543300,yahoo
2018-06-04,173.17999267578125,174.33999633789062,173.07000732421875,174.3000030517578,165.2937774658203,20459600,yahoo
2018-06-05,174.7100067138672,175.1300048828125,174.07000732421875,174.83999633789062,165.80581665039062,24779300,yahoo
2018-06-06,175.02000427246094,175.88999938964844,174.13999938964844,175.86000061035156,166.7731475830078,25036600,yahoo
2018-06-07,175.88999938964844,175.92999267578125,173.5500030517578,174.42999267578125,165.4170379638672,39600300,yahoo
2018-06-08,173.61000061035156,174.8800048828125,173.17999267578125,174.44000244140625,165.4265594482422,31780300,yahoo
2018-06-11,174.30999755859375,175.33999633789062,174.27999877929688,174.91000366210938,165.87222290039062,22319700,yahoo
2018-06-12,175.14999389648438,176.0,174.9600067138672,175.8300018310547,166.74468994140625,22511800,yahoo
2018-06-13,176.10000610351562,177.13999938964844,175.42999267578125,175.82000732421875,166.7352294921875,37858600,yahoo
2018-06-14,176.6300048828125,177.88999938964844,176.5,177.60000610351562,168.42330932617188,35916000,yahoo
2018-06-15,176.92999267578125,177.3300018310547,176.11000061035156,176.97999572753906,167.83526611328125,49615700,yahoo
2018-06-18,175.49000549316406,176.64999389648438,174.94000244140625,176.5,167.7383575439453,31633200,yahoo
2018-06-19,174.27000427246094,176.0399932861328,173.7100067138672,176.0,167.26319885253906,38236000,yahoo
2018-06-20,176.80999755859375,177.97999572753906,176.64999389648438,177.25,168.45115661621094,33038000,yahoo
2018-06-21,177.6999969482422,177.8800048828125,175.3699951171875,175.7100067138672,166.98756408691406,43469400,yahoo
2018-06-22,176.3000030517578,176.3699951171875,174.69000244140625,175.32000732421875,166.616943359375,30073200,yahoo
2018-06-25,173.72999572753906,173.99000549316406,169.80999755859375,171.3699951171875,162.86302185058594,77799700,yahoo
2018-06-26,172.0,173.05999755859375,171.3699951171875,172.07000732421875,163.52825927734375,39008100,yahoo
2018-06-27,172.8000030517578,173.5800018310547,169.61000061035156,169.72999572753906,161.30442810058594,52843500,yahoo
2018-06-28,169.52000427246094,171.77000427246094,169.1699981689453,171.19000244140625,162.69195556640625,46407700,yahoo
2018-06-29,172.00999450683594,172.9199981689453,171.39999389648438,171.64999389648438,163.12905883789062,36408500,yahoo
2018-07-02,170.0399932861328,172.85000610351562,169.6699981689453,172.8000030517578,164.2220001220703,31770000,yahoo
2018-07-03,173.4499969482422,173.4499969482422,170.6300048828125,170.8000030517578,162.32127380371094,25512700,yahoo
2018-07-05,171.91000366210938,173.05999755859375,171.02999877929688,172.9199981689453,164.33602905273438,31626200,yahoo
2018-07-06,173.32000732421875,175.74000549316406,173.0,175.61000061035156,166.8925323486328,37005600,yahoo
2018-07-09,176.52000427246094,177.22999572753906,175.82000732421875,177.19000244140625,168.3940887451172,27362100,yahoo
2018-07-10,177.52000427246094,177.72000122070312,176.7100067138672,177.32000732421875,168.51768493652344,23902500,yahoo
2018-07-11,175.92999267578125,177.07000732421875,175.8000030517578,176.4199981689453,167.66229248046875,30280600,yahoo
2018-07-12,177.1999969482422,179.4600067138672,177.0800018310547,179.4600067138672,170.55137634277344,27930100,yahoo
2018-07-13,179.4499969482422,179.89999389648438,178.9499969482422,179.61000061035156,170.6939697265625,28049800,yahoo
2018-07-16,179.64999389648438,179.9499969482422,178.8800048828125,179.17999267578125,170.28533935546875,21405300,yahoo
2018-07-17,177.27999877929688,180.6499938964844,177.27999877929688,180.2700042724609,171.3211669921875,31034100,yahoo
2018-07-18,180.2899932861328,180.44000244140625,179.3800048828125,179.92999267578125,170.99806213378906,23220800,yahoo
2018-07-19,179.27999877929688,179.8800048828125,178.82000732421875,179.02999877929688,170.1427459716797,31094100,yahoo
2018-07-20,179.57000732421875,180.1699981689453,178.7899932861328,178.99000549316406,170.10476684570312,35897300,yahoo
2018-07-23,178.4600067138672,179.63999938964844,177.74000549316406,179.55999755859375,170.6464080810547,22184700,yahoo
2018-07-24,181.4100036621093,182.0500030517578,179.55999755859375,180.3000030517578,171.34974670410156,36900300,yahoo
2018-07-25,180.3800048828125,182.92999267578125,180.2899932861328,182.82000732421875,173.74464416503906,35026600,yahoo
2018-07-26,180.33999633789065,180.9199981689453,179.80999755859375,180.0500030517578,171.11216735839844,40873500,yahoo
2018-07-27,181.19000244140625,181.3099975585937,176.60000610351562,177.6199951171875,168.802734375,59456100,yahoo
2018-07-30,177.6300048828125,177.72999572753906,174.27000427246094,175.11000061035156,166.41737365722656,60193000,yahoo
2018-07-31,175.8000030517578,177.1300048828125,174.82000732421875,176.4499969482422,167.6908721923828,47285100,yahoo
2018-08-01,176.86000061035156,177.64999389648438,176.10000610351562,177.1199951171875,168.32754516601562,37101900,yahoo
2018-08-02,175.8699951171875,179.74000549316406,175.7899932861328,179.52999877929688,170.61788940429688,47178200,yahoo
2018-08-03,179.8699951171875,180.08999633789062,179.0800018310547,180.0800018310547,171.14060974121094,28934400,yahoo
2018-08-06,179.9600067138672,181.19000244140625,179.74000549316406,181.13999938964844,172.1480255126953,24808800,yahoo
2018-08-07,181.6499938964844,182.13999938964844,181.259994506836,181.8000030517578,172.77520751953125,29895700,yahoo
2018-08-08,181.5500030517578,182.3500061035156,181.0599975585937,182.0200042724609,172.9842987060547,22680700,yahoo
2018-08-09,181.9100036621093,182.6300048828125,181.63999938964844,181.9100036621093,172.87979125976562,18852900,yahoo
2018-08-10,180.67999267578125,181.22000122070312,179.83999633789062,180.5200042724609,171.55877685546875,33818500,yahoo
2018-08-13,180.8500061035156,182.009994506836,180.2400054931641,180.32000732421875,171.36868286132812,26089200,yahoo
2018-08-14,181.009994506836,181.6600036621093,180.0399932861328,181.4499969482422,172.442626953125,20913000,yahoo
2018-08-15,180.00999450683594,180.5800018310547,178.1199951171875,179.22999572753906,170.33285522460938,58528000,yahoo
2018-08-16,180.6100006103516,180.9900054931641,179.47000122070312,179.82000732421875,170.89353942871094,27711800,yahoo
2018-08-17,179.35000610351562,180.3099975585937,178.27000427246094,179.86000061035156,170.93154907226562,36092600,yahoo
2018-08-20,180.259994506836,180.3300018310547,179.0,179.6999969482422,170.77944946289062,24939000,yahoo
2018-08-21,180.2400054931641,181.44000244140625,180.1300048828125,180.3600006103516,171.40673828125,26258700,yahoo
2018-08-22,179.97999572753906,181.2700042724609,179.75,181.0599975585937,172.07199096679688,18042400,yahoo
2018-08-23,180.7400054931641,182.0500030517578,180.5,180.8000030517578,171.82492065429688,25776200,yahoo
2018-08-24,181.3999938964844,182.6300048828125,181.3600006103516,182.47999572753903,173.42147827148438,23136100,yahoo
2018-08-27,183.3999938964844,184.33999633789065,183.1100006103516,184.33999633789065,175.1891326904297,29343600,yahoo
2018-08-28,184.8300018310547,185.0200042724609,184.22000122070312,184.6100006103516,175.44573974609375,20277000,yahoo
2018-08-29,184.92999267578125,186.83999633789065,184.8600006103516,186.7400054931641,177.4700164794922,29175600,yahoo
2018-08-30,186.3800048828125,187.5200042724609,185.7899932861328,186.4100036621093,177.1564483642578,29315500,yahoo
2018-08-31,186.17999267578125,187.17999267578125,185.97999572753903,186.6499938964844,177.38446044921875,28653200,yahoo
2018-09-04,186.0800018310547,186.3999938964844,184.8500061035156,185.8500061035156,176.62420654296875,29063500,yahoo
2018-09-05,185.5200042724609,185.5500030517578,182.82000732421875,183.4499969482422,174.3433380126953,42623300,yahoo
2018-09-06,183.52999877929688,183.75,180.5800018310547,181.8099975585937,172.7847442626953,46091400,yahoo
2018-09-07,180.5,182.6699981689453,180.44000244140625,181.1100006103516,172.1194610595703,46629500,yahoo
2018-09-10,182.1499938964844,182.25,180.72999572753903,181.72000122070312,172.69915771484375,26132000,yahoo
2018-09-11,180.9900054931641,183.4199981689453,180.5200042724609,183.1199951171875,174.0297088623047,30116500,yahoo
2018-09-12,182.8500061035156,182.97999572753903,181.009994506836,182.5800018310547,173.51658630371094,36204000,yahoo
2018-09-13,183.72000122070312,184.8800048828125,183.63999938964844,184.52999877929688,175.3697509765625,31133200,yahoo
2018-09-14,184.6600036621093,184.9499969482422,183.259994506836,183.9900054931641,174.85653686523438,31224100,yahoo
2018-09-17,183.67999267578125,183.8099975585937,181.1699981689453,181.33999633789065,172.3380889892578,33071200,yahoo
2018-09-18,181.4900054931641,183.72999572753903,181.3999938964844,182.83999633789065,173.76358032226562,31877300,yahoo
2018-09-19,182.8699951171875,183.3000030517578,181.509994506836,182.6999969482422,173.630615234375,31843400,yahoo
2018-09-20,183.9600067138672,184.97000122070312,183.5200042724609,184.72000122070312,175.55032348632812,33295800,yahoo
2018-09-21,185.22000122070312,185.47999572753903,183.47999572753903,183.7100067138672,174.59043884277344,38605400,yahoo
2018-09-24,182.0500030517578,183.9600067138672,181.3000030517578,183.88999938964844,175.07598876953125,34945600,yahoo
2018-09-25,183.8099975585937,184.27999877929688,183.17999267578125,184.13999938964844,175.31407165527344,25277500,yahoo
2018-09-26,184.3000030517578,185.9900054931641,183.9100036621093,184.2700042724609,175.43780517578125,36210600,yahoo
2018-09-27,185.0200042724609,186.4900054931641,184.9199981689453,185.8300018310547,176.92300415039062,33113300,yahoo
2018-09-28,185.3099975585937,186.27999877929688,184.97000122070312,185.7899932861328,176.8849334716797,28076800,yahoo
2018-10-01,186.8699951171875,187.52999877929688,185.6999969482422,186.1699981689453,177.24673461914062,27371300,yahoo
2018-10-02,186.009994506836,187.17999267578125,185.32000732421875,185.75,176.84683227539062,25618600,yahoo
2018-10-03,186.52999877929688,186.97000122070312,185.6600036621093,185.9499969482422,177.03726196289062,29128700,yahoo
2018-10-04,185.1999969482422,185.32000732421875,181.0599975585937,182.3800048828125,173.6383514404297,80557300,yahoo
2018-10-05,182.3600006103516,182.97000122070312,178.42999267578125,180.1499938964844,171.5152587890625,83325600,yahoo
2018-10-08,179.52000427246094,180.63999938964844,176.92999267578125,179.0500030517578,170.46798706054688,66864500,yahoo
2018-10-09,179.17999267578125,181.0200042724609,178.75,179.6300048828125,171.0202178955078,49097900,yahoo
2018-10-10,178.50999450683594,178.6199951171875,171.5,171.72999572753906,163.4988250732422,114471100,yahoo
2018-10-11,171.02000427246094,173.39999389648438,167.80999755859375,169.60000610351562,161.4709014892578,143084500,yahoo
2018-10-12,174.1699981689453,174.86000061035156,170.92999267578125,174.32000732421875,165.9646759033203,102078400,yahoo
2018-10-15,173.7100067138672,174.0399932861328,171.55999755859375,172.2100067138672,163.95582580566406,64885300,yahoo
2018-10-16,174.02000427246094,177.64999389648438,173.6999969482422,177.22000122070312,168.7257080078125,71979700,yahoo
2018-10-17,178.0800018310547,178.25999450683594,175.47000122070312,177.2899932861328,168.7923126220703,66987600,yahoo
2018-10-18,176.6199951171875,176.67999267578125,172.44000244140625,173.17999267578125,164.87936401367188,82486200,yahoo
2018-10-19,174.5800018310547,176.07000732421875,172.38999938964844,173.02000427246094,164.72705078125,82923700,yahoo
2018-10-22,174.05999755859375,175.25,172.58999633789062,173.91000366210938,165.57435607910156,52909300,yahoo
2018-10-23,170.63999938964844,174.1300048828125,168.82000732421875,173.27000427246094,164.96502685546875,77567000,yahoo
2018-10-24,173.07000732421875,173.36000061035156,165.0399932861328,165.33999633789062,157.4150848388672,102997400,yahoo
2018-10-25,167.91000366210938,172.0800018310547,167.16000366210938,171.05999755859375,162.86094665527344,83481100,yahoo
2018-10-26,165.1999969482422,169.9600067138672,164.22999572753906,166.66000366210938,158.6718292236328,130970900,yahoo
2018-10-29,169.2100067138672,169.86000061035156,160.08999633789062,163.22999572753906,155.40626525878906,111871900,yahoo
2018-10-30,162.75,166.0399932861328,162.00999450683594,165.9199981689453,157.96731567382812,92584000,yahoo
2018-10-31,168.6199951171875,171.25,168.5399932861328,169.82000732421875,161.680419921875,73828600,yahoo
2018-11-01,170.07000732421875,172.24000549316406,168.77999877929688,172.05999755859375,163.81298828125,52706800,yahoo
2018-11-02,171.52999877929688,172.5500030517578,168.22000122070312,169.3800048828125,161.26145935058594,75966800,yahoo
2018-11-05,169.60000610351562,169.66000366210938,167.0800018310547,168.9600067138672,160.86158752441406,39573500,yahoo
2018-11-06,168.97000122070312,171.19000244140625,168.72000122070312,170.24000549316406,162.0802459716797,34410400,yahoo
2018-11-07,172.27999877929688,175.5800018310547,171.8699951171875,175.5800018310547,167.164306640625,51169600,yahoo
2018-11-08,174.75999450683594,175.3000030517578,173.6300048828125,174.4600067138672,166.0979766845703,40296500,yahoo
2018-11-09,172.8300018310547,173.25,170.16000366210938,171.52000427246094,163.29891967773438,50602700,yahoo
2018-11-12,170.32000732421875,170.63999938964844,166.17999267578125,166.3300018310547,158.35765075683594,62578400,yahoo
2018-11-13,167.11000061035156,169.47999572753906,166.0,166.47000122070312,158.49093627929688,64128100,yahoo
2018-11-14,168.1199951171875,168.6999969482422,164.25,165.1999969482422,157.2818145751953,75270700,yahoo
2018-11-15,164.89999389648438,168.5399932861328,163.4600067138672,168.08999633789062,160.03326416015625,73254300,yahoo
2018-11-16,166.4499969482422,168.30999755859375,165.77999877929688,167.5,159.4715576171875,65390700,yahoo
2018-11-19,166.6999969482422,166.89999389648438,161.5399932861328,162.05999755859375,154.2923126220703,67280500,yahoo
2018-11-20,158.3699951171875,161.3800048828125,157.1300048828125,159.16000366210938,151.53135681152344,102652800,yahoo
2018-11-21,161.35000610351562,161.97000122070312,159.22999572753906,160.3699951171875,152.683349609375,42965800,yahoo
2018-11-23,159.08999633789062,160.83999633789062,159.08999633789062,159.2100067138672,151.57891845703125,23503700,yahoo
2018-11-26,161.44000244140625,162.97000122070312,160.75999450683594,162.88999938964844,155.08253479003906,42012600,yahoo
2018-11-27,162.0,163.85000610351562,161.17999267578125,163.44000244140625,155.606201171875,36608100,yahoo
2018-11-28,164.6199951171875,168.6999969482422,163.47000122070312,168.6999969482422,160.61410522460938,70141000,yahoo
2018-11-29,167.99000549316406,169.25999450683594,166.82000732421875,168.14999389648438,160.09043884277344,44885700,yahoo
2018-11-30,168.3800048828125,169.47000122070312,167.5399932861328,169.3699951171875,161.251953125,36722800,yahoo
2018-12-03,173.11000061035156,173.30999755859375,169.50999450683594,172.3300018310547,164.07008361816406,50771700,yahoo
2018-12-04,171.42999267578125,171.91000366210938,165.52000427246094,165.72000122070312,157.77691650390625,70594700,yahoo
2018-12-06,162.3800048828125,166.91000366210938,161.77000427246094,166.88999938964844,158.89080810546875,71715500,yahoo
2018-12-07,166.16000366210938,167.1199951171875,160.86000061035156,161.3800048828125,153.64498901367188,80432200,yahoo
2018-12-10,161.0800018310547,163.77999877929688,159.41000366210938,163.07000732421875,155.25389099121094,73960800,yahoo
2018-12-11,165.72999572753906,165.77000427246094,162.22999572753906,163.61000061035156,155.7680206298828,59058300,yahoo
2018-12-12,166.0,167.60000610351562,164.9600067138672,165.0500030517578,157.13902282714844,53780000,yahoo
2018-12-13,166.1300048828125,166.82000732421875,164.02999877929688,165.10000610351562,157.1865997314453,46378500,yahoo
2018-12-14,163.2100067138672,163.80999755859375,160.6999969482422,161.0800018310547,153.3592529296875,56547400,yahoo
2018-12-17,160.38999938964844,161.6699981689453,156.1699981689453,157.42999267578125,149.88421630859375,74834100,yahoo
2018-12-18,158.64999389648438,159.9499969482422,157.0399932861328,158.4199981689453,150.82676696777344,63642100,yahoo
2018-12-19,158.17999267578125,160.72000122070312,153.33999633789062,154.52999877929688,147.1232452392578,81856500,yahoo
2018-12-20,154.14999389648438,155.8699951171875,150.38999938964844,152.2899932861328,144.99066162109375,99002100,yahoo
2018-12-21,153.0500030517578,154.08999633789062,146.72000122070312,147.57000732421875,140.496826171875,141129400,yahoo
2018-12-24,146.0800018310547,147.97999572753906,143.4600067138672,143.5,137.01280212402344,56163300,yahoo
2018-12-26,145.0800018310547,152.5399932861328,144.08999633789062,152.4600067138672,145.56777954101562,98982100,yahoo
2018-12-27,150.3699951171875,153.17999267578125,147.0800018310547,153.0500030517578,146.13107299804688,85824300,yahoo
2018-12-28,154.14999389648438,155.58999633789062,151.72000122070312,152.97000122070312,146.0546875,77856600,yahoo
2018-12-31,154.47000122070312,154.97999572753906,152.7100067138672,154.25999450683594,147.286376953125,53015300,yahoo
2019-01-02,150.99000549316406,155.75,150.8800048828125,154.8800048828125,147.8783416748047,58576700,yahoo
2019-01-03,152.60000610351562,153.25999450683594,149.49000549316406,149.82000732421875,143.0470733642578,74820200,yahoo
2019-01-04,152.33999633789062,157.0,151.74000549316406,156.22999572753906,149.1673126220703,74709300,yahoo
2019-01-07,156.6199951171875,158.86000061035156,156.11000061035156,158.08999633789062,150.94322204589844,52059300,yahoo
2019-01-08,159.5399932861328,160.11000061035156,157.1999969482422,159.52000427246094,152.30859375,49388700,yahoo
2019-01-09,160.13999938964844,161.52000427246094,159.47000122070312,160.82000732421875,153.54978942871094,46491700,yahoo
2019-01-10,159.60000610351562,161.3699951171875,158.6999969482422,161.27999877929688,153.98898315429688,38943400,yahoo
2019-01-11,160.3300018310547,160.86000061035156,159.7899932861328,160.69000244140625,153.4257049560547,30176600,yahoo
2019-01-14,159.3300018310547,159.9600067138672,158.58999633789062,159.27000427246094,152.0698699951172,30710200,yahoo
2019-01-15,160.0,162.60000610351562,159.91000366210938,162.3800048828125,155.03932189941406,40874200,yahoo
2019-01-16,162.64999389648438,163.77999877929688,162.2899932861328,162.35000610351562,155.0106201171875,33812200,yahoo
2019-01-17,161.8300018310547,164.36000061035156,161.57000732421875,163.6300048828125,156.23275756835938,39329000,yahoo
2019-01-18,164.77999877929688,166.02000427246094,163.82000732421875,165.25,157.77951049804688,57183200,yahoo
2019-01-22,164.05999755859375,164.13999938964844,160.75999450683594,161.94000244140625,154.61917114257812,56711700,yahoo
2019-01-23,162.77000427246094,163.50999450683594,160.32000732421875,162.14999389648438,154.81967163085938,38106100,yahoo
2019-01-24,162.67999267578125,163.44000244140625,162.05999755859375,163.1999969482422,155.8222198486328,32417800,yahoo
2019-01-25,164.50999450683594,165.64999389648438,163.9499969482422,165.14999389648438,157.68408203125,36515900,yahoo
2019-01-28,163.02000427246094,163.1199951171875,161.75,163.11000061035156,155.7362823486328,33491200,yahoo
2019-01-29,163.1999969482422,163.24000549316406,160.99000549316406,161.57000732421875,154.26588439941406,30784200,yahoo
2019-01-30,163.39999389648438,166.27999877929688,162.88999938964844,165.67999267578125,158.19009399414062,41346500,yahoo
2019-01-31,166.6999969482422,168.99000549316406,166.47000122070312,168.16000366210938,160.55801391601562,37258400,yahoo
2019-02-01,167.3300018310547,168.60000610351562,166.99000549316406,167.4499969482422,159.88003540039062,32143700,yahoo
2019-02-04,167.47999572753906,169.52999877929688,167.3300018310547,169.52999877929688,161.8660430908203,26718800,yahoo
2019-02-05,169.75999450683594,171.22999572753906,169.69000244140625,171.02999877929688,163.29823303222656,28156400,yahoo
2019-02-06,171.07000732421875,171.3699951171875,169.75,170.52000427246094,162.81130981445312,27970000,yahoo
2019-02-07,169.02999877929688,169.4499969482422,166.9499969482422,168.22999572753906,160.6248016357422,42036200,yahoo
2019-02-08,166.75999450683594,168.58999633789062,166.57000732421875,168.55999755859375,160.93992614746094,29020700,yahoo
2019-02-11,169.1699981689453,169.5800018310547,167.97999572753906,168.39999389648438,160.787109375,21434100,yahoo
2019-02-12,169.6300048828125,171.13999938964844,169.3300018310547,170.88999938964844,163.16456604003906,29722100,yahoo
2019-02-13,171.64999389648438,172.16000366210938,170.82000732421875,171.00999450683594,163.27915954589844,26094100,yahoo
2019-02-14,170.39999389648438,171.8300018310547,169.8300018310547,171.22000122070312,163.47964477539062,30326800,yahoo
2019-02-15,172.52000427246094,172.55999755859375,171.13999938964844,171.94000244140625,164.16708374023438,32521700,yahoo
2019-02-19,171.41000366210938,172.8000030517578,171.3800048828125,172.27999877929688,164.49172973632812,19487700,yahoo
2019-02-20,172.39999389648438,173.0800018310547,171.32000732421875,172.25,164.46310424804688,32593000,yahoo
2019-02-21,171.7899932861328,172.25999450683594,170.7100067138672,171.6199951171875,163.86151123046875,25207400,yahoo
2019-02-22,171.99000549316406,173.00999450683594,171.89999389648438,172.88999938964844,165.0741729736328,27735400,yahoo
2019-02-25,174.2100067138672,174.66000366210938,173.39999389648438,173.52000427246094,165.67567443847656,32608800,yahoo
2019-02-26,173.10000610351562,174.25,172.80999755859375,173.6999969482422,165.84756469726562,21939700,yahoo
2019-02-27,172.89999389648438,173.8000030517578,171.75999450683594,173.58999633789062,165.7425079345703,25162000,yahoo
2019-02-28,173.0500030517578,173.80999755859375,172.6999969482422,173.19000244140625,165.36058044433594,25085500,yahoo
2019-03-01,174.44000244140625,174.64999389648438,173.17999267578125,174.38999938964844,166.50631713867188,31431200,yahoo
2019-03-04,175.5399932861328,175.7899932861328,172.47000122070312,174.4199981689453,166.53500366210938,38063500,yahoo
2019-03-05,174.5500030517578,175.08999633789062,173.69000244140625,174.5500030517578,166.6591339111328,22319900,yahoo
2019-03-06,174.72000122070312,174.75,173.27999877929688,173.55999755859375,165.71385192871094,27194600,yahoo
2019-03-07,173.1199951171875,173.17999267578125,170.7899932861328,171.42999267578125,163.68014526367188,39407400,yahoo
2019-03-08,169.50999450683594,171.25999450683594,169.33999633789062,171.1699981689453,163.4319305419922,39303200,yahoo
2019-03-11,171.8800048828125,174.85000610351562,171.85000610351562,174.72999572753906,166.8309783935547,30518400,yahoo
2019-03-12,175.19000244140625,176.13999938964844,174.77000427246094,175.69000244140625,167.74757385253906,33953500,yahoo
2019-03-13,176.60000610351562,177.92999267578125,176.35000610351562,177.00999450683594,169.00790405273438,42426100,yahoo
2019-03-14,177.1300048828125,177.33999633789062,176.66000366210938,176.7100067138672,168.7214813232422,23751500,yahoo
2019-03-15,177.39999389648438,178.8800048828125,177.27999877929688,178.35000610351562,170.287353515625,38192000,yahoo
2019-03-18,177.9499969482422,178.99000549316406,177.58999633789062,178.4499969482422,170.69288635253906,32935100,yahoo
2019-03-19,179.17999267578125,180.0,178.2899932861328,179.0500030517578,171.26683044433594,36893300,yahoo
2019-03-20,179.05999755859375,180.8600006103516,178.24000549316406,179.75999450683594,171.94590759277344,50105000,yahoo
2019-03-21,179.22000122070312,182.8300018310547,179.1999969482422,182.57000732421875,174.63381958007812,42428500,yahoo
2019-03-22,181.77999877929688,182.2700042724609,178.3699951171875,178.55999755859375,170.79811096191406,70794500,yahoo
2019-03-25,177.91000366210938,178.83999633789062,176.92999267578125,178.22000122070312,170.47291564941406,46336500,yahoo
2019-03-26,179.60000610351562,180.69000244140625,178.13999938964844,179.0500030517578,171.26683044433594,33248100,yahoo
2019-03-27,179.32000732421875,179.72000122070312,176.60000610351562,177.89999389648438,170.16683959960938,37096700,yahoo
2019-03-28,178.36000061035156,178.97999572753906,177.24000549316406,178.30999755859375,170.55899047851562,30368200,yahoo
2019-03-29,179.69000244140625,179.8300018310547,178.58999633789062,179.66000366210938,171.85031127929688,35205500,yahoo
2019-04-01,181.509994506836,182.259994506836,180.7700042724609,182.0399932861328,174.1268310546875,30969500,yahoo
2019-04-02,182.2400054931641,182.9100036621093,181.77999877929688,182.72999572753903,174.78680419921875,22645200,yahoo
2019-04-03,183.759994506836,184.9199981689453,183.2100067138672,183.77999877929688,175.79122924804688,31633500,yahoo
2019-04-04,183.8300018310547,184.5,182.6499938964844,183.7100067138672,175.7242431640625,28530800,yahoo
2019-04-05,184.2400054931641,184.7700042724609,184.0200042724609,184.6600036621093,176.63294982910156,25674700,yahoo
2019-04-08,184.3600006103516,185.27999877929688,183.6300048828125,185.1300048828125,177.08253479003906,22697500,yahoo
2019-04-09,184.5,185.1100006103516,184.08999633789065,184.47999572753903,176.46078491210938,25631900,yahoo
2019-04-10,184.72000122070312,185.52999877929688,184.5200042724609,185.47000122070312,177.40774536132812,24563000,yahoo
2019-04-11,185.77999877929688,185.77999877929688,184.69000244140625,185.02999877929688,176.9868621826172,20654100,yahoo
2019-04-12,185.8500061035156,185.9499969482422,185.0599975585937,185.8300018310547,177.75209045410156,24989100,yahoo
2019-04-15,185.83999633789065,186.07000732421875,184.6199951171875,185.8600006103516,177.7808074951172,21073000,yahoo
2019-04-16,186.5399932861328,186.9100036621093,185.92999267578125,186.5,178.39297485351562,27195700,yahoo
2019-04-17,187.75,187.92999267578125,186.6000061035156,187.1499938964844,179.01470947265625,29651600,yahoo
2019-04-18,187.4600067138672,187.7899932861328,186.2899932861328,187.38999938964844,179.24429321289062,28580900,yahoo
2019-04-22,186.57000732421875,187.9900054931641,186.42999267578125,187.9199981689453,179.75125122070312,17936000,yahoo
2019-04-23,188.3999938964844,190.5399932861328,188.1300048828125,190.3099975585937,182.037353515625,33665600,yahoo
2019-04-24,190.47000122070312,190.7100067138672,189.6499938964844,189.7100067138672,181.46343994140625,24977100,yahoo
2019-04-25,191.1300048828125,191.22000122070312,189.4499969482422,190.47999572753903,182.1999664306641,29517500,yahoo
2019-04-26,190.17999267578125,190.69000244140625,188.58999633789065,190.6499938964844,182.362548828125,26359500,yahoo
2019-04-29,190.6499938964844,191.32000732421875,190.33999633789065,191.0200042724609,182.71649169921875,21716200,yahoo
2019-04-30,189.47999572753903,189.8500061035156,188.2100067138672,189.5399932861328,181.30078125,31495300,yahoo
2019-05-01,190.77999877929688,191.32000732421875,188.8000030517578,188.92999267578125,180.71730041503903,34797100,yahoo
2019-05-02,188.8699951171875,189.8500061035156,186.8699951171875,188.1100006103516,179.93296813964844,44110100,yahoo
2019-05-03,189.6699981689453,191.25,189.3300018310547,191.1100006103516,182.8025817871093,30386200,yahoo
2019-05-06,187.0500030517578,190.1999969482422,186.759994506836,189.94000244140625,181.68338012695312,38371800,yahoo
2019-05-07,187.8699951171875,188.6699981689453,184.509994506836,186.2400054931641,178.14425659179688,58818100,yahoo
2019-05-08,185.6300048828125,187.1699981689453,184.9600067138672,185.7700042724609,177.69471740722656,37165300,yahoo
2019-05-09,183.6999969482422,185.4100036621093,182.08999633789065,184.7700042724609,176.73814392089844,55351700,yahoo
2019-05-10,184.1100006103516,185.88999938964844,181.02999877929688,185.0,176.9582061767578,58526400,yahoo
2019-05-13,180.2899932861328,181.259994506836,178.05999755859375,178.5800018310547,170.81727600097656,67185800,yahoo
2019-05-14,179.52000427246094,181.6300048828125,178.86000061035156,180.5399932861328,172.6920166015625,43360600,yahoo
2019-05-15,179.35000610351562,183.5500030517578,179.30999755859375,183.08999633789065,175.13116455078125,40944500,yahoo
2019-05-16,183.1699981689453,186.07000732421875,182.9499969482422,184.92999267578125,176.89122009277344,39281200,yahoo
2019-05-17,183.1000061035156,185.5800018310547,182.8800048828125,183.0399932861328,175.08335876464844,44702300,yahoo
2019-05-20,180.4900054931641,181.17999267578125,179.33999633789062,179.9499969482422,172.12770080566406,38608300,yahoo
2019-05-21,181.5,182.3300018310547,180.9199981689453,181.8300018310547,173.9259796142578,31613800,yahoo
2019-05-22,180.82000732421875,182.07000732421875,180.75,181.0200042724609,173.1511993408203,24332600,yahoo
2019-05-23,178.94000244140625,179.02000427246094,177.13999938964844,178.25,170.50157165527344,45351300,yahoo
2019-05-24,179.2100067138672,179.85000610351562,177.94000244140625,178.16000366210938,170.41552734375,25903300,yahoo
2019-05-28,178.66000366210938,179.66000366210938,177.47000122070312,177.49000549316406,169.77462768554688,24763800,yahoo
2019-05-29,176.38999938964844,177.0,175.08999633789062,176.02999877929688,168.37811279296875,42178800,yahoo
2019-05-30,176.5,177.27000427246094,175.77000427246094,176.77000427246094,169.08590698242188,30354800,yahoo
2019-05-31,174.69000244140625,175.2899932861328,173.8699951171875,173.9499969482422,166.3884735107422,45446200,yahoo
2019-06-03,173.47999572753906,173.9499969482422,169.27000427246094,170.1199951171875,162.72499084472656,75842300,yahoo
2019-06-04,172.02999877929688,174.97000122070312,171.3699951171875,174.91000366210938,167.30677795410156,47797800,yahoo
2019-06-05,176.5800018310547,176.61000061035156,174.3800048828125,176.2100067138672,168.55027770996094,34412700,yahoo
2019-06-06,176.50999450683594,178.0399932861328,175.72999572753906,177.61000061035156,169.8893585205078,29913200,yahoo
2019-06-07,178.55999755859375,181.7700042724609,178.3300018310547,181.0399932861328,173.17031860351562,45888300,yahoo
2019-06-10,182.25,184.8500061035156,182.2100067138672,183.1499938964844,175.1885986328125,41385300,yahoo
2019-06-11,185.0599975585937,185.3999938964844,182.77999877929688,183.3999938964844,175.42770385742188,41260300,yahoo
2019-06-12,182.8999938964844,183.27999877929688,182.0,182.33999633789065,174.41378784179688,27758100,yahoo
2019-06-13,183.1000061035156,183.8699951171875,182.7400054931641,183.4199981689453,175.44686889648438,23715800,yahoo
2019-06-14,182.47999572753903,183.1100006103516,181.94000244140625,182.63999938964844,174.7008056640625,22844100,yahoo
2019-06-17,183.0399932861328,184.25,182.83999633789065,183.7400054931641,175.75296020507812,20379500,yahoo
2019-06-18,185.9100036621093,187.72000122070312,185.42999267578125,186.4100036621093,178.30690002441406,48177300,yahoo
2019-06-19,186.6600036621093,187.52999877929688,185.57000732421875,187.1100006103516,178.97647094726562,31672900,yahoo
2019-06-20,189.72000122070312,189.759994506836,187.1600036621093,188.8500061035156,180.64083862304688,40922000,yahoo
2019-06-21,188.6300048828125,189.7700042724609,188.1699981689453,188.57000732421875,180.3730010986328,39980400,yahoo
2019-06-24,188.52999877929688,188.72000122070312,188.0599975585937,188.1600036621093,180.3787384033203,19375200,yahoo
2019-06-25,188.02999877929688,188.13999938964844,184.6499938964844,184.92999267578125,177.2823028564453,33921100,yahoo
2019-06-26,186.1600036621093,187.3300018310547,185.4900054931641,185.7899932861328,178.10671997070312,22595700,yahoo
2019-06-27,186.4600067138672,186.94000244140625,185.9900054931641,186.5,178.7874298095703,19709200,yahoo
2019-06-28,186.9499969482422,187.1499938964844,186.07000732421875,186.7400054931641,179.01744079589844,21179200,yahoo
2019-07-01,190.32000732421875,190.57000732421875,188.3800048828125,189.259994506836,181.43325805664065,31025600,yahoo
2019-07-02,189.1999969482422,190.02999877929688,188.6600036621093,190.009994506836,182.1522521972656,18035800,yahoo
2019-07-03,190.4900054931641,191.44000244140625,190.2899932861328,191.44000244140625,183.52310180664065,15792100,yahoo
2019-07-05,190.1300048828125,191.3999938964844,189.38999938964844,191.0500030517578,183.149169921875,21415600,yahoo
2019-07-08,189.8099975585937,189.8699951171875,188.92999267578125,189.7100067138672,181.8646545410156,17598800,yahoo
2019-07-09,188.8099975585937,190.8999938964844,188.6499938964844,190.6600036621093,182.7753448486328,19193500,yahoo
2019-07-10,191.82000732421875,193.08999633789065,191.47000122070312,192.5599975585937,184.5968170166016,28374500,yahoo
2019-07-11,192.8500061035156,193.33999633789065,191.8099975585937,192.4199981689453,184.4625701904297,23736100,yahoo
2019-07-12,192.6300048828125,193.5399932861328,192.4499969482422,193.52999877929688,185.52664184570312,20211900,yahoo
2019-07-15,193.97999572753903,194.19000244140625,193.44000244140625,194.1499938964844,186.1210174560547,15606100,yahoo
2019-07-16,193.9100036621093,194.08999633789065,192.5599975585937,193.1499938964844,185.1623687744141,20190900,yahoo
2019-07-17,193.1499938964844,193.4900054931641,192.17999267578125,192.1999969482422,184.25167846679688,16765100,yahoo
2019-07-18,191.2899932861328,192.7899932861328,190.69000244140625,192.4199981689453,184.4625701904297,28877000,yahoo
2019-07-19,193.7400054931641,193.8300018310547,190.8099975585937,191.009994506836,183.11090087890625,29387900,yahoo
2019-07-22,191.44000244140625,192.94000244140625,191.44000244140625,192.52999877929688,184.5680084228516,18954900,yahoo
2019-07-23,193.5800018310547,193.8099975585937,192.2899932861328,193.7899932861328,185.77589416503903,23786700,yahoo
2019-07-24,193.0500030517578,195.1600036621093,193.02999877929688,195.1499938964844,187.07969665527344,20422900,yahoo
2019-07-25,194.4900054931641,194.5200042724609,192.92999267578125,193.3000030517578,185.30618286132807,23434700,yahoo
2019-07-26,194.52999877929688,195.5500030517578,194.42999267578125,195.2899932861328,187.21383666992188,20431200,yahoo
2019-07-29,195.1100006103516,195.17999267578125,193.38999938964844,194.6199951171875,186.57156372070312,20451700,yahoo
2019-07-30,193.1300048828125,194.5399932861328,192.9900054931641,193.77999877929688,185.766342163086,18705000,yahoo
2019-07-31,194.3000030517578,194.42999267578125,189.32000732421875,191.1000061035156,183.19715881347656,41627500,yahoo
2019-08-01,191.42999267578125,194.97999572753903,189.22999572753903,190.1499938964844,182.28643798828125,63251600,yahoo
2019-08-02,188.72000122070312,188.9900054931641,186.2100067138672,187.3500061035156,179.6022491455078,55214000,yahoo
2019-08-05,183.42999267578125,183.509994506836,179.1999969482422,180.72999572753903,173.25601196289062,75040000,yahoo
2019-08-06,182.3999938964844,183.8000030517578,181.07000732421875,183.259994506836,175.68138122558594,41897200,yahoo
2019-08-07,181.2700042724609,184.509994506836,179.88999938964844,184.25,176.6304168701172,49990600,yahoo
2019-08-08,185.0800018310547,188.32000732421875,184.57000732421875,188.259994506836,180.474609375,38418100,yahoo
2019-08-09,187.3600006103516,188.0,185.02999877929688,186.4900054931641,178.77783203125,33608900,yahoo
2019-08-12,185.33999633789065,185.8999938964844,183.5,184.3500061035156,176.72634887695312,24642900,yahoo
2019-08-13,184.19000244140625,189.67999267578125,184.0200042724609,188.38999938964844,180.59918212890625,40241900,yahoo
2019-08-14,185.3600006103516,185.9499969482422,182.4199981689453,182.759994506836,175.20204162597656,51000500,yahoo
2019-08-15,183.0,183.58999633789065,181.1600036621093,182.5500030517578,175.0006866455078,36685000,yahoo
2019-08-16,184.2100067138672,185.9499969482422,184.1000061035156,185.47999572753903,177.8096160888672,32781400,yahoo
2019-08-19,188.1600036621093,188.8300018310547,187.5,188.42999267578125,180.6375427246093,22494100,yahoo
2019-08-20,187.9600067138672,188.63999938964844,186.9199981689453,186.97000122070312,179.23793029785156,19902900,yahoo
2019-08-21,188.6100006103516,189.22999572753903,187.9600067138672,188.6300048828125,180.8292694091797,20418500,yahoo
2019-08-22,188.97999572753903,189.4600067138672,186.5399932861328,188.0200042724609,180.2445373535156,24243700,yahoo
2019-08-23,186.7400054931641,188.4499969482422,181.5599975585937,182.07000732421875,174.54058837890625,55372400,yahoo
2019-08-26,184.13999938964844,184.8699951171875,183.0800018310547,184.82000732421875,177.1768798828125,27598900,yahoo
2019-08-27,186.1100006103516,186.4199981689453,183.7100067138672,184.42999267578125,176.80300903320312,28012800,yahoo
2019-08-28,183.8300018310547,185.3999938964844,182.9100036621093,185.08999633789065,177.43568420410156,21792400,yahoo
2019-08-29,187.38999938964844,188.4600067138672,186.67999267578125,187.9199981689453,180.14865112304688,25358900,yahoo
2019-08-30,188.92999267578125,188.97000122070312,186.4100036621093,187.47000122070312,179.71726989746094,26319800,yahoo
2019-09-03,186.22000122070312,187.17999267578125,185.02999877929688,185.6499938964844,177.97254943847656,27964200,yahoo
2019-09-04,187.44000244140625,188.4900054931641,186.8999938964844,188.3300018310547,180.541732788086,21592100,yahoo
2019-09-05,190.4100036621093,192.3300018310547,190.33999633789065,191.77999877929688,183.8490295410156,33932600,yahoo
2019-09-06,192.1000061035156,192.1699981689453,191.1699981689453,191.58999633789065,183.6669006347656,19487800,yahoo
2019-09-09,192.19000244140625,192.2700042724609,190.22000122070312,191.19000244140625,183.283447265625,24407600,yahoo
2019-09-10,190.1600036621093,190.7400054931641,188.9100036621093,190.63999938964844,182.7561798095703,23744700,yahoo
2019-09-11,191.0,192.52999877929688,190.5599975585937,192.42999267578125,184.47213745117188,25063600,yahoo
2019-09-12,193.6100006103516,194.7100067138672,192.97000122070312,193.22999572753903,185.23904418945312,28689900,yahoo
2019-09-13,192.9499969482422,193.3999938964844,192.2899932861328,192.5399932861328,184.57760620117188,27669800,yahoo
2019-09-16,191.3000030517578,192.0800018310547,191.1100006103516,191.67999267578125,183.753173828125,20319000,yahoo
2019-09-17,191.6999969482422,192.6000061035156,191.2899932861328,192.6000061035156,184.63514709472656,20953400,yahoo
2019-09-18,192.1999969482422,192.6000061035156,190.1100006103516,192.5200042724609,184.55848693847656,29781300,yahoo
2019-09-19,192.8600006103516,194.0399932861328,192.47000122070312,192.83999633789065,184.8652191162109,26039400,yahoo
2019-09-20,193.1100006103516,193.3099975585937,190.1600036621093,190.8000030517578,182.9095916748047,29086100,yahoo
2019-09-23,190.3600006103516,191.07000732421875,189.72000122070312,190.5,182.99024963378903,22485900,yahoo
2019-09-24,191.3699951171875,191.7899932861328,187.1499938964844,187.97000122070312,180.5600128173828,40820700,yahoo
2019-09-25,187.77999877929688,190.5800018310547,186.2100067138672,190.0800018310547,182.5868225097656,34704900,yahoo
2019-09-26,189.8300018310547,190.0,187.97999572753903,189.3800048828125,181.91441345214844,26826000,yahoo
2019-09-27,189.72999572753903,189.8300018310547,185.75,187.02999877929688,179.65707397460938,40773500,yahoo
2019-09-30,187.7899932861328,189.1100006103516,187.3999938964844,188.8099975585937,181.3668670654297,26307700,yahoo
2019-10-01,189.5,190.58999633789065,186.9600067138672,187.2700042724609,179.88760375976562,32367600,yahoo
2019-10-02,186.0,186.02999877929688,183.0200042724609,184.0500030517578,176.79452514648438,48544300,yahoo
2019-10-03,184.02999877929688,186.2100067138672,181.82000732421875,186.07000732421875,178.73486328125,39392500,yahoo
2019-10-04,187.0800018310547,189.0800018310547,186.8800048828125,188.8099975585937,181.3668670654297,31887600,yahoo
2019-10-07,188.2700042724609,189.7400054931641,187.9100036621093,188.2400054931641,180.8193206787109,21216000,yahoo
2019-10-08,187.0599975585937,187.8600006103516,185.2700042724609,185.4199981689453,178.11048889160156,32379300,yahoo
2019-10-09,186.9900054931641,188.0800018310547,186.42999267578125,187.22999572753903,179.84915161132812,20147400,yahoo
2019-10-10,187.27999877929688,189.42999267578125,187.1199951171875,188.67999267578125,181.2419891357422,25177700,yahoo
2019-10-11,190.8300018310547,192.6300048828125,190.72000122070312,191.1100006103516,183.5762176513672,40976700,yahoo
2019-10-14,190.83999633789065,191.6999969482422,190.6499938964844,191.08999633789065,183.55694580078125,14975000,yahoo
2019-10-15,191.67999267578125,193.97000122070312,191.5599975585937,193.5200042724609,185.89117431640625,23234200,yahoo
2019-10-16,192.8600006103516,193.52999877929688,192.42999267578125,193.0399932861328,185.4301300048828,20457100,yahoo
2019-10-17,194.1999969482422,194.5,192.8099975585937,193.5500030517578,185.9199981689453,19045200,yahoo
2019-10-18,193.1999969482422,193.6699981689453,190.7100067138672,191.69000244140625,184.13336181640625,27700800,yahoo
2019-10-21,192.7100067138672,193.5200042724609,192.13999938964844,193.38999938964844,185.76629638671875,15801200,yahoo
2019-10-22,194.1499938964844,194.4199981689453,191.7899932861328,191.8500061035156,184.2870330810547,22392300,yahoo
2019-10-23,191.4600067138672,192.259994506836,191.1499938964844,192.22000122070312,184.64244079589844,14828400,yahoo
2019-10-24,193.58999633789065,194.2100067138672,192.7400054931641,194.08999633789065,186.438705444336,18998500,yahoo
2019-10-25,193.08999633789065,195.7400054931641,193.0500030517578,195.63999938964844,187.92762756347656,21507100,yahoo
2019-10-28,196.5500030517578,197.8300018310547,196.5500030517578,197.57000732421875,189.78155517578125,18818700,yahoo
2019-10-29,197.2400054931641,197.5399932861328,196.009994506836,196.0399932861328,188.3118896484375,18569700,yahoo
2019-10-30,196.4199981689453,197.32000732421875,195.2899932861328,196.9900054931641,189.2244415283203,21764300,yahoo
2019-10-31,197.5599975585937,197.6499938964844,195.94000244140625,197.0800018310547,189.3108673095703,26801800,yahoo
2019-11-01,197.92999267578125,198.8800048828125,197.6300048828125,198.8699951171875,191.03028869628903,22131900,yahoo
2019-11-04,200.19000244140625,200.52999877929688,198.8699951171875,200.1000061035156,192.21180725097656,19015900,yahoo
2019-11-05,200.3500061035156,200.5500030517578,199.5500030517578,200.2100067138672,192.31744384765625,15048900,yahoo
2019-11-06,199.97999572753903,200.0,198.7899932861328,199.759994506836,191.8851928710937,19725500,yahoo
2019-11-07,200.759994506836,201.72000122070312,199.8500061035156,200.42999267578125,192.5287628173828,17832400,yahoo
2019-11-08,200.07000732421875,201.25,199.5399932861328,201.22999572753903,193.29722595214844,15258800,yahoo
2019-11-11,200.2100067138672,201.0399932861328,199.94000244140625,200.9600067138672,193.0379333496093,10147600,yahoo
2019-11-12,201.1300048828125,202.2100067138672,200.82000732421875,201.5399932861328,193.5949859619141,14778300,yahoo
2019-11-13,200.83999633789065,201.77999877929688,200.7100067138672,201.58999633789065,193.64306640625,15774600,yahoo
2019-11-14,200.8300018310547,201.5599975585937,200.22000122070312,201.42999267578125,193.4893493652344,16945400,yahoo
2019-11-15,202.6499938964844,202.9100036621093,202.0,202.9100036621093,194.9110412597656,18427900,yahoo
2019-11-18,202.58999633789065,203.38999938964844,201.7700042724609,203.07000732421875,195.0647125244141,18365900,yahoo
2019-11-19,203.83999633789065,203.83999633789065,202.58999633789065,203.3699951171875,195.3528747558593,16923300,yahoo
2019-11-20,202.83999633789065,203.4499969482422,200.6199951171875,202.1499938964844,194.18096923828125,36629000,yahoo
2019-11-21,201.92999267578125,202.07000732421875,201.07000732421875,201.6999969482422,193.7487335205078,17883600,yahoo
2019-11-22,202.1999969482422,202.32000732421875,200.7400054931641,201.8300018310547,193.8735809326172,17189600,yahoo
2019-11-25,202.6999969482422,204.259994506836,202.6699981689453,204.22000122070312,196.1693725585937,17752800,yahoo
2019-11-26,204.3500061035156,204.8699951171875,204.0500030517578,204.6100006103516,196.54397583007807,14780600,yahoo
2019-11-27,205.13999938964844,206.0500030517578,204.88999938964844,206.0399932861328,197.9176483154297,16963100,yahoo
2019-11-29,205.5200042724609,205.8300018310547,205.0,205.1000061035156,197.01466369628903,9854600,yahoo
2019-12-02,205.1100006103516,205.17999267578125,201.77999877929688,203.0,194.9975128173828,28007000,yahoo
2019-12-03,200.2100067138672,201.4900054931641,199.22999572753903,201.4100036621093,193.47021484375,31104100,yahoo
2019-12-04,202.44000244140625,202.9100036621093,202.13999938964844,202.42999267578125,194.44992065429688,15300100,yahoo
2019-12-05,203.1499938964844,203.1499938964844,201.83999633789065,202.8300018310547,194.83416748046875,14962300,yahoo
2019-12-06,204.3099975585937,205.1499938964844,204.1499938964844,205.0,196.9186553955078,16555300,yahoo
2019-12-09,204.6300048828125,205.58999633789065,203.97999572753903,204.07000732421875,196.0253143310547,13984100,yahoo
2019-12-10,204.1699981689453,204.8800048828125,203.44000244140625,203.8999938964844,195.86196899414065,21799800,yahoo
2019-12-11,204.3600006103516,205.19000244140625,204.0399932861328,204.97999572753903,196.89944458007807,18780800,yahoo
2019-12-12,204.7700042724609,207.32000732421875,204.4900054931641,206.509994506836,198.3690948486328,32612000,yahoo
2019-12-13,206.3999938964844,207.9100036621093,205.9600067138672,207.19000244140625,199.0222930908203,32519400,yahoo
2019-12-16,208.5500030517578,209.52999877929688,208.47999572753903,209.2700042724609,201.02029418945312,21296600,yahoo
2019-12-17,209.5399932861328,209.7100067138672,209.0399932861328,209.38999938964844,201.1355438232422,15996100,yahoo
2019-12-18,209.57000732421875,210.1300048828125,209.3300018310547,209.5500030517578,201.28927612304688,15443300,yahoo
2019-12-19,209.63999938964844,210.92999267578125,209.6199951171875,210.8600006103516,202.5476531982422,17865900,yahoo
2019-12-20,211.8600006103516,212.5200042724609,211.2700042724609,211.7100067138672,203.36412048339844,27672600,yahoo
2019-12-23,212.0,212.1499938964844,211.6300048828125,211.8099975585937,203.9012908935547,23774700,yahoo
2019-12-24,212.0,212.08999633789065,211.44000244140625,211.9199981689453,204.0072021484375,7089000,yahoo
2019-12-26,212.259994506836,213.8099975585937,212.22999572753903,213.7899932861328,205.80731201171875,17067500,yahoo
2019-12-27,214.5399932861328,214.5599975585937,213.0399932861328,213.6100006103516,205.63409423828125,18134100,yahoo
2019-12-30,213.5,213.6300048828125,211.1600036621093,212.2100067138672,204.2863311767578,21815500,yahoo
2019-12-31,211.52999877929688,212.759994506836,211.1999969482422,212.6100006103516,204.67138671875,18170900,yahoo
2020-01-02,214.3999938964844,216.1600036621093,213.97999572753903,216.1600036621093,208.0888519287109,30969400,yahoo
2020-01-03,213.3000030517578,215.47000122070312,213.27999877929688,214.17999267578125,206.18283081054688,27518900,yahoo
2020-01-06,212.5,215.58999633789065,212.2400054931641,215.5599975585937,207.5112762451172,21655300,yahoo
2020-01-07,215.63999938964844,216.13999938964844,214.8500061035156,215.52999877929688,207.4823760986328,22139300,yahoo
2020-01-08,215.5,218.13999938964844,215.1600036621093,217.1499938964844,209.0418701171875,26397300,yahoo
2020-01-09,218.94000244140625,219.4100036621093,217.7100067138672,218.9900054931641,210.81320190429688,23547000,yahoo
2020-01-10,219.8500061035156,219.8699951171875,218.0399932861328,218.42999267578125,210.2740631103516,21898500,yahoo
2020-01-13,219.3300018310547,220.97999572753903,218.97999572753903,220.9499969482422,212.6999969482422,22756900,yahoo
2020-01-14,220.83999633789065,221.2100067138672,219.7400054931641,220.0800018310547,211.86251831054688,24418100,yahoo
2020-01-15,220.1999969482422,221.1999969482422,219.4499969482422,220.1699981689453,211.9491424560547,25742100,yahoo
2020-01-16,221.2700042724609,222.32000732421875,220.8000030517578,222.27999877929688,213.9803771972656,18805000,yahoo
2020-01-17,223.27999877929688,223.5599975585937,222.1199951171875,223.3800048828125,215.03933715820312,24325200,yahoo
2020-01-21,222.759994506836,223.83999633789065,222.6600036621093,223.27999877929688,214.9429626464844,21146300,yahoo
2020-01-22,224.4100036621093,225.1499938964844,223.58999633789065,223.8699951171875,215.510986328125,20736400,yahoo
2020-01-23,223.7400054931641,224.69000244140625,222.6999969482422,224.58999633789065,216.20411682128903,26496100,yahoo
2020-01-24,225.63999938964844,225.8800048828125,221.6699981689453,222.6999969482422,214.3846740722656,37436500,yahoo
2020-01-27,217.6699981689453,219.27999877929688,217.17999267578125,218.1000061035156,209.95643615722656,42264400,yahoo
2020-01-28,219.63999938964844,221.9600067138672,219.0599975585937,221.4499969482422,213.1813201904297,26731900,yahoo
2020-01-29,222.67999267578125,222.92999267578125,220.8300018310547,221.8099975585937,213.52789306640625,28924500,yahoo
2020-01-30,220.3800048828125,222.6999969482422,219.69000244140625,222.6000061035156,214.28839111328125,39568100,yahoo
2020-01-31,223.52999877929688,223.5599975585937,218.2899932861328,219.07000732421875,210.8902130126953,52015800,yahoo
2020-02-03,220.13999938964844,222.88999938964844,219.9900054931641,222.3800048828125,214.07662963867188,25408600,yahoo
2020-02-04,225.4199981689453,227.8600006103516,224.6499938964844,227.47000122070312,218.9765472412109,30691200,yahoo
2020-02-05,230.2100067138672,230.25,226.8500061035156,228.22000122070312,219.69854736328125,38534800,yahoo
2020-02-06,228.7899932861328,230.25,227.97999572753903,230.19000244140625,221.59500122070312,22467100,yahoo
2020-02-07,229.1600036621093,230.44000244140625,228.5399932861328,229.1999969482422,220.6419372558593,25884900,yahoo
2020-02-10,228.44000244140625,231.97999572753903,228.3800048828125,231.97000122070312,223.3085174560547,21478900,yahoo
2020-02-11,233.25,234.0200042724609,231.3999938964844,232.009994506836,223.34703063964844,30198000,yahoo
2020-02-12,233.3800048828125,234.3800048828125,232.8000030517578,234.2700042724609,225.5226593017578,24471300,yahoo
2020-02-13,232.63999938964844,234.92999267578125,232.3600006103516,233.97000122070312,225.23385620117188,22773200,yahoo
2020-02-14,234.33999633789065,234.8600006103516,233.5500030517578,234.63999938964844,225.8788604736328,23438500,yahoo
2020-02-18,233.5,235.1699981689453,233.25,234.72999572753903,225.9654693603516,24394500,yahoo
2020-02-19,236.1300048828125,237.47000122070312,235.8500061035156,236.97999572753903,228.1314849853516,22230500,yahoo
2020-02-20,236.4600067138672,236.9499969482422,231.8800048828125,234.77999877929688,226.0136260986328,42604000,yahoo
2020-02-21,233.6100006103516,234.009994506836,229.32000732421875,230.2700042724609,221.6720428466797,66017200,yahoo
2020-02-24,221.67999267578125,224.25,220.259994506836,221.38999938964844,213.12359619140625,84522600,yahoo
2020-02-25,223.25,223.9900054931641,214.7400054931641,215.3699951171875,207.3283233642578,97743000,yahoo
2020-02-26,216.7100067138672,220.27999877929688,214.8999938964844,216.47999572753903,208.39694213867188,79537700,yahoo
2020-02-27,210.8999938964844,216.4199981689453,205.5,205.63999938964844,197.96170043945312,121822600,yahoo
2020-02-28,198.63999938964844,207.1699981689453,198.1699981689453,205.8000030517578,198.1157073974609,148173700,yahoo
2020-03-02,208.8800048828125,216.57000732421875,205.94000244140625,216.4199981689453,208.3391571044922,112933900,yahoo
2020-03-03,217.1100006103516,219.6100006103516,207.6199951171875,209.47999572753903,201.6582946777344,131953500,yahoo
2020-03-04,213.32000732421875,218.3300018310547,211.3699951171875,218.22000122070312,210.07196044921875,73086200,yahoo
2020-03-05,212.69000244140625,216.3600006103516,210.1000061035156,211.58999633789065,203.68948364257807,78705500,yahoo
2020-03-06,204.6699981689453,209.1499938964844,202.9100036621093,208.0200042724609,200.25279235839844,89828400,yahoo
2020-03-09,193.47999572753903,201.1600036621093,192.1100006103516,193.57000732421875,186.3423309326172,116424000,yahoo
2020-03-10,201.1100006103516,204.3000030517578,193.67999267578125,204.1100006103516,196.48883056640625,100599200,yahoo
2020-03-11,199.3500061035156,200.75,192.72999572753903,195.22000122070312,187.93077087402344,89168800,yahoo
2020-03-12,182.08999633789065,190.77999877929688,176.94000244140625,177.32000732421875,170.69911193847656,137820700,yahoo
2020-03-13,187.07000732421875,194.47999572753903,178.1300048828125,192.33999633789065,185.1582946777344,134882000,yahoo
2020-03-16,174.14999389648438,184.67999267578125,169.16000366210938,169.3000030517578,162.97853088378906,92054400,yahoo
2020-03-17,175.47000122070312,184.38999938964844,169.77999877929688,182.13999938964844,175.33912658691406,121257100,yahoo
2020-03-18,171.61000061035156,179.22000122070312,166.8000030517578,176.60000610351562,170.00599670410156,114156300,yahoo
2020-03-19,175.69000244140625,183.4900054931641,171.6300048828125,177.66000366210938,171.02638244628906,120896500,yahoo
2020-03-20,181.7400054931641,182.8699951171875,170.10000610351562,170.6999969482422,164.32626342773438,118983900,yahoo
2020-03-23,170.9199981689453,174.2100067138672,164.92999267578125,170.4600067138672,164.44497680664062,124639800,yahoo
2020-03-24,179.91000366210938,183.8300018310547,177.9499969482422,183.6600036621093,177.17916870117188,94881800,yahoo
2020-03-25,184.4199981689453,189.509994506836,179.97999572753906,182.3000030517578,175.86717224121094,88754900,yahoo
2020-03-26,183.8699951171875,192.72000122070312,183.6100006103516,191.8999938964844,185.1283721923828,79887600,yahoo
2020-03-27,186.92999267578125,190.509994506836,184.6600036621093,185.3000030517578,178.7612762451172,58845000,yahoo
2020-03-30,187.0599975585937,192.4900054931641,186.33999633789065,192.0399932861328,185.263412475586,49356900,yahoo
2020-03-31,191.72000122070312,195.25,189.1999969482422,190.3999938964844,183.6812896728516,62659300,yahoo
2020-04-01,184.7700042724609,187.6600036621093,180.8600006103516,182.3099975585937,175.8767852783203,53715400,yahoo
2020-04-02,181.2400054931641,190.1000061035156,180.97000122070312,186.009994506836,179.4462432861328,56465300,yahoo
2020-04-03,185.5500030517578,187.07000732421875,181.2899932861328,183.3699951171875,176.89938354492188,47487600,yahoo
2020-04-06,190.47999572753903,197.6499938964844,189.19000244140625,196.47999572753903,189.54676818847656,64763500,yahoo
2020-04-07,202.3699951171875,202.6600036621093,196.0,196.3999938964844,189.4695739746093,69904500,yahoo
2020-04-08,198.1499938964844,201.1699981689453,196.1699981689453,200.57000732421875,193.4924468994141,45940400,yahoo
2020-04-09,202.3500061035156,203.22000122070312,199.02999877929688,200.8600006103516,193.772201538086,68252600,yahoo
2020-04-13,200.0,203.4199981689453,198.75,203.02999877929688,195.8656616210937,42853900,yahoo
2020-04-14,207.22999572753903,212.5,206.4199981689453,211.8600006103516,204.3840484619141,63959600,yahoo
2020-04-15,208.47999572753903,211.8300018310547,207.1199951171875,209.42999267578125,202.039779663086,47036000,yahoo
2020-04-16,211.69000244140625,214.3699951171875,209.69000244140625,213.25,205.72499084472656,64657400,yahoo
2020-04-17,216.1699981689453,216.509994506836,212.0800018310547,215.2899932861328,207.69297790527344,62863200,yahoo
2020-04-20,213.3600006103516,215.8800048828125,212.57000732421875,212.7400054931641,205.2330017089844,38249100,yahoo
2020-04-21,210.6000061035156,211.1600036621093,203.6300048828125,204.88999938964844,197.66001892089844,72932800,yahoo
2020-04-22,209.1000061035156,212.3500061035156,208.3300018310547,210.97000122070312,203.52549743652344,40089100,yahoo
2020-04-23,211.7899932861328,214.44000244140625,210.1000061035156,210.5200042724609,203.09133911132807,43278500,yahoo
2020-04-24,210.97000122070312,214.3000030517578,209.5,213.83999633789065,206.294174194336,34231900,yahoo
2020-04-27,216.19000244140625,216.6300048828125,214.5,215.5599975585937,207.95347595214844,36451700,yahoo
2020-04-28,217.32000732421875,217.32000732421875,211.2100067138672,211.5,204.03677368164065,46862800,yahoo
2020-04-29,216.19000244140625,219.97000122070312,215.13999938964844,219.0,211.27207946777344,48716400,yahoo
2020-04-30,219.9499969482422,220.0399932861328,217.3500061035156,218.9100036621093,211.18524169921875,43359500,yahoo
2020-05-01,214.5,216.6699981689453,211.67999267578125,212.7400054931641,205.2330017089844,48795000,yahoo
2020-05-04,211.4600067138672,215.4499969482422,211.1199951171875,215.22000122070312,207.62550354003903,32841000,yahoo
2020-05-05,217.44000244140625,220.13999938964844,216.8500061035156,217.6600036621093,209.97935485839844,37783100,yahoo
2020-05-06,219.3999938964844,221.0399932861328,218.1100006103516,219.0,211.27207946777344,36455200,yahoo
2020-05-07,221.82000732421875,222.72999572753903,220.4199981689453,221.82000732421875,213.9926147460937,38624800,yahoo
2020-05-08,223.5500030517578,225.0,222.47999572753903,224.8600006103516,216.92530822753903,31852300,yahoo
2020-05-11,223.4900054931641,227.92999267578125,223.25,226.8699951171875,218.8643493652344,35714100,yahoo
2020-05-12,227.4900054931641,228.1000061035156,222.08999633789065,222.1199951171875,214.2819976806641,41054100,yahoo
2020-05-13,222.6600036621093,224.6100006103516,216.7100067138672,219.33999633789065,211.60009765625,65521200,yahoo
2020-05-14,217.97000122070312,221.8699951171875,215.9900054931641,221.8300018310547,214.00225830078125,51549300,yahoo
2020-05-15,218.77999877929688,223.3300018310547,218.3300018310547,223.2700042724609,215.3914337158203,55747200,yahoo
2020-05-18,226.27999877929688,228.67999267578125,225.47000122070312,227.42999267578125,219.4046325683593,42398100,yahoo
2020-05-19,227.6999969482422,229.8500061035156,226.7100067138672,226.8600006103516,218.85476684570312,36237300,yahoo
2020-05-20,229.5,231.759994506836,229.47999572753903,231.38999938964844,223.2248687744141,37417000,yahoo
2020-05-21,231.44000244140625,232.13999938964844,228.33999633789065,228.8699951171875,220.7938690185547,43642900,yahoo
2020-05-22,228.4499969482422,229.8699951171875,227.5,229.6600036621093,221.5559539794922,28762400,yahoo
2020-05-26,233.3600006103516,233.57000732421875,228.7899932861328,229.0399932861328,220.9578399658203,33055300,yahoo
2020-05-27,228.69000244140625,230.4100036621093,223.94000244140625,230.2899932861328,222.16368103027344,55665600,yahoo
2020-05-28,229.1100006103516,233.47000122070312,229.0500030517578,229.9900054931641,221.8743133544922,42784300,yahoo
2020-05-29,230.3800048828125,233.6000061035156,228.759994506836,233.3600006103516,225.12535095214844,50691800,yahoo
2020-06-01,232.4600067138672,234.4499969482422,232.0,234.0599975585937,225.80067443847656,25776000,yahoo
2020-06-02,234.5,235.69000244140625,232.009994506836,235.6300048828125,227.3152313232422,33383400,yahoo
2020-06-03,236.259994506836,237.47000122070312,235.3500061035156,236.69000244140625,228.3378448486328,37228700,yahoo
2020-06-04,236.3300018310547,237.7899932861328,233.67999267578125,235.02999877929688,226.73643493652344,38716100,yahoo
2020-06-05,236.22000122070312,240.3000030517578,235.6300048828125,239.69000244140625,231.2320251464844,47365600,yahoo
2020-06-08,239.5399932861328,241.67999267578125,237.9100036621093,241.5500030517578,233.02638244628903,32937300,yahoo
2020-06-09,240.6600036621093,244.17999267578125,240.47000122070312,243.3000030517578,234.71463012695312,35046300,yahoo
2020-06-10,245.0500030517578,247.82000732421875,244.509994506836,246.22000122070312,237.5315704345703,58084400,yahoo
2020-06-11,242.1600036621093,243.58999633789065,233.9600067138672,234.0200042724609,225.76210021972656,72919400,yahoo
2020-06-12,239.08999633789065,240.3999938964844,231.7400054931641,235.8800048828125,227.5564422607422,72034800,yahoo
2020-06-15,232.44000244140625,239.4499969482422,231.47000122070312,238.75,230.3251495361328,45307400,yahoo
2020-06-16,243.77999877929688,244.38999938964844,239.1000061035156,242.8500061035156,234.280502319336,48890100,yahoo
2020-06-17,244.3999938964844,245.5,242.72999572753903,243.6199951171875,235.02330017089844,34749300,yahoo
2020-06-18,243.2899932861328,244.52999877929688,242.4900054931641,244.27999877929688,235.6600341796875,30578600,yahoo
2020-06-19,246.72999572753903,247.0,242.4499969482422,244.2400054931641,235.6214599609375,49422100,yahoo
2020-06-22,243.67999267578125,246.8699951171875,243.3800048828125,246.7400054931641,238.4471740722656,24068700,yahoo
2020-06-23,248.38999938964844,251.1499938964844,247.82000732421875,248.83999633789065,240.47659301757807,32767400,yahoo
2020-06-24,248.0599975585937,249.3300018310547,242.1600036621093,243.7100067138672,235.51901245117188,46032400,yahoo
2020-06-25,243.8000030517578,246.33999633789065,241.13999938964844,246.02999877929688,237.76104736328125,36940800,yahoo
2020-06-26,245.77999877929688,245.9600067138672,239.67999267578125,240.22000122070312,232.1463317871093,52824600,yahoo
2020-06-29,239.97000122070312,242.8500061035156,237.3500061035156,242.83999633789065,234.67825317382807,34377800,yahoo
2020-06-30,242.7700042724609,248.1600036621093,242.5800018310547,247.6000061035156,239.2782745361328,38909200,yahoo
2020-07-01,247.63999938964844,251.5200042724609,247.0800018310547,250.4900054931641,242.0711669921875,34689200,yahoo
2020-07-02,253.0200042724609,254.2700042724609,251.7100067138672,252.19000244140625,243.71397399902344,31956500,yahoo
2020-07-06,255.4499969482422,258.92999267578125,255.42999267578125,258.3900146484375,249.70562744140625,34589000,yahoo
2020-07-07,258.1300048828125,260.8800048828125,256.29998779296875,256.6099853515625,247.9854278564453,36578200,yahoo
2020-07-08,257.9800109863281,260.0199890136719,256.5,259.989990234375,251.25181579589844,30426300,yahoo
2020-07-09,261.9700012207031,262.8699951171875,257.6300048828125,262.17999267578125,253.3682098388672,40312900,yahoo
2020-07-10,262.0299987792969,264.2300109863281,259.260009765625,263.9700012207031,255.0980224609375,32885300,yahoo
2020-07-13,266.9100036621094,269.7900085449219,257.69000244140625,258.5400085449219,249.8505706787109,64108100,yahoo
2020-07-14,255.92999267578125,260.7900085449219,252.759994506836,260.3699951171875,251.61903381347656,72230500,yahoo
2020-07-15,261.8299865722656,262.69000244140625,257.489990234375,260.8999938964844,252.1312561035156,54523900,yahoo
2020-07-16,258.0199890136719,259.7799987792969,255.6199951171875,259.1199951171875,250.4111175537109,47594100,yahoo
2020-07-17,259.5899963378906,260.3099975585937,257.1700134277344,259.4200134277344,250.7010040283203,35137900,yahoo
2020-07-20,260.0799865722656,267.42999267578125,258.7900085449219,266.7799987792969,257.8135986328125,40610100,yahoo
2020-07-21,268.3999938964844,268.4100036621094,263.1300048828125,264.0,255.1271514892578,43243800,yahoo
2020-07-22,264.510009765625,265.8900146484375,262.54998779296875,264.92999267578125,256.0257873535156,29865500,yahoo
2020-07-23,264.510009765625,265.239990234375,256.54998779296875,258.010009765625,249.33839416503903,51363500,yahoo
2020-07-24,254.0399932861328,256.92999267578125,251.32000732421875,255.5599975585937,246.97073364257807,54054500,yahoo
2020-07-27,257.260009765625,260.5199890136719,256.45001220703125,260.1199951171875,251.37745666503903,36445700,yahoo
2020-07-28,259.3099975585937,259.8500061035156,256.510009765625,256.8099975585937,248.1786956787109,31302400,yahoo
2020-07-29,258.3999938964844,260.6600036621094,257.9100036621094,259.7699890136719,251.039291381836,27556900,yahoo
2020-07-30,257.739990234375,261.7099914550781,256.54998779296875,261.1300048828125,252.35354614257807,41774500,yahoo
2020-07-31,265.9100036621094,265.95001220703125,260.8500061035156,265.7900085449219,256.8569030761719,53686300,yahoo
2020-08-03,268.0,270.1499938964844,267.8699951171875,269.3800048828125,260.3262634277344,32081600,yahoo
2020-08-04,268.8599853515625,270.4800109863281,268.0899963378906,270.3800048828125,261.2926025390625,24911300,yahoo
2020-08-05,270.8800048828125,271.5199890136719,269.9599914550781,271.04998779296875,261.9401550292969,21612100,yahoo
2020-08-06,270.8500061035156,274.9800109863281,270.19000244140625,274.6400146484375,265.4095458984375,28048200,yahoo
2020-08-07,274.0799865722656,274.8800048828125,269.25,271.4700012207031,262.345947265625,44969400,yahoo
2020-08-10,271.7699890136719,271.9800109863281,266.6700134277344,270.3099975585937,261.2249755859375,35088400,yahoo
2020-08-11,269.1099853515625,270.44000244140625,264.6300048828125,265.19000244140625,256.2770690917969,43104300,yahoo
2020-08-12,267.4200134277344,272.8399963378906,267.3699951171875,271.8599853515625,262.7228698730469,38773400,yahoo
2020-08-13,272.6600036621094,274.8299865722656,271.510009765625,272.4800109863281,263.3219909667969,31895700,yahoo
2020-08-14,273.1199951171875,273.3999938964844,270.7200012207031,272.1600036621094,263.0127868652344,30799500,yahoo
2020-08-17,273.92999267578125,275.8399963378906,272.20001220703125,275.32000732421875,266.0666198730469,24803000,yahoo
2020-08-18,276.4200134277344,278.4599914550781,274.9100036621094,277.9700012207031,268.62750244140625,23529500,yahoo
2020-08-19,277.92999267578125,279.0199890136719,275.57000732421875,276.1000061035156,266.82037353515625,31999400,yahoo
2020-08-20,275.2799987792969,280.42999267578125,274.8599853515625,279.92999267578125,270.5216064453125,27723400,yahoo
2020-08-21,280.1300048828125,282.3399963378906,279.4599914550781,281.8699951171875,272.3964538574219,34748900,yahoo
2020-08-24,285.25,286.0,281.2699890136719,283.6300048828125,274.0972900390625,36418500,yahoo
2020-08-25,282.8299865722656,286.0599975585937,282.3699951171875,285.8599853515625,276.2522888183594,34866600,yahoo
2020-08-26,287.1499938964844,292.2200012207031,285.8299865722656,291.9599914550781,282.1473388671875,42216700,yahoo
2020-08-27,292.9700012207031,293.8500061035156,288.7099914550781,291.04998779296875,281.267822265625,49482700,yahoo
2020-08-28,292.3299865722656,293.17999267578125,290.92999267578125,292.5299987792969,282.6981811523437,28021000,yahoo
2020-08-31,293.07000732421875,296.75,292.6199951171875,294.8800048828125,284.96929931640625,36321000,yahoo
2020-09-01,297.6199951171875,300.0400085449219,295.7900085449219,299.9200134277344,289.83984375,36216200,yahoo
2020-09-02,303.2799987792969,303.5,296.8900146484375,302.760009765625,292.5843200683594,50836800,yahoo
2020-09-03,298.1000061035156,298.6199951171875,284.4100036621094,287.4100036621094,277.75030517578125,110083300,yahoo
2020-09-04,285.5599975585937,288.92999267578125,271.79998779296875,283.5799865722656,274.0490417480469,123959000,yahoo
2020-09-08,272.2200012207031,278.2200012207031,269.6600036621094,269.95001220703125,260.8770446777344,99568600,yahoo
2020-09-09,275.6400146484375,280.04998779296875,273.0,277.8800048828125,268.5405578613281,64837900,yahoo
2020-09-10,280.94000244140625,282.20001220703125,270.5599975585937,272.3399963378906,263.1868591308594,69667500,yahoo
2020-09-11,274.1499938964844,275.2200012207031,266.8999938964844,270.45001220703125,261.3603820800781,71809000,yahoo
2020-09-14,274.3599853515625,277.2200012207031,272.9599914550781,275.1600036621094,265.9120178222656,38525200,yahoo
2020-09-15,279.0299987792969,280.45001220703125,275.1300048828125,279.0599975585937,269.680908203125,41849900,yahoo
2020-09-16,279.8800048828125,280.3599853515625,274.25,274.6099853515625,265.3804931640625,42321000,yahoo
2020-09-17,267.54998779296875,274.3999938964844,266.67999267578125,270.32000732421875,261.23468017578125,81570800,yahoo
2020-09-18,271.7900085449219,272.0899963378906,262.6300048828125,266.8699951171875,257.9006652832031,86251100,yahoo
2020-09-21,262.4700012207031,267.6499938964844,260.1099853515625,267.510009765625,258.51904296875,57168600,yahoo
2020-09-22,269.989990234375,273.0799865722656,266.5400085449219,272.4800109863281,263.3219909667969,41128900,yahoo
2020-09-23,272.1499938964844,272.3399963378906,263.25,264.1600036621094,255.28173828125,48837300,yahoo
2020-09-24,261.3900146484375,268.70001220703125,261.2200012207031,265.3900146484375,256.4703063964844,70631700,yahoo
2020-09-25,265.9100036621094,272.3999938964844,264.29998779296875,271.5599975585937,262.4330139160156,55242400,yahoo
2020-09-28,276.5799865722656,277.20001220703125,271.6700134277344,277.20001220703125,267.8834228515625,58438300,yahoo
2020-09-29,276.6199951171875,277.7099914550781,275.3699951171875,275.95001220703125,266.6754455566406,27050000,yahoo
2020-09-30,276.1499938964844,281.0899963378906,275.8699951171875,277.8399963378906,268.5019226074219,49380800,yahoo
2020-10-01,281.7900085449219,282.8800048828125,279.8399963378906,282.25,272.7637939453125,50020200,yahoo
2020-10-02,276.0199890136719,282.239990234375,273.44000244140625,274.3099975585937,265.090576171875,75497400,yahoo
2020-10-05,276.3399963378906,280.489990234375,276.2300109863281,280.1600036621094,270.7439270019531,28184600,yahoo
2020-10-06,279.45001220703125,281.19000244140625,274.25,275.1600036621094,265.9120178222656,49704200,yahoo
2020-10-07,277.8900146484375,280.739990234375,277.2799987792969,279.9200134277344,270.5120544433594,27539700,yahoo
2020-10-08,282.3999938964844,282.4700012207031,280.3099975585937,281.4100036621094,271.9518737792969,25443300,yahoo
2020-10-09,283.1099853515625,285.7900085449219,282.7099914550781,285.7099914550781,276.1073913574219,30201100,yahoo
2020-10-12,290.54998779296875,297.4599914550781,289.4700012207031,294.5299987792969,284.6310119628906,79370700,yahoo
2020-10-13,296.3900146484375,297.04998779296875,293.1099853515625,294.5199890136719,284.621337890625,64240000,yahoo
2020-10-14,295.3500061035156,296.3500061035156,290.260009765625,292.0599975585937,282.2440490722656,36949100,yahoo
2020-10-15,287.20001220703125,290.7099914550781,286.5400085449219,290.1000061035156,280.349853515625,42514200,yahoo
2020-10-16,291.79998779296875,293.2699890136719,288.1499938964844,288.510009765625,278.8133239746094,40570700,yahoo
2020-10-19,290.489990234375,291.4800109863281,282.7900085449219,283.79998779296875,274.2615661621094,36756800,yahoo
2020-10-20,284.5599975585937,287.6199951171875,282.95001220703125,284.4100036621094,274.8511962890625,32195400,yahoo
2020-10-21,284.6700134277344,287.32000732421875,283.69000244140625,284.19000244140625,274.6385192871094,29306100,yahoo
2020-10-22,285.04998779296875,285.9800109863281,280.82000732421875,284.17999267578125,274.6288146972656,32196200,yahoo
2020-10-23,284.7699890136719,284.9100036621094,281.7799987792969,284.739990234375,275.1699523925781,24658500,yahoo
2020-10-26,282.3800048828125,285.29998779296875,276.760009765625,280.4700012207031,271.0435791015625,38421100,yahoo
2020-10-27,281.5,283.510009765625,280.20001220703125,282.6600036621094,273.1599426269531,30559100,yahoo
2020-10-28,278.010009765625,278.6400146484375,271.3800048828125,271.6400146484375,262.5102844238281,53413500,yahoo
2020-10-29,273.0,279.489990234375,272.5199890136719,276.3900146484375,267.10064697265625,43246300,yahoo
2020-10-30,274.3399963378906,275.239990234375,267.07000732421875,269.3800048828125,260.3262634277344,65838300,yahoo
2020-11-02,271.8500061035156,273.5199890136719,266.9700012207031,269.9800109863281,260.9061584472656,39987400,yahoo
2020-11-03,271.9599914550781,276.82000732421875,270.8399963378906,274.6499938964844,265.4190673828125,43604100,yahoo
2020-11-04,283.5899963378906,288.7699890136719,281.8699951171875,286.9100036621094,277.26708984375,75728200,yahoo
2020-11-05,293.5299987792969,295.3900146484375,292.0,294.3900146484375,284.49566650390625,52054200,yahoo
2020-11-06,293.7099914550781,295.3599853515625,289.8299865722656,294.6099853515625,284.708251953125,40959800,yahoo
2020-11-09,297.6499938964844,299.1400146484375,288.1199951171875,288.5899963378906,278.89068603515625,86537100,yahoo
2020-11-10,285.1700134277344,286.6600036621094,280.6199951171875,283.4200134277344,273.8944091796875,69024900,yahoo
2020-11-11,286.0299987792969,290.25,283.3800048828125,289.760009765625,280.0213317871094,36102900,yahoo
2020-11-12,290.760009765625,292.07000732421875,287.25,288.3999938964844,278.7070007324219,34414600,yahoo
2020-11-13,290.1700134277344,291.57000732421875,287.8699951171875,290.92999267578125,281.1519470214844,24806900,yahoo
2020-11-16,290.6199951171875,293.510009765625,289.989990234375,293.20001220703125,283.3456726074219,30168400,yahoo
2020-11-17,293.3999938964844,293.739990234375,291.6099853515625,292.2699890136719,282.4469299316406,21843500,yahoo
2020-11-18,291.70001220703125,293.3699951171875,290.0199890136719,290.1099853515625,280.35955810546875,28069600,yahoo
2020-11-19,289.5400085449219,292.70001220703125,288.8500061035156,292.3800048828125,282.55322265625,22718400,yahoo
2020-11-20,292.29998779296875,293.07000732421875,290.2900085449219,290.3800048828125,280.62042236328125,25907300,yahoo
2020-11-23,291.4100036621094,292.75,288.07000732421875,290.3900146484375,280.6300354003906,26875600,yahoo
2020-11-24,291.489990234375,294.9800109863281,289.6300048828125,294.4700012207031,284.5729675292969,24516800,yahoo
2020-11-25,295.57000732421875,296.94000244140625,294.5899963378906,296.2799987792969,286.3221740722656,23326800,yahoo
2020-11-27,298.3099975585937,300.1700134277344,297.8999938964844,299.010009765625,288.9603271484375,17163100,yahoo
2020-11-30,299.3399963378906,299.9700012207031,294.7799987792969,299.6199951171875,289.5498962402344,27836200,yahoo
2020-12-01,301.9700012207031,305.1400146484375,300.8299865722656,303.4599914550781,293.2608947753906,27521300,yahoo
2020-12-02,302.25,304.20001220703125,300.3500061035156,303.8500061035156,293.6378173828125,23620000,yahoo
2020-12-03,304.1700134277344,305.8800048828125,303.5299987792969,304.2799987792969,294.0532531738281,22828700,yahoo
2020-12-04,304.3299865722656,305.6700134277344,303.6300048828125,305.5199890136719,295.25164794921875,19332100,yahoo
2020-12-07,305.7099914550781,307.6300048828125,305.5199890136719,307.25,296.9234619140625,20851000,yahoo
2020-12-08,306.760009765625,308.6000061035156,304.95001220703125,308.2900085449219,297.928466796875,18341500,yahoo
2020-12-09,308.07000732421875,308.3599853515625,300.2099914550781,301.3099975585937,291.18310546875,48839300,yahoo
2020-12-10,299.2099914550781,303.67999267578125,298.0899963378906,302.5199890136719,292.3523864746094,27519500,yahoo
2020-12-11,300.8099975585937,301.9800109863281,298.4700012207031,301.8500061035156,291.7049865722656,26760400,yahoo
2020-12-14,303.0799865722656,306.04998779296875,303.010009765625,304.0400085449219,293.8213806152344,28804800,yahoo
2020-12-15,306.3699951171875,307.2900085449219,304.1099853515625,307.2900085449219,296.96209716796875,25709000,yahoo
2020-12-16,307.70001220703125,309.7900085449219,306.6199951171875,308.9800109863281,298.59539794921875,25461900,yahoo
2020-12-17,310.6300048828125,311.239990234375,309.3900146484375,311.0,300.54742431640625,23730500,yahoo
2020-12-18,311.6600036621094,311.9800109863281,307.6099853515625,310.0599975585937,299.6390686035156,41173400,yahoo
2020-12-21,306.4599914550781,309.4700012207031,303.6000061035156,308.9200134277344,299.07843017578125,37095500,yahoo
2020-12-22,309.8500061035156,310.7099914550781,306.8500061035156,309.760009765625,299.8916931152344,26176300,yahoo
2020-12-23,309.8099975585937,310.17999267578125,308.0400085449219,308.20001220703125,298.3813781738281,21201300,yahoo
2020-12-24,308.4700012207031,310.0199890136719,308.3900146484375,309.5599975585937,299.6980895996094,16785000,yahoo
2020-12-28,312.25,313.1700134277344,310.3599853515625,312.67999267578125,302.7186889648437,22497700,yahoo
2020-12-29,314.04998779296875,314.69000244140625,312.0299987792969,312.9599914550781,302.9897155761719,25871900,yahoo
2020-12-30,314.1600036621094,314.489990234375,312.3299865722656,312.9700012207031,302.9994201660156,18138100,yahoo
2020-12-31,312.8699951171875,314.239990234375,311.760009765625,313.739990234375,303.7449645996094,21611400,yahoo
2021-01-04,315.1099853515625,315.2900085449219,305.17999267578125,309.3099975585937,299.4560241699219,45305900,yahoo
2021-01-05,308.2900085449219,312.1400146484375,308.2900085449219,311.8599853515625,301.9248352050781,29323400,yahoo
2021-01-06,307.0,311.8800048828125,305.9800109863281,307.5400085449219,297.7424011230469,52809600,yahoo
2021-01-07,310.2799987792969,315.8399963378906,310.25,314.9800109863281,304.9454345703125,30394800,yahoo
2021-01-08,317.3399963378906,319.3900146484375,315.0799865722656,319.0299987792969,308.86639404296875,33955800,yahoo
2021-01-11,315.9800109863281,317.19000244140625,313.75,314.4200134277344,304.4032592773437,32746400,yahoo
2021-01-12,314.4599914550781,315.5799865722656,311.20001220703125,313.9200134277344,303.9192199707031,29266800,yahoo
2021-01-13,314.19000244140625,316.8599853515625,313.57000732421875,316.0400085449219,305.9716491699219,22898400,yahoo
2021-01-14,316.5,317.5299987792969,313.8599853515625,314.3500061035156,304.33544921875,23500100,yahoo
2021-01-15,314.1300048828125,315.1199951171875,310.5799865722656,311.8599853515625,301.9248352050781,35118700,yahoo
2021-01-19,314.25,316.92999267578125,313.1199951171875,316.4100036621094,306.3298034667969,24537000,yahoo
2021-01-20,320.1400146484375,324.739990234375,316.510009765625,323.7699890136719,313.4554138183594,30728100,yahoo
2021-01-21,325.1499938964844,327.1300048828125,323.7300109863281,326.3599853515625,315.9628601074219,25130600,yahoo
2021-01-22,325.2900085449219,326.4599914550781,324.7099914550781,325.4200134277344,315.0528259277344,21609400,yahoo
2021-01-25,328.9100036621094,330.32000732421875,321.4100036621094,328.1099853515625,317.6571350097656,39080600,yahoo
2021-01-26,328.8500061035156,329.760009765625,327.2200012207031,328.5899963378906,318.1217956542969,25498100,yahoo
2021-01-27,326.260009765625,326.2699890136719,317.3599853515625,319.42999267578125,309.2536315917969,55264000,yahoo
2021-01-28,320.6700134277344,326.4200134277344,320.0299987792969,321.32000732421875,311.0834655761719,42836300,yahoo
2021-01-29,319.5799865722656,320.7200012207031,312.760009765625,314.5599975585937,304.5387268066406,55259000,yahoo
2021-02-01,318.1099853515625,323.5400085449219,316.0199890136719,322.4200134277344,312.1483764648437,35646000,yahoo
2021-02-02,325.4800109863281,328.8699951171875,325.3099975585937,327.67999267578125,317.2408142089844,33930800,yahoo
2021-02-03,329.82000732421875,330.20001220703125,326.32000732421875,326.3800048828125,315.9822082519531,24824500,yahoo
2021-02-04,327.82000732421875,330.3299865722656,326.4599914550781,330.239990234375,319.7192077636719,22350900,yahoo
2021-02-05,331.2200012207031,332.3999938964844,329.5299987792969,331.3599853515625,320.8035888671875,22732000,yahoo
2021-02-08,333.1000061035156,333.739990234375,331.4100036621094,333.5799865722656,322.95281982421875,20462800,yahoo
2021-02-09,332.6199951171875,334.8099975585937,332.6099853515625,333.510009765625,322.88507080078125,17597500,yahoo
2021-02-10,334.989990234375,335.4599914550781,329.5,332.75,322.1492919921875,28068700,yahoo
2021-02-11,334.3299865722656,335.0,332.1199951171875,334.5799865722656,323.9209899902344,22046100,yahoo
2021-02-12,333.7099914550781,336.6199951171875,332.6300048828125,336.45001220703125,325.7314147949219,20346800,yahoo
2021-02-16,337.2699890136719,338.19000244140625,334.3399963378906,335.5400085449219,324.8503723144531,27080800,yahoo
2021-02-17,332.4700012207031,335.6600036621094,330.1700134277344,333.92999267578125,323.29168701171875,31360300,yahoo
2021-02-18,330.2300109863281,333.8699951171875,328.3599853515625,332.4700012207031,321.878173828125,32236200,yahoo
2021-02-19,333.8599853515625,333.989990234375,329.9700012207031,331.0199890136719,320.474365234375,39157700,yahoo
2021-02-22,326.5,327.79998779296875,322.2300109863281,322.44000244140625,312.167724609375,47256900,yahoo
2021-02-23,317.0,323.20001220703125,311.0,321.4800109863281,311.2384033203125,97241900,yahoo
2021-02-24,318.739990234375,324.45001220703125,315.9599914550781,324.1300048828125,313.803955078125,58206300,yahoo
2021-02-25,321.3900146484375,324.0299987792969,311.239990234375,312.8299865722656,302.8639221191406,110182600,yahoo
2021-02-26,315.8500061035156,319.1099853515625,310.8800048828125,314.1400146484375,304.1322021484375,104739800,yahoo
2021-03-01,319.2699890136719,323.94000244140625,317.94000244140625,323.5899963378906,313.28106689453125,49164500,yahoo
2021-03-02,324.25,324.3299865722656,318.1400146484375,318.3999938964844,308.2564697265625,48370000,yahoo
2021-03-03,317.2699890136719,318.239990234375,309.1000061035156,309.1600036621094,299.3108825683594,86301100,yahoo
2021-03-04,308.7799987792969,312.0400085449219,300.1099853515625,304.1000061035156,294.4120788574219,139131600,yahoo
2021-03-05,306.79998779296875,309.6099853515625,297.45001220703125,308.67999267578125,298.8460998535156,121523700,yahoo
2021-03-08,308.1199951171875,310.0599975585937,299.510009765625,299.94000244140625,290.384521484375,88409800,yahoo
2021-03-09,307.4700012207031,313.7300109863281,306.9200134277344,311.7699890136719,301.837646484375,80391100,yahoo
2021-03-10,316.1600036621094,316.4700012207031,310.1700134277344,310.8800048828125,300.9760131835937,76798100,yahoo
2021-03-11,315.7699890136719,319.8599853515625,314.8500061035156,318.0400085449219,307.9079284667969,53484800,yahoo
2021-03-12,313.8599853515625,318.2300109863281,311.3900146484375,315.4599914550781,305.4100646972656,69315600,yahoo
2021-03-15,315.7900085449219,319.0,314.1000061035156,318.8299865722656,308.6726989746094,42955700,yahoo
2021-03-16,321.0899963378906,324.20001220703125,319.1000061035156,320.5799865722656,310.36700439453125,54925900,yahoo
2021-03-17,317.45001220703125,323.8500061035156,315.67999267578125,321.8999938964844,311.6448974609375,78258700,yahoo
2021-03-18,316.8699951171875,317.8800048828125,311.57000732421875,312.0400085449219,302.0990600585937,82718100,yahoo
2021-03-19,311.8699951171875,314.7300109863281,309.6600036621094,313.1400146484375,303.1640319824219,78446200,yahoo
2021-03-22,315.2099914550781,320.739990234375,315.2099914550781,318.6099853515625,308.8493957519531,56194800,yahoo
2021-03-23,319.7300109863281,321.0899963378906,316.3800048828125,317.2200012207031,307.501953125,53455400,yahoo
2021-03-24,318.6300048828125,318.6700134277344,311.7200012207031,311.8699951171875,302.3157958984375,64803700,yahoo
2021-03-25,309.9700012207031,312.8900146484375,307.3900146484375,311.3299865722656,301.79229736328125,78729000,yahoo
2021-03-26,311.1099853515625,316.3299865722656,309.6700134277344,316.0,306.3192749023437,63519600,yahoo
2021-03-29,315.45001220703125,316.989990234375,312.4700012207031,315.9100036621094,306.2320556640625,54608000,yahoo
2021-03-30,313.8900146484375,314.9100036621094,311.5400085449219,314.32000732421875,304.690673828125,44635700,yahoo
2021-03-31,316.1600036621094,320.739990234375,315.8099975585937,319.1300048828125,309.3534240722656,55032500,yahoo
2021-04-01,323.07000732421875,324.7099914550781,322.8099975585937,324.57000732421875,314.62677001953125,55685600,yahoo
2021-04-05,327.1300048828125,331.8399963378906,326.8800048828125,331.04998779296875,320.9081726074219,42172500,yahoo
2021-04-06,330.7300109863281,332.8299865722656,330.0199890136719,330.82000732421875,320.68524169921875,33537200,yahoo
2021-04-07,330.3299865722656,332.4800109863281,329.3699951171875,331.6199951171875,321.4608459472656,32046400,yahoo
2021-04-08,334.5599975585937,335.2699890136719,333.739990234375,335.0799865722656,324.814697265625,29940800,yahoo
2021-04-09,333.67999267578125,337.32000732421875,332.9200134277344,337.1099853515625,326.7825622558594,36664900,yahoo
2021-04-12,336.0400085449219,337.1000061035156,334.7300109863281,336.6700134277344,326.35601806640625,25833000,yahoo
2021-04-13,338.239990234375,341.0799865722656,338.0199890136719,340.6000061035156,330.1656799316406,30374000,yahoo
2021-04-14,340.8500061035156,340.9800109863281,335.6700134277344,336.510009765625,326.2008972167969,42564300,yahoo
2021-04-15,339.4700012207031,342.010009765625,336.2200012207031,341.6099853515625,331.1447448730469,36342800,yahoo
2021-04-16,342.1499938964844,342.2300109863281,340.0799865722656,342.010009765625,331.532470703125,40860100,yahoo
2021-04-19,340.3900146484375,341.5799865722656,336.8999938964844,338.8800048828125,328.49835205078125,34533100,yahoo
2021-04-20,338.20001220703125,339.5199890136719,334.3800048828125,336.4100036621094,326.10400390625,38081800,yahoo
2021-04-21,335.0899963378906,339.4800109863281,333.9700012207031,339.2900085449219,328.8958435058594,36598100,yahoo
2021-04-22,338.8900146484375,339.8999938964844,334.010009765625,335.20001220703125,324.9310913085937,45936100,yahoo
2021-04-23,335.8500061035156,340.7699890136719,335.8500061035156,339.4200134277344,329.0218811035156,36381900,yahoo
2021-04-26,339.6700134277344,341.9200134277344,338.8999938964844,341.6300048828125,331.1641845703125,30812000,yahoo
2021-04-27,341.92999267578125,342.1499938964844,339.1700134277344,340.1499938964844,329.7294311523437,33187200,yahoo
2021-04-28,339.8099975585937,340.8500061035156,338.3299865722656,339.0,328.6146850585937,33615700,yahoo
2021-04-29,342.3699951171875,342.79998779296875,336.8999938964844,340.2200012207031,329.7973022460937,37708900,yahoo
2021-04-30,337.70001220703125,340.260009765625,337.04998779296875,337.989990234375,327.6356201171875,38263400,yahoo
2021-05-03,339.2300109863281,340.0,335.7300109863281,336.19000244140625,325.89080810546875,29729700,yahoo
2021-05-04,333.5599975585937,333.8900146484375,326.2099914550781,330.1400146484375,320.02606201171875,65147000,yahoo
2021-05-05,332.25,333.1400146484375,328.2300109863281,329.0299987792969,318.9501647949219,46219300,yahoo
2021-05-06,328.760009765625,331.6700134277344,326.45001220703125,331.510009765625,321.3541564941406,46814300,yahoo
2021-05-07,334.3699951171875,336.6499938964844,331.69000244140625,334.20001220703125,323.96173095703125,53324500,yahoo
2021-05-10,332.7799987792969,332.9599914550781,325.54998779296875,325.760009765625,315.7802734375,60700500,yahoo
2021-05-11,319.70001220703125,326.1300048828125,319.0199890136719,325.3099975585937,315.34405517578125,71963600,yahoo
2021-05-12,320.2300109863281,322.6199951171875,316.0,316.8900146484375,307.1819763183594,91164900,yahoo
2021-05-13,319.9200134277344,322.3999938964844,316.8999938964844,319.3399963378906,309.55694580078125,69877800,yahoo
2021-05-14,322.6000061035156,327.3299865722656,322.0799865722656,326.3900146484375,316.3909606933594,44370000,yahoo
2021-05-17,324.6300048828125,326.3699951171875,321.45001220703125,324.4100036621094,314.4716796875,39395000,yahoo
2021-05-18,325.3900146484375,326.6499938964844,321.94000244140625,322.2200012207031,312.34869384765625,36528500,yahoo
2021-05-19,316.6600036621094,322.8999938964844,316.29998779296875,322.5899963378906,312.7073974609375,66319100,yahoo
2021-05-20,324.1199951171875,329.7099914550781,323.8900146484375,328.8299865722656,318.75616455078125,46466100,yahoo
2021-05-21,330.42999267578125,330.8599853515625,326.6400146484375,327.010009765625,316.99200439453125,50330400,yahoo
2021-05-24,329.3699951171875,333.6700134277344,326.8999938964844,332.510009765625,322.3235168457031,32475800,yahoo
2021-05-25,334.07000732421875,334.8099975585937,331.760009765625,332.9700012207031,322.7693786621094,31280300,yahoo
2021-05-26,333.6600036621094,334.6099853515625,332.95001220703125,334.1300048828125,323.8938903808594,25444900,yahoo
2021-05-27,333.6700134277344,334.5400085449219,332.6700134277344,332.8800048828125,322.6822814941406,27931700,yahoo
2021-05-28,334.1199951171875,335.57000732421875,333.6000061035156,333.92999267578125,323.70001220703125,29927400,yahoo
2021-06-01,335.29998779296875,335.7900085449219,331.42999267578125,332.82000732421875,322.6239929199219,31145400,yahoo
2021-06-02,333.25,334.3399963378906,331.70001220703125,333.4700012207031,323.2541198730469,22047900,yahoo
2021-06-03,330.54998779296875,331.8599853515625,328.2799987792969,330.0,319.89044189453125,37057800,yahoo
2021-06-04,331.8500061035156,336.0599975585937,331.7799987792969,335.6000061035156,325.3188171386719,38736500,yahoo
2021-06-07,335.04998779296875,336.6600036621094,334.3399963378906,336.6000061035156,326.2881774902344,32611900,yahoo
2021-06-08,338.3999938964844,339.2900085449219,335.0299987792969,336.760009765625,326.4432983398437,27282800,yahoo
2021-06-09,338.1700134277344,338.9700012207031,336.6499938964844,336.8399963378906,326.5209350585937,21485300,yahoo
2021-06-10,337.19000244140625,340.4599914550781,336.7300109863281,340.3500061035156,329.92333984375,33702100,yahoo
2021-06-11,340.3599853515625,341.25,339.69000244140625,341.239990234375,330.7860412597656,21222800,yahoo
2021-06-14,341.67999267578125,344.5199890136719,340.4599914550781,344.510009765625,333.9557800292969,27827700,yahoo
2021-06-15,344.1499938964844,344.4700012207031,341.5199890136719,342.260009765625,331.7748107910156,35963800,yahoo
2021-06-16,342.739990234375,343.8399963378906,337.45001220703125,341.010009765625,330.5631408691406,55399500,yahoo
2021-06-17,339.9700012207031,346.3800048828125,339.9200134277344,345.3399963378906,334.7604675292969,59722700,yahoo
2021-06-18,343.6300048828125,344.8099975585937,341.8599853515625,342.6300048828125,332.1335144042969,55414900,yahoo
2021-06-21,342.42999267578125,344.69000244140625,340.1499938964844,344.3599853515625,334.1976928710937,32992600,yahoo
2021-06-22,344.1499938964844,348.0299987792969,343.8399963378906,347.57000732421875,337.31298828125,28941600,yahoo
2021-06-23,347.510009765625,348.9200134277344,346.8800048828125,347.739990234375,337.4779663085937,27188500,yahoo
2021-06-24,349.7300109863281,351.4599914550781,349.1700134277344,349.8900146484375,339.56451416015625,32581600,yahoo
2021-06-25,350.4700012207031,350.7200012207031,348.8399963378906,349.4599914550781,339.1470947265625,28682800,yahoo
2021-06-28,350.7799987792969,353.8500061035156,350.7200012207031,353.7099914550781,343.2717590332031,39130300,yahoo
2021-06-29,353.5299987792969,355.0199890136719,352.6700134277344,354.989990234375,344.5140075683594,29426000,yahoo
2021-06-30,354.8299865722656,355.2300109863281,353.8299865722656,354.42999267578125,343.970458984375,32724000,yahoo
2021-07-01,354.07000732421875,355.0899963378906,352.67999267578125,354.57000732421875,344.1063537597656,29290000,yahoo
2021-07-02,356.5199890136719,358.9700012207031,356.2799987792969,358.6400146484375,348.05621337890625,32727200,yahoo
2021-07-06,359.260009765625,360.4800109863281,356.489990234375,360.19000244140625,349.5605163574219,38842400,yahoo
2021-07-07,362.4500122070313,362.760009765625,358.94000244140625,360.9500122070313,350.29815673828125,35265200,yahoo
2021-07-08,355.739990234375,359.6499938964844,354.4200134277344,358.7699890136719,348.18243408203125,50890000,yahoo
2021-07-09,358.1700134277344,361.5,357.57000732421875,361.010009765625,350.3563842773437,35184500,yahoo
2021-07-12,362.4500122070313,362.8900146484375,360.8299865722656,362.4200134277344,351.7247314453125,25717700,yahoo
2021-07-13,362.0299987792969,365.4700012207031,361.5400085449219,362.4200134277344,351.7247314453125,39723000,yahoo
2021-07-14,364.8299865722656,365.489990234375,362.2200012207031,363.0700073242188,352.3555908203125,35336400,yahoo
2021-07-15,362.9800109863281,363.1900024414063,358.4599914550781,360.5199890136719,349.8807373046875,53391600,yahoo
2021-07-16,361.3999938964844,362.4100036621094,357.239990234375,357.6000061035156,347.0469665527344,47262000,yahoo
2021-07-19,354.04998779296875,355.17999267578125,352.0400085449219,354.6700134277344,344.2034606933594,64404600,yahoo
2021-07-20,355.6300048828125,360.2799987792969,353.79998779296875,358.7900085449219,348.2018737792969,42183700,yahoo
2021-07-21,358.3500061035156,361.55999755859375,358.1199951171875,361.55999755859375,350.8900756835937,30259900,yahoo
2021-07-22,361.7699890136719,363.9599914550781,361.7699890136719,363.9500122070313,353.2095642089844,30252200,yahoo
2021-07-23,365.30999755859375,368.489990234375,363.9200134277344,368.2000122070313,357.3341979980469,31960800,yahoo
2021-07-26,367.489990234375,368.8900146484375,366.6000061035156,368.489990234375,357.6155700683594,28438100,yahoo
2021-07-27,368.2200012207031,368.2200012207031,360.1600036621094,364.4299926757813,353.67547607421875,57933100,yahoo
2021-07-28,365.6000061035156,367.4500122070313,363.239990234375,365.8299865722656,355.0340270996094,42066200,yahoo
2021-07-29,365.25,367.6799926757813,365.25,366.4800109863281,355.6649169921875,25672500,yahoo
2021-07-30,362.4400024414063,365.1700134277344,362.4100036621094,364.5700073242188,353.811279296875,36484600,yahoo
2021-08-02,366.2799987792969,366.8800048828125,363.8699951171875,364.6000061035156,353.8404235839844,27334100,yahoo
2021-08-03,365.2799987792969,366.9299926757813,362.0,366.80999755859375,355.9852600097656,35558500,yahoo
2021-08-04,366.7699890136719,368.3200073242188,365.6300048828125,367.3399963378906,356.4994812011719,29602200,yahoo
2021-08-05,368.1799926757813,369.9100036621094,367.4500122070313,369.6700134277344,358.7608337402344,21443900,yahoo
2021-08-06,368.3699951171875,369.3699951171875,366.9100036621094,368.0499877929688,357.1885986328125,33332100,yahoo
2021-08-09,368.5199890136719,369.2699890136719,367.3900146484375,368.7300109863281,357.8485107421875,25960200,yahoo
2021-08-10,369.260009765625,369.55999755859375,365.6199951171875,366.8399963378906,356.0142822265625,35130800,yahoo
2021-08-11,368.1400146484375,368.6499938964844,364.8399963378906,366.2099914550781,355.4029235839844,34249800,yahoo
2021-08-12,365.6900024414063,367.8999938964844,364.2999877929688,367.5299987792969,356.6839599609375,25969200,yahoo
2021-08-13,367.8900146484375,369.1600036621094,367.3800048828125,368.8200073242188,357.93585205078125,19336200,yahoo
2021-08-16,367.6700134277344,369.0199890136719,363.7000122070313,368.9800109863281,358.0911865234375,34856900,yahoo
2021-08-17,366.1499938964844,367.1499938964844,363.2300109863281,365.7300109863281,354.9369812011719,44793900,yahoo
2021-08-18,365.1799926757813,366.6199951171875,361.8699951171875,362.2099914550781,351.5209350585937,38541900,yahoo
2021-08-19,360.2200012207031,365.6799926757813,359.9599914550781,363.9599914550781,353.21929931640625,48499400,yahoo
2021-08-20,365.05999755859375,368.1400146484375,364.739990234375,367.7300109863281,356.87799072265625,39486000,yahoo
2021-08-23,368.7999877929688,373.9400024414063,368.7900085449219,373.2300109863281,362.2156982421875,34034700,yahoo
2021-08-24,373.8399963378906,374.989990234375,373.3599853515625,374.3699951171875,363.3220825195313,21732900,yahoo
2021-08-25,374.6300048828125,375.3900146484375,373.8599853515625,374.7999877929688,363.7393493652344,20441900,yahoo
2021-08-26,373.9200134277344,374.6199951171875,371.9700012207031,372.4200134277344,361.42962646484375,29133300,yahoo
2021-08-27,373.0700073242188,376.55999755859375,372.5700073242188,376.0400085449219,364.94281005859375,27104700,yahoo
2021-08-30,376.8500061035156,380.760009765625,376.8299865722656,380.260009765625,369.0382995605469,27295700,yahoo
2021-08-31,380.510009765625,380.5799865722656,378.3599853515625,379.9500122070313,368.7374877929688,29628200,yahoo
2021-09-01,381.0400085449219,382.7099914550781,380.3699951171875,380.5799865722656,369.348876953125,28138300,yahoo
2021-09-02,381.9700012207031,382.30999755859375,379.1499938964844,380.3999938964844,369.1741638183594,25453400,yahoo
2021-09-03,379.2200012207031,381.9800109863281,379.2000122070313,381.5700073242188,370.3096008300781,24605400,yahoo
2021-09-07,381.6799926757813,382.7799987792969,380.489990234375,382.1099853515625,370.8337097167969,23970200,yahoo
2021-09-08,381.9299926757813,381.9299926757813,378.4500122070313,380.7799987792969,369.5428771972656,32949200,yahoo
2021-09-09,381.010009765625,382.1499938964844,379.2200012207031,379.4700012207031,368.27154541015625,29399000,yahoo
2021-09-10,381.2300109863281,381.9700012207031,376.25,376.5899963378906,365.4765625,40249400,yahoo
2021-09-13,378.989990234375,379.4299926757813,374.2200012207031,376.3299865722656,365.2242736816406,48741800,yahoo
2021-09-14,377.8599853515625,378.6099853515625,374.2799987792969,375.260009765625,364.185791015625,41826600,yahoo
2021-09-15,375.7300109863281,378.4100036621094,373.3699951171875,378.0499877929688,366.8935241699219,34097900,yahoo
2021-09-16,376.6799926757813,378.8999938964844,374.7000122070313,378.30999755859375,367.1458435058594,35193100,yahoo
2021-09-17,377.8200073242188,377.8699951171875,372.760009765625,373.8299865722656,362.7979736328125,60912300,yahoo
2021-09-20,367.4599914550781,369.25,360.9299926757813,365.7000122070313,355.3013916015625,76203200,yahoo
2021-09-21,367.5799865722656,368.80999755859375,364.989990234375,366.1499938964844,355.7386474609375,41927500,yahoo
2021-09-22,367.0899963378906,371.0700073242188,365.9599914550781,369.5700073242188,359.0614318847656,46972900,yahoo
2021-09-23,370.760009765625,374.0400085449219,370.1000061035156,372.9800109863281,362.37445068359375,44652000,yahoo
2021-09-24,370.6499938964844,373.760009765625,370.2699890136719,373.3299865722656,362.7144470214844,36056800,yahoo
2021-09-27,370.2000122070313,371.25,367.7300109863281,370.3500061035156,359.8192138671875,43338100,yahoo
2021-09-28,365.6700134277344,370.2999877929688,359.3500061035156,359.8699951171875,349.6370849609375,97701600,yahoo
2021-09-29,361.1700134277344,363.3699951171875,358.6400146484375,359.2799987792969,349.06396484375,58076600,yahoo
2021-09-30,360.9700012207031,362.6799926757813,357.1000061035156,357.9599914550781,347.781494140625,61384600,yahoo
2021-10-01,358.6000061035156,361.25,354.3800048828125,360.17999267578125,349.9383544921875,56375500,yahoo
2021-10-04,358.5199890136719,358.8599853515625,350.32000732421875,352.6199951171875,342.5933532714844,76766000,yahoo
2021-10-05,353.7099914550781,359.69000244140625,353.4800109863281,357.3800048828125,347.2179870605469,47232900,yahoo
2021-10-06,354.0799865722656,359.95001220703125,353.1499938964844,359.6700134277344,349.44293212890625,56806500,yahoo
2021-10-07,362.7999877929688,365.6900024414063,362.25,362.9700012207031,352.64910888671875,39411200,yahoo
2021-10-08,364.0799865722656,364.3200073242188,360.6099853515625,361.1600036621094,350.8905334472656,41822300,yahoo
2021-10-11,359.5799865722656,363.2000122070313,358.29998779296875,358.3900146484375,348.1993103027344,34847200,yahoo
2021-10-12,359.8800048828125,360.3299865722656,356.4800109863281,357.1400146484375,346.98486328125,43905100,yahoo
2021-10-13,359.510009765625,360.6900024414063,357.42999267578125,360.0,349.76348876953125,40120800,yahoo
2021-10-14,363.6900024414063,366.8500061035156,363.010009765625,366.6300048828125,356.2050170898437,43433900,yahoo
2021-10-15,367.8800048828125,369.05999755859375,366.8200073242188,368.9400024414063,358.4492492675781,40419900,yahoo
2021-10-18,367.6099853515625,372.8699951171875,366.989990234375,372.6499938964844,362.0537109375,34513500,yahoo
2021-10-19,373.75,375.5199890136719,372.7000122070313,375.4700012207031,364.7935485839844,29091000,yahoo
2021-10-20,375.9400024414063,376.5700073242188,373.4599914550781,374.9800109863281,364.3175354003906,31390300,yahoo
2021-10-21,374.1600036621094,377.4700012207031,373.8500061035156,377.2699890136719,366.5423889160156,25469300,yahoo
2021-10-22,375.9800109863281,376.9700012207031,372.3900146484375,374.1000061035156,363.4626159667969,36275800,yahoo
2021-10-25,375.55999755859375,378.8699951171875,373.55999755859375,377.9299926757813,367.1837158203125,32597800,yahoo
2021-10-26,380.2300109863281,382.7099914550781,377.9100036621094,379.1199951171875,368.3398742675781,47191300,yahoo
2021-10-27,379.5799865722656,383.1499938964844,379.30999755859375,380.0,369.19482421875,45760500,yahoo
2021-10-28,381.9500122070313,384.4800109863281,381.1600036621094,384.2200012207031,373.2948303222656,38007000,yahoo
2021-10-29,381.05999755859375,386.2799987792969,380.7000122070313,386.1099853515625,375.1310424804688,37310100,yahoo
2021-11-01,386.55999755859375,387.55999755859375,384.4200134277344,387.4299926757813,376.41351318359375,30765300,yahoo
2021-11-02,386.7999877929688,389.5400085449219,386.75,389.0499877929688,377.9874267578125,25135300,yahoo
2021-11-03,389.5499877929688,393.6099853515625,388.4800109863281,393.1799926757813,382.0000915527344,33748900,yahoo
2021-11-04,394.4800109863281,399.2000122070313,393.9200134277344,398.2200012207031,386.896728515625,40265300,yahoo
2021-11-05,400.0400085449219,400.989990234375,397.1600036621094,398.6000061035156,387.2659606933594,43383800,yahoo
2021-11-08,398.5700073242188,399.6199951171875,397.3999938964844,398.05999755859375,386.7412414550781,29256300,yahoo
2021-11-09,399.1600036621094,399.5700073242188,393.9200134277344,395.3200073242188,384.0791320800781,50490700,yahoo
2021-11-10,392.4700012207031,395.3599853515625,387.5299987792969,389.510009765625,378.4344482421875,54937400,yahoo
2021-11-11,392.5700073242188,392.75,390.239990234375,390.5899963378906,379.483642578125,32243000,yahoo
2021-11-12,391.7699890136719,395.25,390.1300048828125,394.7000122070313,383.476806640625,34730600,yahoo
2021-11-15,395.9100036621094,396.239990234375,392.1000061035156,394.6099853515625,383.389404296875,33716900,yahoo
2021-11-16,393.8599853515625,397.9299926757813,393.6600036621094,397.4200134277344,386.1194763183594,27872900,yahoo
2021-11-17,397.75,399.7200012207031,396.6400146484375,397.6300048828125,386.3234252929688,28703300,yahoo
2021-11-18,399.7300109863281,402.2699890136719,397.4500122070313,401.75,390.3263854980469,45721500,yahoo
2021-11-19,403.4299926757813,405.2999877929688,402.5799865722656,403.989990234375,392.5026550292969,45191700,yahoo
2021-11-22,405.5700073242188,408.7099914550781,399.1900024414063,399.2999877929688,387.9460144042969,61715400,yahoo
2021-11-23,398.1099853515625,400.2300109863281,392.9200134277344,397.4800109863281,386.1778259277344,70098700,yahoo
2021-11-24,394.9299926757813,399.0499877929688,392.5400085449219,398.760009765625,387.4213562011719,46954400,yahoo
2021-11-26,396.1099853515625,397.5400085449219,389.7699890136719,391.2000122070313,380.0763549804688,51533300,yahoo
2021-11-29,395.8900146484375,400.7300109863281,395.1400146484375,399.6900024414063,388.324951171875,54447100,yahoo
2021-11-30,398.7799987792969,401.1900024414063,391.75,393.8200073242188,382.6217956542969,81332700,yahoo
2021-12-01,398.2799987792969,400.4800109863281,386.6400146484375,387.1199951171875,376.11236572265625,77766500,yahoo
2021-12-02,385.7999877929688,391.739990234375,384.3399963378906,389.9100036621094,378.8230285644531,84416600,yahoo
2021-12-03,391.30999755859375,392.3399963378906,378.8999938964844,383.1300048828125,372.2358093261719,105349100,yahoo
2021-12-06,383.6300048828125,387.6000061035156,379.2999877929688,386.2000122070313,375.2184753417969,67588800,yahoo
2021-12-07,393.0299987792969,398.4599914550781,392.989990234375,397.8299865722656,386.5177307128906,56005300,yahoo
2021-12-08,398.1700134277344,399.8200073242188,396.2200012207031,399.6099853515625,388.2470703125,39204000,yahoo
2021-12-09,398.3500061035156,400.2000122070313,393.5299987792969,393.7300109863281,382.534423828125,49973700,yahoo
2021-12-10,396.6199951171875,398.2799987792969,393.3599853515625,398.010009765625,386.6926879882813,52545800,yahoo
2021-12-13,398.0,398.3299865722656,391.8800048828125,392.260009765625,381.106201171875,50166400,yahoo
2021-12-14,387.2999877929688,390.0899963378906,383.6300048828125,388.2000122070313,377.1616821289063,75199200,yahoo
2021-12-15,387.9400024414063,397.4200134277344,383.8800048828125,397.0499877929688,385.760009765625,73858000,yahoo
2021-12-16,398.0400085449219,398.4800109863281,385.2099914550781,386.8399963378906,375.8403625488281,82591400,yahoo
2021-12-17,383.3299865722656,389.1900024414063,381.7699890136719,384.9100036621094,373.9652099609375,80492500,yahoo
2021-12-20,379.5700073242188,381.5,377.4700012207031,380.6900024414063,370.3376159667969,65336800,yahoo
2021-12-21,384.0499877929688,389.5299987792969,380.2000122070313,389.2099914550781,378.6258544921875,48899500,yahoo
2021-12-22,388.9100036621094,394.1600036621094,388.2300109863281,393.9500122070313,383.237060546875,37042200,yahoo
2021-12-23,394.30999755859375,398.4299926757813,394.1400146484375,396.9200134277344,386.126220703125,29595500,yahoo
2021-12-27,398.25,403.4800109863281,398.2200012207031,403.4800109863281,392.5078430175781,32820700,yahoo
2021-12-28,404.3999938964844,404.5799865722656,400.7099914550781,401.6099853515625,390.6886291503906,33113700,yahoo
2021-12-29,401.75,403.0499877929688,399.1099853515625,401.5499877929688,390.6303405761719,32248500,yahoo
2021-12-30,401.3299865722656,403.5700073242188,399.75,400.3500061035156,389.4629821777344,23850100,yahoo
2021-12-31,399.6600036621094,401.05999755859375,397.3399963378906,397.8500061035156,387.0309448242188,34752900,yahoo
2022-01-03,399.0499877929688,401.9400024414063,396.8800048828125,401.6799926757813,390.7568054199219,40575900,yahoo
2022-01-04,402.239990234375,402.2799987792969,393.2900085449219,396.4700012207031,385.6884460449219,58027200,yahoo
2022-01-05,394.739990234375,395.8900146484375,384.0299987792969,384.2900085449219,373.8396911621094,75739800,yahoo
2022-01-06,382.4200134277344,387.3500061035156,380.1300048828125,384.0199890136719,373.5770263671875,70814300,yahoo
2022-01-07,384.0299987792969,385.760009765625,378.0400085449219,379.8599853515625,369.5301818847656,72652300,yahoo
2022-01-10,374.8200073242188,380.6400146484375,369.30999755859375,380.1099853515625,369.7733154296875,91770500,yahoo
2022-01-11,379.3599853515625,385.989990234375,377.2200012207031,385.8200073242188,375.32806396484375,68295700,yahoo
2022-01-12,388.4599914550781,390.2000122070313,385.010009765625,387.3500061035156,376.81646728515625,54576400,yahoo
2022-01-13,388.7699890136719,389.4700012207031,376.7000122070313,377.6600036621094,367.3899536132813,77994000,yahoo
2022-01-14,375.0700073242188,380.3500061035156,374.8599853515625,380.010009765625,369.6760864257813,80121200,yahoo
2022-01-18,374.0400085449219,376.2200012207031,369.7699890136719,370.5499877929688,360.4732971191406,75450900,yahoo
2022-01-19,372.1499938964844,374.6900024414063,366.2099914550781,366.4800109863281,356.51397705078125,81791500,yahoo
2022-01-20,369.7900085449219,373.8699951171875,361.1700134277344,361.7200012207031,351.8833923339844,88610700,yahoo
2022-01-21,359.4700012207031,362.1799926757813,351.3999938964844,351.69000244140625,342.1261901855469,143388900,yahoo
2022-01-24,345.9100036621094,353.9800109863281,334.1499938964844,353.29998779296875,343.69244384765625,198685800,yahoo
2022-01-25,346.6700134277344,351.0299987792969,341.67999267578125,345.1099853515625,335.7251281738281,124398400,yahoo
2022-01-26,352.9100036621094,356.8800048828125,340.7799987792969,344.57000732421875,335.1998291015625,146559500,yahoo
2022-01-27,349.3999938964844,351.2699890136719,340.04998779296875,341.1000061035156,331.8241271972656,95255700,yahoo
2022-01-28,343.0299987792969,352.0199890136719,337.95001220703125,351.79998779296875,342.2332458496094,108167900,yahoo
2022-01-31,353.20001220703125,363.6499938964844,351.5199890136719,363.0499877929688,353.17724609375,94326400,yahoo
2022-02-01,364.4299926757813,366.1900024414063,359.1400146484375,365.5199890136719,355.580078125,74433000,yahoo
2022-02-02,369.760009765625,370.1000061035156,364.2900085449219,368.489990234375,358.4693298339844,78777100,yahoo
2022-02-03,358.5299987792969,361.9299926757813,352.4599914550781,353.54998779296875,343.93560791015625,95384800,yahoo
2022-02-04,354.0799865722656,361.3999938964844,351.9700012207031,358.010009765625,348.2743530273437,86318300,yahoo
2022-02-07,358.6199951171875,361.0499877929688,353.8399963378906,355.1300048828125,345.47265625,58198100,yahoo
2022-02-08,353.9599914550781,360.239990234375,352.79998779296875,359.1199951171875,349.35418701171875,64720900,yahoo
2022-02-09,363.760009765625,366.80999755859375,362.1199951171875,366.7300109863281,356.7572021484375,55766400,yahoo
2022-02-10,359.5199890136719,366.489990234375,356.5400085449219,358.42999267578125,348.682861328125,112468500,yahoo
2022-02-11,358.42999267578125,360.07000732421875,345.79998779296875,347.0599975585937,337.6221008300781,101569100,yahoo
2022-02-14,346.489990234375,350.9800109863281,343.8900146484375,347.489990234375,338.0404052734375,80254400,yahoo
2022-02-15,352.9100036621094,356.3699951171875,351.82000732421875,356.1300048828125,346.44537353515625,55128800,yahoo
2022-02-16,353.82000732421875,357.0899963378906,350.7099914550781,356.0400085449219,346.3579406738281,58947100,yahoo
2022-02-17,352.739990234375,353.4599914550781,345.0199890136719,345.45001220703125,336.0559387207031,61801400,yahoo
2022-02-18,346.4100036621094,346.8099975585937,339.1400146484375,341.510009765625,332.2230529785156,80001500,yahoo
2022-02-22,338.489990234375,344.0400085449219,334.3500061035156,338.0799865722656,328.8862609863281,85967100,yahoo
2022-02-23,341.32000732421875,342.17999267578125,329.1000061035156,329.4200134277344,320.4618835449219,86215400,yahoo
2022-02-24,318.8399963378906,341.0400085449219,318.260009765625,340.489990234375,331.2307434082031,130614100,yahoo
2022-02-25,341.3099975585937,345.9800109863281,337.3900146484375,345.7699890136719,336.3671569824219,78842100,yahoo
2022-02-28,342.510009765625,348.5400085449219,341.32000732421875,346.79998779296875,337.36920166015625,77515500,yahoo
2022-03-01,345.75,348.0799865722656,338.8999938964844,341.489990234375,332.2035827636719,67407000,yahoo
2022-03-02,343.0799865722656,348.5899963378906,340.239990234375,347.2200012207031,337.7776794433594,70609000,yahoo
2022-03-03,349.92999267578125,350.0400085449219,340.3500061035156,342.260009765625,332.9526062011719,71089400,yahoo
2022-03-04,339.8399963378906,341.3099975585937,334.9200134277344,337.29998779296875,328.12750244140625,76936300,yahoo
2022-03-07,337.2900085449219,338.4800109863281,324.6499938964844,324.8599853515625,316.0258483886719,89933800,yahoo
2022-03-08,324.04998779296875,333.2099914550781,319.94000244140625,323.3500061035156,314.5569152832031,116153900,yahoo
2022-03-09,331.75,336.3800048828125,329.0899963378906,334.989990234375,325.8803405761719,64723400,yahoo
2022-03-10,330.82000732421875,332.510009765625,326.7099914550781,331.2699890136719,322.2615051269531,69362700,yahoo
2022-03-11,334.32000732421875,334.6400146484375,323.8999938964844,324.3999938964844,315.57830810546875,66228400,yahoo
2022-03-14,323.1300048828125,326.5899963378906,317.45001220703125,318.1700134277344,309.51776123046875,79802600,yahoo
2022-03-15,320.8800048828125,328.95001220703125,319.2300109863281,328.1499938964844,319.226318359375,76471000,yahoo
2022-03-16,332.1700134277344,340.44000244140625,328.3999938964844,340.32000732421875,331.0654602050781,105243000,yahoo
2022-03-17,338.3699951171875,344.5,337.0400085449219,344.44000244140625,335.0733337402344,67810000,yahoo
2022-03-18,342.739990234375,351.7900085449219,341.54998779296875,351.489990234375,341.9316711425781,85446300,yahoo
2022-03-21,350.20001220703125,352.4800109863281,345.5799865722656,350.0799865722656,340.98101806640625,73799100,yahoo
2022-03-22,350.5899963378906,357.8500061035156,350.20001220703125,356.9599914550781,347.6822204589844,63345900,yahoo
2022-03-23,354.010009765625,357.6600036621094,351.7699890136719,351.8299865722656,342.6855163574219,70615500,yahoo
2022-03-24,353.79998779296875,359.70001220703125,351.5899963378906,359.6499938964844,350.30230712890625,53555300,yahoo
2022-03-25,359.5899963378906,360.6700134277344,354.94000244140625,359.3500061035156,350.0101318359375,57584200,yahoo
2022-03-28,359.3399963378906,365.010009765625,358.07000732421875,364.9100036621094,355.4255065917969,56833900,yahoo
2022-03-29,368.8999938964844,371.8299865722656,366.05999755859375,371.1900024414063,361.5423583984375,68073000,yahoo
2022-03-30,369.2799987792969,370.9800109863281,365.5700073242188,367.0899963378906,357.5489501953125,68757700,yahoo
2022-03-31,367.239990234375,367.6000061035156,361.6799926757813,362.5400085449219,353.1171875,67011400,yahoo
2022-04-01,362.80999755859375,363.6099853515625,358.5899963378906,361.8500061035156,352.445068359375,54527800,yahoo
2022-04-04,362.7099914550781,369.30999755859375,362.4400024414063,369.2999877929688,359.7014465332031,45950200,yahoo
2022-04-05,367.80999755859375,368.5400085449219,359.92999267578125,361.1000061035156,351.7146301269531,62738700,yahoo
2022-04-06,355.6499938964844,356.7799987792969,350.5599975585937,353.260009765625,344.0783386230469,90077100,yahoo
2022-04-07,352.239990234375,356.3500061035156,348.69000244140625,354.1000061035156,344.8966064453125,63777400,yahoo
2022-04-08,352.32000732421875,353.0899963378906,348.5,349.1499938964844,340.0752258300781,61956100,yahoo
2022-04-11,344.8099975585937,345.75,340.5400085449219,340.8900146484375,332.0299072265625,66107400,yahoo
2022-04-12,345.760009765625,347.69000244140625,338.0400085449219,339.45001220703125,330.6272888183594,72790200,yahoo
2022-04-13,339.79998779296875,347.42999267578125,339.0599975585937,346.3500061035156,337.3479919433594,61367800,yahoo
2022-04-14,346.44000244140625,346.9700012207031,338.2099914550781,338.42999267578125,329.6337890625,73519400,yahoo
2022-04-18,337.3500061035156,341.0400085449219,335.7900085449219,338.69000244140625,329.88702392578125,58560600,yahoo
2022-04-19,338.0299987792969,346.8500061035156,336.9800109863281,346.260009765625,337.26025390625,56515700,yahoo
2022-04-20,347.0899963378906,347.5599975585937,339.9599914550781,341.2099914550781,332.34161376953125,65500000,yahoo
2022-04-21,345.19000244140625,347.8699951171875,333.20001220703125,334.1499938964844,325.46502685546875,75801000,yahoo
2022-04-22,334.3099975585937,335.5599975585937,324.9599914550781,325.3999938964844,316.9425048828125,82562100,yahoo
2022-04-25,323.7300109863281,329.8999938964844,322.42999267578125,329.5799865722656,321.0138244628906,101755900,yahoo
2022-04-26,327.4700012207031,327.6600036621094,316.8599853515625,317.1400146484375,308.8972473144531,105819600,yahoo
2022-04-27,317.239990234375,322.8800048828125,315.0,316.760009765625,308.52703857421875,111204200,yahoo
2022-04-28,321.8500061035156,329.8900146484375,317.5199890136719,328.010009765625,319.4847106933594,99450000,yahoo
2022-04-29,323.70001220703125,327.2300109863281,312.6000061035156,313.25,305.1083068847656,91977900,yahoo
2022-05-02,312.8299865722656,318.7200012207031,309.6499938964844,318.4800109863281,310.2023010253906,115511800,yahoo
2022-05-03,318.5,321.1700134277344,315.9800109863281,318.82000732421875,310.53350830078125,78185500,yahoo
2022-05-04,319.3099975585937,330.2900085449219,313.8900146484375,329.6000061035156,321.0332946777344,116083400,yahoo
2022-05-05,325.1700134277344,325.25,309.6199951171875,313.0,304.8647766113281,154607400,yahoo
2022-05-06,310.95001220703125,315.0899963378906,305.1099853515625,309.25,301.2122497558594,139572800,yahoo
2022-05-09,303.4800109863281,309.3500061035156,295.7200012207031,297.1499938964844,289.4266967773437,113387300,yahoo
2022-05-10,304.510009765625,305.760009765625,296.57000732421875,300.760009765625,292.9429016113281,124124600,yahoo
2022-05-11,298.44000244140625,304.0899963378906,290.95001220703125,291.8399963378906,284.2547607421875,140326100,yahoo
2022-05-12,287.45001220703125,295.75,284.94000244140625,291.1499938964844,283.5826721191406,120910900,yahoo
2022-05-13,295.7200012207031,303.0,294.0799865722656,301.94000244140625,294.0922546386719,83684900,yahoo
2022-05-16,300.1499938964844,302.260009765625,297.1300048828125,298.44000244140625,290.6831970214844,59190400,yahoo
2022-05-17,304.45001220703125,306.5599975585937,300.54998779296875,306.1700134277344,298.2122802734375,62715300,yahoo
2022-05-18,301.5400085449219,302.25,289.8500061035156,291.1400146484375,283.5729064941406,79477100,yahoo
2022-05-19,289.2900085449219,294.3900146484375,287.5799865722656,289.5799865722656,282.053466796875,79920700,yahoo
2022-05-20,293.1300048828125,293.79998779296875,280.2099914550781,288.67999267578125,281.1768493652344,91764200,yahoo
2022-05-23,289.75,293.8699951171875,287.2900085449219,293.4800109863281,285.85211181640625,63648400,yahoo
2022-05-24,288.1300048828125,288.8599853515625,282.25,287.239990234375,279.7743530273437,73491100,yahoo
2022-05-25,285.7099914550781,293.3900146484375,285.5,291.260009765625,283.6898803710937,67144500,yahoo
2022-05-26,290.44000244140625,300.9200134277344,290.1499938964844,299.3299865722656,291.5500793457031,59462200,yahoo
2022-05-27,302.5400085449219,309.25,302.4200134277344,309.1000061035156,301.066162109375,66985600,yahoo
2022-05-31,309.07000732421875,311.3299865722656,304.3299865722656,308.2799987792969,300.2674255371094,60968300,yahoo
2022-06-01,310.4700012207031,312.6499938964844,303.7300109863281,306.0,298.04669189453125,65341700,yahoo
2022-06-02,304.8500061035156,314.5599975585937,303.3999938964844,314.3800048828125,306.2088928222656,59291300,yahoo
2022-06-03,309.0299987792969,310.4700012207031,304.9200134277344,306.20001220703125,298.2415771484375,60914700,yahoo
2022-06-06,310.75,312.3500061035156,305.6199951171875,307.2200012207031,299.23504638671875,51785000,yahoo
2022-06-07,303.8099975585937,310.6700134277344,302.69000244140625,309.8699951171875,301.8160400390625,44900300,yahoo
2022-06-08,309.04998779296875,311.7200012207031,306.7699890136719,307.6400146484375,299.6440734863281,38342100,yahoo
2022-06-09,305.9100036621094,309.04998779296875,299.2300109863281,299.3999938964844,291.6181945800781,55900500,yahoo
2022-06-10,293.6499938964844,294.8699951171875,288.3800048828125,288.8399963378906,281.3327331542969,85963500,yahoo
2022-06-13,279.75,282.3399963378906,274.5299987792969,275.4100036621094,268.2518005371094,94442000,yahoo
2022-06-14,277.6600036621094,278.6600036621094,273.3399963378906,275.9100036621094,268.7388000488281,64697500,yahoo
2022-06-15,279.4200134277344,286.8299865722656,276.6099853515625,282.79998779296875,275.44970703125,86051400,yahoo
2022-06-16,275.5899963378906,276.0599975585937,269.2799987792969,271.3900146484375,264.33624267578125,81910300,yahoo
2022-06-17,272.17999267578125,277.19000244140625,270.510009765625,274.69000244140625,267.55047607421875,82703400,yahoo
2022-06-21,278.75,283.45001220703125,278.6400146484375,281.0799865722656,274.3006286621094,51633700,yahoo
2022-06-22,278.5199890136719,285.17999267578125,277.9100036621094,280.6700134277344,273.9006042480469,67472900,yahoo
2022-06-23,283.2099914550781,285.7200012207031,280.3099975585937,284.8500061035156,277.9797668457031,57457800,yahoo
2022-06-24,287.739990234375,295.0400085449219,287.5,294.6099853515625,287.5043640136719,58422300,yahoo
2022-06-27,296.0,296.5799865722656,291.2900085449219,292.45001220703125,285.3964233398437,54151500,yahoo
2022-06-28,293.0,295.6499938964844,283.3500061035156,283.5400085449219,276.7013854980469,61609800,yahoo
2022-06-29,283.3999938964844,285.3399963378906,280.8399963378906,283.79998779296875,276.955078125,57302700,yahoo
2022-06-30,280.75,283.94000244140625,275.7799987792969,280.2799987792969,273.5198974609375,79313600,yahoo
2022-07-01,278.95001220703125,282.5299987792969,277.0299987792969,282.1300048828125,275.3253479003906,56675100,yahoo
2022-07-05,278.3099975585937,287.0799865722656,276.75,286.9599914550781,280.03887939453125,61829300,yahoo
2022-07-06,287.3500061035156,290.95001220703125,285.5899963378906,288.79998779296875,281.8344421386719,63194700,yahoo
2022-07-07,289.6300048828125,295.70001220703125,289.6300048828125,294.9800109863281,287.86541748046875,56620100,yahoo
2022-07-08,292.0799865722656,296.75,291.1199951171875,295.3500061035156,288.2265014648437,59895500,yahoo
2022-07-11,292.8800048828125,293.1099853515625,288.1400146484375,289.0400085449219,282.0686950683594,55273900,yahoo
2022-07-12,290.32000732421875,292.2799987792969,284.6099853515625,286.239990234375,279.3362731933594,55797100,yahoo
2022-07-13,280.6000061035156,288.04998779296875,280.0199890136719,285.6499938964844,278.7604064941406,73939400,yahoo
2022-07-14,282.989990234375,287.5599975585937,279.79998779296875,286.6700134277344,279.75592041015625,63741800,yahoo
2022-07-15,289.7300109863281,291.9800109863281,288.0799865722656,291.8699951171875,284.8304138183594,63818100,yahoo
2022-07-18,294.7200012207031,296.1600036621094,288.20001220703125,289.3999938964844,282.4200439453125,59519600,yahoo
2022-07-19,293.1099853515625,298.6000061035156,291.4700012207031,298.29998779296875,291.1053161621094,55172600,yahoo
2022-07-20,298.7300109863281,304.239990234375,297.92999267578125,303.0299987792969,295.72119140625,67769400,yahoo
2022-07-21,303.5,307.44000244140625,300.7799987792969,307.3800048828125,299.9664001464844,55049400,yahoo
2022-07-22,306.42999267578125,308.54998779296875,300.1199951171875,301.989990234375,294.7063293457031,57127700,yahoo
2022-07-25,302.0199890136719,302.5,298.2200012207031,300.2699890136719,293.0277404785156,40582400,yahoo
2022-07-26,298.5299987792969,298.7900085449219,293.5400085449219,294.3699951171875,287.2701721191406,50074100,yahoo
2022-07-27,299.0400085449219,308.5400085449219,298.4599914550781,306.8099975585937,299.4100341796875,69304400,yahoo
2022-07-28,306.5899963378906,310.3999938964844,302.75,309.8099975585937,302.33770751953125,55139900,yahoo
2022-07-29,311.3900146484375,316.3900146484375,309.92999267578125,315.4599914550781,307.8514099121094,57501000,yahoo
2022-08-01,313.6499938964844,318.8099975585937,312.5299987792969,315.2699890136719,307.66607666015625,46358800,yahoo
2022-08-02,312.9200134277344,318.54998779296875,311.8399963378906,314.3299865722656,306.74871826171875,48676500,yahoo
2022-08-03,316.04998779296875,323.7300109863281,315.989990234375,322.8900146484375,315.10223388671875,53735700,yahoo
2022-08-04,322.9700012207031,324.7200012207031,320.7699890136719,324.3999938964844,316.5758361816406,38973700,yahoo
2022-08-05,319.19000244140625,323.8299865722656,318.3900146484375,321.75,313.98980712890625,53894000,yahoo
2022-08-08,322.69000244140625,326.4700012207031,319.2099914550781,320.7099914550781,312.9748229980469,43878500,yahoo
2022-08-09,318.7699890136719,319.0299987792969,315.4200134277344,317.0799865722656,309.4324035644531,39764200,yahoo
2022-08-10,324.5899963378906,326.2300109863281,322.0599975585937,325.92999267578125,318.0689392089844,51459600,yahoo
2022-08-11,328.3099975585937,330.3599853515625,323.3599853515625,324.0799865722656,316.2635803222656,45897700,yahoo
2022-08-12,326.17999267578125,330.5899963378906,325.1000061035156,330.3900146484375,322.4213256835937,40928400,yahoo
2022-08-15,329.4200134277344,333.57000732421875,329.3999938964844,333.0599975585937,325.0269470214844,38266600,yahoo
2022-08-16,332.0599975585937,334.4200134277344,329.1600036621094,332.2799987792969,324.2657165527344,41186900,yahoo
2022-08-17,329.07000732421875,331.42999267578125,326.3599853515625,328.489990234375,320.56719970703125,47842200,yahoo
2022-08-18,328.44000244140625,330.489990234375,326.7900085449219,329.2799987792969,321.338134765625,41937200,yahoo
2022-08-19,326.1700134277344,326.8399963378906,322.0799865722656,322.8599853515625,315.0729064941406,51770600,yahoo
2022-08-22,318.5,318.739990234375,313.5299987792969,314.3599853515625,306.7779235839844,51098900,yahoo
2022-08-23,314.1199951171875,317.0,313.3299865722656,314.1000061035156,306.5243225097656,39497100,yahoo
2022-08-24,313.6099853515625,316.8699951171875,312.989990234375,315.010009765625,307.4123229980469,38057100,yahoo
2022-08-25,316.8299865722656,320.6000061035156,315.760009765625,320.5799865722656,312.8479309082031,38098300,yahoo
2022-08-26,320.2799987792969,321.510009765625,307.3500061035156,307.44000244140625,300.0248718261719,69047700,yahoo
2022-08-29,304.6199951171875,307.2200012207031,303.2799987792969,304.4100036621094,297.0679931640625,48321900,yahoo
2022-08-30,306.1000061035156,306.7300109863281,298.44000244140625,301.0199890136719,293.7597045898437,51184500,yahoo
2022-08-31,303.989990234375,304.9100036621094,299.1600036621094,299.2699890136719,292.0519104003906,50044000,yahoo
2022-09-01,296.7200012207031,299.7799987792969,292.95001220703125,299.3999938964844,292.1788330078125,57990700,yahoo
2022-09-02,302.3399963378906,303.75,293.5199890136719,295.1700134277344,288.05084228515625,64666800,yahoo
2022-09-06,295.6600036621094,296.6000061035156,290.8699951171875,293.04998779296875,285.9819641113281,57005400,yahoo
2022-09-07,293.5400085449219,299.989990234375,293.2699890136719,298.9700012207031,291.75909423828125,49260400,yahoo
2022-09-08,296.8500061035156,301.8699951171875,295.45001220703125,300.5199890136719,293.2717590332031,55649800,yahoo
2022-09-09,302.8299865722656,307.6000061035156,300.5199890136719,307.0899963378906,299.683349609375,56125200,yahoo
2022-09-12,308.5,311.0799865722656,308.17999267578125,310.739990234375,303.2452697753906,45905700,yahoo
2022-09-13,301.79998779296875,303.0199890136719,292.7900085449219,293.70001220703125,286.6163024902344,79562200,yahoo
2022-09-14,294.8699951171875,296.92999267578125,293.0599975585937,296.0299987792969,288.89013671875,54907200,yahoo
2022-09-15,294.07000732421875,296.5299987792969,289.4599914550781,291.1000061035156,284.0789794921875,65299400,yahoo
2022-09-16,287.7200012207031,289.7200012207031,285.6199951171875,289.32000732421875,282.3419494628906,79920400,yahoo
2022-09-19,286.1000061035156,291.2099914550781,286.0400085449219,291.04998779296875,284.5406799316406,52613800,yahoo
2022-09-20,288.489990234375,291.07000732421875,286.3800048828125,288.7300109863281,282.27252197265625,51271100,yahoo
2022-09-21,289.5899963378906,293.95001220703125,283.4200134277344,283.5599975585937,277.2181091308594,82931000,yahoo
2022-09-22,282.0,283.0299987792969,278.82000732421875,280.07000732421875,273.80621337890625,62757100,yahoo
2022-09-23,277.54998779296875,277.8500061035156,272.0199890136719,275.510009765625,269.34814453125,74815200,yahoo
2022-09-26,275.0299987792969,279.489990234375,273.5599975585937,274.3699951171875,268.23370361328125,71176700,yahoo
2022-09-27,277.8099975585937,280.2099914550781,272.1099853515625,274.4800109863281,268.3412780761719,69780100,yahoo
2022-09-28,274.4599914550781,281.25,272.95001220703125,279.94000244140625,273.6791381835937,79652100,yahoo
2022-09-29,275.8599853515625,276.25,268.8399963378906,271.8699951171875,265.78961181640625,81216000,yahoo
2022-09-30,271.0299987792969,275.19000244140625,267.1000061035156,267.260009765625,261.28271484375,78482400,yahoo
2022-10-03,269.07000732421875,275.1600036621094,267.5299987792969,273.5299987792969,267.4124755859375,61267400,yahoo
2022-10-04,278.989990234375,282.8500061035156,278.989990234375,282.1300048828125,275.8201599121094,66696900,yahoo
2022-10-05,278.2799987792969,283.8099975585937,275.4200134277344,281.9800109863281,275.6734924316406,55766300,yahoo
2022-10-06,280.9599914550781,284.17999267578125,279.42999267578125,279.760009765625,273.50311279296875,53489400,yahoo
2022-10-07,275.0199890136719,275.1499938964844,267.739990234375,269.1000061035156,263.08160400390625,71354700,yahoo
2022-10-10,269.29998779296875,269.70001220703125,263.6400146484375,266.4100036621094,260.4517822265625,60393000,yahoo
2022-10-11,264.70001220703125,267.6300048828125,261.0299987792969,262.75,256.8735656738281,66522500,yahoo
2022-10-12,263.3999938964844,265.3599853515625,261.95001220703125,262.6600036621094,256.7855224609375,50580200,yahoo
2022-10-13,255.1600036621093,270.1700134277344,254.259994506836,268.82000732421875,262.807861328125,112894100,yahoo
2022-10-14,271.20001220703125,271.8099975585937,260.1400146484375,260.739990234375,254.90850830078125,77244300,yahoo
2022-10-17,266.8399963378906,270.239990234375,266.739990234375,269.3500061035156,263.3260192871094,64576500,yahoo
2022-10-18,276.5299987792969,277.2099914550781,268.739990234375,271.4800109863281,265.40838623046875,69781000,yahoo
2022-10-19,269.92999267578125,273.67999267578125,268.07000732421875,270.489990234375,264.44049072265625,53115400,yahoo
2022-10-20,269.5799865722656,274.8399963378906,267.9200134277344,269.1099853515625,263.0912780761719,60605500,yahoo
2022-10-21,267.9800109863281,275.9700012207031,266.82000732421875,275.4200134277344,269.2601928710937,77897700,yahoo
2022-10-24,275.69000244140625,279.3999938964844,271.9700012207031,278.45001220703125,272.222412109375,63963600,yahoo
2022-10-25,279.4100036621094,284.6000061035156,277.8999938964844,284.2099914550781,277.8536376953125,59014500,yahoo
2022-10-26,278.4599914550781,283.9800109863281,277.42999267578125,277.92999267578125,271.7140808105469,63492400,yahoo
2022-10-27,276.7900085449219,278.2799987792969,272.3399963378906,272.8699951171875,266.7671813964844,57760300,yahoo
2022-10-28,272.2300109863281,281.70001220703125,272.0599975585937,281.2200012207031,274.9305114746094,62651300,yahoo
2022-10-31,278.9200134277344,279.760009765625,275.989990234375,277.95001220703125,271.7336730957031,47742000,yahoo
2022-11-01,281.5,282.07000732421875,274.739990234375,275.1099853515625,268.9570617675781,45895900,yahoo
2022-11-02,275.0799865722656,278.2099914550781,265.6099853515625,265.67999267578125,259.7380065917969,79803100,yahoo
2022-11-03,263.010009765625,264.5,260.1000061035156,260.489990234375,254.66407775878903,70038900,yahoo
2022-11-04,265.5299987792969,266.6099853515625,259.0799865722656,264.67999267578125,258.7603454589844,78313200,yahoo
2022-11-07,265.75,268.1400146484375,263.57000732421875,267.5899963378906,261.6053161621094,47333800,yahoo
2022-11-08,269.1400146484375,272.8500061035156,265.5199890136719,269.5400085449219,263.51171875,63213800,yahoo
2022-11-09,267.760009765625,268.5599975585937,263.0299987792969,263.32000732421875,257.4308166503906,64862100,yahoo
2022-11-10,276.010009765625,283.04998779296875,273.8500061035156,282.75,276.4263000488281,99256700,yahoo
2022-11-11,282.5599975585937,288.6400146484375,281.19000244140625,287.9599914550781,281.519775390625,66961800,yahoo
2022-11-14,285.8599853515625,289.2099914550781,284.44000244140625,285.44000244140625,279.0560607910156,55290700,yahoo
2022-11-15,292.2099914550781,293.260009765625,285.9700012207031,289.3900146484375,282.917724609375,73985400,yahoo
2022-11-16,287.3900146484375,289.4800109863281,284.6000061035156,285.44000244140625,279.0560607910156,48859800,yahoo
2022-11-17,280.8800048828125,286.32000732421875,280.7200012207031,284.8099975585937,278.440185546875,55462100,yahoo
2022-11-18,287.8900146484375,287.989990234375,282.32000732421875,284.82000732421875,278.449951171875,53588600,yahoo
2022-11-21,283.3999938964844,284.5799865722656,281.0400085449219,281.8900146484375,275.5854797363281,40083500,yahoo
2022-11-22,282.6400146484375,286.1099853515625,280.4599914550781,285.95001220703125,279.5546875,41873400,yahoo
2022-11-23,285.9700012207031,289.4599914550781,285.7900085449219,288.82000732421875,282.3605651855469,46390000,yahoo
2022-11-25,287.19000244140625,287.9100036621094,286.4200134277344,286.9200134277344,280.5030517578125,15498800,yahoo
2022-11-28,284.8999938964844,286.9599914550781,281.760009765625,282.7099914550781,276.3871459960937,38714200,yahoo
2022-11-29,282.94000244140625,283.3500061035156,279.1700134277344,280.57000732421875,274.2950439453125,35618900,yahoo
2022-11-30,280.8399963378906,293.4700012207031,279.9700012207031,293.3599853515625,286.7989196777344,74718100,yahoo
2022-12-01,293.69000244140625,295.75,290.8800048828125,293.7200012207031,287.1509094238281,51547300,yahoo
2022-12-02,288.5400085449219,293.45001220703125,288.3599853515625,292.54998779296875,286.0071105957031,53583200,yahoo
2022-12-05,290.3800048828125,291.67999267578125,286.1499938964844,287.6400146484375,281.2068786621094,41482100,yahoo
2022-12-06,287.4800109863281,287.6199951171875,280.260009765625,281.67999267578125,275.3802490234375,53937600,yahoo
2022-12-07,280.4700012207031,282.57000732421875,278.7799987792969,280.5299987792969,274.25592041015625,45614300,yahoo
2022-12-08,281.9100036621094,284.8399963378906,279.7900085449219,283.8500061035156,277.5016784667969,42594900,yahoo
2022-12-09,282.8099975585937,285.6400146484375,281.5899963378906,282.0400085449219,275.7321472167969,47860500,yahoo
2022-12-12,282.2200012207031,285.6400146484375,281.1600036621094,285.5799865722656,279.1929626464844,35732500,yahoo
2022-12-13,296.6499938964844,296.8800048828125,285.9100036621094,288.6499938964844,282.1942749023437,80667700,yahoo
2022-12-14,288.04998779296875,291.4100036621094,283.19000244140625,286.510009765625,280.1021423339844,64984400,yahoo
2022-12-15,282.3299865722656,283.010009765625,275.6700134277344,276.8900146484375,270.6973571777344,60554100,yahoo
2022-12-16,276.20001220703125,277.7699890136719,272.6099853515625,274.25,268.1164245605469,68300400,yahoo
2022-12-19,273.8699951171875,273.9599914550781,268.489990234375,269.75,264.348388671875,44167900,yahoo
2022-12-20,268.5599975585937,271.32000732421875,266.95001220703125,269.5400085449219,264.1425170898437,51064200,yahoo
2022-12-21,270.6000061035156,274.7799987792969,269.739990234375,273.45001220703125,267.974365234375,46394700,yahoo
2022-12-22,270.3800048828125,270.510009765625,262.4599914550781,266.760009765625,261.4182434082031,60278400,yahoo
2022-12-23,265.4700012207031,268.0400085449219,263.5299987792969,267.3599853515625,262.0062561035156,39373600,yahoo
2022-12-27,266.739990234375,266.8500061035156,263.0299987792969,263.5799865722656,258.3018798828125,38009000,yahoo
2022-12-28,263.1700134277344,265.4700012207031,259.7300109863281,260.1000061035156,254.8916015625,47139000,yahoo
2022-12-29,262.9599914550781,267.3999938964844,262.25,266.44000244140625,261.1046447753906,45893600,yahoo
2022-12-30,263.6199951171875,266.4100036621094,262.2900085449219,266.2799987792969,260.94781494140625,37858300,yahoo
2023-01-03,268.6499938964844,270.1499938964844,262.1300048828125,264.4800109863281,259.18389892578125,42335300,yahoo
2023-01-04,266.6400146484375,267.45001220703125,262.5299987792969,265.739990234375,260.41864013671875,47754900,yahoo
2023-01-05,264.0400085449219,264.2099914550781,261.260009765625,261.5799865722656,256.3420104980469,45396700,yahoo
2023-01-06,263.3500061035156,269.94000244140625,260.3399963378906,268.79998779296875,263.4173278808594,54659700,yahoo
2023-01-09,270.8299865722656,275.2900085449219,269.9200134277344,270.5400085449219,265.1225891113281,45568700,yahoo
2023-01-10,269.489990234375,272.94000244140625,268.9700012207031,272.8299865722656,267.36669921875,35247800,yahoo
2023-01-11,273.9200134277344,277.6600036621094,273.1199951171875,277.54998779296875,271.9921875,44077000,yahoo
2023-01-12,278.1199951171875,280.1000061035156,273.739990234375,279.04998779296875,273.46209716796875,60600000,yahoo
2023-01-13,276.5,281.2200012207031,276.1600036621094,280.9700012207031,275.3436584472656,44802900,yahoo
2023-01-17,280.7699890136719,282.8500061035156,279.5799865722656,281.5400085449219,275.9022521972656,36269700,yahoo
2023-01-18,283.1099853515625,284.69000244140625,277.6700134277344,277.8800048828125,272.3155517578125,47754500,yahoo
2023-01-19,276.2200012207031,277.3800048828125,273.8900146484375,275.1499938964844,269.6402282714844,44150400,yahoo
2023-01-20,276.7900085449219,283.0199890136719,275.7099914550781,282.67999267578125,277.0194396972656,60613600,yahoo
2023-01-23,283.5400085449219,290.2099914550781,282.7300109863281,288.9599914550781,283.1737365722656,52799900,yahoo
2023-01-24,287.3099975585937,289.54998779296875,286.7799987792969,288.3699951171875,282.59552001953125,44875100,yahoo
2023-01-25,283.7699890136719,288.3599853515625,281.17999267578125,287.7300109863281,281.96832275390625,50872000,yahoo
2023-01-26,291.2200012207031,293.5199890136719,288.5199890136719,293.3399963378906,287.4660339355469,51596300,yahoo
2023-01-27,292.0,298.260009765625,291.8800048828125,296.260009765625,290.3275146484375,56441900,yahoo
2023-01-30,292.92999267578125,294.3800048828125,289.8900146484375,290.2699890136719,284.4574279785156,49405800,yahoo
2023-01-31,290.3099975585937,294.7200012207031,290.20001220703125,294.6199951171875,288.7203369140625,46705100,yahoo
2023-02-01,294.4100036621094,303.42999267578125,292.29998779296875,300.9200134277344,294.8941955566406,67562200,yahoo
2023-02-02,307.57000732421875,313.67999267578125,306.7300109863281,311.7200012207031,305.4779357910156,83070600,yahoo
2023-02-03,304.94000244140625,312.3900146484375,304.5400085449219,306.17999267578125,300.0489501953125,76170800,yahoo
2023-02-06,303.510009765625,305.9100036621094,302.2200012207031,303.5899963378906,297.5107421875,40802300,yahoo
2023-02-07,303.4599914550781,311.0299987792969,302.32000732421875,309.8800048828125,303.6748046875,67584000,yahoo
2023-02-08,308.5400085449219,309.5,303.6700134277344,304.3699951171875,298.27508544921875,56720900,yahoo
2023-02-09,308.8399963378906,308.989990234375,300.20001220703125,301.67999267578125,295.6390075683594,49137800,yahoo
2023-02-10,299.4800109863281,301.57000732421875,297.25,299.70001220703125,293.6986999511719,50050100,yahoo
2023-02-13,301.1300048828125,305.1000061035156,299.92999267578125,304.5,298.4024658203125,39636700,yahoo
2023-02-14,302.8900146484375,307.7200012207031,300.9100036621094,306.75,300.607421875,64079100,yahoo
2023-02-15,304.8999938964844,309.2699890136719,304.20001220703125,309.1000061035156,302.910400390625,43100600,yahoo
2023-02-16,304.3800048828125,308.42999267578125,303.1499938964844,303.29998779296875,297.2265319824219,59498600,yahoo
2023-02-17,301.07000732421875,301.92999267578125,298.1000061035156,301.1600036621094,295.1293640136719,58230700,yahoo
2023-02-21,297.260009765625,298.7300109863281,293.8900146484375,294.0299987792969,288.14215087890625,46526700,yahoo
2023-02-22,294.6199951171875,296.3599853515625,292.5599975585937,294.25,288.35772705078125,51389200,yahoo
2023-02-23,297.9700012207031,298.1300048828125,292.54998779296875,296.82000732421875,290.87628173828125,69294400,yahoo
2023-02-24,291.760009765625,292.9700012207031,290.04998779296875,291.8500061035156,286.0058288574219,74332000,yahoo
2023-02-27,295.07000732421875,296.489990234375,293.3399963378906,293.94000244140625,288.0539855957031,48995000,yahoo
2023-02-28,293.29998779296875,296.1199951171875,292.9599914550781,293.5599975585937,287.6815795898437,48243100,yahoo
2023-03-01,293.260009765625,293.92999267578125,290.20001220703125,291.20001220703125,285.36883544921875,58287000,yahoo
2023-03-02,288.6600036621094,294.42999267578125,288.3699951171875,293.6099853515625,287.7305908203125,53565900,yahoo
2023-03-03,295.3900146484375,299.9200134277344,294.8699951171875,299.67999267578125,293.67901611328125,60511500,yahoo
2023-03-06,300.94000244140625,304.0,299.82000732421875,300.0199890136719,294.01220703125,56736300,yahoo
2023-03-07,300.07000732421875,301.010009765625,295.7200012207031,296.3399963378906,290.4058837890625,65955800,yahoo
2023-03-08,296.7699890136719,298.42999267578125,294.8800048828125,297.82000732421875,291.8562927246094,50876300,yahoo
2023-03-09,298.3299865722656,300.9800109863281,291.8299865722656,292.6600036621094,286.799560546875,71456700,yahoo
2023-03-10,292.8299865722656,294.3500061035156,287.3800048828125,288.54998779296875,282.7718811035156,98593600,yahoo
2023-03-13,286.7300109863281,294.4700012207031,285.19000244140625,290.69000244140625,284.8690490722656,97123600,yahoo
2023-03-14,294.3099975585937,297.92999267578125,293.45001220703125,297.3699951171875,291.4153137207031,73602500,yahoo
2023-03-15,294.7099914550781,299.2699890136719,293.239990234375,298.92999267578125,292.944091796875,83631500,yahoo
2023-03-16,298.0,307.17999267578125,297.19000244140625,306.8099975585937,300.666259765625,98198100,yahoo
2023-03-17,306.7200012207031,309.1499938964844,303.3699951171875,305.3599853515625,299.2453308105469,89923700,yahoo
2023-03-20,304.260009765625,306.29998779296875,302.010009765625,305.9700012207031,300.30731201171875,56359500,yahoo
2023-03-21,307.94000244140625,310.79998779296875,306.3999938964844,310.3399963378906,304.5964050292969,49757000,yahoo
2023-03-22,310.2699890136719,315.25,305.95001220703125,306.1199951171875,300.4544372558594,75791900,yahoo
2023-03-23,309.9200134277344,314.1499938964844,307.010009765625,309.75,304.017333984375,74576000,yahoo
2023-03-24,309.32000732421875,310.989990234375,306.95001220703125,310.8900146484375,305.1361694335937,57195200,yahoo
2023-03-27,311.6000061035156,312.70001220703125,307.8900146484375,308.760009765625,303.045654296875,50287400,yahoo
2023-03-28,308.1700134277344,308.20001220703125,304.7699890136719,307.1199951171875,301.4359741210937,48585900,yahoo
2023-03-29,310.8800048828125,313.3500061035156,310.04998779296875,312.7200012207031,306.932373046875,53274300,yahoo
2023-03-30,315.239990234375,316.32000732421875,312.8099975585937,315.67999267578125,309.83758544921875,58354800,yahoo
2023-03-31,315.9100036621094,321.1700134277344,315.6000061035156,320.92999267578125,314.990478515625,62138100,yahoo
2023-04-03,318.7699890136719,320.4200134277344,317.4200134277344,320.1499938964844,314.22479248046875,47126800,yahoo
2023-04-04,320.6000061035156,321.6300048828125,317.8299865722656,319.07000732421875,313.1648864746094,45875400,yahoo
2023-04-05,318.1000061035156,319.0599975585937,314.07000732421875,315.9200134277344,310.0731201171875,62795700,yahoo
2023-04-06,314.239990234375,318.54998779296875,312.82000732421875,318.04998779296875,312.1636657714844,46916500,yahoo
2023-04-10,315.07000732421875,317.9200134277344,313.25,317.8699951171875,311.9870300292969,45134700,yahoo
2023-04-11,317.8299865722656,317.8900146484375,315.3099975585937,315.8299865722656,309.9848022460937,40113600,yahoo
2023-04-12,317.82000732421875,318.4200134277344,312.57000732421875,313.0400085449219,307.2464294433594,62813300,yahoo
2023-04-13,314.8299865722656,319.6499938964844,313.6300048828125,319.1700134277344,313.2630310058594,54613800,yahoo
2023-04-14,317.5899963378906,320.3599853515625,315.6099853515625,318.57000732421875,312.6741027832031,56278300,yahoo
2023-04-17,318.1499938964844,319.20001220703125,316.0400085449219,318.8399963378906,312.9391174316406,43007000,yahoo
2023-04-18,320.989990234375,321.4200134277344,317.6400146484375,318.8599853515625,312.9586486816406,46746900,yahoo
2023-04-19,316.4100036621094,319.7900085449219,316.2799987792969,318.7099914550781,312.8114929199219,38960100,yahoo
2023-04-20,315.69000244140625,319.2699890136719,314.9700012207031,316.2799987792969,310.4264831542969,62462100,yahoo
2023-04-21,315.9100036621094,317.3999938964844,314.1000061035156,316.6099853515625,310.7503662109375,59002300,yahoo
2023-04-24,316.3800048828125,317.739990234375,313.739990234375,315.95001220703125,310.1026306152344,44043100,yahoo
2023-04-25,314.2900085449219,314.9700012207031,309.8900146484375,309.989990234375,304.2528381347656,57121600,yahoo
2023-04-26,313.44000244140625,314.94000244140625,311.3399963378906,311.8699951171875,306.0980529785156,55400500,yahoo
2023-04-27,315.70001220703125,320.8599853515625,315.04998779296875,320.3500061035156,314.421142578125,65430400,yahoo
2023-04-28,320.1099853515625,322.6499938964844,318.9599914550781,322.5599975585937,316.5902404785156,59712600,yahoo
2023-05-01,322.0899963378906,323.6300048828125,321.0899963378906,322.19000244140625,316.2270202636719,41013400,yahoo
2023-05-02,322.1199951171875,322.45001220703125,317.6099853515625,319.3800048828125,313.4691467285156,56519400,yahoo
2023-05-03,319.75,322.4700012207031,317.17999267578125,317.2900085449219,311.4178466796875,59882100,yahoo
2023-05-04,317.0599975585937,318.2300109863281,315.1199951171875,316.1700134277344,310.3184509277344,50224500,yahoo
2023-05-05,318.4700012207031,323.760009765625,316.2099914550781,322.8900146484375,316.9140625,51806100,yahoo
2023-05-08,322.4200134277344,324.0400085449219,321.32000732421875,323.69000244140625,317.6993408203125,36465800,yahoo
2023-05-09,322.0,322.8800048828125,321.32000732421875,321.6400146484375,315.6872863769531,31768800,yahoo
2023-05-10,324.1199951171875,326.010009765625,321.6000061035156,325.1400146484375,319.1225280761719,60446600,yahoo
2023-05-11,325.70001220703125,326.75,324.1199951171875,326.20001220703125,320.162841796875,44278500,yahoo
2023-05-12,326.739990234375,327.1700134277344,322.94000244140625,325.0299987792969,319.0145263671875,48432800,yahoo
2023-05-15,325.510009765625,327.0299987792969,323.9599914550781,326.7900085449219,320.7419738769531,33375600,yahoo
2023-05-16,326.0599975585937,328.8999938964844,326.0199890136719,327.1600036621094,321.1050720214844,40019200,yahoo
2023-05-17,328.239990234375,331.7099914550781,327.0400085449219,331.1199951171875,324.99176025390625,47486100,yahoo
2023-05-18,331.5199890136719,337.489990234375,331.5,337.2699890136719,331.0279846191406,64213500,yahoo
2023-05-19,337.489990234375,338.2099914550781,335.42999267578125,336.510009765625,330.2820739746094,61554900,yahoo
2023-05-22,336.25,338.6700134277344,336.239990234375,337.6400146484375,331.3912048339844,43015900,yahoo
2023-05-23,335.8900146484375,337.0599975585937,333.0,333.3599853515625,327.1902770996094,48216700,yahoo
2023-05-24,331.3699951171875,332.9100036621094,329.5599975585937,331.6499938964844,325.5119323730469,62891200,yahoo
2023-05-25,339.1400146484375,341.010009765625,336.6700134277344,339.7200012207031,333.4326477050781,66862800,yahoo
2023-05-26,340.760009765625,349.25,340.6600036621094,348.3999938964844,341.95196533203125,63007000,yahoo
2023-05-30,352.7099914550781,353.92999267578125,348.5299987792969,349.9800109863281,343.5027160644531,72652200,yahoo
2023-05-31,348.3699951171875,350.6000061035156,346.510009765625,347.989990234375,341.5495300292969,65105400,yahoo
2023-06-01,347.7300109863281,353.3599853515625,346.6600036621094,352.010009765625,345.49517822265625,50488600,yahoo
2023-06-02,353.79998779296875,355.8299865722656,352.010009765625,354.6499938964844,348.0863342285156,53372100,yahoo
2023-06-05,354.42999267578125,357.5,353.8500061035156,354.8999938964844,348.3316650390625,47266200,yahoo
2023-06-06,354.2799987792969,355.82000732421875,352.92999267578125,354.8399963378906,348.27276611328125,41390400,yahoo
2023-06-07,355.1300048828125,357.1199951171875,348.17999267578125,348.82000732421875,342.3642883300781,69225900,yahoo
2023-06-08,349.1199951171875,353.6199951171875,348.8900146484375,353.1499938964844,346.6140441894531,47153900,yahoo
2023-06-09,354.6300048828125,357.6600036621094,353.0299987792969,354.5,347.9390869140625,53196900,yahoo
2023-06-12,356.19000244140625,360.5899963378906,355.20001220703125,360.489990234375,353.8182678222656,44606500,yahoo
2023-06-13,363.2900085449219,364.1099853515625,360.0299987792969,363.260009765625,356.5370483398437,57097800,yahoo
2023-06-14,363.2699890136719,366.1900024414063,360.4200134277344,365.8999938964844,359.12811279296875,69525600,yahoo
2023-06-15,364.6099853515625,371.7699890136719,363.9800109863281,370.260009765625,363.407470703125,71138800,yahoo
2023-06-16,372.7200012207031,372.8500061035156,367.4800109863281,367.9299926757813,361.1205749511719,80932000,yahoo
2023-06-20,365.9500122070313,368.3200073242188,363.8900146484375,366.8999938964844,360.6035461425781,49204700,yahoo
2023-06-21,365.739990234375,366.1799926757813,360.9599914550781,361.8999938964844,355.6893920898437,53378300,yahoo
2023-06-22,360.6300048828125,366.3299865722656,360.2200012207031,366.1700134277344,359.8860778808594,47603000,yahoo
2023-06-23,362.2099914550781,364.8800048828125,360.8200073242188,362.5400085449219,356.3184814453125,48922900,yahoo
2023-06-26,362.0,364.8399963378906,357.5899963378906,357.67999267578125,351.5418701171875,52685500,yahoo
2023-06-27,359.25,364.5700073242188,358.510009765625,363.8299865722656,357.5862731933594,49428100,yahoo
2023-06-28,361.9800109863281,366.5199890136719,361.8999938964844,364.5400085449219,358.2841186523437,46498000,yahoo
2023-06-29,364.239990234375,364.8900146484375,362.1400146484375,363.80999755859375,357.5666198730469,46151000,yahoo
2023-06-30,367.5499877929688,370.489990234375,367.2300109863281,369.4200134277344,363.0802917480469,58712500,yahoo
2023-07-03,370.0700073242188,370.9299926757813,368.9700012207031,370.2900085449219,363.9353942871094,19432900,yahoo
2023-07-05,368.7000122070313,372.010009765625,368.6600036621094,370.2799987792969,363.925537109375,34460900,yahoo
2023-07-06,366.510009765625,367.9100036621094,364.5199890136719,367.4599914550781,361.1539611816406,49374700,yahoo
2023-07-07,367.2300109863281,370.4800109863281,366.010009765625,366.239990234375,359.9548645019531,47133700,yahoo
2023-07-10,365.9599914550781,367.0499877929688,363.4100036621094,366.3599853515625,360.0728759765625,48498800,yahoo
2023-07-11,366.7900085449219,368.6300048828125,364.6199951171875,368.1700134277344,361.8517761230469,38214100,yahoo
2023-07-12,372.3399963378906,374.1900024414063,370.2999877929688,372.8200073242188,366.4220275878906,61975400,yahoo
2023-07-13,376.0499877929688,379.989990234375,375.4599914550781,379.1499938964844,372.6432800292969,46960000,yahoo
2023-07-14,379.5899963378906,382.8599853515625,378.1799926757813,379.0700073242188,372.5647583007813,55148500,yahoo
2023-07-17,379.7999877929688,383.5,379.30999755859375,382.6099853515625,376.0439758300781,40868900,yahoo
2023-07-18,381.9599914550781,387.1300048828125,380.0,385.739990234375,379.1203002929688,55262000,yahoo
2023-07-19,386.8200073242188,387.9800109863281,384.2999877929688,385.6499938964844,379.0317687988281,54093000,yahoo
2023-07-20,382.6099853515625,384.1000061035156,375.7200012207031,376.760009765625,370.2943420410156,71941700,yahoo
2023-07-21,379.1799926757813,379.9200134277344,375.1900024414063,375.6300048828125,369.1837463378906,60499600,yahoo
2023-07-24,376.6199951171875,377.5799865722656,374.3399963378906,376.2300109863281,369.7734680175781,40380100,yahoo
2023-07-25,376.9500122070313,380.4700012207031,376.9299926757813,378.7799987792969,372.27972412109375,38894400,yahoo
2023-07-26,377.7200012207031,379.239990234375,375.1799926757813,377.5199890136719,371.0412902832031,47075700,yahoo
2023-07-27,383.0700073242188,384.7099914550781,375.30999755859375,376.6199951171875,370.1567687988281,63940200,yahoo
2023-07-28,380.739990234375,384.5199890136719,380.2200012207031,383.4800109863281,376.8990478515625,56902900,yahoo
2023-07-31,383.7900085449219,384.8800048828125,382.3399963378906,383.6799926757813,377.09564208984375,44019900,yahoo
2023-08-01,382.30999755859375,383.55999755859375,380.6900024414063,382.7900085449219,376.2209167480469,41060600,yahoo
2023-08-02,379.260009765625,379.260009765625,373.1300048828125,374.3900146484375,367.9649963378906,72687100,yahoo
2023-08-03,371.9400024414063,375.9500122070313,371.7699890136719,373.7900085449219,367.3753356933594,47666400,yahoo
2023-08-04,375.75,378.1000061035156,371.5299987792969,372.0400085449219,365.6553649902344,61702800,yahoo
2023-08-07,373.8800048828125,375.2900085449219,371.510009765625,375.1900024414063,368.7512512207031,37230400,yahoo
2023-08-08,372.6400146484375,372.6600036621094,368.8200073242188,372.0,365.6160888671875,44726500,yahoo
2023-08-09,372.2900085449219,372.4500122070313,367.1400146484375,367.9100036621094,361.5963439941406,51150900,yahoo
2023-08-10,370.9700012207031,374.3599853515625,367.0400085449219,368.5899963378906,362.2645263671875,72035300,yahoo
2023-08-11,365.989990234375,368.0,364.6900024414063,366.239990234375,359.9548645019531,48707200,yahoo
2023-08-14,365.4299926757813,370.4700012207031,364.7000122070313,370.3500061035156,363.994384765625,42130800,yahoo
2023-08-15,369.3599853515625,370.1700134277344,365.739990234375,366.4200134277344,360.1318054199219,45539900,yahoo
2023-08-16,365.8699951171875,367.4299926757813,362.4400024414063,362.5400085449219,356.3184814453125,53190500,yahoo
2023-08-17,363.9599914550781,364.30999755859375,358.1600036621094,358.5799865722656,352.42633056640625,62604300,yahoo
2023-08-18,355.260009765625,359.4100036621094,354.7099914550781,358.1300048828125,351.98406982421875,61191400,yahoo
2023-08-21,359.6199951171875,364.5899963378906,359.1499938964844,363.8999938964844,357.6550598144531,50696500,yahoo
2023-08-22,366.5499877929688,366.55999755859375,362.6799926757813,363.3800048828125,357.1439819335937,44530200,yahoo
2023-08-23,364.5799865722656,370.2200012207031,364.3599853515625,369.1099853515625,362.7756042480469,51770600,yahoo
2023-08-24,372.6400146484375,372.739990234375,361.010009765625,361.2200012207031,355.02105712890625,66842500,yahoo
2023-08-25,362.0700073242188,365.739990234375,358.5799865722656,364.0199890136719,357.7730407714844,69960500,yahoo
2023-08-28,366.989990234375,367.7099914550781,364.25,366.760009765625,360.4660034179688,40910000,yahoo
2023-08-29,366.55999755859375,375.1300048828125,366.2300109863281,374.7699890136719,368.3384704589844,58492400,yahoo
2023-08-30,374.8800048828125,377.4500122070313,373.8599853515625,376.8599853515625,370.3926696777344,41731500,yahoo
2023-08-31,376.9400024414063,379.7200012207031,376.8699951171875,377.989990234375,371.5032348632813,35730700,yahoo
2023-09-01,380.3999938964844,380.8299865722656,376.0799865722656,377.5899963378906,371.110107421875,39801200,yahoo
2023-09-05,376.7699890136719,379.30999755859375,375.8299865722656,378.0700073242188,371.5819396972656,32344200,yahoo
2023-09-06,377.2799987792969,377.6300048828125,372.7000122070313,374.739990234375,368.3090515136719,42998700,yahoo
2023-09-07,370.2099914550781,372.8500061035156,369.1499938964844,372.05999755859375,365.6750183105469,52060700,yahoo
2023-09-08,372.010009765625,374.8500061035156,371.6000061035156,372.5799865722656,366.1860656738281,35800100,yahoo
2023-09-11,375.6600036621094,377.489990234375,373.6600036621094,376.9700012207031,370.5007934570313,39936600,yahoo
2023-09-12,375.2699890136719,376.9500122070313,372.5,372.7900085449219,366.3924865722656,41391000,yahoo
2023-09-13,373.0299987792969,375.8399963378906,371.8800048828125,374.2099914550781,367.7880859375,46300700,yahoo
2023-09-14,375.989990234375,378.2699890136719,373.8900146484375,377.2699890136719,370.7955932617188,48039400,yahoo
2023-09-15,375.9100036621094,376.3200073242188,369.8599853515625,370.80999755859375,364.4464416503906,69811200,yahoo
2023-09-18,369.3200073242188,371.7900085449219,369.0299987792969,370.6600036621094,364.826416015625,36903500,yahoo
2023-09-19,369.3200073242188,370.6799926757813,366.7999877929688,369.8699951171875,364.048828125,37621700,yahoo
2023-09-20,370.9500122070313,371.30999755859375,364.4599914550781,364.5400085449219,358.8027038574219,45514200,yahoo
2023-09-21,360.7999877929688,361.6000061035156,357.69000244140625,357.8599853515625,352.2278747558594,69734800,yahoo
2023-09-22,359.6300048828125,361.7999877929688,357.5899963378906,357.9100036621094,352.277099609375,51589700,yahoo
2023-09-25,356.92999267578125,359.70001220703125,355.92999267578125,359.6099853515625,353.9502868652344,39168000,yahoo
2023-09-26,356.989990234375,357.5400085449219,353.2099914550781,354.2099914550781,348.63525390625,53657700,yahoo
2023-09-27,355.3800048828125,356.9800109863281,351.3599853515625,355.0400085449219,349.4522705078125,56066000,yahoo
2023-09-28,354.1099853515625,360.1700134277344,353.239990234375,358.010009765625,352.37548828125,56453300,yahoo
2023-09-29,361.5400085449219,362.9500122070313,357.0199890136719,358.2699890136719,352.6313781738281,64829600,yahoo
2023-10-02,358.5400085449219,362.6799926757813,357.9200134277344,361.260009765625,355.5743713378906,51625100,yahoo
2023-10-03,358.7799987792969,361.010009765625,353.2799987792969,354.9200134277344,349.3341369628906,60478500,yahoo
2023-10-04,355.7699890136719,360.6099853515625,355.29998779296875,359.75,354.0881042480469,54786700,yahoo
2023-10-05,359.739990234375,360.1499938964844,355.1400146484375,358.69000244140625,353.0447998046875,45897400,yahoo
2023-10-06,355.6499938964844,365.9100036621094,354.8500061035156,364.7000122070313,358.960205078125,75049100,yahoo
2023-10-09,362.2999877929688,367.1099853515625,360.7799987792969,366.55999755859375,360.7909240722656,45304800,yahoo
2023-10-10,366.8999938964844,371.2799987792969,366.3900146484375,368.5899963378906,362.7889709472656,46968800,yahoo
2023-10-11,369.9400024414063,371.4100036621094,368.1900024414063,371.2200012207031,365.3775939941406,38215100,yahoo
2023-10-12,371.7300109863281,373.739990234375,367.5,369.9299926757813,364.1078186035156,49587900,yahoo
2023-10-13,370.5700073242188,371.1600036621094,363.8599853515625,365.2799987792969,359.5311279296875,52469900,yahoo
2023-10-16,366.6199951171875,370.4800109863281,366.4700012207031,369.4100036621094,363.5960693359375,44201100,yahoo
2023-10-17,365.80999755859375,369.9200134277344,363.6600036621094,368.2000122070313,362.4051208496094,50999100,yahoo
2023-10-18,365.6700134277344,367.9100036621094,362.0199890136719,363.3699951171875,357.65106201171875,54280500,yahoo
2023-10-19,364.80999755859375,366.0199890136719,359.1600036621094,359.9700012207031,354.3046569824219,72274200,yahoo
2023-10-20,359.4599914550781,360.0400085449219,354.3699951171875,354.6000061035156,349.0191345214844,72559700,yahoo
2023-10-23,353.260009765625,359.260009765625,351.1199951171875,355.6700134277344,350.0723571777344,60665200,yahoo
2023-10-24,357.510009765625,359.9100036621094,355.7900085449219,359.1300048828125,353.47784423828125,47082100,yahoo
2023-10-25,356.70001220703125,356.8800048828125,349.75,350.3399963378906,344.8262634277344,71190500,yahoo
2023-10-26,349.1199951171875,350.07000732421875,342.3500061035156,343.6600036621094,338.2513427734375,78621400,yahoo
2023-10-27,346.42999267578125,348.8399963378906,344.0799865722656,345.3099975585937,339.8753967285156,63476700,yahoo
2023-10-30,347.8299865722656,350.5400085449219,346.45001220703125,349.20001220703125,343.70416259765625,55298500,yahoo
2023-10-31,349.2300109863281,351.25,346.6199951171875,350.8699951171875,345.3478698730469,47671900,yahoo
2023-11-01,351.7200012207031,357.5299987792969,351.6199951171875,356.9599914550781,351.342041015625,58992700,yahoo
2023-11-02,361.5400085449219,363.6799926757813,360.2999877929688,363.4400024414063,357.7201232910156,58162400,yahoo
2023-11-03,364.75,369.0199890136719,364.5199890136719,367.7099914550781,361.92279052734375,53280500,yahoo
2023-11-06,368.489990234375,369.7799987792969,366.9100036621094,369.2099914550781,363.3992309570313,38848700,yahoo
2023-11-07,370.2699890136719,373.5799865722656,369.0499877929688,372.7000122070313,366.8342590332031,50777400,yahoo
2023-11-08,373.0799865722656,373.7900085449219,370.6199951171875,372.9400024414063,367.0705261230469,35663400,yahoo
2023-11-09,373.6400146484375,374.7999877929688,369.5700073242188,370.0700073242188,364.2457275390625,53859400,yahoo
2023-11-10,371.8200073242188,378.5400085449219,371.2799987792969,378.3900146484375,372.4346923828125,58309800,yahoo
2023-11-13,376.7900085449219,378.2799987792969,375.239990234375,377.2099914550781,371.2732849121094,40733500,yahoo
2023-11-14,383.7099914550781,386.260009765625,383.1799926757813,385.3299865722656,379.26556396484375,67792600,yahoo
2023-11-15,387.25,387.75,384.239990234375,385.6199951171875,379.5509033203125,54141400,yahoo
2023-11-16,384.8399963378906,386.1900024414063,383.55999755859375,385.9500122070313,379.8757629394531,45343500,yahoo
2023-11-17,385.2099914550781,387.0700073242188,384.2900085449219,386.0400085449219,379.96435546875,46571900,yahoo
2023-11-20,386.0499877929688,391.4100036621094,386.0499877929688,390.739990234375,384.59033203125,44429600,yahoo
2023-11-21,389.010009765625,389.2300109863281,386.7000122070313,388.4700012207031,382.3561096191406,43337000,yahoo
2023-11-22,390.5700073242188,393.0700073242188,389.0400085449219,390.05999755859375,383.921142578125,44121000,yahoo
2023-11-24,389.6499938964844,390.25,388.5,389.510009765625,383.3797302246094,15718800,yahoo
2023-11-27,389.010009765625,391.1499938964844,388.2799987792969,389.1700134277344,383.0451049804688,34139700,yahoo
2023-11-28,388.4100036621094,390.7799987792969,388.0499877929688,390.1900024414063,384.0490417480469,35491100,yahoo
2023-11-29,392.6900024414063,394.1400146484375,389.4599914550781,389.80999755859375,383.6749877929688,38811700,yahoo
2023-11-30,390.0799865722656,390.5499877929688,385.8200073242188,388.8299865722656,382.71044921875,52834400,yahoo
2023-12-01,387.75,390.5400085449219,386.0700073242188,389.9400024414063,383.802978515625,40490100,yahoo
2023-12-04,386.0899963378906,386.6000061035156,382.6600036621094,386.3200073242188,380.2399597167969,51186900,yahoo
2023-12-05,384.3900146484375,388.5,384.2099914550781,387.2900085449219,381.1946411132813,42933000,yahoo
2023-12-06,390.2699890136719,390.3699951171875,384.7000122070313,385.0499877929688,378.9898681640625,41994100,yahoo
2023-12-07,388.0700073242188,391.2699890136719,386.9599914550781,390.4299926757813,384.2852783203125,49593500,yahoo
2023-12-08,388.6700134277344,392.6199951171875,388.4800109863281,392.1700134277344,385.9978942871094,46687500,yahoo
2023-12-11,391.739990234375,395.7900085449219,391.5299987792969,395.5199890136719,389.2950744628906,41198000,yahoo
2023-12-12,395.55999755859375,398.7900085449219,394.4100036621094,398.6700134277344,392.39556884765625,39221200,yahoo
2023-12-13,399.6199951171875,404.3599853515625,398.8399963378906,403.739990234375,397.3857421875,55408100,yahoo
2023-12-14,404.9800109863281,406.2999877929688,400.3399963378906,403.3900146484375,397.0412902832031,55447800,yahoo
2023-12-15,404.1799926757813,406.5400085449219,403.5700073242188,405.3399963378906,398.9606018066406,62896600,yahoo
2023-12-18,404.9299926757813,407.989990234375,404.6000061035156,407.0799865722656,401.4735107421875,46610000,yahoo
2023-12-19,407.5400085449219,409.2799987792969,407.3500061035156,409.1600036621094,403.5248718261719,35711900,yahoo
2023-12-20,408.3500061035156,410.4700012207031,402.8999938964844,403.0799865722656,397.528564453125,54042400,yahoo
2023-12-21,407.05999755859375,408.1400146484375,404.4700012207031,407.7699890136719,402.1540222167969,45568900,yahoo
2023-12-22,409.0,409.9700012207031,406.4800109863281,408.3800048828125,402.755615234375,34314000,yahoo
2023-12-26,409.25,411.55999755859375,409.1499938964844,410.8800048828125,405.2211608886719,22722500,yahoo
2023-12-27,410.9500122070313,411.7900085449219,410.0799865722656,411.5,406.0460815429688,31980500,yahoo
2023-12-28,412.6700134277344,412.9200134277344,410.9400024414063,411.2999877929688,405.8487548828125,27029200,yahoo
2023-12-29,411.2799987792969,411.6400146484375,407.5799865722656,409.5199890136719,404.0923461914063,42662100,yahoo
2024-01-02,405.8399963378906,406.0899963378906,400.239990234375,402.5899963378906,397.2542114257813,58026900,yahoo
2024-01-03,399.9299926757813,401.0,397.8900146484375,398.3299865722656,393.0506286621094,47002800,yahoo
2024-01-04,396.4400024414063,399.5899963378906,396.05999755859375,396.2799987792969,391.0278015136719,39432800,yahoo
2024-01-05,396.4500122070313,399.55999755859375,395.3399963378906,396.75,391.4916076660156,44922800,yahoo
2024-01-08,397.989990234375,405.239990234375,397.8399963378906,404.9500122070313,399.5829162597656,42473800,yahoo
2024-01-09,401.9100036621094,406.6900024414063,401.7099914550781,405.75,400.3722839355469,39132900,yahoo
2024-01-10,406.0700073242188,409.5199890136719,405.1700134277344,408.5,403.0858459472656,33962800,yahoo
2024-01-11,409.7900085449219,411.2000122070313,404.239990234375,409.3500061035156,403.9245910644531,54536200,yahoo
2024-01-12,410.3999938964844,411.25,408.1499938964844,409.55999755859375,404.1318054199219,39595000,yahoo
2024-01-16,408.30999755859375,411.1199951171875,406.8299865722656,409.5199890136719,404.0923461914063,43903000,yahoo
2024-01-17,406.1700134277344,407.5899963378906,402.9200134277344,407.2099914550781,401.8129577636719,54386000,yahoo
2024-01-18,410.5199890136719,413.5799865722656,409.1600036621094,412.989990234375,407.516357421875,59562500,yahoo
2024-01-19,415.2200012207031,421.3399963378906,414.6300048828125,421.1799926757813,415.5977783203125,70325100,yahoo
2024-01-22,423.4100036621094,424.7300109863281,421.1199951171875,421.7300109863281,416.14056396484375,44880600,yahoo
2024-01-23,422.4299926757813,423.7000122070313,420.5700073242188,423.4800109863281,417.8673400878906,33003800,yahoo
2024-01-24,427.4400024414063,429.8500061035156,425.3299865722656,425.8299865722656,420.1861267089844,46948000,yahoo
2024-01-25,428.3599853515625,429.0400085449219,423.9800109863281,426.3500061035156,420.6993103027344,44367200,yahoo
2024-01-26,424.4400024414063,426.2099914550781,423.1499938964844,423.80999755859375,418.1929016113281,37137000,yahoo
2024-01-29,424.2699890136719,428.3500061035156,423.6099853515625,428.1499938964844,422.4754333496094,38694700,yahoo
2024-01-30,427.1000061035156,427.6799926757813,424.3800048828125,425.2999877929688,419.6632080078125,36739000,yahoo
2024-01-31,420.8500061035156,422.8699951171875,416.7900085449219,416.9700012207031,411.443603515625,64010600,yahoo
2024-02-01,418.7900085449219,422.3800048828125,417.80999755859375,421.8800048828125,416.2885437011719,51008600,yahoo
2024-02-02,423.7999877929688,430.239990234375,422.7900085449219,429.010009765625,423.3240356445313,59602400,yahoo
2024-02-05,429.0700073242188,429.6099853515625,425.0,428.4500122070313,422.7714538574219,39889200,yahoo
2024-02-06,429.6099853515625,430.2200012207031,425.2200012207031,427.5899963378906,421.9228820800781,35846100,yahoo
2024-02-07,430.4100036621094,432.8299865722656,429.0899963378906,431.989990234375,426.2645568847656,37712700,yahoo
2024-02-08,432.1099853515625,433.55999755859375,431.4200134277344,432.7900085449219,427.0539245605469,29889900,yahoo
2024-02-09,433.9400024414063,437.8500061035156,433.1400146484375,437.0499877929688,431.2574462890625,36943900,yahoo
2024-02-12,436.9400024414063,439.1400146484375,434.6499938964844,435.3399963378906,429.5701293945313,33203300,yahoo
2024-02-13,427.2799987792969,431.2699890136719,425.3299865722656,428.5499877929688,422.8701171875,64491700,yahoo
2024-02-14,431.260009765625,433.6499938964844,428.8800048828125,433.2200012207031,427.4782104492188,45092700,yahoo
2024-02-15,433.9200134277344,434.9800109863281,431.3299865722656,434.510009765625,428.7511291503906,38796100,yahoo
2024-02-16,434.8900146484375,434.989990234375,429.8500061035156,430.5700073242188,424.86334228515625,53716500,yahoo
2024-02-20,428.5499877929688,430.0799865722656,423.5,427.3200073242188,421.6564331054688,53999500,yahoo
2024-02-21,424.5499877929688,425.7000122070313,421.6300048828125,425.6099853515625,419.9690856933594,49779000,yahoo
2024-02-22,434.489990234375,439.1199951171875,433.7099914550781,438.0700073242188,432.2639770507813,53887800,yahoo
2024-02-23,439.6499938964844,440.5899963378906,435.7900085449219,436.7799987792969,430.9910888671875,39853900,yahoo
2024-02-26,437.6000061035156,438.6000061035156,436.3599853515625,436.5499877929688,430.7640686035156,33043200,yahoo
2024-02-27,437.6700134277344,437.989990234375,435.0299987792969,437.6000061035156,431.8002014160156,33713200,yahoo
2024-02-28,435.4299926757813,436.6700134277344,434.2999877929688,435.2699890136719,429.5010681152344,32938800,yahoo
2024-02-29,438.2300109863281,440.0899963378906,435.0199890136719,439.0,433.1816101074219,42495200,yahoo
2024-03-01,439.8999938964844,446.5799865722656,439.8399963378906,445.6099853515625,439.7040100097656,43853000,yahoo
2024-03-04,445.6099853515625,446.0400085449219,443.7699890136719,444.0199890136719,438.1351013183594,34325700,yahoo
2024-03-05,440.9400024414063,440.9500122070313,433.6499938964844,436.0499877929688,430.270751953125,57917100,yahoo
2024-03-06,440.3200073242188,441.989990234375,436.8900146484375,438.7900085449219,432.9744262695313,46234500,yahoo
2024-03-07,442.4200134277344,446.7200012207031,440.8599853515625,445.4500122070313,439.546142578125,44526700,yahoo
2024-03-08,445.80999755859375,448.6400146484375,438.3399963378906,439.0199890136719,433.2012939453125,72096000,yahoo
2024-03-11,437.510009765625,438.6600036621094,435.4400024414063,437.3900146484375,431.5929870605469,45860000,yahoo
2024-03-12,439.7300109863281,444.0199890136719,436.4599914550781,443.6600036621094,437.7798767089844,55300900,yahoo
2024-03-13,442.6499938964844,442.6700134277344,439.1199951171875,440.25,434.4150390625,37928700,yahoo
2024-03-14,441.5,442.0299987792969,436.3900146484375,439.1400146484375,433.31976318359375,52195200,yahoo
2024-03-15,436.0700073242188,438.8699951171875,432.739990234375,433.9200134277344,428.1689758300781,73069800,yahoo
2024-03-18,438.7300109863281,441.0400085449219,437.239990234375,437.4800109863281,432.2525939941406,47323800,yahoo
2024-03-19,435.4500122070313,438.9800109863281,433.3299865722656,438.5700073242188,433.3295593261719,43004100,yahoo
2024-03-20,439.7799987792969,444.1099853515625,438.05999755859375,443.7699890136719,438.4674072265625,43653500,yahoo
2024-03-21,448.8800048828125,449.3399963378906,445.6700134277344,445.8699951171875,440.5423278808594,39345700,yahoo
2024-03-22,445.3500061035156,447.489990234375,444.489990234375,446.3800048828125,441.0462341308594,28253900,yahoo
2024-03-25,443.5499877929688,446.260009765625,442.5400085449219,444.760009765625,439.4456481933594,27789200,yahoo
2024-03-26,446.2999877929688,447.2300109863281,443.0899963378906,443.3200073242188,438.0227661132813,34142000,yahoo
2024-03-27,446.4400024414063,446.5400085449219,441.9299926757813,444.8299865722656,439.5147399902344,41359200,yahoo
2024-03-28,444.7799987792969,445.6400146484375,443.6499938964844,444.010009765625,438.70458984375,36839600,yahoo
2024-04-01,444.9700012207031,447.5299987792969,443.0199890136719,444.9500122070313,439.6333312988281,38729000,yahoo
2024-04-02,440.0799865722656,441.4299926757813,438.0299987792969,441.1099853515625,435.8392028808594,44259700,yahoo
2024-04-03,438.9599914550781,444.0,438.9500122070313,442.1000061035156,436.8174133300781,39949800,yahoo
2024-04-04,446.3299865722656,446.9500122070313,435.1099853515625,435.3399963378906,430.13812255859375,57267700,yahoo
2024-04-05,436.7799987792969,443.1700134277344,435.9599914550781,440.4700012207031,435.2068176269531,54744600,yahoo
2024-04-08,441.4100036621094,442.5,439.2000122070313,440.6000061035156,435.3352966308594,28144900,yahoo
2024-04-09,442.9599914550781,443.239990234375,437.4400024414063,442.2300109863281,436.94580078125,39443600,yahoo
2024-04-10,437.0,439.239990234375,436.2799987792969,438.3699951171875,433.1319580078125,61502200,yahoo
2024-04-11,440.260009765625,446.3299865722656,437.9599914550781,445.3699951171875,440.04833984375,45474600,yahoo
2024-04-12,441.1000061035156,442.239990234375,436.8800048828125,438.2699890136719,433.0331115722656,53665000,yahoo
2024-04-15,442.05999755859375,442.1499938964844,430.2099914550781,431.05999755859375,425.9093017578125,63453600,yahoo
2024-04-16,430.8999938964844,433.760009765625,429.7000122070313,431.1000061035156,425.9488220214844,47619000,yahoo
2024-04-17,433.1000061035156,433.1199951171875,424.8999938964844,425.8399963378906,420.7516784667969,56880500,yahoo
2024-04-18,426.489990234375,428.239990234375,422.8299865722656,423.4100036621094,418.3506774902344,46549400,yahoo
2024-04-19,422.2200012207031,422.75,413.0700073242188,414.6499938964844,409.6954040527344,75231000,yahoo
2024-04-22,417.30999755859375,421.1799926757813,413.9400024414063,418.8200073242188,413.8155517578125,47807700,yahoo
2024-04-23,420.7699890136719,426.2799987792969,418.8699951171875,425.0700073242188,419.9909057617188,44384700,yahoo
2024-04-24,428.2000122070313,429.7300109863281,424.2000122070313,426.510009765625,421.4136352539063,48440300,yahoo
2024-04-25,419.239990234375,425.3200073242188,418.1400146484375,424.4500122070313,419.3782958984375,57392200,yahoo
2024-04-26,427.6199951171875,432.5499877929688,426.9200134277344,431.0,425.8499755859375,41874900,yahoo
2024-04-29,433.1300048828125,433.760009765625,429.9800109863281,432.75,427.5791015625,30022200,yahoo
2024-04-30,431.1499938964844,432.55999755859375,424.510009765625,424.5899963378906,419.5166320800781,43665900,yahoo
2024-05-01,423.1499938964844,430.1400146484375,420.6600036621094,421.5199890136719,416.4833068847656,52251700,yahoo
2024-05-02,425.2999877929688,427.80999755859375,420.6300048828125,426.8999938964844,421.7989807128906,36559000,yahoo
2024-05-03,434.4400024414063,436.4800109863281,432.6199951171875,435.4800109863281,430.2764892578125,48515300,yahoo
2024-05-06,437.2999877929688,440.3399963378906,436.5199890136719,440.25,434.989501953125,30227200,yahoo
2024-05-07,440.7000122070313,441.9700012207031,439.5799865722656,440.3200073242188,435.05865478515625,30996100,yahoo
2024-05-08,437.6700134277344,441.4800109863281,437.5499877929688,440.05999755859375,434.8017883300781,24896700,yahoo
2024-05-09,440.3299865722656,441.6000061035156,438.4599914550781,441.0199890136719,435.750244140625,24580100,yahoo
2024-05-10,442.5400085449219,444.30999755859375,440.5,442.05999755859375,436.77783203125,27116600,yahoo
2024-05-13,443.989990234375,444.0899963378906,441.6499938964844,443.0799865722656,437.78564453125,22994200,yahoo
2024-05-14,442.6499938964844,446.4700012207031,442.4599914550781,445.9299926757813,440.6016540527344,34478300,yahoo
2024-05-15,448.4299926757813,453.1499938964844,446.8999938964844,452.8999938964844,447.4883117675781,41464700,yahoo
2024-05-16,452.7099914550781,454.6900024414063,451.80999755859375,451.9800109863281,446.5793762207031,34780400,yahoo
2024-05-17,452.1099853515625,452.7200012207031,449.5400085449219,451.760009765625,446.3619689941406,35803700,yahoo
2024-05-20,451.9800109863281,455.5799865722656,451.7900085449219,454.9100036621094,449.474365234375,24474200,yahoo
2024-05-21,453.0400085449219,455.989990234375,452.8399963378906,455.7999877929688,450.3536682128906,23167700,yahoo
2024-05-22,456.05999755859375,456.8200073242188,453.0799865722656,455.7099914550781,450.2648315429688,25120000,yahoo
2024-05-23,460.5499877929688,460.5799865722656,451.8500061035156,453.6600036621094,448.2392578125,40899200,yahoo
2024-05-24,455.2900085449219,459.2300109863281,453.5700073242188,457.9500122070313,452.4779968261719,29669500,yahoo
2024-05-28,459.1799926757813,459.739990234375,456.6900024414063,459.6799926757813,454.1872863769531,26216800,yahoo
2024-05-29,455.4800109863281,458.239990234375,455.3399963378906,456.4400024414063,450.9860229492188,29739200,yahoo
2024-05-30,455.5,455.6400146484375,450.2099914550781,451.5499877929688,446.1544799804688,30536800,yahoo
2024-05-31,451.7799987792969,452.4800109863281,443.05999755859375,450.7099914550781,445.3245239257813,55941300,yahoo
2024-06-03,454.5700073242188,455.5799865722656,447.8999938964844,453.1300048828125,447.715576171875,32997500,yahoo
2024-06-04,452.8699951171875,455.5799865722656,451.1300048828125,454.3699951171875,448.9407958984375,23767400,yahoo
2024-06-05,457.9800109863281,463.6099853515625,454.4100036621094,463.5299987792969,457.9913024902344,33817400,yahoo
2024-06-06,464.2200012207031,464.5400085449219,462.1900024414063,463.3699951171875,457.8331909179688,21966800,yahoo
2024-06-07,463.0,465.739990234375,461.8399963378906,462.9599914550781,457.4281311035156,25829700,yahoo
2024-06-10,461.8200073242188,465.1900024414063,461.5299987792969,464.8299865722656,459.27581787109375,20660800,yahoo
2024-06-11,463.5400085449219,468.1400146484375,462.0299987792969,468.0199890136719,462.4277038574219,22053300,yahoo
2024-06-12,471.989990234375,476.5,471.2900085449219,474.1499938964844,468.4844055175781,34532600,yahoo
2024-06-13,477.7200012207031,478.3900146484375,474.4200134277344,476.7200012207031,471.023681640625,25859000,yahoo
2024-06-14,476.5199890136719,479.260009765625,476.0499877929688,479.1900024414063,473.4642028808594,23372600,yahoo
2024-06-17,479.4599914550781,486.8599853515625,478.1400146484375,485.05999755859375,479.2640380859375,37054500,yahoo
2024-06-18,485.010009765625,485.8999938964844,483.4299926757813,485.2099914550781,479.4122314453125,24438600,yahoo
2024-06-20,486.4200134277344,486.8399963378906,479.6199951171875,481.4700012207031,475.7169799804688,33918700,yahoo
2024-06-21,481.1900024414063,482.5400085449219,478.6700134277344,480.1799926757813,474.4423522949219,37456800,yahoo
2024-06-24,478.1799926757813,479.9299926757813,473.8200073242188,473.9599914550781,469.0409851074219,37751000,yahoo
2024-06-25,476.0700073242188,479.6799926757813,475.1199951171875,479.3800048828125,474.40478515625,29014700,yahoo
2024-06-26,478.5499877929688,480.9200134277344,478.1300048828125,480.3699951171875,475.3844909667969,22737100,yahoo
2024-06-27,480.1199951171875,483.1000061035156,479.2999877929688,481.6099853515625,476.6116027832031,26222100,yahoo
2024-06-28,482.4100036621094,487.2000122070313,478.4599914550781,479.1099853515625,474.1375427246094,34881600,yahoo
2024-07-01,480.0400085449219,482.489990234375,476.260009765625,481.9200134277344,476.9184265136719,24898300,yahoo
2024-07-02,480.4100036621094,487.0400085449219,480.2799987792969,486.9800109863281,481.9258728027344,26723600,yahoo
2024-07-03,486.2200012207031,491.1700134277344,486.2200012207031,491.0400085449219,485.9437561035156,18064900,yahoo
2024-07-05,491.8900146484375,496.6000061035156,491.5899963378906,496.1600036621094,491.0105895996094,28495900,yahoo
2024-07-08,496.5299987792969,497.8999938964844,495.5,497.3399963378906,492.1783447265625,22109400,yahoo
2024-07-09,498.8699951171875,500.0,496.239990234375,497.7699890136719,492.6038818359375,25614500,yahoo
2024-07-10,499.7099914550781,503.5199890136719,498.3900146484375,502.9599914550781,497.7400207519531,28046900,yahoo
2024-07-11,503.0700073242188,503.2799987792969,490.7300109863281,491.9299926757813,486.824462890625,49966600,yahoo
2024-07-12,492.510009765625,499.6199951171875,492.0400085449219,494.8200073242188,489.6844787597656,37109400,yahoo
2024-07-15,496.6099853515625,501.010009765625,494.0899963378906,496.1499938964844,491.000732421875,31151400,yahoo
2024-07-16,497.6199951171875,498.4400024414063,493.1499938964844,496.3399963378906,491.1887512207031,25950600,yahoo
2024-07-17,488.2799987792969,488.7999877929688,481.7000122070313,481.7699890136719,476.7699279785156,56268800,yahoo
2024-07-18,485.5299987792969,485.7099914550781,476.2699890136719,479.489990234375,474.51361083984375,49347400,yahoo
2024-07-19,479.1499938964844,481.6900024414063,473.9400024414063,475.239990234375,470.3077087402344,42042900,yahoo
2024-07-22,481.1600036621094,483.3500061035156,477.7099914550781,482.3200073242188,477.314208984375,40300000,yahoo
2024-07-23,481.4100036621094,484.4299926757813,480.1400146484375,480.6199951171875,475.6318359375,23282500,yahoo
2024-07-24,473.8200073242188,474.1900024414063,462.510009765625,463.3800048828125,458.5708312988281,58818600,yahoo
2024-07-25,463.7200012207031,467.9400024414063,455.6300048828125,458.2699890136719,453.5138244628906,59256800,yahoo
2024-07-26,462.6499938964844,465.9299926757813,459.7699890136719,462.9700012207031,458.16510009765625,39992100,yahoo
2024-07-29,465.7099914550781,467.9100036621094,461.6199951171875,463.8999938964844,459.0854187011719,28218500,yahoo
2024-07-30,465.8500061035156,466.55999755859375,454.1499938964844,457.5299987792969,452.7815551757813,41317200,yahoo
2024-07-31,467.8699951171875,472.7900085449219,466.4100036621094,471.0700073242188,466.1809997558594,44552100,yahoo
2024-08-01,471.760009765625,475.5499877929688,455.9800109863281,459.6600036621094,454.889404296875,56653900,yahoo
2024-08-02,450.8900146484375,453.5700073242188,444.4700012207031,448.75,444.0926513671875,66323200,yahoo
2024-08-05,424.7099914550781,442.2900085449219,423.4500122070313,435.3699951171875,430.85150146484375,87483500,yahoo
2024-08-06,437.2300109863281,447.0700073242188,434.55999755859375,439.5299987792969,434.9683532714844,63164400,yahoo
2024-08-07,446.489990234375,449.0,434.3699951171875,434.7699890136719,430.25775146484375,54929200,yahoo
2024-08-08,441.05999755859375,448.989990234375,437.1499938964844,448.0700073242188,443.4197082519531,47890100,yahoo
2024-08-09,446.739990234375,452.05999755859375,445.6099853515625,450.4100036621094,445.73541259765625,33574000,yahoo
2024-08-12,451.3900146484375,454.3699951171875,448.5499877929688,451.3800048828125,446.6953430175781,27795000,yahoo
2024-08-13,455.8200073242188,462.8500061035156,455.6799926757813,462.5799865722656,457.7790832519531,40084500,yahoo
2024-08-14,463.510009765625,465.1099853515625,458.3999938964844,462.7300109863281,457.9275817871094,34733700,yahoo
2024-08-15,468.760009765625,474.8200073242188,468.3800048828125,474.4200134277344,469.4962768554688,38280600,yahoo
2024-08-16,472.6199951171875,476.4100036621094,471.6499938964844,475.0299987792969,470.0999145507813,38383600,yahoo
2024-08-19,475.1700134277344,481.30999755859375,473.3699951171875,481.2699890136719,476.275146484375,23737700,yahoo
2024-08-20,480.3500061035156,482.9400024414063,478.5499877929688,480.260009765625,475.275634765625,29209300,yahoo
2024-08-21,481.0499877929688,484.3699951171875,479.3200073242188,482.5,477.4923706054688,25658800,yahoo
2024-08-22,484.8399963378906,485.5400085449219,473.80999755859375,474.8500061035156,469.9217834472656,37739600,yahoo
2024-08-23,479.239990234375,482.739990234375,475.2799987792969,480.0,475.018310546875,36061500,yahoo
2024-08-26,479.4500122070313,480.3800048828125,473.239990234375,475.3399963378906,470.40667724609375,27452600,yahoo
2024-08-27,473.6900024414063,477.8399963378906,471.7099914550781,476.760009765625,471.81195068359375,27510000,yahoo
2024-08-28,476.2900085449219,477.0199890136719,467.8900146484375,471.3500061035156,466.4580993652344,37372400,yahoo
2024-08-29,473.2799987792969,477.9299926757813,469.3699951171875,470.6600036621094,465.7752685546875,41081500,yahoo
2024-08-30,475.0400085449219,476.8999938964844,470.510009765625,476.2699890136719,471.3269958496094,33466500,yahoo
2024-09-03,473.2000122070313,473.3299865722656,459.4100036621094,461.80999755859375,457.01708984375,44985200,yahoo
2024-09-04,458.6700134277344,464.4500122070313,457.7300109863281,460.6099853515625,455.8295593261719,32505100,yahoo
2024-09-05,458.9700012207031,465.3599853515625,457.9400024414063,461.0400085449219,456.2550964355469,34452400,yahoo
2024-09-06,460.3299865722656,461.2200012207031,448.1900024414063,448.6900024414063,444.0332946777344,50624400,yahoo
2024-09-09,453.05999755859375,455.4599914550781,449.8200073242188,454.4599914550781,449.7433776855469,32981200,yahoo
2024-09-10,456.239990234375,459.1700134277344,452.2300109863281,458.6600036621094,453.8998107910156,29680300,yahoo
2024-09-11,459.9100036621094,469.3699951171875,451.2799987792969,468.6199951171875,463.7564392089844,57843000,yahoo
2024-09-12,468.6499938964844,474.0400085449219,466.8500061035156,473.2200012207031,468.3086853027344,40067800,yahoo
2024-09-13,472.4800109863281,476.5299987792969,472.25,475.3399963378906,470.40667724609375,29111800,yahoo
2024-09-16,473.1900024414063,473.8599853515625,469.8900146484375,473.239990234375,468.3284912109375,22585600,yahoo
2024-09-17,476.2900085449219,477.6000061035156,470.9700012207031,473.489990234375,468.5758361816406,30084400,yahoo
2024-09-18,474.7000122070313,478.8299865722656,470.8299865722656,471.4400024414063,466.5471801757813,39909200,yahoo
2024-09-19,482.6099853515625,486.2300109863281,480.489990234375,483.3599853515625,478.3434448242188,52782500,yahoo
2024-09-20,482.489990234375,483.6900024414063,478.2999877929688,482.4400024414063,477.4330139160156,34577700,yahoo
2024-09-23,482.9500122070313,484.1400146484375,481.6000061035156,483.0400085449219,478.6985168457031,24843000,yahoo
2024-09-24,484.4599914550781,486.3299865722656,480.1700134277344,485.3699951171875,481.007568359375,25952600,yahoo
2024-09-25,484.739990234375,487.7900085449219,484.55999755859375,485.8200073242188,481.4535217285156,26549900,yahoo
2024-09-26,493.3699951171875,493.7000122070313,485.7999877929688,489.4700012207031,485.07073974609375,32020200,yahoo
2024-09-27,490.5,490.6400146484375,485.55999755859375,486.75,482.3751525878906,22851100,yahoo
2024-09-30,485.7799987792969,488.4100036621094,482.9200134277344,488.0700073242188,483.6833190917969,30281100,yahoo
2024-10-01,487.7000122070313,488.0,477.3999938964844,481.2699890136719,476.9444274902344,42735400,yahoo
2024-10-02,480.3599853515625,483.8800048828125,477.7200012207031,481.9500122070313,477.6183471679688,23744000,yahoo
2024-10-03,479.739990234375,484.5499877929688,478.989990234375,481.5899963378906,477.2615356445313,25337200,yahoo
2024-10-04,487.4500122070313,487.8800048828125,482.3900146484375,487.3200073242188,482.9400329589844,30686600,yahoo
2024-10-07,485.3900146484375,486.5700073242188,480.8699951171875,482.1000061035156,477.7669372558594,24975100,yahoo
2024-10-08,484.6600036621094,489.989990234375,483.8500061035156,489.2999877929688,484.90228271484375,28272000,yahoo
2024-10-09,489.0,493.7300109863281,487.9500122070313,493.1499938964844,488.7176513671875,24995000,yahoo
2024-10-10,490.8500061035156,494.4700012207031,489.5299987792969,492.5899963378906,488.1626892089844,25750400,yahoo
2024-10-11,490.739990234375,494.3900146484375,490.1700134277344,493.3599853515625,488.9257507324219,20644500,yahoo
2024-10-14,495.7699890136719,498.8299865722656,495.260009765625,497.5,493.0285339355469,26060100,yahoo
2024-10-15,497.8299865722656,498.5,488.6799926757813,490.8500061035156,486.4383239746094,34784500,yahoo
2024-10-16,491.1799926757813,491.6900024414063,487.5700073242188,490.9100036621094,486.4977722167969,22996800,yahoo
2024-10-17,496.4400024414063,496.489990234375,491.1900024414063,491.25,486.834716796875,27210700,yahoo
2024-10-18,494.05999755859375,495.5700073242188,493.2999877929688,494.4700012207031,490.0257568359375,25335000,yahoo
2024-10-21,493.25,496.2300109863281,491.30999755859375,495.4200134277344,490.96722412109375,30336500,yahoo
2024-10-22,492.7300109863281,497.4500122070313,491.9700012207031,495.9599914550781,491.5024108886719,26685800,yahoo
2024-10-23,493.5899963378906,494.25,485.0499877929688,488.3599853515625,483.9707336425781,39346600,yahoo
2024-10-24,492.1099853515625,493.0,489.4400024414063,492.3200073242188,487.8951110839844,22024900,yahoo
2024-10-25,495.1400146484375,500.2799987792969,494.4299926757813,495.3200073242188,490.8681640625,38762100,yahoo
2024-10-28,498.4599914550781,498.5199890136719,495.1000061035156,495.3999938964844,490.9473876953125,20477800,yahoo
2024-10-29,495.7200012207031,501.3500061035156,493.8500061035156,500.1600036621094,495.6646423339844,28014100,yahoo
2024-10-30,499.3900146484375,500.3500061035156,495.8900146484375,496.3800048828125,491.9186096191406,29756000,yahoo
2024-10-31,492.3800048828125,492.4299926757813,483.75,483.8500061035156,479.5012512207031,41245200,yahoo
2024-11-01,485.5,490.75,485.2000122070313,487.4299926757813,483.049072265625,33655800,yahoo
2024-11-04,486.8200073242188,489.3800048828125,484.25,486.010009765625,481.6418151855469,23291600,yahoo
2024-11-05,487.6099853515625,492.8800048828125,487.5199890136719,492.2099914550781,487.78607177734375,24353600,yahoo
2024-11-06,500.55999755859375,506.4100036621094,499.6000061035156,505.5799865722656,501.035888671875,43082200,yahoo
2024-11-07,508.3999938964844,514.3300170898438,508.3399963378906,513.5399780273438,508.92431640625,32853100,yahoo
2024-11-08,513.0399780273438,514.9199829101562,512.4099731445312,514.1400146484375,509.51904296875,22924500,yahoo
2024-11-11,515.3699951171875,515.5800170898438,510.9200134277344,513.8400268554688,509.2217102050781,24167500,yahoo
2024-11-12,513.77001953125,514.6599731445312,509.8299865722656,512.9099731445312,508.3000183105469,25835300,yahoo
2024-11-13,512.4000244140625,514.97998046875,509.9500122070313,512.25,507.64599609375,24567400,yahoo
2024-11-14,511.9100036621094,512.7899780273438,507.7699890136719,508.6900024414063,504.1180114746094,28679500,yahoo
2024-11-15,502.9400024414063,503.3299865722656,494.489990234375,496.5700073242188,492.1069030761719,51461100,yahoo
2024-11-18,498.1300048828125,502.1400146484375,496.7300109863281,500.0199890136719,495.5259094238281,27080800,yahoo
2024-11-19,497.4200134277344,503.9500122070313,497.0799865722656,503.4599914550781,498.9349670410156,24523000,yahoo
2024-11-20,503.1600036621094,503.4800109863281,496.55999755859375,503.1700134277344,498.6475830078125,29565500,yahoo
2024-11-21,506.239990234375,506.9599914550781,497.55999755859375,504.9800109863281,500.4413146972656,34526700,yahoo
2024-11-22,504.4200134277344,506.5299987792969,502.7799987792969,505.7900085449219,501.2440490722656,23826600,yahoo
2024-11-25,509.8999938964844,511.4500122070313,504.260009765625,506.5899963378906,502.0368347167969,26375200,yahoo
2024-11-26,508.0799865722656,510.1400146484375,507.2300109863281,509.30999755859375,504.7323913574219,26557100,yahoo
2024-11-27,508.1700134277344,508.239990234375,501.9299926757813,505.2999877929688,500.7584838867188,24957400,yahoo
2024-11-29,505.9299926757813,510.3399963378906,505.30999755859375,509.739990234375,505.1585693359375,15334000,yahoo
2024-12-02,511.010009765625,516.260009765625,510.6199951171875,515.2899780273438,510.65863037109375,25147200,yahoo
2024-12-03,513.9500122070312,517.1500244140625,513.3699951171875,516.8699951171875,512.2243041992188,18597900,yahoo
2024-12-04,520.3200073242188,523.52001953125,519.5999755859375,523.260009765625,518.5570068359375,26086200,yahoo
2024-12-05,523.3099975585938,524.0399780273438,521.4199829101562,521.8099975585938,517.1200561523438,18169600,yahoo
2024-12-06,522.47998046875,526.719970703125,522.3499755859375,526.47998046875,521.748046875,23762600,yahoo
2024-12-09,525.5499877929688,526.3499755859375,521.219970703125,522.3800048828125,517.68505859375,20674400,yahoo
2024-12-10,523.6199951171875,525.3800048828125,519.1599731445312,520.5999755859375,515.9208984375,24350000,yahoo
2024-12-11,525.0,530.6099853515625,524.5900268554688,529.9199829101562,525.1571655273438,32168600,yahoo
2024-12-12,527.6799926757812,528.9600219726562,526.02001953125,526.5,521.7678833007812,23577500,yahoo
2024-12-13,530.4600219726562,533.1699829101562,527.2999877929688,530.530029296875,525.76171875,28780400,yahoo
2024-12-16,533.0800170898438,539.1500244140625,533.0,538.1699829101562,533.3330078125,31979900,yahoo
2024-12-17,536.3599853515625,537.47998046875,534.1300048828125,535.7999877929688,530.9842529296875,28579100,yahoo
2024-12-18,535.1500244140625,536.8800048828125,515.010009765625,516.469970703125,511.8280944824219,54703200,yahoo
2024-12-19,521.1900024414062,521.760009765625,513.8300170898438,514.1699829101562,509.5487365722656,46441800,yahoo
2024-12-20,510.4400024414063,524.8200073242188,509.2900085449219,518.6599731445312,513.9984130859375,60530000,yahoo
2024-12-23,519.5499877929688,523.25,516.1300048828125,522.8699951171875,519.006103515625,29672800,yahoo
2024-12-24,524.8300170898438,530.0499877929688,524.1900024414062,529.9600219726562,526.0438232421875,17558200,yahoo
2024-12-26,528.3200073242188,531.239990234375,526.3099975585938,529.5999755859375,525.686279296875,19090500,yahoo
2024-12-27,526.010009765625,526.4500122070312,517.8599853515625,522.5599975585938,518.6983032226562,33839600,yahoo
2024-12-30,515.510009765625,519.3599853515625,511.8299865722656,515.6099853515625,511.7997741699219,34584000,yahoo
2024-12-31,516.9000244140625,517.6599731445312,510.260009765625,511.2300109863281,507.45208740234375,29117000,yahoo
2025-01-02,514.2999877929688,516.6400146484375,505.7099914550781,510.2300109863281,506.45947265625,36389800,yahoo
2025-01-03,513.3499755859375,519.6500244140625,512.530029296875,518.5800170898438,514.7477416992188,29059500,yahoo
2025-01-06,524.02001953125,527.9199829101562,522.030029296875,524.5399780273438,520.6636962890625,36109700,yahoo
2025-01-07,525.5900268554688,525.989990234375,513.280029296875,515.1799926757812,511.3728942871094,36690300,yahoo
2025-01-08,515.0800170898438,516.9199829101562,510.5700073242188,515.27001953125,511.4622497558594,30777800,yahoo
2025-01-10,511.4800109863281,511.5799865722656,503.9200134277344,507.1900024414063,503.4419555664063,40532500,yahoo
2025-01-13,501.2000122070313,506.0199890136719,499.7000122070313,505.55999755859375,501.8240051269531,31694200,yahoo
2025-01-14,508.739990234375,510.1600036621094,501.5899963378906,505.0799865722656,501.34759521484375,33737200,yahoo
2025-01-15,513.030029296875,517.8499755859375,511.4599914550781,516.7000122070312,512.8816528320312,34957600,yahoo
2025-01-16,518.97998046875,519.0599975585938,512.9500122070312,513.0800170898438,509.28851318359375,28229000,yahoo
2025-01-17,522.8499755859375,524.0700073242188,513.1099853515625,521.739990234375,517.8843994140625,51837900,yahoo
2025-01-21,524.47998046875,525.969970703125,520.0599975585938,524.7999877929688,520.9218139648438,23628000,yahoo
2025-01-22,529.5700073242188,533.8200073242188,529.260009765625,531.510009765625,527.5822143554688,33593000,yahoo
2025-01-23,529.0399780273438,532.760009765625,528.4500122070312,532.6400146484375,528.7039184570312,23096600,yahoo
2025-01-24,533.02001953125,533.7899780273438,528.1500244140625,529.6300048828125,525.7162475585938,19878300,yahoo
2025-01-27,511.0,517.989990234375,510.1499938964844,514.2100219726562,510.4100646972656,60771700,yahoo
2025-01-28,515.219970703125,523.0,511.7799987792969,521.8099975585938,517.9539184570312,33194200,yahoo
2025-01-29,522.4600219726562,522.5900268554688,516.9000244140625,520.8300170898438,516.981201171875,26649000,yahoo
2025-01-30,523.7100219726562,526.0999755859375,518.2100219726562,523.0499877929688,519.1846923828125,27431300,yahoo
2025-01-31,526.9199829101562,531.52001953125,521.1900024414062,522.2899780273438,518.4302978515625,38755200,yahoo
2025-02-03,513.469970703125,520.8499755859375,511.0499877929688,518.1099853515625,514.28125,40580800,yahoo
2025-02-04,518.6300048828125,525.1099853515625,518.22998046875,524.469970703125,520.59423828125,26046800,yahoo
2025-02-05,521.8200073242188,527.010009765625,520.6199951171875,526.8499755859375,522.9566650390625,21134100,yahoo
2025-02-06,527.3599853515625,529.8099975585938,525.739990234375,529.5999755859375,525.686279296875,19434500,yahoo
2025-02-07,530.1400146484375,532.0999755859375,522.1900024414062,522.9199829101562,519.0557861328125,29605500,yahoo
2025-02-10,527.219970703125,530.3599853515625,526.75,529.25,525.3389282226562,20852800,yahoo
2025-02-11,525.9600219726562,529.9199829101562,525.8300170898438,527.989990234375,524.0882568359375,19325500,yahoo
2025-02-12,522.2999877929688,529.1900024414062,521.9500122070312,528.2999877929688,524.3958740234375,25009400,yahoo
2025-02-13,529.97998046875,536.219970703125,529.1900024414062,535.9000244140625,531.9397583007812,28714800,yahoo
2025-02-14,536.010009765625,538.8400268554688,535.6699829101562,538.1500244140625,534.1732177734375,17862600,yahoo
2025-02-18,539.72998046875,540.0,536.0399780273438,539.3699951171875,535.3841552734375,20565000,yahoo
2025-02-19,538.5700073242188,540.8099975585938,536.4600219726562,539.52001953125,535.5330810546875,19666900,yahoo
2025-02-20,538.72998046875,539.0999755859375,532.4600219726562,537.22998046875,533.2598876953125,26550800,yahoo
2025-02-21,538.3800048828125,538.4000244140625,525.7100219726562,526.0800170898438,522.1923828125,47093800,yahoo
2025-02-24,527.8800048828125,529.0700073242188,519.530029296875,519.8699951171875,516.0283203125,39268400,yahoo
2025-02-25,519.239990234375,519.3200073242188,509.4400024414063,513.3200073242188,509.5266723632813,48940000,yahoo
2025-02-26,515.530029296875,519.6599731445312,511.3699951171875,514.5599975585938,510.757568359375,34457600,yahoo
2025-02-27,518.1300048828125,519.0700073242188,500.0499877929688,500.2699890136719,496.5730590820313,52448000,yahoo
2025-02-28,500.1300048828125,508.7799987792969,496.9299926757813,508.1700134277344,504.4147338867188,47654000,yahoo
2025-03-03,511.5199890136719,513.0399780273438,493.5799865722656,497.0499877929688,493.3768615722656,44587200,yahoo
2025-03-04,494.1799926757813,503.739990234375,487.739990234375,495.5499877929688,491.8879699707031,67875400,yahoo
2025-03-05,496.2000122070313,503.6300048828125,491.260009765625,502.010009765625,498.3002624511719,46323700,yahoo
2025-03-06,493.6900024414063,498.5799865722656,486.2000122070313,488.2000122070313,484.59228515625,57574300,yahoo
2025-03-07,487.1600036621094,493.2799987792969,480.5299987792969,491.7900085449219,488.15576171875,54714700,yahoo
2025-03-10,483.4500122070313,483.9700012207031,468.6600036621094,472.7300109863281,469.2366333007813,76668000,yahoo
2025-03-11,472.3500061035156,478.80999755859375,467.010009765625,471.6000061035156,468.114990234375,68760800,yahoo
2025-03-12,479.1600036621094,481.05999755859375,471.7900085449219,476.9200134277344,473.3956909179688,46971100,yahoo
2025-03-13,476.25,476.2799987792969,466.4299926757813,468.3399963378906,464.8790588378906,46563300,yahoo
2025-03-14,473.7300109863281,480.55999755859375,473.1199951171875,479.6600036621094,476.1154174804688,43563000,yahoo
2025-03-17,479.6099853515625,485.8399963378906,477.7999877929688,482.7699890136719,479.2024230957031,41744400,yahoo
2025-03-18,479.4100036621094,479.6099853515625,472.4100036621094,474.5400085449219,471.03326416015625,39072300,yahoo
2025-03-19,476.80999755859375,485.3299865722656,474.8699951171875,480.8900146484375,477.3363342285156,40430300,yahoo
2025-03-20,476.8800048828125,484.5499877929688,476.1799926757813,479.260009765625,475.7183227539063,36780500,yahoo
2025-03-21,474.0799865722656,481.6099853515625,472.9100036621094,480.8399963378906,477.2866516113281,42234900,yahoo
2025-03-24,487.739990234375,491.510009765625,484.3999938964844,490.6600036621094,487.7604370117188,34567200,yahoo
2025-03-25,491.3900146484375,493.6199951171875,490.4200134277344,493.4599914550781,490.5438537597656,26035200,yahoo
2025-03-26,492.2999877929688,493.1600036621094,482.8200073242188,484.3800048828125,481.51751708984375,34627100,yahoo
2025-03-27,482.4100036621094,486.5799865722656,480.25,481.6199951171875,478.7738342285156,33469800,yahoo
2025-03-28,479.80999755859375,480.5199890136719,468.0499877929688,468.9400024414063,466.1687622070313,46363800,yahoo
2025-03-31,461.9200134277344,469.8599853515625,457.3299865722656,468.9200134277344,466.1488952636719,53000300,yahoo
2025-04-01,467.2999877929688,473.6300048828125,464.4200134277344,472.7000122070313,469.9065551757813,41156200,yahoo
2025-04-02,466.1199951171875,479.55999755859375,465.8599853515625,476.1499938964844,473.3361511230469,49894500,yahoo
2025-04-03,456.4400024414063,460.0700073242188,450.1400146484375,450.6600036621094,447.9967956542969,70456300,yahoo
2025-04-04,438.1400146484375,440.3699951171875,422.6700134277344,422.6700134277344,420.1721801757813,117088400,yahoo
2025-04-07,408.6600036621094,443.1400146484375,402.3900146484375,423.6900024414063,421.1861877441406,161557000,yahoo
2025-04-08,438.1600036621094,443.1400146484375,409.7900085449219,416.05999755859375,413.6012573242188,101248100,yahoo
2025-04-09,415.5700073242188,467.8299865722656,415.4299926757813,466.0,463.2461242675781,142876900,yahoo
2025-04-10,453.55999755859375,455.5899963378906,432.6300048828125,446.1799926757813,443.5432434082031,108384100,yahoo
2025-04-11,444.6499938964844,455.7900085449219,441.3299865722656,454.3999938964844,451.7146606445313,52483800,yahoo
2025-04-14,464.4599914550781,465.0499877929688,452.6300048828125,457.4800109863281,454.7765197753906,43941200,yahoo
2025-04-15,458.5400085449219,462.3800048828125,456.1499938964844,457.989990234375,455.2835083007813,35404200,yahoo
2025-04-16,449.0299987792969,452.6199951171875,437.760009765625,444.1799926757813,441.55511474609375,48980600,yahoo
2025-04-17,447.1700134277344,447.75,441.3599853515625,444.1000061035156,441.4755859375,44837000,yahoo
2025-04-21,438.2300109863281,439.0799865722656,427.9299926757813,433.1099853515625,430.5504455566406,44149300,yahoo
2025-04-22,438.8200073242188,447.5799865722656,437.6199951171875,444.4800109863281,441.8533630371094,52304400,yahoo
2025-04-23,458.1700134277344,463.3800048828125,452.8800048828125,454.55999755859375,451.8737487792969,55801100,yahoo
2025-04-24,456.4800109863281,467.6600036621094,455.8299865722656,467.3500061035156,464.5881958007813,45956100,yahoo
2025-04-25,466.9700012207031,473.0899963378906,465.3900146484375,472.55999755859375,469.7673950195313,38697100,yahoo
2025-04-28,473.0299987792969,474.80999755859375,466.0299987792969,472.4100036621094,469.61822509765625,33550800,yahoo
2025-04-29,470.1700134277344,476.4200134277344,469.5899963378906,475.5299987792969,472.7198181152344,30613100,yahoo
2025-04-30,467.1300048828125,477.2000122070313,462.4299926757813,475.4700012207031,472.6601867675781,46810600,yahoo
2025-05-01,483.4100036621094,487.1799926757813,480.739990234375,481.6799926757813,478.83343505859375,43316500,yahoo
2025-05-02,486.5400085449219,490.9100036621094,484.8299865722656,488.8299865722656,485.9412231445313,39218100,yahoo
2025-05-05,484.6000061035156,489.0299987792969,484.1000061035156,485.9299926757813,483.058349609375,28309500,yahoo
2025-05-06,479.55999755859375,485.0499877929688,478.1900024414063,481.4100036621094,478.5650634765625,32786300,yahoo
2025-05-07,482.0799865722656,485.7999877929688,476.7799987792969,483.2999877929688,480.4438781738281,38006300,yahoo
2025-05-08,488.5299987792969,492.7000122070313,484.1700134277344,488.2900085449219,485.4044189453125,39577600,yahoo
2025-05-09,490.2099914550781,491.5400085449219,486.2000122070313,487.9700012207031,485.0863037109375,27767400,yahoo
2025-05-12,506.989990234375,507.8900146484375,501.4800109863281,507.8500061035156,504.8488159179688,45090600,yahoo
2025-05-13,509.1600036621094,517.3900146484375,508.4200134277344,515.5900268554688,512.5431518554688,53269600,yahoo
2025-05-14,516.77001953125,519.22998046875,515.75,518.6799926757812,515.6148071289062,47014500,yahoo
2025-05-15,516.52001953125,521.9299926757812,515.1699829101562,519.25,516.1814575195312,50153300,yahoo
2025-05-16,520.6599731445312,521.7000122070312,517.0999755859375,521.510009765625,518.4280395507812,48394600,yahoo
2025-05-19,514.239990234375,522.530029296875,514.239990234375,522.010009765625,518.9251098632812,52536200,yahoo
2025-05-20,519.469970703125,520.9299926757812,516.6599731445312,520.27001953125,517.1954345703125,42517600,yahoo
2025-05-21,516.27001953125,523.0,511.239990234375,513.0399780273438,510.0081481933594,71292800,yahoo
2025-05-22,513.6599731445312,517.7100219726562,512.2999877929688,514.0,510.9624938964844,55607200,yahoo
2025-05-23,506.1799926757813,511.8399963378906,505.5799865722656,509.239990234375,506.2306213378906,58368100,yahoo
2025-05-27,516.1500244140625,521.7100219726562,514.5900268554688,521.219970703125,518.1397705078125,47226300,yahoo
2025-05-28,522.1799926757812,523.6799926757812,518.3900146484375,518.9099731445312,515.8434448242188,46637200,yahoo
2025-05-29,526.3300170898438,526.47998046875,517.3200073242188,519.9299926757812,516.857421875,58513300,yahoo
2025-05-30,519.4400024414062,520.6799926757812,511.9299926757813,519.1099853515625,516.042236328125,67662800,yahoo
2025-06-02,517.239990234375,523.4500122070312,515.969970703125,523.2100219726562,520.1181030273438,44762800,yahoo
2025-06-03,523.5599975585938,528.739990234375,522.6900024414062,527.2999877929688,524.183837890625,44070300,yahoo
2025-06-04,528.010009765625,529.8400268554688,525.969970703125,528.77001953125,525.6452026367188,41359300,yahoo
2025-06-05,530.1799926757812,533.0499877929688,522.6599731445312,524.7899780273438,521.6886596679688,61031200,yahoo
2025-06-06,530.0,531.7999877929688,528.2100219726562,529.9199829101562,526.788330078125,42467000,yahoo
2025-06-09,530.1400146484375,532.3499755859375,529.010009765625,530.7000122070312,527.5638427734375,33688700,yahoo
2025-06-10,531.1699829101562,534.9000244140625,528.8900146484375,534.2100219726562,531.0530395507812,40664800,yahoo
2025-06-11,535.6199951171875,536.780029296875,530.1099853515625,532.4099731445312,529.2636108398438,53701000,yahoo
2025-06-12,531.0900268554688,534.6400146484375,530.8400268554688,533.6599731445312,530.5062255859375,34104900,yahoo
2025-06-13,527.6799926757812,531.8699951171875,525.72998046875,526.9600219726562,523.8458251953125,55814400,yahoo
2025-06-16,530.5,535.3699951171875,530.4500122070312,534.2899780273438,531.132568359375,37622100,yahoo
2025-06-17,531.7100219726562,533.3300170898438,527.9099731445312,529.0800170898438,525.953369140625,42180900,yahoo
2025-06-18,530.0999755859375,532.5499877929688,527.4000244140625,528.989990234375,525.8638305664062,43983500,yahoo
2025-06-20,532.260009765625,533.5599975585938,524.8800048828125,526.8300170898438,523.7167358398438,61643500,yahoo
2025-06-23,526.8099975585938,532.1699829101562,523.6500244140625,531.6500244140625,529.1017456054688,50666100,yahoo
2025-06-24,536.8900146484375,540.7000122070312,536.27001953125,539.780029296875,537.1928100585938,45442000,yahoo
2025-06-25,542.0599975585938,543.3099975585938,539.3800048828125,541.1599731445312,538.5660400390625,44804200,yahoo
2025-06-26,543.3499755859375,546.6699829101562,541.52001953125,546.219970703125,543.6018676757812,43811400,yahoo
2025-06-27,547.260009765625,549.989990234375,544.5399780273438,548.0900268554688,545.4629516601562,57577100,yahoo
2025-06-30,551.260009765625,552.7999877929688,549.010009765625,551.6400146484375,548.9959106445312,45548700,yahoo
2025-07-01,549.72998046875,550.7100219726562,544.6599731445312,546.989990234375,544.3682250976562,56166700,yahoo
2025-07-02,546.1599731445312,551.0,546.1199951171875,550.7999877929688,548.159912109375,36538300,yahoo
2025-07-03,553.1799926757812,557.2000122070312,553.1799926757812,556.219970703125,553.553955078125,26443500,yahoo
2025-07-07,553.52001953125,554.3400268554688,549.5800170898438,552.030029296875,549.3840942382812,45349300,yahoo
2025-07-08,553.3800048828125,554.010009765625,551.0999755859375,552.3400268554688,549.6925659179688,36153300,yahoo
2025-07-09,554.47998046875,557.6300048828125,553.0999755859375,556.25,553.5838012695312,43045500,yahoo
2025-07-10,556.8900146484375,557.2999877929688,552.75,555.4500122070312,552.7877197265625,34710900,yahoo
2025-07-11,553.2999877929688,555.7899780273438,552.0499877929688,554.2000122070312,551.5436401367188,39618600,yahoo
2025-07-14,553.989990234375,556.9500122070312,551.6300048828125,556.2100219726562,553.5440673828125,36453300,yahoo
2025-07-15,560.25,560.7999877929688,556.6599731445312,556.719970703125,554.051513671875,43277700,yahoo
2025-07-16,557.280029296875,560.2100219726562,551.5599975585938,557.2899780273438,554.6188354492188,52314700,yahoo
2025-07-17,558.02001953125,562.3099975585938,557.2100219726562,561.7999877929688,559.1072387695312,40423800,yahoo
2025-07-18,563.1199951171875,564.72998046875,559.97998046875,561.260009765625,558.56982421875,50484700,yahoo
2025-07-21,562.0900268554688,566.0599975585938,562.0599975585938,564.1699829101562,561.4658813476562,39595200,yahoo
2025-07-22,564.2999877929688,564.3499755859375,558.6099853515625,561.25,558.559814453125,43270600,yahoo
2025-07-23,562.3400268554688,563.8499755859375,559.5800170898438,563.8099975585938,561.1075439453125,40215300,yahoo
2025-07-24,565.1300048828125,566.239990234375,563.2899780273438,565.010009765625,562.3018188476562,42275500,yahoo
2025-07-25,564.9299926757812,567.7000122070312,564.27001953125,566.3699951171875,563.6552734375,30630800,yahoo
2025-07-28,567.739990234375,569.0399780273438,566.8699951171875,568.1400146484375,565.4169311523438,31498700,yahoo
2025-07-29,570.760009765625,572.1099853515625,566.530029296875,567.260009765625,564.541015625,45463300,yahoo
2025-07-30,568.1799926757812,570.6199951171875,565.0499877929688,568.02001953125,565.2974243164062,43433800,yahoo
2025-07-31,574.5399780273438,574.6300048828125,563.8699951171875,565.010009765625,562.3018188476562,64613600,yahoo
2025-08-01,558.8300170898438,559.02001953125,551.6799926757812,553.8800048828125,551.2252197265625,69400800,yahoo
2025-08-04,559.0499877929688,564.3200073242188,558.9500122070312,564.0999755859375,561.3961181640625,47669800,yahoo
2025-08-05,565.3900146484375,566.5599975585938,559.72998046875,560.27001953125,557.5845947265625,48666600,yahoo
2025-08-06,561.1099853515625,567.760009765625,560.6300048828125,567.3200073242188,564.6007690429688,41823700,yahoo
2025-08-07,571.6699829101562,573.3200073242188,565.1099853515625,569.239990234375,566.5115356445312,44463000,yahoo
2025-08-08,570.4500122070312,574.77001953125,570.1500244140625,574.5499877929688,571.7960815429688,35255500,yahoo
2025-08-11,574.6900024414062,576.7999877929688,571.5700073242188,572.8499755859375,570.104248046875,33112900,yahoo
2025-08-12,575.1599731445312,580.3499755859375,572.489990234375,580.0499877929688,577.2697143554688,42143300,yahoo
2025-08-13,582.760009765625,583.3200073242188,578.9400024414062,580.3400268554688,577.5584106445312,41209300,yahoo
2025-08-14,578.280029296875,581.8800048828125,577.9099731445312,579.8900146484375,577.1105346679688,45425000,yahoo
2025-08-15,579.7999877929688,579.8400268554688,575.5700073242188,577.3400268554688,574.57275390625,49480200,yahoo
2025-08-18,576.4400024414062,577.77001953125,575.239990234375,577.1099853515625,574.3438720703125,29831000,yahoo
2025-08-19,576.3900146484375,576.5599975585938,568.25,569.280029296875,566.5513916015625,53752600,yahoo
2025-08-20,568.3300170898438,568.4500122070312,558.8400268554688,565.9000244140625,563.1876220703125,76781100,yahoo
2025-08-21,564.3499755859375,566.489990234375,560.97998046875,563.280029296875,560.5802001953125,46436900,yahoo
2025-08-22,564.6699829101562,573.989990234375,563.27001953125,571.969970703125,569.2284545898438,51502100,yahoo
2025-08-25,570.4000244140625,573.2899780273438,569.1599731445312,570.3200073242188,567.5864868164062,34044700,yahoo
2025-08-26,569.8300170898438,572.9199829101562,568.7999877929688,572.6099853515625,569.8653564453125,34103000,yahoo
2025-08-27,571.5900268554688,574.4099731445312,570.3699951171875,573.489990234375,570.7412109375,36927100,yahoo
2025-08-28,574.1099853515625,578.0,572.4600219726562,577.0800170898438,574.3140258789062,46787900,yahoo
2025-08-29,574.6599731445312,575.030029296875,568.5399780273438,570.4000244140625,567.666015625,56030400,yahoo
2025-09-02,561.3099975585938,565.969970703125,559.5399780273438,565.6199951171875,562.908935546875,65876800,yahoo
2025-09-03,569.22998046875,571.7000122070312,566.72998046875,570.0700073242188,567.3375854492188,54230200,yahoo
2025-09-04,570.739990234375,575.5999755859375,569.030029296875,575.22998046875,572.4728393554688,47526300,yahoo
2025-09-05,580.489990234375,581.1199951171875,571.530029296875,576.0599975585938,573.298828125,68342500,yahoo
2025-09-08,578.3699951171875,580.8400268554688,577.77001953125,578.8699951171875,576.0953979492188,46371400,yahoo
2025-09-09,579.6699829101562,580.9400024414062,577.0399780273438,580.510009765625,577.7275390625,44007600,yahoo
2025-09-10,583.739990234375,583.77001953125,578.5499877929688,580.7000122070312,577.9166870117188,49308000,yahoo
2025-09-11,583.239990234375,584.8800048828125,581.6199951171875,584.0800170898438,581.2804565429688,44745800,yahoo
2025-09-12,585.0399780273438,587.8599853515625,584.0999755859375,586.6599731445312,583.8480224609375,50745900,yahoo
2025-09-15,588.4400024414062,591.7899780273438,588.2899780273438,591.6799926757812,588.843994140625,44360300,yahoo
2025-09-16,592.6099853515625,592.8599853515625,590.489990234375,591.1799926757812,588.3463745117188,36942100,yahoo
2025-09-17,591.0999755859375,591.75,584.3699951171875,590.0,587.1720581054688,69384800,yahoo
2025-09-18,594.9099731445312,598.1400146484375,592.9600219726562,595.3200073242188,592.466552734375,61069300,yahoo
2025-09-19,597.3300170898438,600.0499877929688,595.8499755859375,599.3499755859375,596.4772338867188,58196100,yahoo
2025-09-22,597.739990234375,602.8699951171875,597.719970703125,602.2000122070312,600.0083618164062,57154800,yahoo
2025-09-23,602.3699951171875,602.5700073242188,596.97998046875,598.2000122070312,596.0228881835938,64635500,yahoo
2025-09-24,599.5800170898438,599.9000244140625,593.3599853515625,596.0999755859375,593.9305419921875,49850300,yahoo
2025-09-25,592.2000122070312,595.1199951171875,588.5,593.530029296875,591.3699951171875,70920200,yahoo
2025-09-26,594.3499755859375,596.2999877929688,591.0599975585938,595.969970703125,593.8009643554688,54337400,yahoo
2025-09-29,599.1099853515625,602.0499877929688,597.4099731445312,598.72998046875,596.5509643554688,48332900,yahoo
2025-09-30,598.4299926757812,600.7100219726562,596.0999755859375,600.3699951171875,598.18505859375,46533800,yahoo
2025-10-01,597.1699829101562,603.7899780273438,596.3400268554688,603.25,601.0545043945312,46899600,yahoo
2025-10-02,607.0599975585938,607.1599731445312,602.9299926757812,605.72998046875,603.5254516601562,43765400,yahoo
2025-10-03,606.510009765625,607.3300170898438,601.3900146484375,603.1799926757812,600.9848022460938,46482100,yahoo
2025-10-06,608.4500122070312,609.3599853515625,605.969970703125,607.7100219726562,605.498291015625,41962100,yahoo
2025-10-07,609.02001953125,609.7100219726562,603.030029296875,604.510009765625,602.3099365234375,58209500,yahoo
2025-10-08,605.4099731445312,611.75,605.260009765625,611.4400024414062,609.2147216796875,50629800,yahoo
2025-10-09,611.47998046875,611.6099853515625,607.47998046875,610.7000122070312,608.4774780273438,45551000,yahoo
2025-10-10,611.4000244140625,613.1799926757812,589.0499877929688,589.5,587.3545532226562,97614800,yahoo
2025-10-13,599.6799926757812,602.9500122070312,597.22998046875,602.010009765625,599.8190307617188,65872600,yahoo
2025-10-14,595.3099975585938,602.6900024414062,590.1300048828125,598.0,595.8236694335938,69203200,yahoo
2025-10-15,604.010009765625,606.7000122070312,595.9299926757812,602.219970703125,600.0283203125,62805500,yahoo
2025-10-16,605.1099853515625,608.3099975585938,595.5,599.989990234375,597.8064575195312,70982000,yahoo
2025-10-17,597.9500122070312,605.510009765625,596.3699951171875,603.9299926757812,601.7320556640625,72024900,yahoo
2025-10-20,607.1400146484375,612.7999877929688,607.0700073242188,611.5399780273438,609.3143310546875,45761700,yahoo
2025-10-21,611.6400146484375,612.719970703125,609.3200073242188,611.3800048828125,609.1549682617188,44538200,yahoo
2025-10-22,610.8200073242188,611.4099731445312,599.739990234375,605.489990234375,603.286376953125,61478800,yahoo
2025-10-23,604.9099731445312,611.3699951171875,604.52001953125,610.5800170898438,608.3578491210938,42844300,yahoo
2025-10-24,615.989990234375,618.4199829101562,615.1300048828125,617.0999755859375,614.8540649414062,47632500,yahoo
2025-10-27,624.52001953125,628.5499877929688,624.030029296875,628.0900268554688,625.80419921875,54098600,yahoo
2025-10-28,630.3599853515625,634.6799926757812,629.25,632.9199829101562,630.6165161132812,61195700,yahoo
2025-10-29,635.5900268554688,637.010009765625,630.25,635.77001953125,633.4561767578125,67422800,yahoo
2025-10-30,632.1699829101562,633.5,625.9400024414062,626.0499877929688,623.7715454101562,61628600,yahoo
2025-10-31,634.1699829101562,634.2000122070312,626.6900024414062,629.0700073242188,626.7805786132812,66305100,yahoo
2025-11-03,635.1099853515625,635.8200073242188,629.8499755859375,632.0800170898438,629.7796020507812,37154300,yahoo
2025-11-04,623.280029296875,626.9500122070312,618.4600219726562,619.25,616.996337890625,63830800,yahoo
2025-11-05,618.489990234375,626.5999755859375,617.2100219726562,623.280029296875,621.0116577148438,48688500,yahoo
2025-11-06,621.7899780273438,622.0399780273438,610.2999877929688,611.6699829101562,609.4439086914062,72115100,yahoo
2025-11-07,608.3099975585938,609.9500122070312,598.6699829101562,609.739990234375,607.5208740234375,81835400,yahoo
2025-11-10,618.9199829101562,624.3099975585938,616.8900146484375,623.22998046875,620.9617919921875,55919900,yahoo
2025-11-11,620.5700073242188,622.719970703125,617.52001953125,621.5700073242188,619.307861328125,44868800,yahoo
2025-11-12,624.8400268554688,624.8599853515625,617.8099975585938,621.0800170898438,618.8196411132812,47444400,yahoo
2025-11-13,617.5399780273438,618.1199951171875,606.0800170898438,608.4000244140625,606.185791015625,71333600,yahoo
2025-11-14,599.5499877929688,613.3499755859375,597.1699829101562,608.8599853515625,606.6441040039062,80087300,yahoo
2025-11-17,606.2999877929688,612.47998046875,599.8699951171875,603.6599731445312,601.4630737304688,63850400,yahoo
2025-11-18,599.6199951171875,602.3099975585938,591.3400268554688,596.3099975585938,594.1397705078125,83327300,yahoo
2025-11-19,597.0700073242188,606.1599731445312,594.5900268554688,599.8699951171875,597.6868286132812,73111500,yahoo
2025-11-20,611.6199951171875,614.030029296875,584.75,585.6699829101562,583.5385131835938,117743200,yahoo
2025-11-21,587.469970703125,596.97998046875,580.739990234375,590.0700073242188,587.9224853515625,103344200,yahoo
2025-11-24,595.280029296875,606.6799926757812,595.1599731445312,605.1599731445312,602.9575805664062,60168100,yahoo
2025-11-25,603.510009765625,610.260009765625,597.3200073242188,608.8900146484375,606.674072265625,57560900,yahoo
2025-11-26,612.510009765625,616.1900024414062,610.3900146484375,614.27001953125,612.034423828125,42393600,yahoo
2025-11-28,616.1099853515625,619.3200073242188,615.4199829101562,619.25,616.996337890625,23034400,yahoo
2025-12-01,613.6300048828125,619.4400024414062,612.52001953125,617.1699829101562,614.923828125,40957600,yahoo
2025-12-02,619.4600219726562,623.75,617.5900268554688,622.0,619.7362670898438,54541800,yahoo
2025-12-03,619.6199951171875,624.219970703125,618.030029296875,623.52001953125,621.2507934570312,47841600,yahoo
2025-12-04,624.9299926757812,624.9400024414062,619.5399780273438,622.9400024414062,620.6728515625,47067800,yahoo
2025-12-05,624.3800048828125,628.9199829101562,623.7100219726562,625.47998046875,623.2036743164062,53614200,yahoo
2025-12-08,627.2100219726562,628.8400268554688,621.6900024414062,624.280029296875,622.0079956054688,43462400,yahoo
2025-12-09,623.010009765625,625.8699951171875,621.0,625.0499877929688,622.775146484375,37156000,yahoo
2025-12-10,623.8499755859375,629.2100219726562,620.989990234375,627.6099853515625,625.3258666992188,55031400,yahoo
2025-12-11,623.8200073242188,625.780029296875,617.719970703125,625.5800170898438,623.3033447265625,58272800,yahoo
2025-12-12,622.0800170898438,623.5399780273438,611.3599853515625,613.6199951171875,611.3867797851562,75158700,yahoo
2025-12-15,618.3699951171875,618.4199829101562,609.3200073242188,610.5399780273438,608.3179931640625,49538200,yahoo
2025-12-16,608.260009765625,613.510009765625,606.9099731445312,611.75,609.5235595703125,55152800,yahoo
2025-12-17,613.0599975585938,613.6500244140625,600.280029296875,600.4099731445312,598.224853515625,70654300,yahoo
2025-12-18,609.7999877929688,612.9299926757812,606.9199829101562,609.1099853515625,606.8931884765625,78875800,yahoo
2025-12-19,611.9500122070312,617.6199951171875,611.8699951171875,617.0499877929688,614.8043212890625,60369800,yahoo
2025-12-22,621.3499755859375,621.6500244140625,617.77001953125,619.2100219726562,617.7513427734375,43703100,yahoo
2025-12-23,618.2000122070312,622.4099731445312,617.780029296875,622.1099853515625,620.6444702148438,41120400,yahoo
2025-12-24,621.989990234375,624.280029296875,621.719970703125,623.9299926757812,622.4602661132812,18468700,yahoo
2025-12-26,624.6599731445312,625.52001953125,623.1400146484375,623.8900146484375,622.4202880859375,28959800,yahoo
2025-12-29,620.0999755859375,622.780029296875,618.72998046875,620.8699951171875,619.4074096679688,32458300,yahoo
2025-12-30,619.8400268554688,622.1799926757812,619.219970703125,619.4299926757812,617.9707641601562,31226800,yahoo
2025-12-31,619.6500244140625,619.9600219726562,614.0499877929688,614.3099975585938,612.8628540039062,40746500,yahoo
2026-01-02,620.0599975585938,622.8499755859375,610.1500244140625,613.1199951171875,611.6757202148438,61859200,yahoo
2026-01-05,619.3200073242188,620.8099975585938,616.719970703125,617.989990234375,616.5341796875,46828400,yahoo
2026-01-06,619.22998046875,624.02001953125,618.5399780273438,623.4199829101562,621.951416015625,43137500,yahoo
2026-01-07,623.0399780273438,627.9400024414062,622.5599975585938,624.02001953125,622.550048828125,44880300,yahoo
2026-01-08,623.030029296875,623.4199829101562,617.7999877929688,620.469970703125,619.0083618164062,50435900,yahoo
2026-01-09,621.4099731445312,627.8900146484375,619.0599975585938,626.6500244140625,625.173828125,49688700,yahoo
2026-01-12,622.3099975585938,628.8499755859375,622.260009765625,627.1699829101562,625.6925659179688,37388700,yahoo
2026-01-13,627.27001953125,629.469970703125,623.7000122070312,626.239990234375,624.7647705078125,44481400,yahoo
2026-01-14,622.239990234375,623.4500122070312,614.5599975585938,619.5499877929688,618.0905151367188,72598700,yahoo
2026-01-15,626.5999755859375,630.0,620.75,621.780029296875,620.3153076171875,53934900,yahoo
2026-01-16,625.5,626.0800170898438,618.8800048828125,621.260009765625,619.7965087890625,61058100,yahoo
2026-01-20,610.530029296875,615.0599975585938,607.0499877929688,608.0599975585938,606.6276245117188,81988900,yahoo
2026-01-21,609.469970703125,620.4199829101562,607.8599853515625,616.280029296875,614.8282470703125,79837900,yahoo
2026-01-22,622.3499755859375,622.4600219726562,617.780029296875,620.760009765625,619.2976684570312,42254800,yahoo
2026-01-23,619.72998046875,625.4000244140625,618.6500244140625,622.719970703125,621.2530517578125,43645800,yahoo
2026-01-26,623.2100219726562,627.6099853515625,622.1199951171875,625.4600219726562,623.9866333007812,35983000,yahoo
2026-01-27,628.9099731445312,632.0399780273438,627.3400268554688,631.1300048828125,629.6432495117188,38997200,yahoo
2026-01-28,635.4600219726562,636.5999755859375,631.8099975585938,633.219970703125,631.7283325195312,50691700,yahoo
2026-01-29,632.6500244140625,633.6699829101562,618.27001953125,629.4299926757812,627.947265625,79944000,yahoo
2026-01-30,625.7100219726562,628.260009765625,619.2999877929688,621.8699951171875,620.4050903320312,65650700,yahoo
2026-02-02,618.7000122070312,628.489990234375,618.6599731445312,626.1400146484375,624.6650390625,49020300,yahoo
2026-02-03,628.2999877929688,629.97998046875,610.9600219726562,616.52001953125,615.0676879882812,81234000,yahoo
2026-02-04,615.02001953125,615.0999755859375,600.469970703125,605.75,604.3230590820312,81850700,yahoo
2026-02-05,600.2100219726562,604.8099975585938,594.760009765625,597.030029296875,595.6236572265625,89354500,yahoo
2026-02-06,600.1900024414062,611.4099731445312,598.77001953125,609.6500244140625,608.2138671875,78019300,yahoo
2026-02-09,607.5399780273438,616.4600219726562,605.0700073242188,614.3200073242188,612.8728637695312,56797600,yahoo
2026-02-10,615.3099975585938,617.02001953125,611.010009765625,611.469970703125,610.029541015625,53938900,yahoo
2026-02-11,616.3800048828125,617.52001953125,607.6900024414062,613.1099853515625,611.6657104492188,58575100,yahoo
2026-02-12,614.7100219726562,615.8099975585938,599.5700073242188,600.6400146484375,599.22509765625,81378900,yahoo
2026-02-13,600.4299926757812,606.47998046875,596.4199829101562,601.9199829101562,600.5020751953125,69237500,yahoo
2026-02-17,598.3800048828125,603.9500122070312,593.3400268554688,601.2999877929688,599.8834838867188,69013800,yahoo
2026-02-18,602.1099853515625,609.77001953125,600.719970703125,605.7899780273438,604.3629150390625,64250700,yahoo
2026-02-19,602.8099975585938,605.8200073242188,600.75,603.469970703125,602.0484008789062,60960800,yahoo
2026-02-20,600.1199951171875,610.3499755859375,599.22998046875,608.8099975585938,607.3758544921875,74127300,yahoo
2026-02-23,606.6099853515625,608.010009765625,599.0499877929688,601.4099731445312,599.9932250976562,63859100,yahoo
2026-02-24,602.4000244140625,608.989990234375,599.72998046875,607.8699951171875,606.4380493164062,55023700,yahoo
2026-02-25,611.0700073242188,616.8300170898438,611.0,616.6799926757812,615.227294921875,55710700,yahoo
2026-02-26,615.5900268554688,615.5900268554688,603.97998046875,609.239990234375,607.8048095703125,96178900,yahoo
2026-02-27,602.97998046875,608.3200073242188,602.1900024414062,607.2899780273438,605.859375,68125200,yahoo
2026-03-02,598.8599853515625,609.9199829101562,597.989990234375,608.0900268554688,606.6575317382812,75264600,yahoo
2026-03-03,596.3300170898438,603.9600219726562,591.8699951171875,601.5800170898438,600.1629028320312,97015500,yahoo
2026-03-04,604.1599731445312,612.8800048828125,603.4299926757812,610.75,609.311279296875,70943900,yahoo
2026-03-05,607.4000244140625,612.760009765625,602.260009765625,608.9099731445312,607.4755249023438,89602400,yahoo
2026-03-06,600.3099975585938,606.0,598.3300170898438,599.75,598.337158203125,86302300,yahoo
2026-03-09,594.22998046875,609.27001953125,591.3300170898438,607.760009765625,606.3283081054688,93068200,yahoo
2026-03-10,607.780029296875,613.2899780273438,605.4199829101562,607.77001953125,606.3383178710938,64078900,yahoo
2026-03-11,608.9500122070312,612.4299926757812,605.030029296875,607.6900024414062,606.2584838867188,60114800,yahoo
2026-03-12,602.760009765625,604.1400146484375,597.0499877929688,597.260009765625,595.8530883789062,71836600,yahoo
2026-03-13,599.72998046875,603.5999755859375,592.5700073242188,593.719970703125,592.3213500976562,63145500,yahoo
2026-03-16,600.0399780273438,603.8599853515625,599.1099853515625,600.3800048828125,598.9656982421875,49077200,yahoo
2026-03-17,603.1400146484375,605.9000244140625,601.8699951171875,603.3099975585938,601.8887939453125,47106600,yahoo
2026-03-18,601.489990234375,603.1599731445312,594.5599975585938,594.9000244140625,593.4986572265625,56128000,yahoo
2026-03-19,589.510009765625,595.7999877929688,587.0800170898438,593.02001953125,591.623046875,75597600,yahoo
2026-03-20,591.0599975585938,591.1699829101562,578.5399780273438,582.0599975585938,580.6888427734375,91964700,yahoo
2026-03-23,590.52001953125,595.0800170898438,585.9600219726562,588.0,587.3545532226562,89936100,yahoo
2026-03-24,584.8099975585938,587.9299926757812,581.9299926757812,583.97998046875,583.3389282226562,57750900,yahoo
2026-03-25,589.1400146484375,591.3699951171875,585.6900024414062,587.8200073242188,587.1747436523438,60475500,yahoo
2026-03-26,582.5999755859375,584.6300048828125,573.4299926757812,573.7899780273438,573.1600952148438,81492100,yahoo
2026-03-27,570.8099975585938,571.02001953125,561.5700073242188,562.5800170898438,561.9624633789062,82702200,yahoo
2026-03-30,567.3800048828125,568.0499877929688,555.5999755859375,558.280029296875,557.6671752929688,70602600,yahoo
2026-03-31,564.2899780273438,578.6400146484375,564.2100219726562,577.1799926757812,576.54638671875,95878000,yahoo
2026-04-01,581.47998046875,587.739990234375,580.4199829101562,584.3099975585938,583.6685791015625,79435100,yahoo
2026-04-02,573.969970703125,586.0499877929688,571.9199829101562,584.97998046875,584.3378295898438,50941700,yahoo
2026-04-06,586.22998046875,590.6099853515625,584.6900024414062,588.5,587.85400390625,35108500,yahoo
2026-04-07,585.6400146484375,588.97998046875,578.4000244140625,588.5900268554688,587.9439086914062,49948200,yahoo
2026-04-08,608.7100219726562,609.9000244140625,602.1199951171875,606.0900268554688,605.4246826171875,63086000,yahoo
2026-04-09,605.9299926757812,610.5,603.030029296875,610.1900024414062,609.5202026367188,37837500,yahoo
2026-04-10,611.8400268554688,613.6699829101562,609.5800170898438,611.0700073242188,610.3992309570312,34038500,yahoo
2026-04-13,609.47998046875,626.739990234375,608.1099853515625,617.3900146484375,616.7122802734375,32972100,yahoo
2026-04-14,620.219970703125,628.5999755859375,620.0999755859375,628.5999755859375,627.909912109375,49921100,yahoo
2026-04-15,629.0800170898438,637.8300170898438,628.2000122070312,637.4000244140625,636.7003173828125,50102400,yahoo
2026-04-16,639.2100219726562,642.1799926757812,635.260009765625,640.469970703125,639.7669067382812,42320600,yahoo
2026-04-17,645.5900268554688,650.0,644.0700073242188,648.8499755859375,648.1376953125,53488900,yahoo
2026-04-20,648.0399780273438,648.760009765625,642.52001953125,646.7899780273438,646.0799560546875,37138500,yahoo
2026-04-21,648.4099731445312,650.2000122070312,642.2100219726562,644.3300170898438,643.6226806640625,39580500,yahoo
2026-04-22,650.1500244140625,655.3300170898438,648.52001953125,655.1099853515625,654.390869140625,37368400,yahoo
2026-04-23,653.5499877929688,656.9199829101562,645.52001953125,651.4199829101562,650.7048950195312,40099800,yahoo
2026-04-24,658.510009765625,664.510009765625,656.530029296875,663.8800048828125,663.1512451171875,45563100,yahoo
2026-04-27,663.4000244140625,664.4299926757812,660.6900024414062,664.22998046875,663.5008544921875,32717000,yahoo
2026-04-28,657.4099731445312,659.6400146484375,653.8099975585938,657.5499877929688,656.8281860351562,34147900,yahoo
2026-04-29,658.6300048828125,661.719970703125,656.5900268554688,661.5700073242188,660.84375,31724900,yahoo
2026-04-30,665.3499755859375,668.9000244140625,657.5599975585938,667.739990234375,667.0069580078125,40622200,yahoo
2026-05-01,669.1599731445312,675.969970703125,668.7999877929688,674.1500244140625,673.4099731445312,39172600,yahoo
2026-05-04,674.6599731445312,676.72998046875,668.9000244140625,672.8800048828125,672.141357421875,34542000,yahoo
2026-05-05,677.9600219726562,682.77001953125,677.510009765625,681.6099853515625,680.8617553710938,37101100,yahoo
2026-05-06,687.780029296875,695.9299926757812,686.47998046875,695.77001953125,695.0062255859375,38778500,yahoo
2026-05-07,696.5800170898438,701.239990234375,691.77001953125,694.9400024414062,694.1771240234375,43779100,yahoo
2026-05-08,699.9199829101562,711.22998046875,699.5,711.22998046875,710.44921875,44320400,yahoo
2026-05-11,710.3599853515625,714.5900268554688,708.9099731445312,713.2899780273438,712.5069580078125,36019100,yahoo
2026-05-12,708.219970703125,710.1799926757812,696.6400146484375,707.239990234375,706.463623046875,45873000,yahoo
2026-05-13,709.9600219726562,716.6500244140625,704.8300170898438,714.7100219726562,713.9254760742188,40012500,yahoo
2026-05-14,714.6199951171875,722.030029296875,714.219970703125,719.7899780273438,718.9998168945312,33327500,yahoo
2026-05-15,710.1400146484375,715.1300048828125,705.5499877929688,708.9299926757812,708.1517944335938,51792700,yahoo
2026-05-18,711.5399780273438,712.0700073242188,698.8499755859375,705.8800048828125,705.1051025390625,49834500,yahoo
2026-05-19,699.8099975585938,706.489990234375,695.25,701.530029296875,700.7599487304688,46827500,yahoo
2026-05-20,705.2899780273438,713.1500244140625,703.7899780273438,713.1500244140625,712.3671875,36779200,yahoo
2026-05-21,708.989990234375,717.1199951171875,706.77001953125,714.510009765625,713.7256469726562,36415400,yahoo
2026-05-22,718.0700073242188,722.1199951171875,715.9500122070312,717.5399780273438,716.7523193359375,33118600,yahoo
2026-05-26,725.9600219726562,731.1699829101562,724.1599731445312,730.280029296875,729.4783935546875,34254700,yahoo
2026-05-27,732.9600219726562,733.3200073242188,725.4400024414062,729.4500122070312,728.6492919921875,35148700,yahoo
2026-05-28,729.72998046875,736.5999755859375,726.4099731445312,735.5999755859375,734.79248046875,32840000,yahoo
2026-05-29,737.8400268554688,741.6300048828125,735.25,738.3099975585938,737.49951171875,37541700,yahoo
2026-06-01,737.0399780273438,745.6500244140625,735.989990234375,742.739990234375,741.9246826171875,33890600,yahoo
2026-06-02,742.4000244140625,746.4400024414062,739.22998046875,746.1599731445312,745.3408813476562,30085200,yahoo
2026-06-03,747.3099975585938,748.6500244140625,741.010009765625,744.2100219726562,743.39306640625,40270200,yahoo
2026-06-04,735.47998046875,743.5,732.6199951171875,740.6099853515625,739.7969970703125,40782600,yahoo
2026-06-05,730.0599975585938,731.6900024414062,704.3200073242188,705.0599975585938,704.2860107421875,99606600,yahoo
2026-06-08,717.8099975585938,723.030029296875,713.0700073242188,716.0700073242188,715.283935546875,47401500,yahoo
2026-06-09,722.97998046875,725.6599731445312,686.3699951171875,707.8300170898438,707.052978515625,91932200,yahoo
2026-06-10,701.6599731445312,711.280029296875,692.9299926757812,693.6900024414062,692.9285278320312,65334300,yahoo
2026-06-11,699.2899780273438,718.3699951171875,695.0,717.1199951171875,716.332763671875,71798900,yahoo
2026-06-12,717.6099853515625,724.010009765625,711.280029296875,721.3400268554688,720.5481567382812,51168400,yahoo
2026-06-15,738.0999755859375,744.760009765625,737.3800048828125,744.0,743.1832885742188,46710200,yahoo
2026-06-16,742.25,744.219970703125,729.6400146484375,729.8599853515625,729.0587768554688,45348700,yahoo
2026-06-17,735.1900024414062,735.6799926757812,720.8499755859375,722.510009765625,721.7168579101562,51669300,yahoo
2026-06-18,737.2000122070312,741.8200073242188,732.510009765625,740.6199951171875,739.8070068359375,50154600,yahoo
2026-06-22,742.02001953125,745.4500122070312,734.3900146484375,737.9500122070312,737.9500122070312,43518600,yahoo
2026-06-23,715.739990234375,723.6099853515625,712.1099853515625,713.6500244140625,713.6500244140625,53354200,yahoo
2026-06-24,715.3699951171875,719.9299926757812,704.4500122070312,710.6199951171875,710.6199951171875,52480400,yahoo
2026-06-25,725.9000244140625,726.8300170898438,705.2999877929688,716.3800048828125,716.3800048828125,49668000,yahoo
2026-06-26,707.1300048828125,715.5599975585938,702.8099975585938,706.52001953125,706.52001953125,47081800,yahoo
2026-06-29,713.989990234375,724.5800170898438,705.1699829101562,724.0800170898438,724.0800170898438,44939100,yahoo
2026-06-30,724.1799926757812,737.6199951171875,723.9099731445312,736.4000244140625,736.4000244140625,42121800,yahoo
2026-07-01,729.1900024414062,731.9199829101562,724.5999755859375,725.1699829101562,725.1699829101562,40803800,yahoo
2026-07-02,725.5800170898438,730.8300170898438,707.5599975585938,712.5999755859375,712.5999755859375,50959800,yahoo
2026-07-06,719.9299926757812,726.0800170898438,718.4500122070312,722.8200073242188,722.8200073242188,30220400,yahoo
2026-07-07,714.1699829101562,716.3499755859375,704.9000244140625,709.4299926757812,709.4299926757812,42483100,yahoo
2026-07-08,704.9500122070312,712.260009765625,700.9099731445312,711.4400024414062,711.4400024414062,35603200,yahoo
2026-07-09,718.3300170898438,724.22998046875,715.1300048828125,723.280029296875,723.280029296875,33654700,yahoo
2026-07-10,720.7000122070312,726.3900146484375,717.0,725.510009765625,725.510009765625,26415900,yahoo
2026-07-13,717.719970703125,718.739990234375,710.0800170898438,711.739990234375,711.739990234375,36552400,yahoo
2026-07-14,720.219970703125,722.2899780273438,714.3400268554688,719.6900024414062,719.6900024414062,29448100,yahoo
2026-07-15,723.8499755859375,724.3599853515625,710.22998046875,717.739990234375,717.739990234375,32627600,yahoo
2026-07-16,712.010009765625,713.5999755859375,702.6099853515625,705.9400024414062,705.9400024414062,39402000,yahoo
2026-07-17,691.6500244140625,702.2999877929688,686.760009765625,695.3300170898438,695.3300170898438,54109300,yahoo
2026-07-20,702.1599731445312,705.7999877929688,695.510009765625,696.0599975585938,696.0599975585938,29687600,yahoo
2026-07-21,706.5700073242188,710.0499877929688,702.7999877929688,708.969970703125,708.969970703125,33728300,yahoo
2026-07-22,703.6199951171875,709.6500244140625,703.6199951171875,705.3499755859375,705.3499755859375,23692200,yahoo
2026-07-23,694.6699829101562,698.6599731445312,687.7899780273438,691.9600219726562,691.9600219726562,44028600,yahoo
2026-07-24,690.4099731445312,692.6300048828125,682.47998046875,684.22998046875,684.22998046875,42876700,yahoo
2026-07-27,691.6799926757812,692.2999877929688,675.9500122070312,682.1199951171875,682.1199951171875,42681500,yahoo
2026-07-28,676.22998046875,679.4000244140625,667.8800048828125,675.489990234375,675.489990234375,51398700,yahoo
2026-07-29,675.510009765625,680.0499877929688,661.1400146484375,661.72998046875,661.72998046875,57233300,yahoo
2026-07-30,674.760009765625,685.1199951171875,673.2999877929688,683.5499877929688,683.5499877929688,66753700,yahoo
2026-07-31,692.1099853515625,695.77001953125,680.0499877929688,687.989990234375,687.989990234375,50443900,yahoo
2026-08-03,688.3400268554688,701.5900268554688,685.8200073242188,700.0700073242188,700.0700073242188,42678061,yahoo
2026-08-04,708.2050170898438,725.6500244140625,707.5900268554688,723.8499755859375,723.8499755859375,58988820,yahoo
2026-08-05,726.2249755859375,728.5399780273438,716.9199829101562,717.2999877929688,717.2999877929688,32662387,yahoo
2026-08-06,710.760009765625,719.3200073242188,708.5,714.6500244140625,714.6500244140625,30571597,yahoo
