date,open,high,low,close,adj_close,volume,source
1994-05-05,119.0,120.1,118.0,118.3,118.3,0,investing
1994-05-06,118.3,118.3,115.5,117.7,117.7,0,investing
1994-05-09,117.7,118.4,115.5,115.6,115.6,0,investing
1994-05-10,115.6,117.8,115.6,117.4,117.4,0,investing
1994-05-11,117.4,118.5,115.0,115.3,115.3,0,investing
1994-05-12,115.3,117.2,114.7,114.9,114.9,0,investing
1994-05-13,114.9,115.0,111.5,113.6,113.6,0,investing
1994-05-16,113.6,113.6,111.2,111.2,111.2,0,investing
1994-05-17,111.2,111.5,106.9,110.8,110.8,0,investing
1994-05-18,110.8,116.8,110.8,115.7,115.7,0,investing
1994-05-19,115.7,119.5,115.7,119.0,119.0,0,investing
1994-05-20,119.0,119.1,117.7,118.6,118.6,0,investing
1994-05-23,118.6,119.3,117.5,117.9,117.9,0,investing
1994-05-24,117.9,119.7,117.8,119.1,119.1,0,investing
1994-05-25,119.1,119.6,117.7,119.1,119.1,0,investing
1994-05-26,119.1,119.9,117.4,117.9,117.9,0,investing
1994-05-27,117.9,118.5,116.9,118.4,118.4,0,investing
1994-05-31,118.4,121.9,117.5,121.8,121.8,0,investing
1994-06-01,121.8,128.5,121.3,128.2,128.2,0,investing
1994-06-02,128.2,129.8,128.1,128.3,128.3,0,investing
1994-06-03,128.3,129.9,126.7,127.0,127.0,0,investing
1994-06-06,127.0,127.9,126.0,126.2,126.2,0,investing
1994-06-07,126.2,126.6,123.0,123.1,123.1,0,investing
1994-06-08,123.1,123.2,116.2,117.7,117.7,0,investing
1994-06-09,117.7,118.4,114.8,115.6,115.6,0,investing
1994-06-10,115.6,119.4,115.6,118.8,118.8,0,investing
1994-06-13,118.8,120.8,118.3,118.5,118.5,0,investing
1994-06-14,118.5,122.5,118.5,121.8,121.8,0,investing
1994-06-15,121.8,124.1,121.8,122.1,122.1,0,investing
1994-06-16,122.1,122.8,121.4,121.8,121.8,0,investing
1994-06-17,121.9,121.9,119.2,119.6,119.6,0,investing
1994-06-20,119.6,119.6,117.0,117.2,117.2,0,investing
1994-06-21,115.8,116.0,113.5,114.7,114.7,0,investing
1994-06-22,114.7,118.5,114.7,117.9,117.9,0,investing
1994-06-23,117.9,118.8,113.9,114.0,114.0,0,investing
1994-06-24,114.0,116.0,112.7,114.2,114.2,0,investing
1994-06-27,114.2,118.2,113.4,118.2,118.2,0,investing
1994-06-28,118.2,120.7,117.9,120.5,120.5,0,investing
1994-06-29,120.5,122.0,120.3,121.0,121.0,0,investing
1994-06-30,121.0,121.7,119.0,119.5,119.5,0,investing
1994-07-01,119.5,120.1,118.5,120.1,120.1,0,investing
1994-07-05,120.1,120.8,119.8,119.9,119.9,0,investing
1994-07-06,119.9,119.9,118.2,119.0,119.0,0,investing
1994-07-07,119.0,123.5,119.0,123.5,123.5,0,investing
1994-07-08,123.5,126.7,122.4,125.6,125.6,0,investing
1994-07-11,125.6,126.7,124.2,125.7,125.7,0,investing
1994-07-12,125.7,127.5,123.8,127.5,127.5,0,investing
1994-07-13,127.5,131.3,127.5,130.5,130.5,0,investing
1994-07-14,130.5,133.0,129.7,130.3,130.3,0,investing
1994-07-15,130.3,130.4,124.2,124.6,124.6,0,investing
1994-07-18,124.6,125.5,123.3,124.1,124.1,0,investing
1994-07-19,124.1,124.1,121.0,121.1,121.1,0,investing
1994-07-20,121.1,121.2,117.9,118.6,118.6,0,investing
1994-07-21,118.6,118.6,115.4,118.6,118.6,0,investing
1994-07-22,118.6,120.2,118.6,120.0,120.0,0,investing
1994-07-25,119.1,119.5,118.5,119.1,119.1,0,investing
1994-07-26,119.1,119.5,117.9,118.3,118.3,0,investing
1994-07-27,118.3,118.4,116.5,116.9,116.9,0,investing
1994-07-28,116.9,118.7,116.8,118.1,118.1,0,investing
1994-07-29,118.1,123.2,118.1,122.5,122.5,0,investing
1994-08-01,122.5,124.9,122.5,124.3,124.3,0,investing
1994-08-02,124.3,125.8,124.0,124.7,124.7,0,investing
1994-08-03,124.7,125.2,124.1,124.8,124.8,0,investing
1994-08-04,124.8,125.1,122.9,123.4,123.4,0,investing
1994-08-05,123.4,124.4,121.8,124.2,124.2,0,investing
1994-08-08,124.2,125.0,123.3,124.7,124.7,0,investing
1994-08-09,124.7,127.0,124.7,126.7,126.7,0,investing
1994-08-10,126.7,131.8,126.7,131.2,131.2,0,investing
1994-08-11,131.2,133.3,130.5,131.8,131.8,0,investing
1994-08-12,131.8,132.7,131.3,131.9,131.9,0,investing
1994-08-15,131.9,133.0,131.7,132.2,132.2,0,investing
1994-08-16,132.2,134.5,132.0,134.1,134.1,0,investing
1994-08-17,134.1,135.9,134.1,135.8,135.8,0,investing
1994-08-18,135.8,137.5,134.8,135.6,135.6,0,investing
1994-08-19,135.6,136.0,134.2,135.5,135.5,0,investing
1994-08-22,135.5,136.5,134.8,135.9,135.9,0,investing
1994-08-23,135.9,137.3,135.9,136.1,136.1,0,investing
1994-08-24,136.1,136.1,134.1,134.3,134.3,0,investing
1994-08-25,134.3,136.7,133.7,136.5,136.5,0,investing
1994-08-26,136.5,139.2,136.5,138.2,138.2,0,investing
1994-08-29,138.2,139.5,137.5,137.5,137.5,0,investing
1994-08-30,137.5,139.5,136.4,139.0,139.0,0,investing
1994-08-31,138.8,139.0,134.6,134.9,134.9,0,investing
1994-09-01,134.9,134.9,130.5,131.2,131.2,0,investing
1994-09-02,131.2,132.2,130.3,130.9,130.9,0,investing
1994-09-06,130.9,131.4,129.4,130.9,130.9,0,investing
1994-09-07,130.9,134.1,130.8,133.0,133.0,0,investing
1994-09-08,133.0,134.9,132.9,133.9,133.9,0,investing
1994-09-09,133.9,133.9,131.3,131.9,131.9,0,investing
1994-09-12,131.9,131.9,130.3,130.8,130.8,0,investing
1994-09-13,130.8,133.7,130.8,132.4,132.4,0,investing
1994-09-14,132.4,132.9,131.8,132.5,132.5,0,investing
1994-09-15,132.5,136.3,132.4,136.1,136.1,0,investing
1994-09-16,136.1,136.4,134.4,136.4,136.4,0,investing
1994-09-19,136.4,138.1,135.6,135.6,135.6,0,investing
1994-09-20,135.6,135.6,133.1,133.1,133.1,0,investing
1994-09-21,133.1,133.4,129.8,131.1,131.1,0,investing
1994-09-22,131.1,131.9,130.6,131.2,131.2,0,investing
1994-09-23,131.2,132.9,130.0,130.0,130.0,0,investing
1994-09-26,130.0,130.0,126.7,128.1,128.1,0,investing
1994-09-27,128.1,129.0,127.7,128.6,128.6,0,investing
1994-09-28,128.6,130.4,128.1,128.3,128.3,0,investing
1994-09-29,128.3,129.7,127.6,129.2,129.2,0,investing
1994-09-30,129.2,130.0,128.5,128.8,128.8,0,investing
1994-10-03,128.8,129.3,125.4,125.6,125.6,0,investing
1994-10-04,125.6,125.7,119.8,119.9,119.9,0,investing
1994-10-05,119.9,121.0,117.4,120.6,120.6,0,investing
1994-10-06,120.6,121.9,120.2,120.2,120.2,0,investing
1994-10-07,120.2,123.2,120.2,122.7,122.7,0,investing
1994-10-10,122.7,126.7,122.7,126.3,126.3,0,investing
1994-10-11,126.3,130.2,126.3,128.2,128.2,0,investing
1994-10-12,128.2,128.3,126.0,127.1,127.1,0,investing
1994-10-13,127.1,129.5,125.8,126.1,126.1,0,investing
1994-10-14,126.1,126.4,124.0,125.9,125.9,0,investing
1994-10-17,125.9,127.7,125.8,126.3,126.3,0,investing
1994-10-18,126.3,127.6,126.3,126.9,126.9,0,investing
1994-10-19,126.9,130.4,126.3,130.2,130.2,0,investing
1994-10-20,130.2,132.0,129.8,130.9,130.9,0,investing
1994-10-21,130.9,132.1,129.9,131.9,131.9,0,investing
1994-10-24,131.9,133.3,131.7,131.8,131.8,0,investing
1994-10-25,131.8,132.2,130.2,131.3,131.3,0,investing
1994-10-26,131.3,135.3,131.3,135.3,135.3,0,investing
1994-10-27,135.3,138.4,135.3,137.8,137.8,0,investing
1994-10-28,137.8,141.8,137.2,141.3,141.3,0,investing
1994-10-31,141.3,142.8,140.2,141.8,141.8,0,investing
1994-11-01,141.8,141.8,140.5,141.6,141.6,0,investing
1994-11-02,141.6,145.6,141.5,143.3,143.3,0,investing
1994-11-03,143.3,144.4,141.5,142.2,142.2,0,investing
1994-11-04,142.2,142.5,139.7,139.7,139.7,0,investing
1994-11-07,139.7,139.8,138.0,138.2,138.2,0,investing
1994-11-08,138.2,142.1,138.2,141.6,141.6,0,investing
1994-11-09,141.6,143.8,140.5,142.1,142.1,0,investing
1994-11-10,142.1,142.1,139.4,140.1,140.1,0,investing
1994-11-11,140.1,140.6,139.1,139.6,139.6,0,investing
1994-11-14,139.6,143.3,139.6,143.1,143.1,0,investing
1994-11-15,143.1,145.1,142.3,143.0,143.0,0,investing
1994-11-16,143.0,143.8,142.2,142.8,142.8,0,investing
1994-11-17,142.8,143.2,141.5,142.8,142.8,0,investing
1994-11-18,142.8,143.4,141.6,143.3,143.3,0,investing
1994-11-21,143.3,145.9,142.3,142.4,142.4,0,investing
1994-11-22,142.4,142.4,136.9,137.0,137.0,0,investing
1994-11-23,137.0,137.3,134.1,137.2,137.2,0,investing
1994-11-25,137.2,139.4,137.0,139.2,139.2,0,investing
1994-11-28,139.2,140.6,138.5,139.3,139.3,0,investing
1994-11-29,139.3,141.8,139.1,141.7,141.7,0,investing
1994-11-30,141.7,142.3,138.4,138.4,138.4,0,investing
1994-12-01,138.4,139.4,135.0,135.9,135.9,0,investing
1994-12-02,135.9,137.7,135.2,137.7,137.7,0,investing
1994-12-05,137.7,140.9,137.7,140.9,140.9,0,investing
1994-12-06,140.9,142.4,139.2,139.8,139.8,0,investing
1994-12-07,139.8,140.5,138.3,138.5,138.5,0,investing
1994-12-08,138.5,139.2,131.6,131.8,131.8,0,investing
1994-12-09,131.8,134.4,130.2,134.3,134.3,0,investing
1994-12-12,134.3,135.3,130.5,133.6,133.6,0,investing
1994-12-13,133.6,134.5,133.0,133.1,133.1,0,investing
1994-12-14,133.1,135.6,133.1,135.3,135.3,0,investing
1994-12-15,135.3,137.0,135.2,135.7,135.7,0,investing
1994-12-16,135.7,135.9,134.1,134.1,134.1,0,investing
1994-12-19,134.1,134.1,132.1,132.1,132.1,0,investing
1994-12-20,132.1,134.8,132.1,134.7,134.7,0,investing
1994-12-21,134.7,136.6,134.7,136.3,136.3,0,investing
1994-12-22,136.3,137.1,135.1,135.3,135.3,0,investing
1994-12-23,135.3,137.3,135.3,136.8,136.8,0,investing
1994-12-27,136.8,140.6,136.7,140.5,140.5,0,investing
1994-12-28,140.5,141.1,139.3,139.9,139.9,0,investing
1994-12-29,139.9,142.0,139.9,141.6,141.6,0,investing
1994-12-30,141.6,141.9,139.2,140.1,140.1,0,investing
1995-01-03,140.1,140.1,136.4,136.8,136.8,0,investing
1995-01-04,136.8,137.7,134.0,136.5,136.5,0,investing
1995-01-05,134.0,138.2,133.9,136.9,136.9,0,investing
1995-01-06,136.9,138.3,136.4,137.7,137.7,0,investing
1995-01-09,137.7,140.0,137.7,139.8,139.8,0,investing
1995-01-10,139.8,145.0,139.8,144.4,144.4,0,investing
1995-01-11,144.4,146.3,142.9,143.8,143.8,0,investing
1995-01-12,143.8,146.4,143.5,146.1,146.1,0,investing
1995-01-13,146.1,147.3,146.0,146.3,146.3,0,investing
1995-01-16,146.3,148.1,146.1,147.5,147.5,0,investing
1995-01-17,147.5,149.1,147.1,148.4,148.4,0,investing
1995-01-18,148.4,150.5,148.0,149.0,149.0,0,investing
1995-01-19,149.0,149.2,147.8,148.2,148.2,0,investing
1995-01-20,148.2,148.2,145.6,146.0,146.0,0,investing
1995-01-23,146.0,146.0,142.8,144.8,144.8,0,investing
1995-01-24,144.8,147.1,144.4,146.9,146.9,0,investing
1995-01-25,146.9,146.9,143.1,143.8,143.8,0,investing
1995-01-26,143.8,144.3,141.0,141.4,141.4,0,investing
1995-01-27,141.4,144.3,140.9,143.8,143.8,0,investing
1995-01-30,143.8,144.0,139.1,139.8,139.8,0,investing
1995-01-31,139.8,141.4,138.8,139.5,139.5,0,investing
1995-02-01,139.5,142.9,139.5,142.1,142.1,0,investing
1995-02-02,142.1,144.3,141.9,144.1,144.1,0,investing
1995-02-03,144.1,147.8,144.1,146.0,146.0,0,investing
1995-02-06,146.0,148.9,146.0,148.0,148.0,0,investing
1995-02-07,148.0,148.4,146.2,147.3,147.3,0,investing
1995-02-08,147.3,150.1,147.3,149.9,149.9,0,investing
1995-02-09,149.9,153.6,149.8,153.0,153.0,0,investing
1995-02-10,153.0,156.2,153.0,155.7,155.7,0,investing
1995-02-13,155.7,156.8,154.8,155.6,155.6,0,investing
1995-02-14,155.6,159.0,155.6,159.0,159.0,0,investing
1995-02-15,159.0,160.6,158.6,159.6,159.6,0,investing
1995-02-16,159.6,161.7,158.7,161.7,161.7,0,investing
1995-02-17,161.7,161.7,156.4,156.8,156.8,0,investing
1995-02-21,156.8,158.1,155.6,157.9,157.9,0,investing
1995-02-22,157.8,159.9,157.7,159.0,159.0,0,investing
1995-02-23,159.0,161.6,158.6,158.9,158.9,0,investing
1995-02-24,158.9,159.2,157.2,158.8,158.8,0,investing
1995-02-27,158.8,160.6,157.3,157.8,157.8,0,investing
1995-02-28,157.8,162.2,157.8,162.2,162.2,0,investing
1995-03-01,162.2,165.2,161.9,164.1,164.1,0,investing
1995-03-02,164.1,164.9,162.3,164.5,164.5,0,investing
1995-03-03,164.5,168.9,163.9,168.9,168.9,0,investing
1995-03-06,168.9,171.7,166.0,170.5,170.5,0,investing
1995-03-07,170.5,171.1,166.7,168.5,168.5,0,investing
1995-03-08,168.5,169.4,166.6,167.7,167.7,0,investing
1995-03-09,167.7,170.3,166.2,168.4,168.4,0,investing
1995-03-10,168.3,170.3,167.8,168.8,168.8,0,investing
1995-03-13,168.8,172.7,168.8,172.1,172.1,0,investing
1995-03-14,172.1,175.0,172.1,174.5,174.5,0,investing
1995-03-15,174.5,174.5,172.4,173.6,173.6,0,investing
1995-03-16,173.6,173.7,171.5,172.4,172.4,0,investing
1995-03-17,172.4,172.7,170.9,171.6,171.6,0,investing
1995-03-20,171.6,175.0,171.3,174.9,174.9,0,investing
1995-03-21,174.9,178.0,174.2,174.9,174.9,0,investing
1995-03-22,174.9,175.3,173.6,174.3,174.3,0,investing
1995-03-23,174.3,178.9,174.2,178.8,178.8,0,investing
1995-03-24,178.8,183.4,178.8,181.7,181.7,0,investing
1995-03-27,182.0,185.1,181.9,185.1,185.1,0,investing
1995-03-28,185.4,186.9,184.4,185.7,185.7,0,investing
1995-03-29,185.6,185.9,177.7,180.6,180.6,0,investing
1995-03-30,181.1,181.1,173.5,175.5,175.5,0,investing
1995-03-31,173.6,176.5,171.7,174.4,174.4,0,investing
1995-04-03,174.4,177.1,173.0,177.1,177.1,0,investing
1995-04-04,177.4,178.7,172.2,172.6,172.6,0,investing
1995-04-05,171.9,175.1,169.7,174.4,174.4,0,investing
1995-04-06,175.2,176.9,173.7,174.0,174.0,0,investing
1995-04-07,174.4,177.9,173.8,177.8,177.8,0,investing
1995-04-10,177.9,181.3,177.9,180.8,180.8,0,investing
1995-04-11,182.3,183.6,179.4,181.1,181.1,0,investing
1995-04-12,181.5,183.5,180.2,183.1,183.1,0,investing
1995-04-13,183.6,187.9,183.6,187.7,187.7,0,investing
1995-04-17,188.4,189.2,181.0,181.7,181.7,0,investing
1995-04-18,183.2,184.4,179.8,181.5,181.5,0,investing
1995-04-19,181.5,181.5,175.3,178.4,178.4,0,investing
1995-04-20,179.2,179.8,176.3,178.8,178.8,0,investing
1995-04-21,178.9,181.1,177.4,179.8,179.8,0,investing
1995-04-24,179.6,188.6,179.3,188.3,188.3,0,investing
1995-04-25,188.5,191.9,188.4,191.6,191.6,0,investing
1995-04-26,190.5,196.3,190.3,196.1,196.1,0,investing
1995-04-27,196.3,198.3,195.6,196.3,196.3,0,investing
1995-04-28,196.8,197.8,194.5,197.2,197.2,0,investing
1995-05-01,197.8,199.2,194.9,195.1,195.1,0,investing
1995-05-02,194.5,195.3,192.7,194.7,194.7,0,investing
1995-05-03,194.8,199.8,194.4,199.7,199.7,0,investing
1995-05-04,200.6,207.0,200.5,202.2,202.2,0,investing
1995-05-05,203.3,203.9,200.9,201.6,201.6,0,investing
1995-05-08,201.0,206.6,200.3,204.3,204.3,0,investing
1995-05-09,204.7,206.2,200.0,203.7,203.7,0,investing
1995-05-10,204.9,205.7,201.2,202.3,202.3,0,investing
1995-05-11,201.4,206.4,200.4,205.9,205.9,0,investing
1995-05-12,205.8,211.6,205.6,208.4,208.4,0,investing
1995-05-15,208.8,210.8,208.0,210.6,210.6,0,investing
1995-05-16,210.3,213.8,209.5,213.2,213.2,0,investing
1995-05-17,215.7,221.7,215.7,220.2,220.2,0,investing
1995-05-18,220.8,228.2,220.3,220.4,220.4,0,investing
1995-05-19,219.2,221.2,218.1,220.6,220.6,0,investing
1995-05-22,221.3,225.9,221.3,225.6,225.6,0,investing
1995-05-23,227.1,232.8,227.1,232.7,232.7,0,investing
1995-05-24,234.2,235.6,225.6,226.8,226.8,0,investing
1995-05-25,226.7,227.9,223.0,227.0,227.0,0,investing
1995-05-26,226.5,226.5,220.3,222.1,222.1,0,investing
1995-05-30,222.5,223.3,210.9,211.0,211.0,0,investing
1995-05-31,211.5,214.4,206.9,214.1,214.1,0,investing
1995-06-01,214.4,220.8,214.4,219.4,219.4,0,investing
1995-06-02,218.2,226.1,217.0,223.8,223.8,0,investing
1995-06-05,224.7,227.7,223.4,223.8,223.8,0,investing
1995-06-06,223.6,225.6,218.7,219.0,219.0,0,investing
1995-06-07,218.8,221.0,217.1,220.4,220.4,0,investing
1995-06-08,220.6,224.4,220.6,224.4,224.4,0,investing
1995-06-09,224.5,226.9,222.1,225.6,225.6,0,investing
1995-06-12,226.5,228.0,223.1,223.8,223.8,0,investing
1995-06-13,225.7,227.6,223.6,224.7,224.7,0,investing
1995-06-14,224.0,229.9,223.1,229.2,229.2,0,investing
1995-06-15,229.6,234.8,229.6,233.8,233.8,0,investing
1995-06-16,234.1,236.2,233.2,235.1,235.1,0,investing
1995-06-19,235.5,246.6,235.4,244.4,244.4,0,investing
1995-06-20,245.7,250.4,245.7,250.1,250.1,0,investing
1995-06-21,251.1,252.7,243.2,243.6,243.6,0,investing
1995-06-22,244.1,251.9,244.0,250.3,250.3,0,investing
1995-06-23,249.9,252.9,248.8,251.6,251.6,0,investing
1995-06-26,251.2,252.6,243.7,245.6,245.6,0,investing
1995-06-27,244.9,246.4,240.7,240.8,240.8,0,investing
1995-06-28,240.2,241.4,234.4,238.2,238.2,0,investing
1995-06-29,238.6,245.6,238.5,243.9,243.9,0,investing
1995-06-30,244.5,246.8,242.6,244.0,244.0,0,investing
1995-07-03,244.0,244.3,242.7,243.8,243.8,0,investing
1995-07-05,244.1,247.4,243.3,244.8,244.8,0,investing
1995-07-06,245.4,252.6,244.8,252.6,252.6,0,investing
1995-07-07,252.3,263.2,252.2,263.2,263.2,0,investing
1995-07-10,263.7,266.9,261.2,264.5,264.5,0,investing
1995-07-11,263.4,263.4,259.5,260.6,260.6,0,investing
1995-07-12,263.2,277.3,263.2,276.8,276.8,0,investing
1995-07-13,276.8,284.0,274.4,278.6,278.6,0,investing
1995-07-14,275.5,280.7,272.2,280.1,280.1,0,investing
1995-07-17,281.5,285.8,281.5,282.5,282.5,0,investing
1995-07-18,283.4,283.6,273.3,275.7,275.7,0,investing
1995-07-19,267.1,267.1,246.3,262.5,262.5,0,investing
1995-07-20,263.7,264.7,259.6,262.4,262.4,0,investing
1995-07-21,262.2,266.1,261.8,263.5,263.5,0,investing
1995-07-24,263.6,276.4,263.6,276.1,276.1,0,investing
1995-07-25,278.5,285.6,278.5,283.2,283.2,0,investing
1995-07-26,284.7,288.4,283.4,284.1,284.1,0,investing
1995-07-27,285.3,290.4,285.3,287.4,287.4,0,investing
1995-07-28,287.0,288.0,282.8,283.9,283.9,0,investing
1995-07-31,284.4,284.7,277.2,282.1,282.1,0,investing
1995-08-01,282.3,282.3,271.1,273.5,273.5,0,investing
1995-08-02,275.6,278.3,262.3,262.4,262.4,0,investing
1995-08-03,259.1,263.7,254.8,262.0,262.0,0,investing
1995-08-04,262.1,267.1,262.0,265.0,265.0,0,investing
1995-08-07,265.9,268.9,264.4,265.4,265.4,0,investing
1995-08-08,266.8,268.0,265.4,267.6,267.6,0,investing
1995-08-09,269.9,272.3,269.4,271.6,271.6,0,investing
1995-08-10,272.8,273.9,266.6,268.4,268.4,0,investing
1995-08-11,271.4,273.9,270.8,273.9,273.9,0,investing
1995-08-14,273.9,282.1,273.2,282.1,282.1,0,investing
1995-08-15,284.0,286.1,279.9,286.1,286.1,0,investing
1995-08-16,292.8,299.8,292.6,299.8,299.8,0,investing
1995-08-17,299.7,301.8,295.4,296.4,296.4,0,investing
1995-08-18,297.6,298.3,292.6,293.8,293.8,0,investing
1995-08-21,294.3,294.8,275.1,275.4,275.4,0,investing
1995-08-22,276.9,284.4,276.4,284.1,284.1,0,investing
1995-08-23,285.4,289.9,284.5,287.1,287.1,0,investing
1995-08-24,287.6,288.5,280.7,282.7,282.7,0,investing
1995-08-25,282.6,283.3,277.5,277.6,277.6,0,investing
1995-08-28,278.0,278.0,268.7,269.1,269.1,0,investing
1995-08-29,268.7,269.9,255.6,269.4,269.4,0,investing
1995-08-30,271.4,274.8,267.6,270.4,270.4,0,investing
1995-08-31,271.1,276.9,270.2,275.6,275.6,0,investing
1995-09-01,275.2,278.3,272.6,274.0,274.0,0,investing
1995-09-05,275.1,289.1,275.1,288.8,288.8,0,investing
1995-09-06,290.9,296.4,290.9,293.5,293.5,0,investing
1995-09-07,295.5,300.4,291.6,292.7,292.7,0,investing
1995-09-08,293.5,297.6,288.4,297.4,297.4,0,investing
1995-09-11,297.8,303.7,297.7,301.6,301.6,0,investing
1995-09-12,302.9,303.9,296.2,296.6,296.6,0,investing
1995-09-13,296.4,299.3,290.8,295.1,295.1,0,investing
1995-09-14,294.1,294.4,284.8,285.1,285.1,0,investing
1995-09-15,284.0,284.1,274.8,277.8,277.8,0,investing
1995-09-18,278.0,284.6,274.5,284.4,284.4,0,investing
1995-09-19,284.5,293.6,284.3,291.6,291.6,0,investing
1995-09-20,293.6,295.9,289.9,290.1,290.1,0,investing
1995-09-21,288.6,289.6,282.3,283.7,283.7,0,investing
1995-09-22,281.7,283.9,279.1,280.6,280.6,0,investing
1995-09-25,280.9,281.0,272.7,274.4,274.4,0,investing
1995-09-26,275.7,279.7,269.6,270.4,270.4,0,investing
1995-09-27,268.1,272.3,256.6,272.3,272.3,0,investing
1995-09-28,273.1,284.2,273.1,284.0,284.0,0,investing
1995-09-29,285.0,286.1,274.9,275.1,275.1,0,investing
1995-10-02,275.1,278.5,268.6,270.5,270.5,0,investing
1995-10-03,270.9,271.1,263.4,266.6,266.6,0,investing
1995-10-04,262.1,262.1,248.8,248.9,248.9,0,investing
1995-10-05,248.4,257.6,247.7,256.4,256.4,0,investing
1995-10-06,259.9,262.0,251.5,251.7,251.7,0,investing
1995-10-09,248.6,249.0,236.8,237.5,237.5,0,investing
1995-10-10,230.6,244.3,223.8,242.1,242.1,0,investing
1995-10-11,248.1,250.8,244.0,247.9,247.9,0,investing
1995-10-12,249.1,255.6,249.0,252.4,252.4,0,investing
1995-10-13,254.9,257.2,245.4,245.6,245.6,0,investing
1995-10-16,245.6,250.5,242.8,243.0,243.0,0,investing
1995-10-17,246.2,261.6,243.3,261.4,261.4,0,investing
1995-10-18,265.4,271.1,261.8,263.6,263.6,0,investing
1995-10-19,263.3,263.3,257.0,261.0,261.0,0,investing
1995-10-20,261.9,262.1,251.1,251.9,251.9,0,investing
1995-10-23,250.2,260.5,248.3,259.0,259.0,0,investing
1995-10-24,260.7,261.9,253.6,253.8,253.8,0,investing
1995-10-25,254.5,254.7,247.3,247.4,247.4,0,investing
1995-10-26,247.6,250.4,240.6,249.2,249.2,0,investing
1995-10-27,249.6,254.3,248.5,251.1,251.1,0,investing
1995-10-30,252.6,259.8,252.2,258.5,258.5,0,investing
1995-10-31,260.2,261.2,254.6,254.6,254.6,0,investing
1995-11-01,254.6,255.6,249.9,250.6,250.6,0,investing
1995-11-02,251.2,257.5,249.2,256.2,256.2,0,investing
1995-11-03,257.1,261.2,257.1,259.9,259.9,0,investing
1995-11-06,259.6,260.6,254.4,254.7,254.7,0,investing
1995-11-07,250.6,250.6,236.4,240.7,240.7,0,investing
1995-11-08,242.5,246.3,233.2,234.7,234.7,0,investing
1995-11-09,241.3,249.5,241.3,248.8,248.8,0,investing
1995-11-10,248.0,253.1,247.7,248.9,248.9,0,investing
1995-11-13,248.2,249.9,241.8,241.8,241.8,0,investing
1995-11-14,237.7,238.4,231.1,231.6,231.6,0,investing
1995-11-15,233.7,234.3,226.8,232.2,232.2,0,investing
1995-11-16,231.9,235.6,230.1,231.3,231.3,0,investing
1995-11-17,230.7,231.8,227.9,229.2,229.2,0,investing
1995-11-20,230.4,231.9,216.7,217.8,217.8,0,investing
1995-11-21,218.1,218.4,210.5,214.6,214.6,0,investing
1995-11-22,215.9,218.7,209.2,209.6,209.6,0,investing
1995-11-24,210.3,217.2,210.2,216.9,216.9,0,investing
1995-11-27,218.5,221.3,213.7,214.1,214.1,0,investing
1995-11-28,214.1,230.3,213.8,230.2,230.2,0,investing
1995-11-29,231.9,235.3,229.2,232.7,232.7,0,investing
1995-11-30,231.6,236.5,226.5,227.5,227.5,0,investing
1995-12-01,227.9,228.3,221.3,222.5,222.5,0,investing
1995-12-04,224.4,232.7,224.3,227.1,227.1,0,investing
1995-12-05,227.3,227.8,220.9,221.5,221.5,0,investing
1995-12-06,222.4,223.9,215.7,217.3,217.3,0,investing
1995-12-07,217.8,218.6,214.2,215.9,215.9,0,investing
1995-12-08,217.3,222.5,213.9,222.1,222.1,0,investing
1995-12-11,223.6,224.8,221.7,222.1,222.1,0,investing
1995-12-12,221.4,221.7,214.8,215.1,215.1,0,investing
1995-12-13,215.6,218.7,214.4,215.7,215.7,0,investing
1995-12-14,216.3,216.9,206.5,207.4,207.4,0,investing
1995-12-15,207.4,207.4,199.9,200.6,200.6,0,investing
1995-12-18,196.8,196.8,190.1,193.5,193.5,0,investing
1995-12-19,194.5,205.3,194.5,205.3,205.3,0,investing
1995-12-20,206.7,207.5,200.5,200.9,200.9,0,investing
1995-12-21,201.8,205.6,201.8,203.4,203.4,0,investing
1995-12-22,203.7,206.1,203.7,205.8,205.8,0,investing
1995-12-26,205.6,207.5,204.1,206.6,206.6,0,investing
1995-12-27,207.1,207.9,203.5,204.2,204.2,0,investing
1995-12-28,201.8,201.8,199.4,200.1,200.1,0,investing
1995-12-29,199.9,203.8,198.1,200.7,200.7,0,investing
1996-01-02,202.4,204.8,199.7,201.9,201.9,0,investing
1996-01-03,199.9,199.9,193.6,193.8,193.8,0,investing
1996-01-04,194.8,196.9,187.3,196.6,196.6,0,investing
1996-01-05,194.4,198.7,193.7,196.2,196.2,0,investing
1996-01-08,196.3,197.1,193.5,194.6,194.6,0,investing
1996-01-09,193.2,193.2,177.9,179.6,179.6,0,investing
1996-01-10,179.6,182.2,174.5,176.8,176.8,0,investing
1996-01-11,180.4,186.5,180.3,185.0,185.0,0,investing
1996-01-12,185.4,185.8,177.8,179.8,179.8,0,investing
1996-01-15,179.8,180.0,165.7,165.8,165.8,0,investing
1996-01-16,168.7,173.4,163.8,172.7,172.7,0,investing
1996-01-17,167.5,178.0,166.6,170.3,170.3,0,investing
1996-01-18,172.6,174.0,169.3,171.8,171.8,0,investing
1996-01-19,171.7,175.2,170.1,173.9,173.9,0,investing
1996-01-22,174.2,180.4,174.2,179.5,179.5,0,investing
1996-01-23,180.2,181.0,177.8,179.4,179.4,0,investing
1996-01-24,180.9,191.5,180.9,191.2,191.2,0,investing
1996-01-25,193.9,194.9,186.8,187.7,187.7,0,investing
1996-01-26,186.4,188.7,183.8,187.9,187.9,0,investing
1996-01-29,189.3,189.7,184.3,184.5,184.5,0,investing
1996-01-30,185.2,187.9,185.0,186.3,186.3,0,investing
1996-01-31,187.0,187.1,183.6,186.7,186.7,0,investing
1996-02-01,186.3,194.4,185.8,194.1,194.1,0,investing
1996-02-02,194.5,196.1,193.5,196.0,196.0,0,investing
1996-02-05,197.1,206.5,196.7,206.5,206.5,0,investing
1996-02-06,207.9,212.0,207.9,211.1,211.1,0,investing
1996-02-07,210.8,211.4,200.7,203.4,203.4,0,investing
1996-02-08,202.0,204.8,198.9,201.8,201.8,0,investing
1996-02-09,202.1,202.1,197.5,199.6,199.6,0,investing
1996-02-12,199.7,201.9,198.8,199.9,199.9,0,investing
1996-02-13,195.2,196.9,191.5,193.9,193.9,0,investing
1996-02-14,196.1,199.1,192.9,194.3,194.3,0,investing
1996-02-15,193.7,194.2,191.2,191.7,191.7,0,investing
1996-02-16,192.3,194.6,190.3,193.4,193.4,0,investing
1996-02-20,192.1,197.3,190.7,194.7,194.7,0,investing
1996-02-21,195.6,198.7,195.5,198.4,198.4,0,investing
1996-02-22,200.9,208.8,200.5,207.4,207.4,0,investing
1996-02-23,208.9,209.9,201.5,205.0,205.0,0,investing
1996-02-26,203.9,205.7,202.2,203.5,203.5,0,investing
1996-02-27,202.2,202.5,196.9,196.9,196.9,0,investing
1996-02-28,197.0,200.2,196.1,196.4,196.4,0,investing
1996-02-29,193.3,193.8,185.8,186.2,186.2,0,investing
1996-03-01,185.3,185.4,177.5,178.8,178.8,0,investing
1996-03-04,179.2,181.3,176.3,176.5,176.5,0,investing
1996-03-05,176.9,181.2,176.5,180.2,180.2,0,investing
1996-03-06,180.2,180.2,171.3,171.6,171.6,0,investing
1996-03-07,171.6,172.0,169.6,170.9,170.9,0,investing
1996-03-08,168.2,174.3,165.8,172.7,172.7,0,investing
1996-03-11,174.9,177.4,174.2,174.5,174.5,0,investing
1996-03-12,173.8,174.4,170.3,172.7,172.7,0,investing
1996-03-13,174.9,176.3,172.2,175.5,175.5,0,investing
1996-03-14,176.6,177.3,173.3,173.3,173.3,0,investing
1996-03-15,175.3,183.0,175.3,182.8,182.8,0,investing
1996-03-18,184.7,189.7,184.6,189.0,189.0,0,investing
1996-03-19,190.8,190.8,185.8,186.7,186.7,0,investing
1996-03-20,185.7,185.8,178.9,180.0,180.0,0,investing
1996-03-21,179.9,181.0,177.8,179.1,179.1,0,investing
1996-03-22,179.3,180.4,177.6,179.1,179.1,0,investing
1996-03-25,179.9,180.5,173.7,173.9,173.9,0,investing
1996-03-26,173.3,177.6,173.0,175.3,175.3,0,investing
1996-03-27,176.4,179.8,176.2,177.5,177.5,0,investing
1996-03-28,176.7,178.1,174.9,175.6,175.6,0,investing
1996-03-29,176.1,177.3,175.4,176.0,176.0,0,investing
1996-04-01,176.3,177.8,175.6,176.2,176.2,0,investing
1996-04-02,176.3,176.5,174.3,174.7,174.7,0,investing
1996-04-03,174.1,179.4,173.3,179.1,179.1,0,investing
1996-04-04,179.1,179.6,177.4,178.3,178.3,0,investing
1996-04-08,175.5,186.5,174.3,186.1,186.1,0,investing
1996-04-09,187.6,188.2,183.5,184.7,184.7,0,investing
1996-04-10,183.0,191.3,183.0,187.8,187.8,0,investing
1996-04-11,186.7,187.2,181.4,183.3,183.3,0,investing
1996-04-12,182.9,183.7,179.9,180.2,180.2,0,investing
1996-04-15,180.6,184.3,180.5,183.9,183.9,0,investing
1996-04-16,187.9,192.2,187.9,191.8,191.8,0,investing
1996-04-17,191.1,191.8,185.9,188.4,188.4,0,investing
1996-04-18,189.3,194.6,189.3,194.5,194.5,0,investing
1996-04-19,195.3,195.6,192.5,193.1,193.1,0,investing
1996-04-22,194.9,196.0,193.9,196.0,196.0,0,investing
1996-04-23,196.1,202.4,195.4,202.4,202.4,0,investing
1996-04-24,204.2,212.1,204.0,212.0,212.0,0,investing
1996-04-25,212.5,215.1,210.2,214.0,214.0,0,investing
1996-04-26,214.2,215.4,211.4,212.5,212.5,0,investing
1996-04-29,211.1,211.1,206.5,206.9,206.9,0,investing
1996-04-30,206.6,207.4,205.5,206.1,206.1,0,investing
1996-05-01,205.6,210.4,205.1,208.1,208.1,0,investing
1996-05-02,210.2,213.9,209.6,210.2,210.2,0,investing
1996-05-03,211.9,214.6,210.7,211.9,211.9,0,investing
1996-05-06,212.1,213.2,209.1,211.6,211.6,0,investing
1996-05-07,211.9,211.9,207.7,207.7,207.7,0,investing
1996-05-08,206.9,209.1,201.8,208.9,208.9,0,investing
1996-05-09,208.2,208.2,205.2,205.5,205.5,0,investing
1996-05-10,206.4,208.2,204.3,204.6,204.6,0,investing
1996-05-13,205.2,214.4,204.9,213.9,213.9,0,investing
1996-05-14,215.5,216.9,213.8,215.9,215.9,0,investing
1996-05-15,214.3,216.6,212.1,212.4,212.4,0,investing
1996-05-16,210.8,214.0,209.7,213.0,213.0,0,investing
1996-05-17,213.2,213.8,211.4,212.6,212.6,0,investing
1996-05-20,213.4,214.3,210.9,211.8,211.8,0,investing
1996-05-21,211.8,211.8,205.8,206.0,206.0,0,investing
1996-05-22,205.2,205.9,202.2,203.0,203.0,0,investing
1996-05-23,202.8,203.8,199.6,200.5,200.5,0,investing
1996-05-24,200.4,200.6,186.8,197.6,197.6,0,investing
1996-05-28,198.5,200.8,197.9,200.5,200.5,0,investing
1996-05-29,200.8,201.5,196.4,197.7,197.7,0,investing
1996-05-30,198.0,202.8,197.6,202.7,202.7,0,investing
1996-05-31,204.9,207.9,204.7,205.9,205.9,0,investing
1996-06-03,205.3,206.4,202.0,202.3,202.3,0,investing
1996-06-04,203.7,204.4,200.5,201.3,201.3,0,investing
1996-06-05,200.5,200.5,198.2,199.0,199.0,0,investing
1996-06-06,199.6,199.8,192.9,193.2,193.2,0,investing
1996-06-07,190.9,198.5,189.3,198.3,198.3,0,investing
1996-06-10,197.4,197.5,193.3,193.9,193.9,0,investing
1996-06-11,194.8,196.2,193.3,193.9,193.9,0,investing
1996-06-12,196.8,199.7,196.8,197.9,197.9,0,investing
1996-06-13,198.0,198.1,193.2,195.3,195.3,0,investing
1996-06-14,195.0,196.0,191.0,191.3,191.3,0,investing
1996-06-17,191.7,191.8,188.3,188.9,188.9,0,investing
1996-06-18,185.1,185.3,178.5,179.0,179.0,0,investing
1996-06-19,179.5,180.9,177.8,178.9,178.9,0,investing
1996-06-20,179.5,181.2,176.0,179.7,179.7,0,investing
1996-06-21,180.2,180.4,176.0,176.4,176.4,0,investing
1996-06-24,176.8,178.8,176.5,177.3,177.3,0,investing
1996-06-25,177.9,178.0,174.0,174.5,174.5,0,investing
1996-06-26,174.4,174.4,167.9,170.8,170.8,0,investing
1996-06-27,171.4,175.0,170.1,175.0,175.0,0,investing
1996-06-28,176.5,177.7,174.5,174.7,174.7,0,investing
1996-07-01,175.9,181.1,175.9,180.6,180.6,0,investing
1996-07-02,179.8,179.8,177.4,177.8,177.8,0,investing
1996-07-03,177.9,178.1,175.6,176.7,176.7,0,investing
1996-07-05,175.8,175.8,173.4,173.8,173.8,0,investing
1996-07-08,174.0,176.9,173.0,173.7,173.7,0,investing
1996-07-09,174.7,175.0,171.1,171.6,171.6,0,investing
1996-07-10,171.2,171.3,163.9,166.9,166.9,0,investing
1996-07-11,165.6,165.6,156.1,159.4,159.4,0,investing
1996-07-12,160.8,161.9,157.0,158.7,158.7,0,investing
1996-07-15,157.7,157.8,148.3,148.6,148.6,0,investing
1996-07-16,147.4,151.8,139.0,150.2,150.2,0,investing
1996-07-17,154.4,156.9,151.8,153.6,153.6,0,investing
1996-07-18,154.3,158.2,152.2,156.4,156.4,0,investing
1996-07-19,155.7,155.8,151.8,152.7,152.7,0,investing
1996-07-22,152.2,152.2,148.5,150.0,150.0,0,investing
1996-07-23,151.0,151.1,144.3,145.2,145.2,0,investing
1996-07-24,146.9,146.9,139.2,143.8,143.8,0,investing
1996-07-25,146.3,148.5,145.1,147.6,147.6,0,investing
1996-07-26,150.0,157.3,150.0,156.7,156.7,0,investing
1996-07-29,156.9,159.0,152.8,152.9,152.9,0,investing
1996-07-30,154.7,157.0,152.1,156.9,156.9,0,investing
1996-07-31,157.0,158.7,155.5,155.9,155.9,0,investing
1996-08-01,156.3,159.4,155.3,159.4,159.4,0,investing
1996-08-02,160.8,167.6,160.8,167.5,167.5,0,investing
1996-08-05,167.6,167.9,163.6,163.8,163.8,0,investing
1996-08-06,163.0,169.4,162.4,169.2,169.2,0,investing
1996-08-07,171.6,179.2,171.6,178.6,178.6,0,investing
1996-08-08,177.4,178.0,174.8,176.1,176.1,0,investing
1996-08-09,173.7,174.8,171.2,172.1,172.1,0,investing
1996-08-12,172.1,174.3,170.3,171.2,171.2,0,investing
1996-08-13,170.6,170.6,166.0,166.3,166.3,0,investing
1996-08-14,166.6,169.9,166.2,169.0,169.0,0,investing
1996-08-15,168.9,170.5,168.3,170.1,170.1,0,investing
1996-08-16,170.0,170.4,167.9,168.2,168.2,0,investing
1996-08-19,167.8,168.0,166.6,167.9,167.9,0,investing
1996-08-20,167.9,168.2,166.5,166.6,166.6,0,investing
1996-08-21,165.9,170.6,165.2,170.6,170.6,0,investing
1996-08-22,171.3,173.9,171.1,173.2,173.2,0,investing
1996-08-23,172.0,173.2,170.5,170.6,170.6,0,investing
1996-08-26,170.2,170.2,167.7,168.9,168.9,0,investing
1996-08-27,169.4,170.6,168.0,170.6,170.6,0,investing
1996-08-28,170.9,171.2,169.0,169.4,169.4,0,investing
1996-08-29,169.5,172.7,169.5,171.2,171.2,0,investing
1996-08-30,171.5,171.9,169.0,169.5,169.5,0,investing
1996-09-03,168.1,170.0,166.0,169.2,169.2,0,investing
1996-09-04,169.3,169.8,167.2,168.1,168.1,0,investing
1996-09-05,167.1,167.1,159.9,160.6,160.6,0,investing
1996-09-06,161.6,163.8,160.7,161.9,161.9,0,investing
1996-09-09,162.9,163.6,160.9,161.4,161.4,0,investing
1996-09-10,161.5,162.3,160.4,161.7,161.7,0,investing
1996-09-11,160.5,164.4,159.8,162.6,162.6,0,investing
1996-09-12,163.5,165.1,160.6,164.2,164.2,0,investing
1996-09-13,166.0,168.3,165.5,168.0,168.0,0,investing
1996-09-16,168.5,175.2,168.1,173.1,173.1,0,investing
1996-09-17,177.8,183.2,176.6,181.9,181.9,0,investing
1996-09-18,180.4,181.4,178.7,180.0,180.0,0,investing
1996-09-19,178.8,185.5,178.4,184.2,184.2,0,investing
1996-09-20,184.2,185.4,182.3,183.0,183.0,0,investing
1996-09-23,182.8,182.8,178.9,180.7,180.7,0,investing
1996-09-24,181.3,192.4,181.3,191.7,191.7,0,investing
1996-09-25,192.2,194.6,189.4,193.2,193.2,0,investing
1996-09-26,193.8,199.0,191.7,191.9,191.9,0,investing
1996-09-27,191.2,192.7,188.5,189.1,189.1,0,investing
1996-09-30,188.9,192.0,187.4,187.5,187.5,0,investing
1996-10-01,186.3,186.3,181.5,183.4,183.4,0,investing
1996-10-02,183.9,187.3,183.9,185.9,185.9,0,investing
1996-10-03,186.0,186.9,184.1,184.1,184.1,0,investing
1996-10-04,185.4,186.2,183.7,185.4,185.4,0,investing
1996-10-07,185.2,189.7,185.2,189.3,189.3,0,investing
1996-10-08,190.7,195.5,189.9,190.3,190.3,0,investing
1996-10-09,193.2,196.7,192.4,195.7,195.7,0,investing
1996-10-10,194.9,196.1,191.9,192.1,192.1,0,investing
1996-10-11,194.3,196.1,194.3,195.7,195.7,0,investing
1996-10-14,196.6,200.2,196.2,199.7,199.7,0,investing
1996-10-15,204.8,206.6,197.8,199.6,199.6,0,investing
1996-10-16,199.0,199.6,196.4,199.2,199.2,0,investing
1996-10-17,199.7,201.5,196.9,197.2,197.2,0,investing
1996-10-18,196.7,196.8,195.3,196.4,196.4,0,investing
1996-10-21,195.5,197.7,191.8,192.3,192.3,0,investing
1996-10-22,191.3,192.8,187.2,189.1,189.1,0,investing
1996-10-23,188.4,193.8,187.3,193.5,193.5,0,investing
1996-10-24,193.9,194.3,189.5,189.5,189.5,0,investing
1996-10-25,189.3,190.7,188.0,188.3,188.3,0,investing
1996-10-28,188.4,190.1,187.3,187.3,187.3,0,investing
1996-10-29,188.4,188.5,183.2,183.5,183.5,0,investing
1996-10-30,184.3,186.7,183.5,185.1,185.1,0,investing
1996-10-31,186.1,187.2,185.7,187.1,187.1,0,investing
1996-11-01,187.0,188.9,186.5,188.0,188.0,0,investing
1996-11-04,188.2,191.3,188.1,190.9,190.9,0,investing
1996-11-05,191.8,197.2,190.9,195.9,195.9,0,investing
1996-11-06,196.2,202.9,196.0,202.7,202.7,0,investing
1996-11-07,203.3,208.5,202.6,207.3,207.3,0,investing
1996-11-08,207.2,207.8,204.9,207.3,207.3,0,investing
1996-11-11,207.2,213.2,206.3,212.8,212.8,0,investing
1996-11-12,215.2,217.9,211.6,212.2,212.2,0,investing
1996-11-13,212.2,214.1,210.2,212.2,212.2,0,investing
1996-11-14,211.8,219.5,211.5,218.7,218.7,0,investing
1996-11-15,218.5,220.5,214.7,216.5,216.5,0,investing
1996-11-18,216.4,216.6,211.3,213.6,213.6,0,investing
1996-11-19,212.9,217.8,212.3,217.7,217.7,0,investing
1996-11-20,217.8,222.4,216.4,218.7,218.7,0,investing
1996-11-21,219.5,220.5,216.8,219.9,219.9,0,investing
1996-11-22,222.9,233.4,222.8,233.1,233.1,0,investing
1996-11-25,233.2,234.2,230.0,231.9,231.9,0,investing
1996-11-26,231.3,234.5,228.8,233.5,233.5,0,investing
1996-11-27,233.8,239.0,232.5,238.2,238.2,0,investing
1996-11-29,238.3,238.8,237.2,237.9,237.9,0,investing
1996-12-02,237.2,245.1,236.1,245.0,245.0,0,investing
1996-12-03,245.9,250.2,244.6,245.1,245.1,0,investing
1996-12-04,244.9,247.2,242.2,246.0,246.0,0,investing
1996-12-05,246.4,246.8,241.8,243.1,243.1,0,investing
1996-12-06,240.5,245.5,232.1,243.4,243.4,0,investing
1996-12-09,245.6,252.4,245.6,252.3,252.3,0,investing
1996-12-10,255.0,257.7,247.0,247.3,247.3,0,investing
1996-12-11,244.3,252.0,242.1,251.1,251.1,0,investing
1996-12-12,254.0,257.7,251.4,251.6,251.6,0,investing
1996-12-13,250.3,251.6,245.6,246.8,246.8,0,investing
1996-12-16,247.3,248.1,236.0,236.2,236.2,0,investing
1996-12-17,234.2,239.2,232.6,237.8,237.8,0,investing
1996-12-18,239.4,245.5,239.3,245.3,245.3,0,investing
1996-12-19,246.2,247.9,244.8,246.8,246.8,0,investing
1996-12-20,248.7,248.8,242.2,243.6,243.6,0,investing
1996-12-23,243.9,244.3,240.6,240.9,240.9,0,investing
1996-12-24,240.9,242.9,240.2,242.7,242.7,0,investing
1996-12-26,243.2,247.5,243.2,247.5,247.5,0,investing
1996-12-27,248.4,248.6,244.3,244.5,244.5,0,investing
1996-12-30,245.1,245.3,242.2,242.4,242.4,0,investing
1996-12-31,242.4,243.8,239.8,240.3,240.3,0,investing
1997-01-02,240.6,240.6,234.7,238.5,238.5,0,investing
1997-01-03,241.3,250.9,241.3,250.8,250.8,0,investing
1997-01-06,251.8,255.3,250.0,252.0,252.0,0,investing
1997-01-07,251.3,257.9,249.3,257.8,257.8,0,investing
1997-01-08,257.8,260.3,255.8,256.6,256.6,0,investing
1997-01-09,257.2,257.4,253.4,255.5,255.5,0,investing
1997-01-10,255.5,261.2,252.7,259.9,259.9,0,investing
1997-01-13,259.9,263.1,258.6,261.9,261.9,0,investing
1997-01-14,261.9,269.7,261.9,267.2,267.2,0,investing
1997-01-15,267.2,271.2,266.1,266.4,266.4,0,investing
1997-01-16,267.2,270.9,266.7,268.8,268.8,0,investing
1997-01-17,268.1,270.2,265.9,267.0,267.0,0,investing
1997-01-20,267.0,269.6,262.9,268.4,268.4,0,investing
1997-01-21,268.4,273.4,266.4,270.6,270.6,0,investing
1997-01-22,270.6,275.1,269.3,274.0,274.0,0,investing
1997-01-23,274.0,282.6,274.0,275.0,275.0,0,investing
1997-01-24,275.0,277.1,270.2,270.7,270.7,0,investing
1997-01-27,270.7,271.8,268.2,268.7,268.7,0,investing
1997-01-28,268.7,275.5,268.1,270.1,270.1,0,investing
1997-01-29,270.1,272.3,267.9,271.3,271.3,0,investing
1997-01-30,271.3,283.9,271.3,283.6,283.6,0,investing
1997-01-31,283.6,290.7,283.6,288.7,288.7,0,investing
1997-02-03,288.7,290.1,284.3,284.6,284.6,0,investing
1997-02-04,284.6,284.8,279.6,283.2,283.2,0,investing
1997-02-05,283.2,283.2,263.6,271.6,271.6,0,investing
1997-02-06,271.6,275.4,268.7,275.1,275.1,0,investing
1997-02-07,275.2,283.1,275.2,282.3,282.3,0,investing
1997-02-10,282.3,283.0,270.4,272.2,272.2,0,investing
1997-02-11,272.1,274.5,262.0,268.1,268.1,0,investing
1997-02-12,268.0,287.0,268.0,286.2,286.2,0,investing
1997-02-13,286.2,290.9,284.5,288.2,288.2,0,investing
1997-02-14,288.2,289.4,285.8,287.1,287.1,0,investing
1997-02-18,287.1,287.1,281.1,285.0,285.0,0,investing
1997-02-19,285.0,291.6,284.1,289.6,289.6,0,investing
1997-02-20,289.6,289.6,281.1,283.3,283.3,0,investing
1997-02-21,283.3,283.3,273.8,275.4,275.4,0,investing
1997-02-24,275.4,281.5,270.5,279.5,279.5,0,investing
1997-02-25,279.4,285.7,277.6,284.2,284.2,0,investing
1997-02-26,284.2,284.8,277.1,281.4,281.4,0,investing
1997-02-27,281.4,282.3,268.5,268.7,268.7,0,investing
1997-02-28,268.6,275.8,262.7,272.9,272.9,0,investing
1997-03-03,272.9,278.2,271.3,277.7,277.7,0,investing
1997-03-04,277.7,286.0,277.6,283.3,283.3,0,investing
1997-03-05,283.3,288.2,283.3,287.4,287.4,0,investing
1997-03-06,287.4,287.4,279.8,280.0,280.0,0,investing
1997-03-07,280.0,286.8,278.4,279.4,279.4,0,investing
1997-03-10,279.4,282.7,275.4,279.1,279.1,0,investing
1997-03-11,279.1,285.3,278.9,281.3,281.3,0,investing
1997-03-12,281.3,284.7,279.2,282.0,282.0,0,investing
1997-03-13,282.0,283.2,277.5,279.5,279.5,0,investing
1997-03-14,279.5,283.6,279.5,282.1,282.1,0,investing
1997-03-17,282.1,282.1,270.4,275.1,275.1,0,investing
1997-03-18,275.1,275.9,265.5,268.0,268.0,0,investing
1997-03-19,268.0,268.0,253.8,259.3,259.3,0,investing
1997-03-20,259.2,266.9,256.0,263.5,263.5,0,investing
1997-03-21,263.5,265.8,258.9,259.1,259.1,0,investing
1997-03-24,259.1,259.1,247.2,258.4,258.4,0,investing
1997-03-25,258.4,267.2,258.0,265.0,265.0,0,investing
1997-03-26,265.0,280.1,265.0,279.9,279.9,0,investing
1997-03-27,279.9,283.7,269.4,272.6,272.6,0,investing
1997-03-31,271.3,273.5,265.6,268.9,268.9,0,investing
1997-04-01,268.9,269.8,261.3,266.1,266.1,0,investing
1997-04-02,266.1,267.7,262.1,263.9,263.9,0,investing
1997-04-03,263.9,270.5,259.3,270.5,270.5,0,investing
1997-04-04,270.5,286.6,268.4,285.9,285.9,0,investing
1997-04-07,285.9,295.3,285.9,291.8,291.8,0,investing
1997-04-08,291.8,297.7,290.5,297.3,297.3,0,investing
1997-04-09,297.3,300.0,288.8,289.0,289.0,0,investing
1997-04-10,289.0,289.0,279.6,279.6,279.6,0,investing
1997-04-11,279.6,279.6,270.8,273.1,273.1,0,investing
1997-04-14,273.1,273.1,262.9,269.0,269.0,0,investing
1997-04-15,269.0,273.7,262.2,263.1,263.1,0,investing
1997-04-16,263.1,263.1,258.0,261.2,261.2,0,investing
1997-04-17,261.1,270.4,261.1,267.2,267.2,0,investing
1997-04-18,267.2,271.8,263.0,263.2,263.2,0,investing
1997-04-21,263.2,264.8,258.8,259.9,259.9,0,investing
1997-04-22,259.9,265.1,253.4,265.1,265.1,0,investing
1997-04-23,265.0,273.0,264.6,270.0,270.0,0,investing
1997-04-24,270.0,276.6,269.7,272.0,272.0,0,investing
1997-04-25,272.0,272.0,263.0,263.1,263.1,0,investing
1997-04-28,263.1,268.8,261.9,268.7,268.7,0,investing
1997-04-29,268.7,281.0,268.7,280.2,280.2,0,investing
1997-04-30,280.2,284.8,277.8,283.3,283.3,0,investing
1997-05-01,283.3,289.4,282.9,288.5,288.5,0,investing
1997-05-02,288.5,303.4,288.2,302.9,302.9,0,investing
1997-05-05,302.6,314.8,302.6,314.5,314.5,0,investing
1997-05-06,314.5,314.5,303.8,305.3,305.3,0,investing
1997-05-07,305.3,312.9,302.6,305.9,305.9,0,investing
1997-05-08,305.9,315.8,303.9,313.0,313.0,0,investing
1997-05-09,313.0,318.0,311.1,315.1,315.1,0,investing
1997-05-12,315.1,316.2,307.8,308.9,308.9,0,investing
1997-05-13,308.9,309.0,301.3,301.9,301.9,0,investing
1997-05-14,301.9,305.7,299.7,304.9,304.9,0,investing
1997-05-15,304.8,316.1,304.7,315.9,315.9,0,investing
1997-05-16,315.9,315.9,306.4,306.6,306.6,0,investing
1997-05-19,306.6,308.1,303.4,304.9,304.9,0,investing
1997-05-20,304.9,317.7,304.6,317.7,317.7,0,investing
1997-05-21,317.7,321.2,316.3,317.5,317.5,0,investing
1997-05-22,317.5,317.5,311.6,313.6,313.6,0,investing
1997-05-23,313.7,320.1,313.7,319.9,319.9,0,investing
1997-05-27,319.9,331.5,319.2,330.5,330.5,0,investing
1997-05-28,330.5,332.6,325.2,327.9,327.9,0,investing
1997-05-29,327.9,327.9,318.5,319.0,319.0,0,investing
1997-05-30,319.0,319.0,299.2,311.2,311.2,0,investing
1997-06-02,311.2,315.4,310.4,313.7,313.7,0,investing
1997-06-03,313.7,313.7,298.5,298.6,298.6,0,investing
1997-06-04,298.6,304.5,293.3,295.2,295.2,0,investing
1997-06-05,295.2,301.5,295.2,297.3,297.3,0,investing
1997-06-06,297.3,301.8,294.9,300.2,300.2,0,investing
1997-06-09,300.2,308.3,300.2,306.1,306.1,0,investing
1997-06-10,306.1,306.1,292.0,293.1,293.1,0,investing
1997-06-11,293.1,294.6,285.6,292.1,292.1,0,investing
1997-06-12,292.1,292.1,286.4,288.0,288.0,0,investing
1997-06-13,287.9,298.1,287.9,294.9,294.9,0,investing
1997-06-16,294.9,302.7,294.9,302.6,302.6,0,investing
1997-06-17,302.6,311.8,300.9,310.1,310.1,0,investing
1997-06-18,310.1,310.1,304.2,306.2,306.2,0,investing
1997-06-19,306.2,309.9,303.5,308.1,308.1,0,investing
1997-06-20,308.1,310.9,306.8,307.3,307.3,0,investing
1997-06-23,307.3,311.4,305.1,305.6,305.6,0,investing
1997-06-24,305.6,312.6,305.6,312.4,312.4,0,investing
1997-06-25,312.4,318.1,309.9,313.2,313.2,0,investing
1997-06-26,313.2,314.3,307.6,308.6,308.6,0,investing
1997-06-27,308.6,312.4,306.6,307.1,307.1,0,investing
1997-06-30,307.2,309.5,304.5,305.7,305.7,0,investing
1997-07-01,305.7,310.9,305.1,308.1,308.1,0,investing
1997-07-02,308.1,313.6,308.1,313.0,313.0,0,investing
1997-07-03,313.0,318.3,313.0,316.7,316.7,0,investing
1997-07-07,316.7,320.4,316.3,318.3,318.3,0,investing
1997-07-08,318.3,326.9,317.8,326.9,326.9,0,investing
1997-07-09,326.9,336.5,326.9,333.9,333.9,0,investing
1997-07-10,334.0,335.3,327.1,333.2,333.2,0,investing
1997-07-11,333.2,341.7,333.2,339.9,339.9,0,investing
1997-07-14,339.9,349.4,339.7,348.3,348.3,0,investing
1997-07-15,348.3,362.4,348.3,360.5,360.5,0,investing
1997-07-16,360.5,369.5,360.5,368.4,368.4,0,investing
1997-07-17,368.4,368.4,362.1,363.3,363.3,0,investing
1997-07-18,363.6,363.6,350.3,350.9,350.9,0,investing
1997-07-21,350.9,350.9,341.5,345.2,345.2,0,investing
1997-07-22,345.2,357.2,345.2,357.2,357.2,0,investing
1997-07-23,357.2,366.3,356.0,364.4,364.4,0,investing
1997-07-24,364.4,367.8,357.6,366.7,366.7,0,investing
1997-07-25,366.6,368.4,359.5,359.9,359.9,0,investing
1997-07-28,359.9,364.0,357.2,359.3,359.3,0,investing
1997-07-29,359.3,359.3,352.1,353.4,353.4,0,investing
1997-07-30,353.4,363.2,350.7,362.0,362.0,0,investing
1997-07-31,362.0,368.2,359.7,366.2,366.2,0,investing
1997-08-01,366.2,377.9,364.2,377.2,377.2,0,investing
1997-08-04,377.2,387.6,374.7,386.6,386.6,0,investing
1997-08-05,386.6,399.6,386.6,397.4,397.4,0,investing
1997-08-06,397.4,400.1,393.2,393.8,393.8,0,investing
1997-08-07,393.8,397.8,390.2,390.6,390.6,0,investing
1997-08-08,383.5,390.6,377.1,383.5,383.5,0,investing
1997-08-11,383.5,384.4,368.8,375.9,375.9,0,investing
1997-08-12,375.9,383.9,373.8,374.3,374.3,0,investing
1997-08-13,374.3,383.1,369.4,380.3,380.3,0,investing
1997-08-14,380.3,383.3,377.4,383.0,383.0,0,investing
1997-08-15,383.0,383.0,374.0,374.0,374.0,0,investing
1997-08-18,374.0,381.7,369.5,381.2,381.2,0,investing
1997-08-19,381.2,394.9,381.0,394.6,394.6,0,investing
1997-08-20,394.6,404.1,390.6,403.6,403.6,0,investing
1997-08-21,403.6,405.5,396.6,397.1,397.1,0,investing
1997-08-22,397.1,397.1,384.9,391.6,391.6,0,investing
1997-08-25,391.6,399.6,390.6,394.3,394.3,0,investing
1997-08-26,394.4,394.9,386.6,386.8,386.8,0,investing
1997-08-27,386.8,389.6,382.5,386.6,386.6,0,investing
1997-08-28,386.6,386.6,372.2,378.1,378.1,0,investing
1997-08-29,378.1,378.4,373.0,373.2,373.2,0,investing
1997-09-02,373.2,387.7,373.2,387.6,387.6,0,investing
1997-09-03,387.6,392.4,382.7,385.3,385.3,0,investing
1997-09-04,385.3,387.5,381.7,386.1,386.1,0,investing
1997-09-05,386.1,392.5,384.0,389.3,389.3,0,investing
1997-09-08,389.3,392.0,380.3,380.9,380.9,0,investing
1997-09-09,380.9,387.1,380.9,383.6,383.6,0,investing
1997-09-10,383.6,384.5,374.2,374.5,374.5,0,investing
1997-09-11,374.5,380.4,369.6,378.4,378.4,0,investing
1997-09-12,371.5,381.0,371.5,375.4,375.4,0,investing
1997-09-15,375.4,377.6,370.1,370.4,370.4,0,investing
1997-09-16,370.4,383.6,370.4,382.9,382.9,0,investing
1997-09-17,382.9,389.1,380.8,380.8,380.8,0,investing
1997-09-18,380.8,383.5,377.3,378.0,378.0,0,investing
1997-09-19,378.0,383.7,378.0,382.7,382.7,0,investing
1997-09-22,382.7,395.2,382.7,393.1,393.1,0,investing
1997-09-23,393.1,398.1,389.7,397.1,397.1,0,investing
1997-09-24,397.1,398.4,385.6,385.6,385.6,0,investing
1997-09-25,385.6,389.3,382.7,383.3,383.3,0,investing
1997-09-26,383.3,386.2,375.6,378.6,378.6,0,investing
1997-09-29,378.6,386.4,378.6,386.3,386.3,0,investing
1997-09-30,386.3,387.6,381.2,381.6,381.6,0,investing
1997-10-01,381.6,382.9,369.1,373.7,373.7,0,investing
1997-10-02,373.7,378.8,373.7,377.9,377.9,0,investing
1997-10-03,377.9,384.0,374.6,378.6,378.6,0,investing
1997-10-06,378.6,379.4,372.6,372.9,372.9,0,investing
1997-10-07,372.9,381.7,372.9,379.7,379.7,0,investing
1997-10-08,379.7,387.2,376.7,386.9,386.9,0,investing
1997-10-09,386.9,389.9,383.8,386.7,386.7,0,investing
1997-10-10,386.7,391.9,383.9,389.8,389.8,0,investing
1997-10-13,389.8,393.8,387.8,389.9,389.9,0,investing
1997-10-14,389.9,389.9,373.7,378.8,378.8,0,investing
1997-10-15,378.8,378.8,371.5,374.2,374.2,0,investing
1997-10-16,374.2,377.4,353.2,358.8,358.8,0,investing
1997-10-17,358.8,358.8,340.8,347.0,347.0,0,investing
1997-10-20,347.5,352.8,344.1,348.1,348.1,0,investing
1997-10-21,348.1,356.3,348.1,353.4,353.4,0,investing
1997-10-22,353.4,356.1,348.6,348.9,348.9,0,investing
1997-10-23,348.9,348.9,329.7,332.9,332.9,0,investing
1997-10-24,332.9,335.2,304.6,315.4,315.4,0,investing
1997-10-27,315.4,315.4,284.2,284.7,284.7,0,investing
1997-10-28,284.7,315.5,275.3,313.6,313.6,0,investing
1997-10-29,313.6,320.9,308.7,312.3,312.3,0,investing
1997-10-30,312.3,312.3,292.6,292.6,292.6,0,investing
1997-10-31,288.3,304.1,288.3,301.9,301.9,0,investing
1997-11-03,301.9,319.1,301.9,319.1,319.1,0,investing
1997-11-04,319.0,324.5,313.0,323.6,323.6,0,investing
1997-11-05,323.6,331.3,320.9,326.0,326.0,0,investing
1997-11-06,326.0,326.0,312.0,312.9,312.9,0,investing
1997-11-07,312.9,313.9,301.3,307.8,307.8,0,investing
1997-11-10,307.8,312.9,297.1,297.2,297.2,0,investing
1997-11-11,297.2,300.3,293.0,294.2,294.2,0,investing
1997-11-12,294.2,295.6,277.4,278.0,278.0,0,investing
1997-11-13,278.0,286.9,271.0,286.8,286.8,0,investing
1997-11-14,286.8,298.0,286.8,293.6,293.6,0,investing
1997-11-17,293.6,310.5,293.6,306.5,306.5,0,investing
1997-11-18,306.5,307.1,297.9,298.1,298.1,0,investing
1997-11-19,298.1,300.9,294.7,296.4,296.4,0,investing
1997-11-20,296.4,312.2,296.4,311.6,311.6,0,investing
1997-11-21,311.5,316.2,305.5,307.9,307.9,0,investing
1997-11-24,307.9,307.9,292.0,292.8,292.8,0,investing
1997-11-25,292.8,296.7,288.2,294.7,294.7,0,investing
1997-11-26,294.7,299.4,289.3,289.8,289.8,0,investing
1997-11-28,289.8,292.0,289.3,290.6,290.6,0,investing
1997-12-01,290.6,305.7,290.6,305.2,305.2,0,investing
1997-12-02,305.2,305.2,284.1,285.9,285.9,0,investing
1997-12-03,285.9,289.6,278.5,288.3,288.3,0,investing
1997-12-04,288.3,291.3,282.0,283.9,283.9,0,investing
1997-12-05,283.9,292.1,282.9,291.1,291.1,0,investing
1997-12-08,291.1,299.9,291.1,295.5,295.5,0,investing
1997-12-09,295.5,295.5,284.1,284.6,284.6,0,investing
1997-12-10,284.6,284.6,271.5,277.0,277.0,0,investing
1997-12-11,277.0,277.0,258.3,259.5,259.5,0,investing
1997-12-12,259.5,263.2,247.5,248.2,248.2,0,investing
1997-12-15,248.2,257.7,242.8,253.3,253.3,0,investing
1997-12-16,253.3,262.8,253.3,256.1,256.1,0,investing
1997-12-17,256.1,262.2,253.9,254.5,254.5,0,investing
1997-12-18,254.5,256.8,250.4,253.3,253.3,0,investing
1997-12-19,253.3,266.9,249.3,266.9,266.9,0,investing
1997-12-22,266.9,273.5,265.6,269.8,269.8,0,investing
1997-12-23,269.8,269.8,258.3,258.8,258.8,0,investing
1997-12-24,258.8,261.5,256.4,257.2,257.2,0,investing
1997-12-26,257.2,260.3,257.2,258.8,258.8,0,investing
1997-12-29,258.8,262.8,257.9,259.2,259.2,0,investing
1997-12-30,259.1,262.1,259.0,261.6,261.6,0,investing
1997-12-31,261.6,268.4,260.5,263.6,263.6,0,investing
1998-01-02,263.6,275.0,263.6,275.0,275.0,0,investing
1998-01-05,275.0,287.1,273.5,279.1,279.1,0,investing
1998-01-06,279.1,279.1,269.4,271.2,271.2,0,investing
1998-01-07,271.2,271.2,259.9,262.0,262.0,0,investing
1998-01-08,262.0,269.3,259.2,263.6,263.6,0,investing
1998-01-09,263.6,265.4,245.6,248.9,248.9,0,investing
1998-01-12,248.9,256.3,242.8,250.5,250.5,0,investing
1998-01-13,250.5,267.1,250.5,267.0,267.0,0,investing
1998-01-14,267.0,269.0,259.5,264.9,264.9,0,investing
1998-01-15,264.9,271.6,262.6,264.5,264.5,0,investing
1998-01-16,264.4,267.3,260.6,260.8,260.8,0,investing
1998-01-20,260.8,273.0,260.8,272.9,272.9,0,investing
1998-01-21,272.9,276.7,268.7,274.8,274.8,0,investing
1998-01-22,274.8,274.8,267.6,271.0,271.0,0,investing
1998-01-23,271.0,275.0,268.8,271.5,271.5,0,investing
1998-01-26,271.5,274.9,268.2,268.3,268.3,0,investing
1998-01-27,268.3,274.4,268.0,274.1,274.1,0,investing
1998-01-28,274.1,289.4,274.1,288.5,288.5,0,investing
1998-01-29,288.5,294.6,285.1,287.7,287.7,0,investing
1998-01-30,287.7,292.8,287.4,289.1,289.1,0,investing
1998-02-02,289.1,298.5,289.1,297.0,297.0,0,investing
1998-02-03,297.0,309.0,297.0,308.9,308.9,0,investing
1998-02-04,308.9,313.7,303.0,309.4,309.4,0,investing
1998-02-05,309.4,314.1,298.7,298.7,298.7,0,investing
1998-02-06,298.7,303.3,296.2,301.8,301.8,0,investing
1998-02-09,301.8,303.9,297.3,298.1,298.1,0,investing
1998-02-10,298.1,310.1,298.1,306.9,306.9,0,investing
1998-02-11,306.9,306.9,301.6,305.0,305.0,0,investing
1998-02-12,305.0,309.6,301.0,308.2,308.2,0,investing
1998-02-13,308.2,309.7,305.4,306.8,306.8,0,investing
1998-02-17,306.8,309.8,301.7,302.6,302.6,0,investing
1998-02-18,302.5,310.3,301.7,310.3,310.3,0,investing
1998-02-19,310.3,319.1,310.3,317.1,317.1,0,investing
1998-02-20,317.1,319.1,309.7,314.1,314.1,0,investing
1998-02-23,314.1,320.7,314.1,320.3,320.3,0,investing
1998-02-24,320.3,320.3,310.5,310.5,310.5,0,investing
1998-02-25,310.5,325.9,310.5,325.8,325.8,0,investing
1998-02-26,325.8,330.6,324.0,329.8,329.8,0,investing
1998-02-27,329.8,329.8,316.4,316.4,316.4,0,investing
1998-03-02,316.4,317.8,303.9,304.6,304.6,0,investing
1998-03-03,304.6,304.6,293.8,301.2,301.2,0,investing
1998-03-04,301.2,308.3,299.4,308.2,308.2,0,investing
1998-03-05,308.2,308.2,286.2,287.9,287.9,0,investing
1998-03-06,287.9,296.8,287.9,293.0,293.0,0,investing
1998-03-09,293.0,293.0,282.1,282.2,282.2,0,investing
1998-03-10,282.2,288.6,282.2,288.6,288.6,0,investing
1998-03-11,288.6,294.2,288.6,292.4,292.4,0,investing
1998-03-12,292.4,296.9,289.5,295.2,295.2,0,investing
1998-03-13,295.2,299.5,294.3,295.0,295.0,0,investing
1998-03-16,295.0,299.9,295.0,298.8,298.8,0,investing
1998-03-17,298.8,298.8,290.2,293.2,293.2,0,investing
1998-03-18,293.2,293.3,290.0,292.1,292.1,0,investing
1998-03-19,292.1,295.3,291.5,293.8,293.8,0,investing
1998-03-20,293.8,296.8,285.2,285.2,285.2,0,investing
1998-03-23,285.2,288.9,284.4,286.9,286.9,0,investing
1998-03-24,286.9,292.4,286.8,287.4,287.4,0,investing
1998-03-25,287.4,297.1,287.4,294.4,294.4,0,investing
1998-03-26,294.3,298.6,292.5,297.4,297.4,0,investing
1998-03-27,297.4,299.4,293.6,297.5,297.5,0,investing
1998-03-30,297.5,297.5,292.9,293.6,293.6,0,investing
1998-03-31,293.6,301.8,293.4,298.7,298.7,0,investing
1998-04-01,298.7,310.7,294.7,310.3,310.3,0,investing
1998-04-02,310.3,314.4,308.8,309.3,309.3,0,investing
1998-04-03,309.3,310.6,304.8,305.5,305.5,0,investing
1998-04-06,305.5,307.7,301.8,302.3,302.3,0,investing
1998-04-07,302.3,302.3,287.1,289.6,289.6,0,investing
1998-04-08,289.6,293.2,287.2,289.9,289.9,0,investing
1998-04-09,289.9,292.5,287.6,288.3,288.3,0,investing
1998-04-13,288.3,288.8,285.4,288.3,288.3,0,investing
1998-04-14,288.3,296.5,287.4,296.3,296.3,0,investing
1998-04-15,296.3,310.8,296.3,308.0,308.0,0,investing
1998-04-16,308.0,308.0,301.5,302.5,302.5,0,investing
1998-04-17,302.5,302.5,298.0,301.2,301.2,0,investing
1998-04-20,301.2,311.5,299.8,310.8,310.8,0,investing
1998-04-21,310.8,315.0,310.8,314.1,314.1,0,investing
1998-04-22,314.1,326.1,313.1,324.6,324.6,0,investing
1998-04-23,324.6,324.6,316.4,317.2,317.2,0,investing
1998-04-24,317.2,323.9,316.9,321.2,321.2,0,investing
1998-04-27,321.2,321.2,308.5,311.2,311.2,0,investing
1998-04-28,311.2,316.6,309.6,312.6,312.6,0,investing
1998-04-29,312.6,315.6,309.4,313.2,313.2,0,investing
1998-04-30,313.2,317.2,313.2,315.9,315.9,0,investing
1998-05-01,315.9,317.6,312.4,317.0,317.0,0,investing
1998-05-04,317.0,321.6,316.4,317.0,317.0,0,investing
1998-05-05,317.0,319.6,316.1,318.2,318.2,0,investing
1998-05-06,318.2,319.6,312.9,312.9,312.9,0,investing
1998-05-07,312.9,314.3,308.6,309.1,309.1,0,investing
1998-05-08,309.1,316.1,308.7,316.1,316.1,0,investing
1998-05-11,316.1,318.1,309.5,309.8,309.8,0,investing
1998-05-12,309.8,313.2,306.1,313.2,313.2,0,investing
1998-05-13,313.2,314.8,310.5,312.4,312.4,0,investing
1998-05-14,312.4,312.5,307.1,307.2,307.2,0,investing
1998-05-15,307.2,307.2,291.6,292.8,292.8,0,investing
1998-05-18,292.8,297.6,289.2,293.3,293.3,0,investing
1998-05-19,293.3,298.3,292.4,294.0,294.0,0,investing
1998-05-20,294.0,295.3,281.1,283.6,283.6,0,investing
1998-05-21,283.6,284.4,275.1,275.1,275.1,0,investing
1998-05-22,275.1,275.9,269.4,271.6,271.6,0,investing
1998-05-26,271.6,276.3,266.6,268.0,268.0,0,investing
1998-05-27,268.0,268.6,262.3,266.7,266.7,0,investing
1998-05-28,266.7,271.1,265.4,267.8,267.8,0,investing
1998-05-29,267.8,270.4,259.3,259.3,259.3,0,investing
1998-06-01,259.3,260.3,247.6,250.6,250.6,0,investing
1998-06-02,250.5,255.4,248.7,252.0,252.0,0,investing
1998-06-03,252.0,255.4,244.2,244.2,244.2,0,investing
1998-06-04,244.2,251.8,244.2,251.8,251.8,0,investing
1998-06-05,251.8,256.5,251.0,254.4,254.4,0,investing
1998-06-08,254.4,258.4,254.2,255.0,255.0,0,investing
1998-06-09,255.0,260.9,253.9,260.8,260.8,0,investing
1998-06-10,260.8,260.8,242.3,242.8,242.8,0,investing
1998-06-11,242.8,244.7,236.8,238.2,238.2,0,investing
1998-06-12,238.2,238.2,226.4,235.6,235.6,0,investing
1998-06-15,235.6,240.5,232.5,232.6,232.6,0,investing
1998-06-16,232.6,243.7,232.6,243.7,243.7,0,investing
1998-06-17,243.7,245.8,233.4,234.7,234.7,0,investing
1998-06-18,234.7,239.4,232.6,239.1,239.1,0,investing
1998-06-19,239.1,240.4,235.6,236.1,236.1,0,investing
1998-06-22,236.1,246.3,235.8,246.3,246.3,0,investing
1998-06-23,246.3,254.3,246.3,253.2,253.2,0,investing
1998-06-24,253.1,260.1,251.1,259.0,259.0,0,investing
1998-06-25,259.0,264.3,253.2,253.2,253.2,0,investing
1998-06-26,253.2,254.9,250.2,251.0,251.0,0,investing
1998-06-29,251.0,254.1,249.1,250.1,250.1,0,investing
1998-06-30,250.1,250.1,245.7,245.9,245.9,0,investing
1998-07-01,245.9,252.8,245.9,252.8,252.8,0,investing
1998-07-02,252.8,252.8,245.2,245.6,245.6,0,investing
1998-07-06,245.6,247.0,243.6,244.8,244.8,0,investing
1998-07-07,244.8,254.9,243.3,254.9,254.9,0,investing
1998-07-08,254.9,262.5,252.5,259.0,259.0,0,investing
1998-07-09,259.0,259.0,253.8,255.2,255.2,0,investing
1998-07-10,255.2,256.9,253.2,255.8,255.8,0,investing
1998-07-13,255.8,259.0,252.5,257.8,257.8,0,investing
1998-07-14,257.8,260.2,255.2,255.2,255.2,0,investing
1998-07-15,255.2,273.3,255.2,273.2,273.2,0,investing
1998-07-16,273.2,276.6,268.8,275.1,275.1,0,investing
1998-07-17,275.1,275.1,265.6,266.5,266.5,0,investing
1998-07-20,266.5,266.5,258.1,258.4,258.4,0,investing
1998-07-21,258.4,269.1,258.4,261.0,261.0,0,investing
1998-07-22,261.0,261.0,247.8,253.3,253.3,0,investing
1998-07-23,253.3,256.0,248.3,250.4,250.4,0,investing
1998-07-24,250.4,253.0,244.9,249.0,249.0,0,investing
1998-07-27,249.0,251.8,243.0,251.8,251.8,0,investing
1998-07-28,251.8,259.3,251.3,254.1,254.1,0,investing
1998-07-29,254.1,257.9,249.5,249.5,249.5,0,investing
1998-07-30,249.5,258.0,249.5,258.0,258.0,0,investing
1998-07-31,258.0,263.2,255.2,255.2,255.2,0,investing
1998-08-03,255.2,259.1,251.6,255.7,255.7,0,investing
1998-08-04,255.7,258.6,247.0,247.8,247.8,0,investing
1998-08-05,247.8,254.0,245.0,251.6,251.6,0,investing
1998-08-06,251.6,263.9,249.6,263.1,263.1,0,investing
1998-08-07,263.1,276.5,263.1,269.7,269.7,0,investing
1998-08-10,269.7,269.7,262.8,262.8,262.8,0,investing
1998-08-11,262.8,262.8,251.7,253.9,253.9,0,investing
1998-08-12,253.9,262.0,253.9,258.9,258.9,0,investing
1998-08-13,258.9,264.9,253.7,253.7,253.7,0,investing
1998-08-14,253.7,259.2,251.4,252.7,252.7,0,investing
1998-08-17,252.7,263.1,251.9,263.1,263.1,0,investing
1998-08-18,263.1,270.3,263.1,268.8,268.8,0,investing
1998-08-19,268.8,269.4,256.5,256.8,256.8,0,investing
1998-08-20,256.8,256.8,244.8,245.5,245.5,0,investing
1998-08-21,245.5,245.5,235.2,241.2,241.2,0,investing
1998-08-24,241.2,247.6,239.8,241.4,241.4,0,investing
1998-08-25,241.4,245.6,239.7,240.7,240.7,0,investing
1998-08-26,240.7,240.7,232.3,233.5,233.5,0,investing
1998-08-27,233.5,233.5,213.5,217.5,217.5,0,investing
1998-08-28,217.5,221.0,208.9,211.0,211.0,0,investing
1998-08-31,211.0,213.7,193.4,193.5,193.5,0,investing
1998-09-01,193.5,204.6,190.0,203.9,203.9,0,investing
1998-09-02,203.9,210.8,202.2,204.0,204.0,0,investing
1998-09-03,204.0,205.2,197.2,199.1,199.1,0,investing
1998-09-04,199.1,203.0,194.6,198.8,198.8,0,investing
1998-09-08,198.8,213.6,198.8,213.6,213.6,0,investing
1998-09-09,213.6,217.6,209.8,209.8,209.8,0,investing
1998-09-10,209.8,209.8,199.7,202.8,202.8,0,investing
1998-09-11,202.8,211.5,202.8,211.5,211.5,0,investing
1998-09-14,211.5,216.3,211.5,214.1,214.1,0,investing
1998-09-15,214.1,214.1,209.0,210.9,210.9,0,investing
1998-09-16,210.9,214.7,210.9,214.1,214.1,0,investing
1998-09-17,214.1,218.3,207.5,212.2,212.2,0,investing
1998-09-18,212.2,213.0,209.2,212.2,212.2,0,investing
1998-09-21,212.2,218.8,205.1,218.8,218.8,0,investing
1998-09-22,218.8,221.9,215.5,215.5,215.5,0,investing
1998-09-23,215.5,225.6,215.5,225.2,225.2,0,investing
1998-09-24,225.2,229.8,219.1,220.8,220.8,0,investing
1998-09-25,220.8,227.8,218.0,227.2,227.2,0,investing
1998-09-28,227.2,229.1,223.4,223.7,223.7,0,investing
1998-09-29,223.7,225.1,219.4,221.3,221.3,0,investing
1998-09-30,221.3,221.3,212.6,212.8,212.8,0,investing
1998-10-01,212.8,214.0,204.0,204.5,204.5,0,investing
1998-10-02,204.5,207.4,199.1,203.7,203.7,0,investing
1998-10-05,202.2,203.8,192.1,194.8,194.8,0,investing
1998-10-06,194.8,206.3,194.7,198.3,198.3,0,investing
1998-10-07,198.3,202.3,189.7,191.6,191.6,0,investing
1998-10-08,191.6,191.6,182.6,189.9,189.9,0,investing
1998-10-09,189.9,201.6,189.9,200.8,200.8,0,investing
1998-10-12,200.8,217.4,200.8,214.5,214.5,0,investing
1998-10-13,214.5,215.3,206.4,208.3,208.3,0,investing
1998-10-14,208.3,221.9,205.2,218.8,218.8,0,investing
1998-10-15,218.8,228.0,215.9,228.0,228.0,0,investing
1998-10-16,228.0,232.9,228.0,231.0,231.0,0,investing
1998-10-19,231.0,236.0,227.0,235.8,235.8,0,investing
1998-10-20,235.7,246.1,234.1,234.6,234.6,0,investing
1998-10-21,234.6,242.1,231.4,242.1,242.1,0,investing
1998-10-22,242.1,247.3,238.4,247.3,247.3,0,investing
1998-10-23,247.3,254.0,246.2,249.9,249.9,0,investing
1998-10-26,249.9,253.2,245.4,252.3,252.3,0,investing
1998-10-27,252.3,256.9,248.0,248.3,248.3,0,investing
1998-10-28,248.3,255.0,244.7,254.7,254.7,0,investing
1998-10-29,254.7,263.6,253.8,262.3,262.3,0,investing
1998-10-30,262.3,266.6,261.0,262.6,262.6,0,investing
1998-11-02,262.6,264.4,258.9,264.0,264.0,0,investing
1998-11-03,264.0,264.0,255.7,256.4,256.4,0,investing
1998-11-04,256.4,271.4,256.4,269.9,269.9,0,investing
1998-11-05,269.9,270.9,264.2,269.2,269.2,0,investing
1998-11-06,269.2,276.9,268.4,275.9,275.9,0,investing
1998-11-09,275.9,277.9,271.6,275.8,275.8,0,investing
1998-11-10,275.8,278.1,270.8,276.0,276.0,0,investing
1998-11-11,276.0,290.0,276.0,289.3,289.3,0,investing
1998-11-12,289.3,293.3,284.6,292.7,292.7,0,investing
1998-11-13,292.7,295.4,290.5,291.6,291.6,0,investing
1998-11-16,291.6,298.3,290.9,293.5,293.5,0,investing
1998-11-17,293.5,298.5,287.3,296.2,296.2,0,investing
1998-11-18,296.2,303.2,296.2,302.5,302.5,0,investing
1998-11-19,302.5,311.5,302.5,308.1,308.1,0,investing
1998-11-20,308.1,312.9,306.4,309.6,309.6,0,investing
1998-11-23,309.6,319.6,309.6,318.1,318.1,0,investing
1998-11-24,318.1,320.9,314.1,314.2,314.2,0,investing
1998-11-25,314.2,317.2,313.9,316.5,316.5,0,investing
1998-11-27,316.5,321.1,316.5,320.5,320.5,0,investing
1998-11-30,320.5,322.7,306.1,306.1,306.1,0,investing
1998-12-01,306.1,314.2,299.4,314.0,314.0,0,investing
1998-12-02,314.0,328.1,312.2,326.8,326.8,0,investing
1998-12-03,326.8,351.6,326.8,332.7,332.7,0,investing
1998-12-04,332.7,345.4,332.7,344.7,344.7,0,investing
1998-12-07,344.7,350.6,343.4,348.9,348.9,0,investing
1998-12-08,348.9,362.7,348.9,352.8,352.8,0,investing
1998-12-09,352.8,356.0,346.3,346.6,346.6,0,investing
1998-12-10,346.6,346.6,330.8,331.6,331.6,0,investing
1998-12-11,331.6,337.4,326.1,331.7,331.7,0,investing
1998-12-14,331.7,331.7,317.6,319.0,319.0,0,investing
1998-12-15,319.0,330.6,319.0,329.9,329.9,0,investing
1998-12-16,329.5,334.4,322.4,324.7,324.7,0,investing
1998-12-17,324.7,340.0,324.7,340.0,340.0,0,investing
1998-12-18,340.0,351.6,340.0,349.2,349.2,0,investing
1998-12-21,349.2,357.6,349.2,354.4,354.4,0,investing
1998-12-22,354.4,355.6,342.8,344.3,344.3,0,investing
1998-12-23,344.3,351.5,343.7,349.5,349.5,0,investing
1998-12-24,349.5,350.3,347.3,349.3,349.3,0,investing
1998-12-28,349.3,351.5,344.0,344.5,344.5,0,investing
1998-12-29,344.5,344.7,337.6,339.4,339.4,0,investing
1998-12-30,339.4,349.7,338.2,346.0,346.0,0,investing
1998-12-31,346.0,352.3,344.8,350.6,350.6,0,investing
1999-01-04,350.6,357.3,350.6,354.4,354.4,0,investing
1999-01-05,354.4,376.5,354.1,376.5,376.5,0,investing
1999-01-06,376.5,393.9,376.5,389.4,389.4,0,investing
1999-01-07,389.4,396.4,383.8,392.4,392.4,0,investing
1999-01-08,392.4,401.0,382.9,391.4,391.4,0,investing
1999-01-11,391.4,402.8,391.4,402.8,402.8,0,investing
1999-01-12,402.8,402.8,387.9,388.4,388.4,0,investing
1999-01-13,388.2,410.3,373.3,403.4,403.4,0,investing
1999-01-14,403.4,404.5,387.9,391.9,391.9,0,investing
1999-01-15,391.9,403.8,382.8,403.3,403.3,0,investing
1999-01-19,403.3,403.3,392.6,401.6,401.6,0,investing
1999-01-20,401.6,428.1,401.6,416.8,416.8,0,investing
1999-01-21,416.8,416.8,396.9,397.9,397.9,0,investing
1999-01-22,397.9,398.9,390.6,392.8,392.8,0,investing
1999-01-25,392.8,395.8,386.5,390.1,390.1,0,investing
1999-01-26,390.1,407.4,390.1,407.2,407.2,0,investing
1999-01-27,407.2,408.6,393.6,393.8,393.8,0,investing
1999-01-28,393.8,406.8,393.8,406.5,406.5,0,investing
1999-01-29,406.5,422.6,405.1,420.4,420.4,0,investing
1999-02-01,420.4,421.2,410.6,411.5,411.5,0,investing
1999-02-02,411.5,414.0,397.6,402.5,402.5,0,investing
1999-02-03,402.5,418.6,400.1,418.6,418.6,0,investing
1999-02-04,418.6,418.6,397.2,397.3,397.3,0,investing
1999-02-05,397.3,401.0,374.9,386.1,386.1,0,investing
1999-02-08,386.1,402.7,386.1,400.2,400.2,0,investing
1999-02-09,400.2,400.2,374.0,374.0,374.0,0,investing
1999-02-10,375.0,386.7,372.2,377.2,377.2,0,investing
1999-02-11,377.2,401.9,377.2,401.9,401.9,0,investing
1999-02-12,401.9,401.9,384.8,391.9,391.9,0,investing
1999-02-16,391.9,404.1,388.2,394.3,394.3,0,investing
1999-02-17,394.3,403.2,379.4,381.3,381.3,0,investing
1999-02-18,381.3,388.6,373.8,383.5,383.5,0,investing
1999-02-19,383.5,393.2,382.6,390.0,390.0,0,investing
1999-02-22,390.0,411.4,390.0,410.8,410.8,0,investing
1999-02-23,410.8,414.7,405.9,408.9,408.9,0,investing
1999-02-24,408.9,421.8,408.5,408.6,408.6,0,investing
1999-02-25,408.6,408.6,385.6,388.6,388.6,0,investing
1999-02-26,388.6,388.6,351.4,356.3,356.3,0,investing
1999-03-01,356.3,363.8,348.5,359.9,359.9,0,investing
1999-03-02,359.9,365.2,346.4,347.2,347.2,0,investing
1999-03-03,347.2,356.1,345.7,353.4,353.4,0,investing
1999-03-04,353.4,366.1,348.7,355.5,355.5,0,investing
1999-03-05,364.8,377.6,364.5,377.6,377.6,0,investing
1999-03-08,382.0,388.8,381.6,387.7,387.7,0,investing
1999-03-09,387.7,395.2,370.4,372.2,372.2,0,investing
1999-03-10,372.2,381.3,369.9,381.3,381.3,0,investing
1999-03-11,381.3,386.3,368.7,373.7,373.7,0,investing
1999-03-12,373.7,375.0,359.9,365.6,365.6,0,investing
1999-03-15,365.6,368.8,361.4,365.2,365.2,0,investing
1999-03-16,365.2,387.0,365.2,381.4,381.4,0,investing
1999-03-17,381.5,387.5,377.2,383.1,383.1,0,investing
1999-03-18,383.1,388.3,382.5,386.7,386.7,0,investing
1999-03-19,386.7,390.9,374.7,375.0,375.0,0,investing
1999-03-22,375.8,376.7,365.1,369.8,369.8,0,investing
1999-03-23,369.8,369.8,353.4,353.9,353.9,0,investing
1999-03-24,354.5,360.1,350.2,359.8,359.8,0,investing
1999-03-25,359.8,370.9,359.8,369.5,369.5,0,investing
1999-03-26,369.5,373.0,363.1,363.6,363.6,0,investing
1999-03-29,363.6,376.6,363.6,376.5,376.5,0,investing
1999-03-30,376.5,383.4,370.1,370.1,370.1,0,investing
1999-03-31,370.1,379.2,370.1,370.7,370.7,0,investing
1999-04-01,370.6,387.5,370.6,387.4,387.4,0,investing
1999-04-05,387.4,404.5,387.4,404.1,404.1,0,investing
1999-04-06,403.4,418.6,401.6,412.8,412.8,0,investing
1999-04-07,412.8,420.7,400.8,406.9,406.9,0,investing
1999-04-08,406.9,410.6,398.0,410.3,410.3,0,investing
1999-04-09,410.3,414.7,408.0,410.1,410.1,0,investing
1999-04-12,410.1,410.1,385.7,387.7,387.7,0,investing
1999-04-13,387.7,394.2,378.8,379.8,379.8,0,investing
1999-04-14,379.8,394.1,379.2,384.7,384.7,0,investing
1999-04-15,384.7,401.7,374.9,401.6,401.6,0,investing
1999-04-16,401.6,401.6,390.0,395.3,395.3,0,investing
1999-04-19,395.3,399.4,368.5,375.8,375.8,0,investing
1999-04-20,375.6,381.6,367.1,381.1,381.1,0,investing
1999-04-21,381.1,409.9,381.1,406.7,406.7,0,investing
1999-04-22,406.7,414.4,399.8,403.1,403.1,0,investing
1999-04-23,403.1,403.1,387.9,395.4,395.4,0,investing
1999-04-26,395.4,397.2,390.2,393.3,393.3,0,investing
1999-04-27,393.3,396.2,384.5,385.8,385.8,0,investing
1999-04-28,385.8,389.1,376.9,378.4,378.4,0,investing
1999-04-29,378.4,378.5,366.4,372.2,372.2,0,investing
1999-04-30,372.2,379.1,361.7,370.3,370.3,0,investing
1999-05-03,370.3,380.7,367.6,380.7,380.7,0,investing
1999-05-04,380.7,383.8,375.1,376.1,376.1,0,investing
1999-05-05,376.1,395.8,365.5,395.6,395.6,0,investing
1999-05-06,395.7,396.4,379.2,380.2,380.2,0,investing
1999-05-07,380.2,390.4,376.4,387.0,387.0,0,investing
1999-05-10,387.0,393.5,381.7,388.1,388.1,0,investing
1999-05-11,388.1,395.3,385.3,395.3,395.3,0,investing
1999-05-12,395.3,413.3,388.3,412.8,412.8,0,investing
1999-05-13,412.8,424.6,406.2,406.3,406.3,0,investing
1999-05-14,406.3,406.3,394.0,397.1,397.1,0,investing
1999-05-17,397.1,405.7,388.7,405.7,405.7,0,investing
1999-05-18,405.7,413.5,404.0,413.0,413.0,0,investing
1999-05-19,413.0,429.3,412.8,429.3,429.3,0,investing
1999-05-20,429.3,429.3,415.0,415.7,415.7,0,investing
1999-05-21,415.7,418.8,405.4,408.4,408.4,0,investing
1999-05-24,408.4,408.4,392.4,395.0,395.0,0,investing
1999-05-25,395.0,398.3,372.5,373.3,373.3,0,investing
1999-05-26,373.3,379.7,363.3,379.7,379.7,0,investing
1999-05-27,379.7,395.2,374.3,387.8,387.8,0,investing
1999-05-28,387.8,391.6,382.9,388.1,388.1,0,investing
1999-06-01,388.2,392.9,375.1,375.6,375.6,0,investing
1999-06-02,375.6,396.8,371.8,395.9,395.9,0,investing
1999-06-03,395.9,395.9,384.9,387.1,387.1,0,investing
1999-06-04,387.1,409.0,387.1,409.0,409.0,0,investing
1999-06-07,410.6,415.6,410.1,413.2,413.2,0,investing
1999-06-08,416.0,423.1,411.4,412.4,412.4,0,investing
1999-06-09,412.4,430.9,412.4,430.7,430.7,0,investing
1999-06-10,428.9,438.5,428.4,437.0,437.0,0,investing
1999-06-11,440.7,445.6,433.8,436.9,436.9,0,investing
1999-06-14,438.3,443.1,434.6,439.1,439.1,0,investing
1999-06-15,440.8,452.8,440.8,451.1,451.1,0,investing
1999-06-16,451.1,463.9,451.1,463.5,463.5,0,investing
1999-06-17,463.5,465.0,453.4,463.7,463.7,0,investing
1999-06-18,457.1,459.8,455.3,457.0,457.0,0,investing
1999-06-21,457.1,477.1,457.1,477.1,477.1,0,investing
1999-06-22,474.1,484.3,466.9,466.9,466.9,0,investing
1999-06-23,467.3,475.6,460.8,475.2,475.2,0,investing
1999-06-24,471.8,471.8,454.3,454.6,454.6,0,investing
1999-06-25,454.6,460.1,448.7,452.5,452.5,0,investing
1999-06-28,452.5,459.8,449.5,459.6,459.6,0,investing
1999-06-29,459.6,475.3,459.6,474.0,474.0,0,investing
1999-06-30,474.0,486.0,471.8,484.4,484.4,0,investing
1999-07-01,484.4,495.2,483.1,491.9,491.9,0,investing
1999-07-02,491.9,493.3,486.6,492.9,492.9,0,investing
1999-07-06,492.9,504.9,492.9,495.9,495.9,0,investing
1999-07-07,495.9,497.5,489.7,491.4,491.4,0,investing
1999-07-08,491.4,510.0,490.7,509.9,509.9,0,investing
1999-07-09,509.9,511.2,502.7,509.2,509.2,0,investing
1999-07-12,509.2,516.6,506.3,509.6,509.6,0,investing
1999-07-13,509.6,509.6,502.2,504.1,504.1,0,investing
1999-07-14,504.1,525.3,504.1,525.1,525.1,0,investing
1999-07-15,525.1,528.8,522.8,528.8,528.8,0,investing
1999-07-16,528.8,533.5,525.0,530.1,530.1,0,investing
1999-07-19,530.1,530.1,510.0,510.1,510.1,0,investing
1999-07-20,510.1,510.1,485.7,487.2,487.2,0,investing
1999-07-21,487.2,501.8,487.1,496.0,496.0,0,investing
1999-07-22,496.0,496.0,475.5,475.6,475.6,0,investing
1999-07-23,475.6,483.8,475.5,483.3,483.3,0,investing
1999-07-26,483.3,483.3,469.7,469.9,469.9,0,investing
1999-07-27,469.9,496.9,469.9,495.9,495.9,0,investing
1999-07-28,495.9,511.9,492.6,509.7,509.7,0,investing
1999-07-29,509.7,509.7,490.8,492.6,492.6,0,investing
1999-07-30,492.6,501.9,491.0,494.0,494.0,0,investing
1999-08-02,494.0,499.8,489.5,490.2,490.2,0,investing
1999-08-03,490.2,496.2,477.9,491.9,491.9,0,investing
1999-08-04,491.9,498.4,485.9,486.1,486.1,0,investing
1999-08-05,486.1,487.9,473.9,487.9,487.9,0,investing
1999-08-06,487.9,502.0,483.5,496.4,496.4,0,investing
1999-08-09,496.4,507.4,492.6,505.3,505.3,0,investing
1999-08-10,505.3,507.6,490.1,499.1,499.1,0,investing
1999-08-11,499.1,521.7,499.1,521.7,521.7,0,investing
1999-08-12,521.7,522.0,506.4,506.6,506.6,0,investing
1999-08-13,506.6,519.6,506.6,519.6,519.6,0,investing
1999-08-16,519.6,523.3,513.6,516.2,516.2,0,investing
1999-08-17,516.2,520.5,501.3,512.1,512.1,0,investing
1999-08-18,512.1,512.1,494.9,495.1,495.1,0,investing
1999-08-19,495.1,497.4,486.8,492.4,492.4,0,investing
1999-08-20,492.4,500.9,491.1,500.5,500.5,0,investing
1999-08-23,500.5,517.6,500.5,516.3,516.3,0,investing
1999-08-24,516.3,531.8,515.7,530.1,530.1,0,investing
1999-08-25,530.1,534.7,520.8,527.2,527.2,0,investing
1999-08-26,527.2,533.3,520.0,520.5,520.5,0,investing
1999-08-27,520.5,528.3,515.1,524.0,524.0,0,investing
1999-08-30,524.0,527.9,514.6,520.1,520.1,0,investing
1999-08-31,520.1,523.3,505.1,522.0,522.0,0,investing
1999-09-01,522.0,538.3,522.0,530.1,530.1,0,investing
1999-09-02,530.1,534.8,517.3,533.1,533.1,0,investing
1999-09-03,533.1,561.0,533.1,560.9,560.9,0,investing
1999-09-07,560.9,566.0,558.3,563.7,563.7,0,investing
1999-09-08,563.7,573.8,553.4,553.9,553.9,0,investing
1999-09-09,553.9,561.5,546.4,558.9,558.9,0,investing
1999-09-10,558.9,568.6,556.0,564.8,564.8,0,investing
1999-09-13,564.8,564.8,546.1,546.1,546.1,0,investing
1999-09-14,546.1,575.7,546.1,574.1,574.1,0,investing
1999-09-15,574.1,579.7,547.5,548.0,548.0,0,investing
1999-09-16,548.0,559.8,541.4,551.9,551.9,0,investing
1999-09-17,551.9,566.5,550.4,565.2,565.2,0,investing
1999-09-20,565.2,565.4,556.0,560.3,560.3,0,investing
1999-09-21,560.3,560.3,542.7,543.2,543.2,0,investing
1999-09-22,543.2,553.4,539.1,552.1,552.1,0,investing
1999-09-23,552.1,556.8,518.4,521.7,521.7,0,investing
1999-09-24,521.7,524.7,502.2,516.4,516.4,0,investing
1999-09-27,516.4,533.6,514.9,522.9,522.9,0,investing
1999-09-28,522.9,528.4,511.0,525.2,525.2,0,investing
1999-09-29,525.2,532.9,517.2,517.6,517.6,0,investing
1999-09-30,517.6,521.2,494.9,499.1,499.1,0,investing
1999-10-01,499.0,515.8,495.2,508.4,508.4,0,investing
1999-10-04,508.4,531.8,507.4,531.7,531.7,0,investing
1999-10-05,531.7,555.3,531.7,548.7,548.7,0,investing
1999-10-06,548.7,556.8,543.0,552.8,552.8,0,investing
1999-10-07,552.8,554.1,527.4,529.8,529.8,0,investing
1999-10-08,529.8,529.8,506.3,516.9,516.9,0,investing
1999-10-11,516.9,531.8,516.9,528.5,528.5,0,investing
1999-10-12,528.5,546.9,521.5,523.0,523.0,0,investing
1999-10-13,523.0,525.0,506.8,509.6,509.6,0,investing
1999-10-14,509.6,521.3,507.4,517.7,517.7,0,investing
1999-10-15,517.7,524.2,501.9,512.5,512.5,0,investing
1999-10-18,515.4,515.4,488.0,499.2,499.2,0,investing
1999-10-19,504.3,505.2,482.0,483.1,483.1,0,investing
1999-10-20,480.0,495.3,476.0,495.0,495.0,0,investing
1999-10-21,489.5,506.1,483.7,505.6,505.6,0,investing
1999-10-22,511.3,522.5,509.6,513.8,513.8,0,investing
1999-10-25,512.2,517.0,502.9,506.3,506.3,0,investing
1999-10-26,511.9,518.0,503.3,503.6,503.6,0,investing
1999-10-27,502.9,503.0,485.9,493.6,493.6,0,investing
1999-10-28,493.6,522.7,493.6,522.7,522.7,0,investing
1999-10-29,530.3,560.5,530.3,555.8,555.8,0,investing
1999-11-01,555.8,566.6,554.7,555.5,555.5,0,investing
1999-11-02,555.5,578.9,555.5,571.6,571.6,0,investing
1999-11-03,571.6,598.2,571.6,597.7,597.7,0,investing
1999-11-04,597.7,610.3,595.3,603.8,603.8,0,investing
1999-11-05,603.8,623.0,603.8,621.2,621.2,0,investing
1999-11-08,621.2,628.1,615.6,620.3,620.3,0,investing
1999-11-09,620.3,629.5,615.9,619.2,619.2,0,investing
1999-11-10,619.2,642.7,618.1,640.8,640.8,0,investing
1999-11-11,640.8,660.3,640.8,660.3,660.3,0,investing
1999-11-12,660.3,661.8,623.4,656.1,656.1,0,investing
1999-11-15,656.1,657.9,635.7,639.4,639.4,0,investing
1999-11-16,639.4,646.2,632.6,643.6,643.6,0,investing
1999-11-17,654.9,658.8,627.9,631.1,631.1,0,investing
1999-11-18,631.1,649.6,631.1,649.6,649.6,0,investing
1999-11-19,649.6,660.8,643.9,654.1,654.1,0,investing
1999-11-22,654.2,654.3,633.2,639.3,639.3,0,investing
1999-11-23,639.3,643.2,620.2,624.2,624.2,0,investing
1999-11-24,624.2,635.6,617.5,635.6,635.6,0,investing
1999-11-26,635.6,645.9,635.6,637.8,637.8,0,investing
1999-11-29,637.8,638.0,626.7,627.5,627.5,0,investing
1999-11-30,627.5,633.2,608.2,609.4,609.4,0,investing
1999-12-01,609.4,621.8,609.4,620.9,620.9,0,investing
1999-12-02,620.9,649.3,620.9,649.2,649.2,0,investing
1999-12-03,649.2,665.1,649.2,657.5,657.5,0,investing
1999-12-06,657.5,683.5,656.3,681.8,681.8,0,investing
1999-12-07,681.8,682.9,659.7,667.5,667.5,0,investing
1999-12-08,667.5,674.6,655.7,660.2,660.2,0,investing
1999-12-09,660.2,668.4,624.8,641.7,641.7,0,investing
1999-12-10,641.7,647.4,619.5,632.6,632.6,0,investing
1999-12-13,632.6,644.3,624.8,631.0,631.0,0,investing
1999-12-14,631.0,633.4,588.0,588.0,588.0,0,investing
1999-12-15,588.0,615.5,582.5,605.5,605.5,0,investing
1999-12-16,605.5,634.1,605.5,630.5,630.5,0,investing
1999-12-17,630.5,650.4,630.5,639.3,639.3,0,investing
1999-12-20,639.3,667.3,639.3,667.3,667.3,0,investing
1999-12-21,667.3,703.7,662.2,698.9,698.9,0,investing
1999-12-22,698.9,705.6,689.2,700.2,700.2,0,investing
1999-12-23,700.2,704.3,694.1,696.0,696.0,0,investing
1999-12-27,696.0,710.0,684.9,704.1,704.1,0,investing
1999-12-28,704.1,706.3,692.7,699.0,699.0,0,investing
1999-12-29,699.0,704.9,696.2,701.1,701.1,0,investing
1999-12-30,701.1,706.9,693.2,695.4,695.4,0,investing
1999-12-31,695.4,707.7,678.2,704.6,704.6,0,investing
2000-01-03,704.6,714.0,684.8,713.2,713.2,0,investing
2000-01-04,713.2,713.2,686.3,687.3,687.3,0,investing
2000-01-05,686.0,690.1,662.9,678.5,678.5,0,investing
2000-01-06,678.5,683.6,662.6,669.3,669.3,0,investing
2000-01-07,669.3,690.8,662.4,690.8,690.8,0,investing
2000-01-10,690.8,748.3,690.8,741.7,741.7,0,investing
2000-01-11,741.7,755.9,713.2,717.1,717.1,0,investing
2000-01-12,717.1,750.0,709.9,741.6,741.6,0,investing
2000-01-13,741.7,752.2,732.8,749.0,749.0,0,investing
2000-01-14,749.0,817.3,749.0,809.9,809.9,0,investing
2000-01-18,809.8,813.2,793.3,803.4,803.4,0,investing
2000-01-19,803.4,810.2,796.4,805.4,805.4,0,investing
2000-01-20,805.4,833.5,805.4,812.6,812.6,0,investing
2000-01-21,812.6,817.6,802.2,804.1,804.1,0,investing
2000-01-24,804.1,828.6,789.0,789.1,789.1,0,investing
2000-01-25,789.1,815.8,776.7,815.5,815.5,0,investing
2000-01-26,815.5,815.5,783.2,783.2,783.2,0,investing
2000-01-27,783.2,804.6,765.3,778.6,778.6,0,investing
2000-01-28,778.6,790.3,742.7,749.0,749.0,0,investing
2000-01-31,749.2,778.1,738.8,778.1,778.1,0,investing
2000-02-01,778.1,802.4,761.5,802.4,802.4,0,investing
2000-02-02,802.4,834.4,802.2,826.0,826.0,0,investing
2000-02-03,826.0,870.5,826.0,870.5,870.5,0,investing
2000-02-04,870.5,880.4,864.4,868.0,868.0,0,investing
2000-02-07,868.0,903.0,866.8,903.0,903.0,0,investing
2000-02-08,903.0,923.1,894.9,920.1,920.1,0,investing
2000-02-09,920.1,929.4,900.7,903.5,903.5,0,investing
2000-02-10,903.7,943.5,899.1,943.1,943.1,0,investing
2000-02-11,943.1,943.4,906.7,912.2,912.2,0,investing
2000-02-14,912.2,933.8,901.8,925.7,925.7,0,investing
2000-02-15,925.7,969.2,904.5,954.2,954.2,0,investing
2000-02-16,954.2,974.7,949.5,953.9,953.9,0,investing
2000-02-17,961.2,981.1,946.1,978.8,978.8,0,investing
2000-02-18,978.8,978.8,935.9,935.9,935.9,0,investing
2000-02-22,935.9,998.6,919.2,989.9,989.9,0,investing
2000-02-23,989.9,1025.0,983.1,1007.5,1007.5,0,investing
2000-02-24,1007.5,1064.0,1003.6,1063.7,1063.7,0,investing
2000-02-25,1063.7,1075.2,1030.4,1032.0,1032.0,0,investing
2000-02-28,1032.0,1069.7,992.4,1066.4,1066.4,0,investing
2000-02-29,1066.4,1174.2,1066.4,1170.5,1170.5,0,investing
2000-03-01,1170.5,1190.7,1154.1,1172.2,1172.2,0,investing
2000-03-02,1172.2,1177.3,1127.4,1136.0,1136.0,0,investing
2000-03-03,1136.0,1211.3,1136.0,1211.3,1211.3,0,investing
2000-03-06,1211.3,1256.6,1211.3,1243.8,1243.8,0,investing
2000-03-07,1243.8,1290.2,1240.9,1263.7,1263.7,0,investing
2000-03-08,1263.7,1270.0,1196.4,1242.2,1242.2,0,investing
2000-03-09,1242.2,1291.8,1222.0,1290.2,1290.2,0,investing
2000-03-10,1290.2,1347.9,1289.5,1332.7,1332.7,0,investing
2000-03-13,1332.7,1339.5,1277.1,1316.1,1316.1,0,investing
2000-03-14,1316.1,1362.1,1229.0,1229.8,1229.8,0,investing
2000-03-15,1229.8,1255.1,1186.3,1201.3,1201.3,0,investing
2000-03-16,1201.3,1241.0,1137.9,1227.1,1227.1,0,investing
2000-03-17,1227.1,1264.2,1208.4,1254.8,1254.8,0,investing
2000-03-20,1254.8,1278.2,1202.0,1203.5,1203.5,0,investing
2000-03-21,1203.5,1203.5,1131.4,1194.5,1194.5,0,investing
2000-03-22,1194.5,1306.7,1194.5,1304.6,1304.6,0,investing
2000-03-23,1304.6,1314.9,1278.9,1285.1,1285.1,0,investing
2000-03-24,1285.1,1331.0,1262.0,1287.5,1287.5,0,investing
2000-03-27,1287.5,1320.7,1287.5,1305.5,1305.5,0,investing
2000-03-28,1305.5,1308.0,1259.8,1261.2,1261.2,0,investing
2000-03-29,1261.2,1261.2,1176.0,1193.8,1193.8,0,investing
2000-03-30,1193.8,1214.3,1115.0,1151.3,1151.3,0,investing
2000-03-31,1151.3,1210.1,1126.0,1181.9,1181.9,0,investing
2000-04-03,1181.9,1181.9,1089.9,1094.8,1094.8,0,investing
2000-04-04,1094.8,1125.7,965.5,1068.9,1068.9,0,investing
2000-04-05,1068.9,1180.0,1048.6,1134.8,1134.8,0,investing
2000-04-06,1134.8,1187.7,1133.8,1156.6,1156.6,0,investing
2000-04-07,1156.6,1223.3,1156.6,1223.3,1223.3,0,investing
2000-04-10,1223.3,1240.9,1167.8,1167.8,1167.8,0,investing
2000-04-11,1167.8,1186.1,1093.2,1131.9,1131.9,0,investing
2000-04-12,1131.9,1151.5,1036.3,1037.7,1037.7,0,investing
2000-04-13,1037.7,1108.0,1008.9,1009.7,1009.7,0,investing
2000-04-14,1009.7,1009.7,873.9,892.2,892.2,0,investing
2000-04-17,892.0,1010.3,876.1,1009.9,1009.9,0,investing
2000-04-18,1009.7,1053.5,988.6,1052.6,1052.6,0,investing
2000-04-19,1052.6,1065.9,1006.8,1012.9,1012.9,0,investing
2000-04-20,1012.9,1031.2,989.1,1024.3,1024.3,0,investing
2000-04-24,1024.3,1024.3,961.6,993.6,993.6,0,investing
2000-04-25,994.3,1082.8,994.3,1082.5,1082.5,0,investing
2000-04-26,1082.5,1113.8,1060.4,1060.8,1060.8,0,investing
2000-04-27,1060.8,1141.9,1031.8,1135.1,1135.1,0,investing
2000-04-28,1135.1,1190.5,1135.1,1171.6,1171.6,0,investing
2000-05-01,1171.6,1206.6,1153.9,1164.1,1164.1,0,investing
2000-05-02,1164.1,1178.9,1108.2,1108.8,1108.8,0,investing
2000-05-03,1108.8,1108.8,1028.0,1070.3,1070.3,0,investing
2000-05-04,1070.3,1106.0,1060.6,1087.7,1087.7,0,investing
2000-05-05,1087.7,1121.5,1087.7,1105.1,1105.1,0,investing
2000-05-08,1105.1,1105.1,1045.9,1047.0,1047.0,0,investing
2000-05-09,1047.0,1062.2,983.8,994.0,994.0,0,investing
2000-05-10,994.0,994.0,904.7,908.9,908.9,0,investing
2000-05-11,908.9,966.8,905.9,965.8,965.8,0,investing
2000-05-12,965.8,1019.7,965.8,982.1,982.1,0,investing
2000-05-15,982.1,1009.6,945.2,1009.2,1009.2,0,investing
2000-05-16,1009.2,1055.9,1009.2,1046.7,1046.7,0,investing
2000-05-17,1046.7,1053.9,1018.0,1027.7,1027.7,0,investing
2000-05-18,1027.7,1037.7,999.1,1002.4,1002.4,0,investing
2000-05-19,1002.4,1002.4,942.1,950.2,950.2,0,investing
2000-05-22,950.2,950.6,883.4,942.7,942.7,0,investing
2000-05-23,943.0,954.0,867.6,869.7,869.7,0,investing
2000-05-24,869.7,919.9,821.6,915.2,915.2,0,investing
2000-05-25,915.2,961.4,891.1,901.7,901.7,0,investing
2000-05-26,901.7,918.6,883.5,909.7,909.7,0,investing
2000-05-30,909.7,1010.4,909.7,1010.3,1010.3,0,investing
2000-05-31,1010.3,1043.9,996.1,998.4,998.4,0,investing
2000-06-01,998.4,1072.5,998.4,1067.3,1067.3,0,investing
2000-06-02,1067.3,1158.9,1067.3,1157.8,1157.8,0,investing
2000-06-05,1157.8,1180.8,1131.3,1153.0,1153.0,0,investing
2000-06-06,1153.0,1173.8,1110.6,1112.2,1112.2,0,investing
2000-06-07,1112.2,1129.7,1092.6,1129.6,1129.6,0,investing
2000-06-08,1129.6,1160.4,1129.5,1142.6,1142.6,0,investing
2000-06-09,1142.6,1171.7,1142.6,1168.8,1168.8,0,investing
2000-06-12,1168.8,1177.6,1113.5,1114.2,1114.2,0,investing
2000-06-13,1114.2,1170.8,1087.9,1170.5,1170.5,0,investing
2000-06-14,1170.5,1180.3,1119.9,1120.1,1120.1,0,investing
2000-06-15,1120.1,1144.2,1108.1,1132.5,1132.5,0,investing
2000-06-16,1132.5,1177.1,1132.5,1158.3,1158.3,0,investing
2000-06-19,1158.9,1237.7,1154.8,1234.9,1234.9,0,investing
2000-06-20,1234.9,1278.7,1234.9,1264.7,1264.7,0,investing
2000-06-21,1264.7,1273.1,1241.0,1269.3,1269.3,0,investing
2000-06-22,1269.3,1280.8,1210.3,1210.3,1210.3,0,investing
2000-06-23,1210.3,1249.6,1210.3,1217.3,1217.3,0,investing
2000-06-26,1217.3,1233.1,1203.4,1216.6,1216.6,0,investing
2000-06-27,1216.6,1227.7,1168.4,1173.0,1173.0,0,investing
2000-06-28,1173.0,1200.1,1167.8,1170.0,1170.0,0,investing
2000-06-29,1170.0,1170.0,1117.8,1128.2,1128.2,0,investing
2000-06-30,1128.2,1164.9,1128.2,1140.5,1140.5,0,investing
2000-07-03,1140.5,1181.5,1140.5,1180.9,1180.9,0,investing
2000-07-05,1180.9,1180.9,1065.5,1070.8,1070.8,0,investing
2000-07-06,1070.8,1121.0,1065.6,1119.1,1119.1,0,investing
2000-07-07,1119.1,1173.7,1119.1,1160.4,1160.4,0,investing
2000-07-10,1160.4,1176.7,1150.9,1152.8,1152.8,0,investing
2000-07-11,1152.8,1175.0,1111.2,1122.0,1122.0,0,investing
2000-07-12,1122.0,1172.3,1122.0,1158.8,1158.8,0,investing
2000-07-13,1158.8,1202.3,1158.8,1189.0,1189.0,0,investing
2000-07-14,1189.0,1239.2,1189.0,1239.1,1239.1,0,investing
2000-07-17,1239.1,1269.6,1234.4,1266.4,1266.4,0,investing
2000-07-18,1266.4,1266.4,1201.9,1207.7,1207.7,0,investing
2000-07-19,1207.7,1207.7,1156.0,1160.4,1160.4,0,investing
2000-07-20,1160.4,1198.6,1132.3,1146.1,1146.1,0,investing
2000-07-21,1146.1,1146.1,1081.7,1082.5,1082.5,0,investing
2000-07-24,1082.5,1120.0,1070.2,1075.3,1075.3,0,investing
2000-07-25,1075.0,1111.2,1075.0,1104.3,1104.3,0,investing
2000-07-26,1104.3,1104.3,1016.0,1034.2,1034.2,0,investing
2000-07-27,1034.2,1034.2,947.1,949.9,949.9,0,investing
2000-07-28,949.9,987.5,934.7,957.3,957.3,0,investing
2000-07-31,957.3,1003.4,954.4,993.9,993.9,0,investing
2000-08-01,993.9,998.3,954.2,955.8,955.8,0,investing
2000-08-02,955.8,996.7,948.6,954.2,954.2,0,investing
2000-08-03,954.2,954.2,880.5,950.6,950.6,0,investing
2000-08-04,950.6,973.2,907.3,921.0,921.0,0,investing
2000-08-07,921.0,961.3,912.8,954.0,954.0,0,investing
2000-08-08,954.0,968.9,940.4,950.8,950.8,0,investing
2000-08-09,950.8,990.2,950.8,963.8,963.8,0,investing
2000-08-10,963.8,969.3,938.2,942.6,942.6,0,investing
2000-08-11,942.6,955.9,907.7,953.7,953.7,0,investing
2000-08-14,953.7,1027.2,953.7,1027.2,1027.2,0,investing
2000-08-15,1027.2,1073.9,1027.2,1060.5,1060.5,0,investing
2000-08-16,1060.5,1096.8,1060.5,1073.4,1073.4,0,investing
2000-08-17,1073.4,1112.5,1066.3,1111.1,1111.1,0,investing
2000-08-18,1111.1,1149.1,1111.1,1134.8,1134.8,0,investing
2000-08-21,1134.8,1146.0,1094.6,1111.5,1111.5,0,investing
2000-08-22,1111.5,1136.6,1105.2,1124.2,1124.2,0,investing
2000-08-23,1124.2,1157.8,1106.9,1157.0,1157.0,0,investing
2000-08-24,1157.0,1169.2,1149.9,1163.4,1163.4,0,investing
2000-08-25,1163.4,1168.1,1137.4,1143.7,1143.7,0,investing
2000-08-28,1143.7,1157.4,1130.1,1134.4,1134.4,0,investing
2000-08-29,1134.4,1140.3,1124.3,1132.2,1132.2,0,investing
2000-08-30,1132.2,1132.2,1110.9,1118.3,1118.3,0,investing
2000-08-31,1118.3,1154.3,1118.3,1153.0,1153.0,0,investing
2000-09-01,1153.0,1175.2,1134.6,1142.6,1142.6,0,investing
2000-09-05,1142.6,1143.2,1121.0,1121.8,1121.8,0,investing
2000-09-06,1121.8,1121.8,1057.0,1057.7,1057.7,0,investing
2000-09-07,1057.7,1099.6,1057.7,1094.5,1094.5,0,investing
2000-09-08,1094.5,1094.5,1038.9,1040.0,1040.0,0,investing
2000-09-11,1040.0,1069.7,1020.2,1030.3,1030.3,0,investing
2000-09-12,1030.3,1043.9,988.3,989.0,989.0,0,investing
2000-09-13,989.0,1011.9,980.7,1007.0,1007.0,0,investing
2000-09-14,1007.0,1039.9,999.6,1004.9,1004.9,0,investing
2000-09-15,1004.9,1004.9,967.3,974.6,974.6,0,investing
2000-09-18,974.6,1005.2,946.2,951.2,951.2,0,investing
2000-09-19,951.2,1028.6,951.2,1028.5,1028.5,0,investing
2000-09-20,1028.5,1040.5,995.0,1030.8,1030.8,0,investing
2000-09-21,1030.8,1030.8,980.5,984.5,984.5,0,investing
2000-09-22,984.5,984.5,893.0,926.5,926.5,0,investing
2000-09-25,926.5,948.4,878.0,880.4,880.4,0,investing
2000-09-26,880.4,906.8,870.7,870.7,870.7,0,investing
2000-09-27,870.7,902.6,854.0,864.7,864.7,0,investing
2000-09-28,864.7,906.7,863.8,901.5,901.5,0,investing
2000-09-29,901.5,901.5,850.5,851.6,851.6,0,investing
2000-10-02,851.6,873.6,828.0,833.4,833.4,0,investing
2000-10-03,833.4,857.6,812.0,813.0,813.0,0,investing
2000-10-04,813.0,865.5,813.0,863.1,863.1,0,investing
2000-10-05,863.1,863.1,828.3,832.4,832.4,0,investing
2000-10-06,832.4,846.8,788.0,799.4,799.4,0,investing
2000-10-09,799.4,800.7,747.2,786.0,786.0,0,investing
2000-10-10,786.0,786.0,689.0,706.5,706.5,0,investing
2000-10-11,706.5,741.2,675.7,706.5,706.5,0,investing
2000-10-12,706.5,744.6,684.3,689.1,689.1,0,investing
2000-10-13,689.1,758.7,688.3,758.3,758.3,0,investing
2000-10-16,758.3,758.5,711.4,714.5,714.5,0,investing
2000-10-17,714.9,722.8,633.7,648.1,648.1,0,investing
2000-10-18,648.1,687.8,602.0,647.3,647.3,0,investing
2000-10-19,647.3,759.6,647.3,758.7,758.7,0,investing
2000-10-20,758.7,771.1,738.1,752.9,752.9,0,investing
2000-10-23,752.9,801.0,752.9,777.3,777.3,0,investing
2000-10-24,777.3,777.3,711.6,716.4,716.4,0,investing
2000-10-25,716.4,716.4,658.1,665.1,665.1,0,investing
2000-10-26,665.1,708.0,654.0,706.0,706.0,0,investing
2000-10-27,706.0,725.7,677.4,685.6,685.6,0,investing
2000-10-30,685.6,717.5,681.0,703.0,703.0,0,investing
2000-10-31,703.0,752.7,701.7,741.8,741.8,0,investing
2000-11-01,741.8,741.8,703.8,714.0,714.0,0,investing
2000-11-02,714.0,748.9,714.0,732.7,732.7,0,investing
2000-11-03,732.7,745.2,721.6,740.6,740.6,0,investing
2000-11-06,740.6,760.8,740.6,745.8,745.8,0,investing
2000-11-07,745.8,745.8,706.0,715.6,715.6,0,investing
2000-11-08,715.6,721.4,663.9,664.8,664.8,0,investing
2000-11-09,664.8,673.3,635.0,668.6,668.6,0,investing
2000-11-10,668.6,668.6,624.1,624.2,624.2,0,investing
2000-11-13,624.2,675.2,605.1,651.2,651.2,0,investing
2000-11-14,651.2,694.3,651.2,688.4,688.4,0,investing
2000-11-15,688.4,727.4,688.4,715.0,715.0,0,investing
2000-11-16,715.0,715.0,675.0,675.0,675.0,0,investing
2000-11-17,675.0,692.9,648.4,671.5,671.5,0,investing
2000-11-20,671.5,687.9,645.9,662.0,662.0,0,investing
2000-11-21,662.0,667.4,629.6,630.7,630.7,0,investing
2000-11-22,630.7,657.0,619.3,620.2,620.2,0,investing
2000-11-24,620.2,675.6,620.2,674.7,674.7,0,investing
2000-11-27,674.7,686.9,625.1,628.1,628.1,0,investing
2000-11-28,628.1,633.6,574.9,577.1,577.1,0,investing
2000-11-29,577.1,597.7,561.4,576.4,576.4,0,investing
2000-11-30,576.5,576.5,516.6,537.0,537.0,0,investing
2000-12-01,537.0,570.6,534.1,538.4,538.4,0,investing
2000-12-04,538.4,567.4,531.1,551.5,551.5,0,investing
2000-12-05,551.5,607.5,551.5,607.4,607.4,0,investing
2000-12-06,607.4,615.1,575.7,580.1,580.1,0,investing
2000-12-07,580.1,580.1,553.4,569.5,569.5,0,investing
2000-12-08,569.5,644.2,569.5,638.3,638.3,0,investing
2000-12-11,638.3,688.2,628.1,682.8,682.8,0,investing
2000-12-12,682.8,682.8,638.5,640.2,640.2,0,investing
2000-12-13,640.2,644.9,595.6,598.7,598.7,0,investing
2000-12-14,603.4,617.5,592.3,592.6,592.6,0,investing
2000-12-15,592.6,597.2,571.0,578.8,578.8,0,investing
2000-12-18,578.8,604.8,577.7,582.1,582.1,0,investing
2000-12-19,582.1,628.9,573.7,576.9,576.9,0,investing
2000-12-20,576.9,576.9,536.6,539.6,539.6,0,investing
2000-12-21,539.6,579.0,530.4,535.4,535.4,0,investing
2000-12-22,535.4,588.3,535.4,587.1,587.1,0,investing
2000-12-26,587.1,595.7,567.9,578.9,578.9,0,investing
2000-12-27,578.9,613.0,573.2,603.6,603.6,0,investing
2000-12-28,603.6,615.3,591.1,603.2,603.2,0,investing
2000-12-29,603.2,607.5,575.2,576.6,576.6,0,investing
2001-01-02,576.6,595.6,558.7,570.3,570.3,0,investing
2001-01-03,570.3,670.5,556.5,670.2,670.2,0,investing
2001-01-04,670.2,684.8,643.4,653.8,653.8,0,investing
2001-01-05,653.8,660.3,612.0,617.5,617.5,0,investing
2001-01-08,617.5,634.6,590.4,634.2,634.2,0,investing
2001-01-09,634.2,647.6,626.7,631.0,631.0,0,investing
2001-01-10,631.0,661.3,608.4,650.9,650.9,0,investing
2001-01-11,650.9,696.4,634.4,688.9,688.9,0,investing
2001-01-12,688.8,698.7,659.9,670.7,670.7,0,investing
2001-01-16,670.7,670.7,625.2,637.4,637.4,0,investing
2001-01-17,637.4,704.5,637.4,677.4,677.4,0,investing
2001-01-18,677.4,727.3,664.4,726.1,726.1,0,investing
2001-01-19,726.1,737.0,712.8,719.4,719.4,0,investing
2001-01-22,719.4,720.1,697.9,707.4,707.4,0,investing
2001-01-23,707.4,715.3,688.3,711.7,711.7,0,investing
2001-01-24,711.7,732.3,707.6,722.4,722.4,0,investing
2001-01-25,722.4,722.4,690.7,692.8,692.8,0,investing
2001-01-26,692.8,694.9,670.3,692.5,692.5,0,investing
2001-01-29,692.5,717.6,673.0,715.5,715.5,0,investing
2001-01-30,715.5,741.3,715.2,728.6,728.6,0,investing
2001-01-31,728.6,763.3,728.6,732.2,732.2,0,investing
2001-02-01,732.2,746.3,717.2,727.4,727.4,0,investing
2001-02-02,727.4,737.3,687.5,687.8,687.8,0,investing
2001-02-05,687.8,687.8,642.4,659.1,659.1,0,investing
2001-02-06,659.1,685.8,656.7,663.1,663.1,0,investing
2001-02-07,663.1,663.1,625.1,636.5,636.5,0,investing
2001-02-08,636.5,661.4,628.1,628.5,628.5,0,investing
2001-02-09,628.5,646.8,619.5,624.0,624.0,0,investing
2001-02-12,624.0,655.3,623.6,641.3,641.3,0,investing
2001-02-13,641.3,666.1,628.7,628.9,628.9,0,investing
2001-02-14,628.9,682.0,628.9,678.1,678.1,0,investing
2001-02-15,678.1,724.4,678.1,711.6,711.6,0,investing
2001-02-16,711.6,711.6,650.3,661.4,661.4,0,investing
2001-02-20,661.4,666.6,611.3,612.1,612.1,0,investing
2001-02-21,612.1,651.3,605.2,613.2,613.2,0,investing
2001-02-22,613.2,633.5,588.5,605.7,605.7,0,investing
2001-02-23,605.7,609.4,565.2,608.3,608.3,0,investing
2001-02-26,608.3,612.6,579.8,599.9,599.9,0,investing
2001-02-27,599.9,602.7,568.9,569.2,569.2,0,investing
2001-02-28,569.2,570.3,528.3,541.2,541.2,0,investing
2001-03-01,524.6,570.9,515.3,570.8,570.8,0,investing
2001-03-02,570.8,621.0,551.1,582.2,582.2,0,investing
2001-03-05,582.2,619.9,582.2,612.3,612.3,0,investing
2001-03-06,612.3,665.8,612.3,646.3,646.3,0,investing
2001-03-07,646.3,650.1,630.5,642.6,642.6,0,investing
2001-03-08,642.6,649.3,628.2,639.1,639.1,0,investing
2001-03-09,639.1,639.1,591.1,593.4,593.4,0,investing
2001-03-12,593.4,611.7,573.4,576.4,576.4,0,investing
2001-03-13,576.4,612.5,576.4,612.5,612.5,0,investing
2001-03-14,612.5,624.3,584.5,609.2,609.2,0,investing
2001-03-15,609.1,627.3,570.5,571.4,571.4,0,investing
2001-03-16,571.4,571.4,538.2,541.3,541.3,0,investing
2001-03-19,541.3,580.0,537.3,577.8,577.8,0,investing
2001-03-20,577.8,589.5,541.8,542.0,542.0,0,investing
2001-03-21,542.0,578.7,541.6,558.0,558.0,0,investing
2001-03-22,558.0,626.9,558.0,626.4,626.4,0,investing
2001-03-23,626.4,655.0,614.4,642.1,642.1,0,investing
2001-03-26,642.1,645.4,610.4,618.5,618.5,0,investing
2001-03-27,618.5,643.9,604.5,622.3,622.3,0,investing
2001-03-28,622.3,624.2,578.6,579.0,579.0,0,investing
2001-03-29,579.0,600.7,553.7,570.0,570.0,0,investing
2001-03-30,570.0,570.0,534.9,545.0,545.0,0,investing
2001-04-02,545.0,553.8,491.2,503.2,503.2,0,investing
2001-04-03,503.2,512.9,486.3,490.7,490.7,0,investing
2001-04-04,490.7,494.8,453.9,463.5,463.5,0,investing
2001-04-05,463.5,529.3,463.5,522.7,522.7,0,investing
2001-04-06,522.7,522.7,479.0,487.5,487.5,0,investing
2001-04-09,487.5,496.8,455.6,475.2,475.2,0,investing
2001-04-10,475.2,529.6,475.2,520.1,520.1,0,investing
2001-04-11,520.1,597.2,520.1,564.3,564.3,0,investing
2001-04-12,564.3,603.2,545.2,597.9,597.9,0,investing
2001-04-16,597.9,597.9,561.1,576.7,576.7,0,investing
2001-04-17,576.7,594.2,556.9,573.8,573.8,0,investing
2001-04-18,573.8,673.7,573.8,640.9,640.9,0,investing
2001-04-19,640.9,686.2,633.7,685.2,685.2,0,investing
2001-04-20,685.2,695.5,658.9,669.5,669.5,0,investing
2001-04-23,669.5,669.5,623.7,630.8,630.8,0,investing
2001-04-24,630.8,664.9,611.7,615.3,615.3,0,investing
2001-04-25,615.3,640.1,605.6,634.8,634.8,0,investing
2001-04-26,634.8,644.9,610.6,611.7,611.7,0,investing
2001-04-27,611.7,644.9,611.7,642.6,642.6,0,investing
2001-04-30,642.6,679.3,642.6,662.7,662.7,0,investing
2001-05-01,654.2,666.4,638.4,666.4,666.4,0,investing
2001-05-02,666.4,687.9,666.4,670.6,670.6,0,investing
2001-05-03,664.0,664.0,637.5,647.1,647.1,0,investing
2001-05-04,647.1,647.1,619.8,639.5,639.5,0,investing
2001-05-07,639.5,650.3,628.5,631.0,631.0,0,investing
2001-05-08,631.0,646.0,630.5,640.7,640.7,0,investing
2001-05-09,640.7,640.7,612.2,618.8,618.8,0,investing
2001-05-10,618.9,648.4,618.9,619.0,619.0,0,investing
2001-05-11,619.0,632.2,612.6,616.8,616.8,0,investing
2001-05-14,616.8,616.8,591.4,602.2,602.2,0,investing
2001-05-15,602.2,624.1,596.1,603.5,603.5,0,investing
2001-05-16,603.5,645.2,594.3,642.6,642.6,0,investing
2001-05-17,642.6,661.0,640.5,655.2,655.2,0,investing
2001-05-18,655.2,661.6,645.0,657.4,657.4,0,investing
2001-05-21,657.4,706.2,655.2,706.1,706.1,0,investing
2001-05-22,706.1,710.8,693.2,694.7,694.7,0,investing
2001-05-23,694.7,694.7,660.0,660.1,660.1,0,investing
2001-05-24,660.1,661.8,639.8,658.8,658.8,0,investing
2001-05-25,658.8,670.6,653.5,654.6,654.6,0,investing
2001-05-29,654.6,654.6,620.8,623.2,623.2,0,investing
2001-05-30,623.2,623.2,578.4,585.6,585.6,0,investing
2001-05-31,585.6,610.9,580.3,598.7,598.7,0,investing
2001-06-01,598.7,623.5,596.4,617.6,617.6,0,investing
2001-06-04,617.6,622.3,601.7,607.0,607.0,0,investing
2001-06-05,607.0,656.5,607.0,647.9,647.9,0,investing
2001-06-06,647.9,657.2,633.5,647.3,647.3,0,investing
2001-06-07,647.3,697.0,644.2,697.0,697.0,0,investing
2001-06-08,697.0,697.0,671.0,675.7,675.7,0,investing
2001-06-11,675.7,675.7,648.0,653.0,653.0,0,investing
2001-06-12,653.0,661.6,619.3,654.0,654.0,0,investing
2001-06-13,654.0,669.2,638.2,638.5,638.5,0,investing
2001-06-14,638.5,638.5,602.1,603.6,603.6,0,investing
2001-06-15,603.6,617.5,583.8,608.9,608.9,0,investing
2001-06-18,608.9,625.2,600.1,600.2,600.2,0,investing
2001-06-19,600.2,628.8,580.7,587.8,587.8,0,investing
2001-06-20,587.8,587.8,559.2,585.0,585.0,0,investing
2001-06-21,585.0,589.9,568.6,583.9,583.9,0,investing
2001-06-22,583.9,603.8,577.5,586.3,586.3,0,investing
2001-06-25,586.3,602.4,584.3,602.2,602.2,0,investing
2001-06-26,602.2,610.4,586.6,606.5,606.5,0,investing
2001-06-27,606.5,606.5,587.6,596.0,596.0,0,investing
2001-06-28,596.0,631.9,596.0,617.8,617.8,0,investing
2001-06-29,617.8,651.1,617.8,624.1,624.1,0,investing
2001-07-02,624.1,645.9,620.2,635.9,635.9,0,investing
2001-07-03,635.9,643.0,627.9,639.5,639.5,0,investing
2001-07-05,640.1,640.1,616.8,619.7,619.7,0,investing
2001-07-06,619.7,619.7,566.4,566.5,566.5,0,investing
2001-07-09,566.5,571.2,558.3,563.8,563.8,0,investing
2001-07-10,563.8,574.3,539.6,542.4,542.4,0,investing
2001-07-11,542.4,558.5,537.1,558.0,558.0,0,investing
2001-07-12,558.0,607.3,558.0,605.9,605.9,0,investing
2001-07-13,605.9,610.3,583.5,593.9,593.9,0,investing
2001-07-16,593.9,596.4,556.1,558.1,558.1,0,investing
2001-07-17,558.1,583.2,541.8,582.3,582.3,0,investing
2001-07-18,582.3,585.0,559.3,562.8,562.8,0,investing
2001-07-19,562.8,600.0,562.8,590.2,590.2,0,investing
2001-07-20,590.2,590.2,565.7,574.3,574.3,0,investing
2001-07-23,574.3,579.6,555.5,557.8,557.8,0,investing
2001-07-24,557.8,564.7,541.9,548.3,548.3,0,investing
2001-07-25,548.3,553.5,530.9,553.3,553.3,0,investing
2001-07-26,553.3,590.4,550.2,588.1,588.1,0,investing
2001-07-27,588.1,606.5,587.2,601.7,601.7,0,investing
2001-07-30,601.7,614.9,596.1,605.6,605.6,0,investing
2001-07-31,605.6,621.9,600.0,605.9,605.9,0,investing
2001-08-01,619.9,649.0,619.8,636.5,636.5,0,investing
2001-08-02,643.8,657.4,641.7,656.6,656.6,0,investing
2001-08-03,653.6,653.6,637.3,641.1,641.1,0,investing
2001-08-06,633.2,635.2,625.6,631.5,631.5,0,investing
2001-08-07,623.8,623.8,606.0,614.9,614.9,0,investing
2001-08-08,612.2,624.3,582.5,584.7,584.7,0,investing
2001-08-09,583.7,593.5,574.5,585.9,585.9,0,investing
2001-08-10,585.9,595.6,572.3,593.0,593.0,0,investing
2001-08-13,593.0,604.2,589.7,603.5,603.5,0,investing
2001-08-14,603.5,608.8,592.6,594.0,594.0,0,investing
2001-08-15,594.0,600.6,572.7,572.9,572.9,0,investing
2001-08-16,572.9,583.0,557.1,583.0,583.0,0,investing
2001-08-17,583.0,583.0,552.4,555.5,555.5,0,investing
2001-08-20,555.5,567.1,554.5,561.1,561.1,0,investing
2001-08-21,561.1,563.9,536.4,537.0,537.0,0,investing
2001-08-22,537.0,566.2,537.0,564.8,564.8,0,investing
2001-08-23,564.8,572.9,560.0,560.4,560.4,0,investing
2001-08-24,560.4,595.5,560.4,594.9,594.9,0,investing
2001-08-27,594.9,613.5,591.7,606.4,606.4,0,investing
2001-08-28,606.4,612.2,588.7,589.2,589.2,0,investing
2001-08-29,589.2,596.2,565.3,569.8,569.8,0,investing
2001-08-30,569.8,570.8,550.3,559.4,559.4,0,investing
2001-08-31,559.4,566.3,547.6,562.7,562.7,0,investing
2001-09-04,562.7,572.2,543.2,543.7,543.7,0,investing
2001-09-05,543.7,548.8,513.4,534.6,534.6,0,investing
2001-09-06,534.6,534.6,506.7,511.6,511.6,0,investing
2001-09-07,511.6,529.6,504.4,513.9,513.9,0,investing
2001-09-10,513.9,521.2,502.1,509.1,509.1,0,investing
2001-09-17,509.1,509.1,462.9,464.5,464.5,0,investing
2001-09-18,464.5,473.8,435.1,435.2,435.2,0,investing
2001-09-19,435.2,444.7,386.4,418.8,418.8,0,investing
2001-09-20,418.8,422.3,389.5,393.0,393.0,0,investing
2001-09-21,393.0,393.0,363.5,381.0,381.0,0,investing
2001-09-24,381.0,407.5,381.0,402.0,402.0,0,investing
2001-09-25,402.0,415.3,387.7,402.4,402.4,0,investing
2001-09-26,402.4,404.0,369.4,370.6,370.6,0,investing
2001-09-27,370.6,370.6,343.9,362.0,362.0,0,investing
2001-09-28,362.0,379.9,362.0,373.7,373.7,0,investing
2001-10-01,375.2,377.5,358.3,362.5,362.5,0,investing
2001-10-02,360.1,367.3,350.5,354.6,354.6,0,investing
2001-10-03,351.7,395.0,345.5,388.8,388.8,0,investing
2001-10-04,388.8,422.2,387.7,405.5,405.5,0,investing
2001-10-05,405.5,413.1,382.5,406.1,406.1,0,investing
2001-10-08,406.1,429.2,395.1,426.6,426.6,0,investing
2001-10-09,426.6,426.6,401.5,401.5,401.5,0,investing
2001-10-10,401.5,428.7,397.0,428.6,428.6,0,investing
2001-10-11,428.6,475.1,428.6,474.6,474.6,0,investing
2001-10-12,474.6,474.6,445.8,473.8,473.8,0,investing
2001-10-15,473.8,473.8,441.9,451.7,451.7,0,investing
2001-10-16,451.7,462.8,443.3,462.7,462.7,0,investing
2001-10-17,462.7,473.0,428.1,428.6,428.6,0,investing
2001-10-18,428.6,429.1,410.3,417.8,417.8,0,investing
2001-10-19,417.8,427.8,405.5,423.8,423.8,0,investing
2001-10-22,423.8,446.9,415.0,446.9,446.9,0,investing
2001-10-23,446.9,458.3,439.6,443.1,443.1,0,investing
2001-10-24,443.1,462.6,441.4,460.9,460.9,0,investing
2001-10-25,460.9,485.1,441.7,485.1,485.1,0,investing
2001-10-26,485.1,490.7,476.5,480.7,480.7,0,investing
2001-10-29,480.7,480.7,447.2,447.2,447.2,0,investing
2001-10-30,447.2,447.2,426.9,429.7,429.7,0,investing
2001-10-31,429.7,462.5,429.7,448.0,448.0,0,investing
2001-11-01,448.0,478.4,447.2,478.1,478.1,0,investing
2001-11-02,478.1,491.0,472.1,489.4,489.4,0,investing
2001-11-05,489.4,508.2,489.4,503.1,503.1,0,investing
2001-11-06,503.1,520.3,496.8,520.0,520.0,0,investing
2001-11-07,520.0,533.1,510.1,519.4,519.4,0,investing
2001-11-08,519.4,545.2,503.9,507.4,507.4,0,investing
2001-11-09,507.4,514.8,501.4,506.8,506.8,0,investing
2001-11-12,506.8,522.9,488.9,519.3,519.3,0,investing
2001-11-13,519.3,544.2,519.3,541.3,541.3,0,investing
2001-11-14,541.3,553.6,527.3,538.5,538.5,0,investing
2001-11-15,538.5,543.2,524.3,532.3,532.3,0,investing
2001-11-16,532.3,537.3,524.2,529.9,529.9,0,investing
2001-11-19,529.9,533.2,513.0,524.8,524.8,0,investing
2001-11-20,524.8,524.8,493.4,494.1,494.1,0,investing
2001-11-21,494.1,504.4,486.1,503.5,503.5,0,investing
2001-11-23,503.5,513.2,495.3,511.3,511.3,0,investing
2001-11-26,511.3,534.0,511.3,532.5,532.5,0,investing
2001-11-27,532.5,550.2,515.0,536.7,536.7,0,investing
2001-11-28,536.7,536.7,511.4,511.4,511.4,0,investing
2001-11-29,511.4,533.2,509.7,533.2,533.2,0,investing
2001-11-30,533.2,533.2,511.8,519.0,519.0,0,investing
2001-12-03,519.0,524.8,509.7,511.0,511.0,0,investing
2001-12-04,511.0,544.6,511.0,544.1,544.1,0,investing
2001-12-05,544.1,590.3,544.1,585.8,585.8,0,investing
2001-12-06,585.8,590.4,572.0,584.3,584.3,0,investing
2001-12-07,584.3,589.2,562.7,571.7,571.7,0,investing
2001-12-10,571.7,580.0,558.5,559.4,559.4,0,investing
2001-12-11,559.4,579.5,559.4,565.8,565.8,0,investing
2001-12-12,565.8,577.3,558.3,575.6,575.6,0,investing
2001-12-13,575.6,575.6,536.5,536.6,536.6,0,investing
2001-12-14,536.6,554.1,535.0,549.0,549.0,0,investing
2001-12-17,549.0,568.7,547.8,563.9,563.9,0,investing
2001-12-18,563.9,574.5,561.6,567.1,567.1,0,investing
2001-12-19,567.1,567.1,537.0,537.6,537.6,0,investing
2001-12-20,537.6,537.6,506.4,507.6,507.6,0,investing
2001-12-21,507.6,523.2,507.6,520.6,520.6,0,investing
2001-12-24,520.6,522.0,515.0,515.1,515.1,0,investing
2001-12-26,515.3,534.6,515.3,520.7,520.7,0,investing
2001-12-27,520.7,533.3,520.7,530.6,530.6,0,investing
2001-12-28,530.6,544.5,530.6,538.8,538.8,0,investing
2001-12-31,538.8,539.3,521.4,522.2,522.2,0,investing
2002-01-02,522.2,545.4,522.2,545.4,545.4,0,investing
2002-01-03,545.4,592.5,545.4,590.6,590.6,0,investing
2002-01-04,590.6,601.2,576.8,589.9,589.9,0,investing
2002-01-07,589.9,598.2,574.4,580.2,580.2,0,investing
2002-01-08,580.2,593.2,574.2,583.8,583.8,0,investing
2002-01-09,583.8,606.9,580.1,584.3,584.3,0,investing
2002-01-10,584.3,584.3,570.7,574.6,574.6,0,investing
2002-01-11,574.6,587.1,565.6,568.9,568.9,0,investing
2002-01-14,568.9,575.5,558.4,564.4,564.4,0,investing
2002-01-15,564.4,570.9,553.0,560.5,560.5,0,investing
2002-01-16,560.5,560.5,531.6,531.8,531.8,0,investing
2002-01-17,531.8,541.8,525.0,539.5,539.5,0,investing
2002-01-18,539.5,539.5,520.2,523.0,523.0,0,investing
2002-01-22,523.0,526.9,499.1,499.1,499.1,0,investing
2002-01-23,499.1,523.3,499.1,520.5,520.5,0,investing
2002-01-24,520.5,536.5,519.0,523.7,523.7,0,investing
2002-01-25,523.7,537.9,519.5,535.9,535.9,0,investing
2002-01-28,535.9,547.9,535.1,545.8,545.8,0,investing
2002-01-29,545.8,555.3,529.3,532.7,532.7,0,investing
2002-01-30,532.7,554.9,527.1,554.9,554.9,0,investing
2002-01-31,554.9,563.3,548.4,558.9,558.9,0,investing
2002-02-01,558.9,563.4,546.3,552.9,552.9,0,investing
2002-02-04,552.8,563.6,542.5,545.2,545.2,0,investing
2002-02-05,545.2,552.2,535.0,540.9,540.9,0,investing
2002-02-06,540.9,546.4,532.0,542.9,542.9,0,investing
2002-02-07,542.9,544.9,515.7,515.9,515.9,0,investing
2002-02-08,523.3,531.5,512.4,531.5,531.5,0,investing
2002-02-11,531.5,551.8,531.5,551.8,551.8,0,investing
2002-02-12,551.8,557.8,538.8,548.0,548.0,0,investing
2002-02-13,548.0,569.4,548.0,569.3,569.3,0,investing
2002-02-14,569.3,579.9,562.7,565.0,565.0,0,investing
2002-02-15,565.0,570.2,552.3,554.6,554.6,0,investing
2002-02-19,554.6,554.6,533.2,534.9,534.9,0,investing
2002-02-20,534.9,543.7,519.3,543.6,543.6,0,investing
2002-02-21,543.6,543.6,507.0,507.3,507.3,0,investing
2002-02-22,507.3,519.3,500.6,508.9,508.9,0,investing
2002-02-25,508.9,543.6,508.9,538.7,538.7,0,investing
2002-02-26,538.7,544.8,525.2,534.7,534.7,0,investing
2002-02-27,534.7,547.7,523.0,527.2,527.2,0,investing
2002-02-28,527.2,533.0,510.3,510.8,510.8,0,investing
2002-03-01,510.8,567.3,510.8,567.3,567.3,0,investing
2002-03-04,567.3,603.6,566.6,600.9,600.9,0,investing
2002-03-05,600.9,616.7,596.2,613.9,613.9,0,investing
2002-03-06,613.9,613.9,592.0,608.0,608.0,0,investing
2002-03-07,608.0,620.4,600.5,611.0,611.0,0,investing
2002-03-08,611.0,641.9,611.0,637.9,637.9,0,investing
2002-03-11,637.9,637.9,614.1,622.5,622.5,0,investing
2002-03-12,622.5,622.5,595.2,605.5,605.5,0,investing
2002-03-13,605.5,605.5,576.5,581.5,581.5,0,investing
2002-03-14,581.5,592.2,578.8,578.8,578.8,0,investing
2002-03-15,578.8,595.0,578.8,594.2,594.2,0,investing
2002-03-18,594.2,614.6,594.2,600.1,600.1,0,investing
2002-03-19,600.1,610.4,596.3,604.3,604.3,0,investing
2002-03-20,593.8,593.8,581.4,581.6,581.6,0,investing
2002-03-21,581.6,599.2,578.7,597.3,597.3,0,investing
2002-03-22,597.3,602.6,589.1,590.4,590.4,0,investing
2002-03-25,590.4,600.8,573.7,573.8,573.8,0,investing
2002-03-26,573.8,592.5,569.4,585.9,585.9,0,investing
2002-03-27,585.9,587.7,575.0,581.5,581.5,0,investing
2002-03-28,581.5,600.3,581.5,595.2,595.2,0,investing
2002-04-01,595.2,614.1,581.7,610.0,610.0,0,investing
2002-04-02,598.8,601.5,587.3,587.3,587.3,0,investing
2002-04-03,587.3,593.4,567.7,574.2,574.2,0,investing
2002-04-04,574.2,587.4,569.7,580.9,580.9,0,investing
2002-04-05,580.9,590.6,570.8,572.6,572.6,0,investing
2002-04-08,572.6,579.5,550.3,575.9,575.9,0,investing
2002-04-09,575.9,586.0,555.4,557.6,557.6,0,investing
2002-04-10,557.6,565.2,545.4,563.6,563.6,0,investing
2002-04-11,563.6,568.5,551.9,553.1,553.1,0,investing
2002-04-12,558.9,560.9,549.0,560.7,560.7,0,investing
2002-04-15,560.7,574.0,556.3,571.6,571.6,0,investing
2002-04-16,571.6,604.6,571.6,603.5,603.5,0,investing
2002-04-17,603.5,618.4,601.6,611.2,611.2,0,investing
2002-04-18,607.3,607.3,582.3,592.6,592.6,0,investing
2002-04-19,596.1,597.7,579.3,582.7,582.7,0,investing
2002-04-22,582.7,582.7,564.4,573.0,573.0,0,investing
2002-04-23,573.0,574.8,552.7,555.2,555.2,0,investing
2002-04-24,555.2,561.9,531.5,534.3,534.3,0,investing
2002-04-25,534.3,542.1,524.9,538.6,538.6,0,investing
2002-04-26,538.6,545.5,511.9,514.7,514.7,0,investing
2002-04-29,514.7,529.7,505.9,516.7,516.7,0,investing
2002-04-30,516.7,538.5,514.5,525.7,525.7,0,investing
2002-05-01,525.7,534.1,508.9,527.2,527.2,0,investing
2002-05-02,527.2,536.9,502.2,504.1,504.1,0,investing
2002-05-03,504.1,504.1,477.1,480.2,480.2,0,investing
2002-05-06,481.3,494.1,472.2,473.1,473.1,0,investing
2002-05-07,473.1,478.1,455.3,470.1,470.1,0,investing
2002-05-08,470.1,527.5,470.1,522.4,522.4,0,investing
2002-05-09,522.4,524.8,503.5,503.5,503.5,0,investing
2002-05-10,503.5,509.7,478.6,481.0,481.0,0,investing
2002-05-13,481.0,509.5,481.0,509.2,509.2,0,investing
2002-05-14,509.2,545.1,509.2,541.1,541.1,0,investing
2002-05-15,541.1,558.9,524.3,537.8,537.8,0,investing
2002-05-16,537.8,542.9,527.8,542.7,542.7,0,investing
2002-05-17,542.7,549.8,533.6,542.0,542.0,0,investing
2002-05-20,542.0,542.0,530.4,534.6,534.6,0,investing
2002-05-21,534.6,543.0,516.2,519.7,519.7,0,investing
2002-05-22,519.7,529.4,504.9,519.5,519.5,0,investing
2002-05-23,519.5,521.4,500.1,516.6,516.6,0,investing
2002-05-24,516.6,516.6,495.1,499.6,499.6,0,investing
2002-05-28,499.6,505.8,487.8,496.6,496.6,0,investing
2002-05-29,496.6,496.6,479.4,480.1,480.1,0,investing
2002-05-30,480.1,481.2,464.5,480.5,480.5,0,investing
2002-05-31,480.5,489.0,473.9,476.3,476.3,0,investing
2002-06-03,471.6,471.6,450.6,451.4,451.4,0,investing
2002-06-04,451.4,472.0,449.1,466.9,466.9,0,investing
2002-06-05,466.9,474.8,456.8,468.2,468.2,0,investing
2002-06-06,468.2,468.2,447.7,453.6,453.6,0,investing
2002-06-07,453.6,453.6,421.2,441.0,441.0,0,investing
2002-06-10,441.0,449.5,436.3,437.4,437.4,0,investing
2002-06-11,437.4,443.8,419.3,419.4,419.4,0,investing
2002-06-12,419.4,438.1,416.6,434.3,434.3,0,investing
2002-06-13,434.3,441.9,421.7,426.8,426.8,0,investing
2002-06-14,426.8,428.2,404.0,426.0,426.0,0,investing
2002-06-17,426.0,450.5,426.0,449.0,449.0,0,investing
2002-06-18,449.0,462.8,442.0,442.0,442.0,0,investing
2002-06-19,442.0,442.0,410.9,412.2,412.2,0,investing
2002-06-20,412.2,419.3,388.7,392.2,392.2,0,investing
2002-06-21,392.2,395.4,377.4,380.0,380.0,0,investing
2002-06-24,380.0,403.3,377.0,395.3,395.3,0,investing
2002-06-25,395.3,405.1,373.7,376.5,376.5,0,investing
2002-06-26,376.5,384.6,358.6,382.7,382.7,0,investing
2002-06-27,382.7,399.5,380.8,394.5,394.5,0,investing
2002-06-28,394.5,404.7,386.6,387.6,387.6,0,investing
2002-07-01,387.6,390.9,365.1,367.4,367.4,0,investing
2002-07-02,367.4,367.4,346.9,348.5,348.5,0,investing
2002-07-03,348.5,363.2,343.7,363.2,363.2,0,investing
2002-07-05,363.2,396.2,363.2,393.3,393.3,0,investing
2002-07-08,392.5,395.6,373.9,375.9,375.9,0,investing
2002-07-09,375.9,375.9,360.3,362.5,362.5,0,investing
2002-07-10,362.5,367.6,348.4,348.6,348.6,0,investing
2002-07-11,348.6,372.5,343.6,372.5,372.5,0,investing
2002-07-12,372.5,383.7,366.3,377.2,377.2,0,investing
2002-07-15,377.2,395.4,365.1,395.1,395.1,0,investing
2002-07-16,395.1,407.6,381.2,386.4,386.4,0,investing
2002-07-17,386.4,407.8,371.5,381.5,381.5,0,investing
2002-07-18,381.5,383.6,368.5,368.7,368.7,0,investing
2002-07-19,368.7,376.3,362.6,364.1,364.1,0,investing
2002-07-22,364.1,371.7,348.6,357.0,357.0,0,investing
2002-07-23,357.0,361.6,338.2,339.4,339.4,0,investing
2002-07-24,339.4,353.9,327.4,353.7,353.7,0,investing
2002-07-25,353.7,353.7,305.8,318.1,318.1,0,investing
2002-07-26,318.1,325.1,304.4,315.0,315.0,0,investing
2002-07-29,315.0,337.9,315.0,336.8,336.8,0,investing
2002-07-30,336.8,349.8,331.9,346.5,346.5,0,investing
2002-07-31,346.5,346.5,326.0,330.9,330.9,0,investing
2002-08-01,330.9,334.4,310.8,311.9,311.9,0,investing
2002-08-02,311.9,311.9,295.2,301.4,301.4,0,investing
2002-08-05,301.4,303.0,282.8,283.9,283.9,0,investing
2002-08-06,283.9,310.9,283.9,301.5,301.5,0,investing
2002-08-07,301.5,319.8,291.4,307.6,307.6,0,investing
2002-08-08,307.6,323.6,297.7,321.1,321.1,0,investing
2002-08-09,321.1,323.2,307.7,315.9,315.9,0,investing
2002-08-12,315.9,315.9,306.0,312.1,312.1,0,investing
2002-08-13,312.1,324.6,298.4,298.9,298.9,0,investing
2002-08-14,298.9,322.2,294.9,322.2,322.2,0,investing
2002-08-15,322.2,331.8,316.4,327.5,327.5,0,investing
2002-08-16,327.5,351.6,322.1,348.5,348.5,0,investing
2002-08-19,348.5,366.6,344.0,363.1,363.1,0,investing
2002-08-20,363.1,363.1,343.2,345.7,345.7,0,investing
2002-08-21,345.7,362.8,345.7,361.8,361.8,0,investing
2002-08-22,361.8,367.9,352.5,357.3,357.3,0,investing
2002-08-23,357.3,357.3,335.4,336.3,336.3,0,investing
2002-08-26,336.3,338.6,327.0,336.8,336.8,0,investing
2002-08-27,336.8,337.2,315.9,316.9,316.9,0,investing
2002-08-28,316.9,316.9,302.8,303.8,303.8,0,investing
2002-08-29,303.8,309.4,293.2,304.3,304.3,0,investing
2002-08-30,304.3,308.5,297.5,300.2,300.2,0,investing
2002-09-03,300.2,300.2,284.7,284.9,284.9,0,investing
2002-09-04,284.9,291.7,276.4,290.3,290.3,0,investing
2002-09-05,290.3,290.3,274.5,275.4,275.4,0,investing
2002-09-06,275.4,292.6,275.4,288.5,288.5,0,investing
2002-09-09,288.5,291.0,278.5,288.0,288.0,0,investing
2002-09-10,288.0,304.1,288.0,298.3,298.3,0,investing
2002-09-11,298.3,310.8,298.3,301.8,301.8,0,investing
2002-09-12,301.8,301.8,283.1,283.5,283.5,0,investing
2002-09-13,283.5,288.4,277.9,280.5,280.5,0,investing
2002-09-16,280.5,281.7,268.3,269.2,269.2,0,investing
2002-09-17,269.2,279.1,263.1,263.6,263.6,0,investing
2002-09-18,263.6,267.5,257.0,262.8,262.8,0,investing
2002-09-19,262.8,263.9,252.4,252.5,252.5,0,investing
2002-09-20,252.5,256.3,248.0,248.9,248.9,0,investing
2002-09-23,248.9,248.9,234.8,236.2,236.2,0,investing
2002-09-24,236.2,247.6,231.6,239.6,239.6,0,investing
2002-09-25,239.6,261.1,239.6,256.4,256.4,0,investing
2002-09-26,256.4,259.9,242.6,248.3,248.3,0,investing
2002-09-27,248.3,256.9,245.3,246.6,246.6,0,investing
2002-09-30,246.6,246.6,234.8,238.2,238.2,0,investing
2002-10-01,238.2,250.3,236.2,249.9,249.9,0,investing
2002-10-02,249.9,263.4,248.2,249.9,249.9,0,investing
2002-10-03,249.9,250.2,233.3,233.7,233.7,0,investing
2002-10-04,233.7,237.9,223.6,226.9,226.9,0,investing
2002-10-07,226.9,228.5,218.2,220.0,220.0,0,investing
2002-10-08,220.0,224.6,209.3,215.9,215.9,0,investing
2002-10-09,215.9,223.9,211.8,214.1,214.1,0,investing
2002-10-10,214.1,230.6,211.5,227.2,227.2,0,investing
2002-10-11,227.2,250.4,227.2,246.2,246.2,0,investing
2002-10-14,246.2,247.1,238.1,245.9,245.9,0,investing
2002-10-15,245.9,269.1,245.9,269.1,269.1,0,investing
2002-10-16,269.1,269.1,244.5,245.4,245.4,0,investing
2002-10-17,245.4,266.6,245.4,266.6,266.6,0,investing
2002-10-18,266.6,268.5,252.3,268.3,268.3,0,investing
2002-10-21,268.3,283.6,260.1,282.3,282.3,0,investing
2002-10-22,282.3,282.3,262.7,265.1,265.1,0,investing
2002-10-23,265.1,285.9,261.4,285.9,285.9,0,investing
2002-10-24,285.9,299.2,277.9,278.5,278.5,0,investing
2002-10-25,278.5,292.7,277.9,292.5,292.5,0,investing
2002-10-28,292.5,302.3,290.1,291.8,291.8,0,investing
2002-10-29,291.8,293.4,271.8,282.7,282.7,0,investing
2002-10-30,282.7,303.9,282.7,301.3,301.3,0,investing
2002-10-31,301.3,305.0,292.6,295.1,295.1,0,investing
2002-11-01,295.1,313.1,291.6,313.0,313.0,0,investing
2002-11-04,313.0,337.6,313.0,326.0,326.0,0,investing
2002-11-05,326.0,326.0,306.6,317.6,317.6,0,investing
2002-11-06,317.6,329.8,314.1,329.8,329.8,0,investing
2002-11-07,329.8,329.8,302.1,302.6,302.6,0,investing
2002-11-08,302.6,308.9,292.4,299.9,299.9,0,investing
2002-11-11,299.9,299.9,282.0,283.1,283.1,0,investing
2002-11-12,283.1,302.9,283.1,294.4,294.4,0,investing
2002-11-13,294.4,302.3,287.8,295.6,295.6,0,investing
2002-11-14,295.6,319.2,295.6,319.1,319.1,0,investing
2002-11-15,319.1,321.2,309.1,319.7,319.7,0,investing
2002-11-18,319.7,331.6,319.7,319.7,319.7,0,investing
2002-11-19,319.7,322.0,310.1,312.3,312.3,0,investing
2002-11-20,312.3,338.1,312.3,338.1,338.1,0,investing
2002-11-21,338.1,366.4,338.1,365.3,365.3,0,investing
2002-11-22,365.3,368.1,355.5,362.6,362.6,0,investing
2002-11-25,362.6,376.9,361.9,374.3,374.3,0,investing
2002-11-26,374.3,374.3,357.1,357.7,357.7,0,investing
2002-11-27,357.7,383.4,357.7,381.7,381.7,0,investing
2002-11-29,381.7,386.3,372.9,373.5,373.5,0,investing
2002-12-02,373.5,393.8,371.0,375.2,375.2,0,investing
2002-12-03,375.2,375.2,355.6,355.6,355.6,0,investing
2002-12-04,355.6,355.6,330.1,335.4,335.4,0,investing
2002-12-05,335.4,342.4,327.4,331.6,331.6,0,investing
2002-12-06,331.6,337.0,322.8,331.4,331.4,0,investing
2002-12-09,327.5,327.5,307.6,307.6,307.6,0,investing
2002-12-10,307.6,325.9,307.6,323.0,323.0,0,investing
2002-12-11,323.0,330.6,314.4,323.6,323.6,0,investing
2002-12-12,323.6,330.8,318.1,321.2,321.2,0,investing
2002-12-13,321.2,321.2,308.1,309.3,309.3,0,investing
2002-12-16,309.3,325.6,307.7,325.6,325.6,0,investing
2002-12-17,325.6,331.1,318.5,320.6,320.6,0,investing
2002-12-18,320.6,320.6,296.5,297.8,297.8,0,investing
2002-12-19,297.8,304.5,291.2,297.0,297.0,0,investing
2002-12-20,297.0,305.3,295.1,298.0,298.0,0,investing
2002-12-23,298.0,308.5,296.3,306.0,306.0,0,investing
2002-12-24,306.0,307.6,301.5,301.6,301.6,0,investing
2002-12-26,301.6,310.8,299.2,300.3,300.3,0,investing
2002-12-27,300.3,302.3,295.2,296.5,296.5,0,investing
2002-12-30,296.5,300.3,288.1,289.9,289.9,0,investing
2002-12-31,289.9,294.5,285.7,289.2,289.2,0,investing
2003-01-02,289.2,308.7,288.1,308.6,308.6,0,investing
2003-01-03,308.6,315.6,305.0,314.1,314.1,0,investing
2003-01-06,314.1,335.4,314.1,331.7,331.7,0,investing
2003-01-07,331.7,343.2,331.3,333.4,333.4,0,investing
2003-01-08,333.4,333.4,320.1,322.4,322.4,0,investing
2003-01-09,322.4,338.1,322.4,331.0,331.0,0,investing
2003-01-10,331.0,342.4,324.5,339.1,339.1,0,investing
2003-01-13,339.1,348.4,331.3,332.9,332.9,0,investing
2003-01-14,332.9,342.4,331.3,336.7,336.7,0,investing
2003-01-15,335.7,335.7,322.2,324.9,324.9,0,investing
2003-01-16,324.9,327.6,313.4,315.6,315.6,0,investing
2003-01-17,315.6,315.6,296.0,297.5,297.5,0,investing
2003-01-21,297.5,301.6,293.2,294.2,294.2,0,investing
2003-01-22,294.2,299.7,291.2,292.5,292.5,0,investing
2003-01-23,292.5,301.1,292.0,298.5,298.5,0,investing
2003-01-24,298.5,298.5,282.5,283.7,283.7,0,investing
2003-01-27,283.7,286.2,278.8,279.6,279.6,0,investing
2003-01-28,279.6,284.6,275.5,282.1,282.1,0,investing
2003-01-29,282.1,292.1,276.8,290.6,290.6,0,investing
2003-01-30,290.6,290.6,273.2,273.7,273.7,0,investing
2003-01-31,273.7,275.7,261.4,271.7,271.7,0,investing
2003-02-03,271.7,277.2,269.8,270.6,270.6,0,investing
2003-02-04,270.6,271.6,265.7,269.7,269.7,0,investing
2003-02-05,269.7,281.4,269.2,269.8,269.8,0,investing
2003-02-06,269.8,273.2,263.9,265.9,265.9,0,investing
2003-02-07,265.9,269.8,259.4,260.9,260.9,0,investing
2003-02-10,260.9,268.0,258.6,265.5,265.5,0,investing
2003-02-11,265.5,271.6,263.6,266.6,266.6,0,investing
2003-02-12,266.6,271.1,264.2,264.4,264.4,0,investing
2003-02-13,264.4,266.2,259.5,264.8,264.8,0,investing
2003-02-14,264.8,280.2,264.8,280.2,280.2,0,investing
2003-02-18,280.2,292.3,280.2,291.6,291.6,0,investing
2003-02-19,291.6,294.1,285.1,289.0,289.0,0,investing
2003-02-20,289.0,295.2,289.0,292.4,292.4,0,investing
2003-02-21,292.4,295.4,286.7,293.1,293.1,0,investing
2003-02-24,293.1,297.2,290.0,292.2,292.2,0,investing
2003-02-25,292.2,292.2,281.4,290.0,290.0,0,investing
2003-02-26,290.0,292.6,280.9,281.4,281.4,0,investing
2003-02-27,281.4,290.7,281.4,289.6,289.6,0,investing
2003-02-28,289.6,297.7,288.4,297.6,297.6,0,investing
2003-03-03,297.6,302.1,284.7,285.9,285.9,0,investing
2003-03-04,285.9,288.5,283.1,283.9,283.9,0,investing
2003-03-05,283.9,290.6,283.6,288.4,288.4,0,investing
2003-03-06,288.4,289.2,282.8,287.4,287.4,0,investing
2003-03-07,287.4,287.4,278.4,285.9,285.9,0,investing
2003-03-10,285.9,285.9,278.9,279.1,279.1,0,investing
2003-03-11,279.1,282.2,277.9,279.1,279.1,0,investing
2003-03-12,279.1,287.7,278.3,287.4,287.4,0,investing
2003-03-13,287.4,310.5,287.4,310.4,310.4,0,investing
2003-03-14,310.4,313.6,302.6,305.1,305.1,0,investing
2003-03-17,305.1,325.8,301.9,322.3,322.3,0,investing
2003-03-18,322.3,328.1,317.1,328.0,328.0,0,investing
2003-03-19,328.0,328.9,317.8,326.3,326.3,0,investing
2003-03-20,326.3,334.9,320.5,329.0,329.0,0,investing
2003-03-21,329.0,337.9,329.0,336.1,336.1,0,investing
2003-03-24,336.1,336.1,319.0,319.8,319.8,0,investing
2003-03-25,319.8,325.5,316.1,322.7,322.7,0,investing
2003-03-26,322.7,325.9,319.7,321.2,321.2,0,investing
2003-03-27,321.2,321.2,312.5,316.8,316.8,0,investing
2003-03-28,316.8,318.2,308.9,310.0,310.0,0,investing
2003-03-31,310.0,310.0,296.0,296.3,296.3,0,investing
2003-04-01,296.3,302.7,296.3,299.2,299.2,0,investing
2003-04-02,299.2,319.4,299.2,318.1,318.1,0,investing
2003-04-03,318.1,324.7,315.4,319.3,319.3,0,investing
2003-04-04,319.3,320.0,308.8,311.4,311.4,0,investing
2003-04-07,311.4,327.3,311.4,315.4,315.4,0,investing
2003-04-08,315.4,315.4,302.6,303.6,303.6,0,investing
2003-04-09,303.6,308.5,298.6,298.6,298.6,0,investing
2003-04-10,298.6,304.2,296.8,302.8,302.8,0,investing
2003-04-11,302.8,308.2,296.5,298.2,298.2,0,investing
2003-04-14,298.2,306.1,296.3,305.8,305.8,0,investing
2003-04-15,305.8,311.8,300.0,307.9,307.9,0,investing
2003-04-16,307.9,325.2,307.9,318.4,318.4,0,investing
2003-04-17,318.4,335.3,317.9,333.0,333.0,0,investing
2003-04-21,333.0,337.6,328.9,334.4,334.4,0,investing
2003-04-22,334.4,345.4,329.7,345.2,345.2,0,investing
2003-04-23,345.2,349.0,341.6,347.3,347.3,0,investing
2003-04-24,347.3,347.3,339.5,342.0,342.0,0,investing
2003-04-25,342.0,342.0,322.9,324.9,324.9,0,investing
2003-04-28,324.9,336.0,324.5,332.9,332.9,0,investing
2003-04-29,332.9,344.6,332.9,339.9,339.9,0,investing
2003-04-30,339.9,339.9,332.3,332.5,332.5,0,investing
2003-05-01,332.5,335.7,326.4,333.0,333.0,0,investing
2003-05-02,333.0,343.6,331.7,343.0,343.0,0,investing
2003-05-05,343.0,356.0,343.0,347.2,347.2,0,investing
2003-05-06,347.2,356.4,345.4,353.0,353.0,0,investing
2003-05-07,353.0,353.0,341.9,344.5,344.5,0,investing
2003-05-08,344.5,344.5,336.8,337.8,337.8,0,investing
2003-05-09,337.8,350.7,337.8,350.7,350.7,0,investing
2003-05-12,350.7,359.6,347.2,358.5,358.5,0,investing
2003-05-13,358.5,358.9,350.9,355.7,355.7,0,investing
2003-05-14,355.7,357.7,346.4,352.5,352.5,0,investing
2003-05-15,352.5,360.5,352.4,359.3,359.3,0,investing
2003-05-16,359.3,359.3,350.1,354.4,354.4,0,investing
2003-05-19,354.4,354.4,336.6,336.8,336.8,0,investing
2003-05-20,336.8,341.8,333.8,337.6,337.6,0,investing
2003-05-21,337.6,338.6,333.0,337.6,337.6,0,investing
2003-05-22,337.6,345.0,335.1,342.8,342.8,0,investing
2003-05-23,342.8,347.5,342.1,344.4,344.4,0,investing
2003-05-27,344.4,365.9,341.7,365.3,365.3,0,investing
2003-05-28,365.3,369.3,360.4,364.0,364.0,0,investing
2003-05-29,364.0,380.7,363.9,375.3,375.3,0,investing
2003-05-30,375.3,384.4,375.3,382.3,382.3,0,investing
2003-06-02,382.3,387.8,370.8,372.1,372.1,0,investing
2003-06-03,372.1,381.7,369.4,381.5,381.5,0,investing
2003-06-04,381.5,395.1,378.9,394.0,394.0,0,investing
2003-06-05,394.0,395.4,382.8,395.0,395.0,0,investing
2003-06-06,395.0,412.7,387.0,388.2,388.2,0,investing
2003-06-09,384.1,385.2,373.7,378.8,378.8,0,investing
2003-06-10,378.8,383.1,373.1,383.1,383.1,0,investing
2003-06-11,383.1,383.1,368.1,380.8,380.8,0,investing
2003-06-12,380.8,381.5,371.6,375.4,375.4,0,investing
2003-06-13,375.4,376.3,359.7,361.1,361.1,0,investing
2003-06-16,361.1,373.2,358.1,371.9,371.9,0,investing
2003-06-17,371.9,375.1,365.5,372.0,372.0,0,investing
2003-06-18,372.0,382.9,365.0,379.5,379.5,0,investing
2003-06-19,379.5,385.3,374.0,374.1,374.1,0,investing
2003-06-20,374.1,379.8,369.1,371.0,371.0,0,investing
2003-06-23,371.0,372.5,360.6,363.1,363.1,0,investing
2003-06-24,363.1,363.1,353.5,355.7,355.7,0,investing
2003-06-25,355.7,364.2,353.9,354.2,354.2,0,investing
2003-06-26,354.2,364.9,354.2,364.0,364.0,0,investing
2003-06-27,364.0,366.8,357.7,359.5,359.5,0,investing
2003-06-30,359.5,366.5,358.2,359.7,359.7,0,investing
2003-07-01,359.7,366.7,351.2,366.1,366.1,0,investing
2003-07-02,366.1,375.3,366.1,375.3,375.3,0,investing
2003-07-03,375.3,376.6,368.9,369.0,369.0,0,investing
2003-07-07,369.0,395.6,369.0,395.6,395.6,0,investing
2003-07-08,395.6,399.7,389.6,398.9,398.9,0,investing
2003-07-09,398.9,407.3,394.2,401.9,401.9,0,investing
2003-07-10,401.9,401.9,387.8,390.3,390.3,0,investing
2003-07-11,390.3,393.9,386.8,390.7,390.7,0,investing
2003-07-14,390.7,407.3,390.7,402.1,402.1,0,investing
2003-07-15,402.1,408.8,397.4,401.9,401.9,0,investing
2003-07-16,401.9,407.4,392.7,399.6,399.6,0,investing
2003-07-17,399.6,399.6,379.9,382.9,382.9,0,investing
2003-07-18,382.9,385.8,375.3,383.7,383.7,0,investing
2003-07-21,383.7,383.7,373.4,376.0,376.0,0,investing
2003-07-22,376.0,389.5,376.0,388.2,388.2,0,investing
2003-07-23,388.2,394.1,384.0,393.8,393.8,0,investing
2003-07-24,393.8,397.6,383.5,384.8,384.8,0,investing
2003-07-25,384.8,390.5,376.0,390.5,390.5,0,investing
2003-07-28,390.5,396.1,387.1,394.4,394.4,0,investing
2003-07-29,394.4,394.9,383.1,387.1,387.1,0,investing
2003-07-30,387.1,387.3,381.2,381.2,381.2,0,investing
2003-07-31,381.2,397.9,381.2,389.6,389.6,0,investing
2003-08-01,389.6,394.3,385.4,393.7,393.7,0,investing
2003-08-04,393.7,397.6,386.2,395.2,395.2,0,investing
2003-08-05,395.2,395.2,382.9,383.3,383.3,0,investing
2003-08-06,383.3,389.1,378.4,382.3,382.3,0,investing
2003-08-07,382.3,385.1,378.3,380.5,380.5,0,investing
2003-08-08,380.5,383.5,366.4,368.7,368.7,0,investing
2003-08-11,368.7,378.1,368.7,377.0,377.0,0,investing
2003-08-12,377.0,384.9,374.6,384.4,384.4,0,investing
2003-08-13,384.4,398.0,384.0,391.6,391.6,0,investing
2003-08-14,391.6,395.9,388.0,395.2,395.2,0,investing
2003-08-15,394.3,396.8,391.7,394.5,394.5,0,investing
2003-08-18,394.5,415.1,394.5,414.9,414.9,0,investing
2003-08-19,414.9,425.6,414.9,425.1,425.1,0,investing
2003-08-20,425.1,427.9,418.8,422.2,422.2,0,investing
2003-08-21,422.2,435.7,422.2,435.6,435.6,0,investing
2003-08-22,435.6,457.6,435.6,439.7,439.7,0,investing
2003-08-25,439.7,441.3,433.7,436.9,436.9,0,investing
2003-08-26,436.9,437.0,425.2,437.0,437.0,0,investing
2003-08-27,437.0,450.1,436.4,449.9,449.9,0,investing
2003-08-28,449.9,454.0,445.3,453.8,453.8,0,investing
2003-08-29,453.8,457.5,449.7,456.1,456.1,0,investing
2003-09-02,456.1,458.6,448.0,456.6,456.6,0,investing
2003-09-03,456.6,457.5,442.2,444.4,444.4,0,investing
2003-09-04,444.4,457.3,443.4,455.6,455.6,0,investing
2003-09-05,455.6,468.0,453.6,459.8,459.8,0,investing
2003-09-08,459.8,472.9,459.8,472.9,472.9,0,investing
2003-09-09,472.9,472.9,464.9,466.7,466.7,0,investing
2003-09-10,466.7,466.7,441.8,441.9,441.9,0,investing
2003-09-11,441.9,453.4,433.9,448.9,448.9,0,investing
2003-09-12,448.9,452.1,441.6,452.0,452.0,0,investing
2003-09-15,452.0,455.6,443.1,443.5,443.5,0,investing
2003-09-16,443.5,460.9,443.5,460.2,460.2,0,investing
2003-09-17,460.2,464.5,457.1,458.5,458.5,0,investing
2003-09-18,458.5,463.0,449.9,462.0,462.0,0,investing
2003-09-19,462.0,466.2,457.9,460.8,460.8,0,investing
2003-09-22,460.8,460.8,446.6,449.1,449.1,0,investing
2003-09-23,449.1,456.0,445.9,455.9,455.9,0,investing
2003-09-24,455.9,456.8,434.3,434.3,434.3,0,investing
2003-09-25,434.3,445.7,431.8,431.9,431.9,0,investing
2003-09-26,431.9,435.9,424.7,424.7,424.7,0,investing
2003-09-29,424.7,435.2,424.7,432.9,432.9,0,investing
2003-09-30,432.9,432.9,418.8,419.8,419.8,0,investing
2003-10-01,419.8,428.8,419.8,427.1,427.1,0,investing
2003-10-02,427.1,436.8,425.5,429.8,429.8,0,investing
2003-10-03,429.8,455.5,429.8,449.1,449.1,0,investing
2003-10-06,449.1,451.8,446.6,449.0,449.0,0,investing
2003-10-07,449.0,459.6,445.7,459.5,459.5,0,investing
2003-10-08,459.5,462.1,452.4,456.9,456.9,0,investing
2003-10-09,456.9,469.9,456.9,461.8,461.8,0,investing
2003-10-10,461.8,467.5,461.8,467.2,467.2,0,investing
2003-10-13,467.2,475.3,464.5,467.7,467.7,0,investing
2003-10-14,467.7,474.1,462.5,473.9,473.9,0,investing
2003-10-15,473.9,486.3,472.3,475.4,475.4,0,investing
2003-10-16,475.4,480.5,472.3,480.4,480.4,0,investing
2003-10-17,480.4,480.5,464.5,465.2,465.2,0,investing
2003-10-20,465.2,473.5,463.4,473.5,473.5,0,investing
2003-10-21,473.5,483.1,473.5,482.5,482.5,0,investing
2003-10-22,482.5,482.5,467.3,468.8,468.8,0,investing
2003-10-23,468.8,468.8,452.3,456.8,456.8,0,investing
2003-10-24,456.8,458.8,448.7,458.0,458.0,0,investing
2003-10-27,458.0,465.0,458.0,462.1,462.1,0,investing
2003-10-28,462.1,491.1,462.1,491.1,491.1,0,investing
2003-10-29,491.1,497.8,487.8,496.2,496.2,0,investing
2003-10-30,496.2,505.8,496.2,498.4,498.4,0,investing
2003-10-31,498.4,500.2,492.7,496.5,496.5,0,investing
2003-11-03,496.5,516.7,496.5,515.8,515.8,0,investing
2003-11-04,515.8,519.8,511.0,514.4,514.4,0,investing
2003-11-05,514.4,521.4,508.8,519.4,519.4,0,investing
2003-11-06,519.4,527.5,516.1,525.7,525.7,0,investing
2003-11-07,525.7,532.2,524.7,526.4,526.4,0,investing
2003-11-10,526.4,526.4,508.8,510.6,510.6,0,investing
2003-11-11,510.6,514.3,507.2,513.7,513.7,0,investing
2003-11-12,513.7,531.0,513.7,531.0,531.0,0,investing
2003-11-13,531.0,531.4,518.7,525.7,525.7,0,investing
2003-11-14,525.7,528.1,508.1,510.0,510.0,0,investing
2003-11-17,510.0,510.7,498.8,506.9,506.9,0,investing
2003-11-18,506.9,516.2,497.4,497.4,497.4,0,investing
2003-11-19,497.4,507.4,497.4,506.2,506.2,0,investing
2003-11-20,506.2,510.6,495.2,495.6,495.6,0,investing
2003-11-21,495.6,504.7,494.7,502.7,502.7,0,investing
2003-11-24,502.7,520.8,502.7,520.8,520.8,0,investing
2003-11-25,520.8,527.4,518.4,520.7,520.7,0,investing
2003-11-26,520.7,527.9,514.1,523.1,523.1,0,investing
2003-11-28,523.1,529.5,522.0,529.3,529.3,0,investing
2003-12-01,529.3,536.3,524.5,532.5,532.5,0,investing
2003-12-02,532.5,533.3,526.2,527.0,527.0,0,investing
2003-12-03,527.0,534.9,518.8,519.4,519.4,0,investing
2003-12-04,519.4,523.8,504.1,515.3,515.3,0,investing
2003-12-05,515.3,515.3,497.0,498.9,498.9,0,investing
2003-12-08,498.9,503.7,492.8,499.3,499.3,0,investing
2003-12-09,499.3,504.0,477.8,478.7,478.7,0,investing
2003-12-10,478.7,486.6,476.4,484.6,484.6,0,investing
2003-12-11,484.6,499.2,482.1,496.9,496.9,0,investing
2003-12-12,496.9,501.1,490.2,496.1,496.1,0,investing
2003-12-15,496.1,508.5,482.0,482.3,482.3,0,investing
2003-12-16,482.3,485.6,468.2,480.0,480.0,0,investing
2003-12-17,480.0,482.6,471.1,474.8,474.8,0,investing
2003-12-18,474.8,495.6,474.8,493.7,493.7,0,investing
2003-12-19,493.7,496.2,486.8,489.8,489.8,0,investing
2003-12-22,489.8,493.7,485.6,491.1,491.1,0,investing
2003-12-23,491.1,500.8,490.5,499.9,499.9,0,investing
2003-12-24,499.9,502.6,497.3,498.0,498.0,0,investing
2003-12-26,498.0,502.1,498.0,498.7,498.7,0,investing
2003-12-29,498.7,510.5,498.7,510.5,510.5,0,investing
2003-12-30,510.5,512.8,506.3,509.8,509.8,0,investing
2003-12-31,509.8,512.0,502.1,508.1,508.1,0,investing
2004-01-02,508.1,512.3,504.0,504.9,504.9,0,investing
2004-01-05,504.9,523.6,504.9,523.0,523.0,0,investing
2004-01-06,523.0,527.3,517.5,525.1,525.1,0,investing
2004-01-07,525.1,528.0,520.9,527.1,527.1,0,investing
2004-01-08,527.1,545.0,527.1,545.0,545.0,0,investing
2004-01-09,545.0,551.8,535.7,543.3,543.3,0,investing
2004-01-12,543.3,560.7,542.6,560.6,560.6,0,investing
2004-01-13,558.8,559.0,540.0,545.1,545.1,0,investing
2004-01-14,545.1,546.7,538.3,541.9,541.9,0,investing
2004-01-15,541.9,554.8,538.7,550.6,550.6,0,investing
2004-01-16,550.6,557.5,547.4,557.1,557.1,0,investing
2004-01-20,557.1,557.7,549.7,555.2,555.2,0,investing
2004-01-21,555.2,555.2,536.3,540.7,540.7,0,investing
2004-01-22,540.7,551.7,532.8,532.9,532.9,0,investing
2004-01-23,532.9,537.5,522.8,527.0,527.0,0,investing
2004-01-26,527.0,539.9,526.6,539.8,539.8,0,investing
2004-01-27,539.8,539.8,517.2,517.4,517.4,0,investing
2004-01-28,517.4,531.3,512.7,515.3,515.3,0,investing
2004-01-29,515.3,519.8,502.6,511.3,511.3,0,investing
2004-01-30,511.3,516.8,509.9,514.4,514.4,0,investing
2004-02-02,514.4,517.5,504.6,506.0,506.0,0,investing
2004-02-03,506.0,511.4,503.2,508.5,508.5,0,investing
2004-02-04,508.5,508.5,493.0,493.4,493.4,0,investing
2004-02-05,493.4,501.2,493.4,495.7,495.7,0,investing
2004-02-06,495.7,520.2,495.7,519.4,519.4,0,investing
2004-02-09,519.4,521.4,514.1,514.2,514.2,0,investing
2004-02-10,514.2,519.4,511.7,516.9,516.9,0,investing
2004-02-11,516.9,527.8,516.9,526.8,526.8,0,investing
2004-02-12,526.8,530.5,518.5,518.8,518.8,0,investing
2004-02-13,518.8,524.8,505.0,510.6,510.6,0,investing
2004-02-17,510.6,520.6,510.6,519.0,519.0,0,investing
2004-02-18,519.0,527.1,519.0,522.5,522.5,0,investing
2004-02-19,522.5,535.5,514.6,514.7,514.7,0,investing
2004-02-20,514.7,514.7,505.8,509.8,509.8,0,investing
2004-02-23,509.8,510.2,491.3,495.8,495.8,0,investing
2004-02-24,495.8,502.0,491.9,497.2,497.2,0,investing
2004-02-25,497.2,507.3,497.2,506.3,506.3,0,investing
2004-02-26,506.3,513.6,501.6,509.8,509.8,0,investing
2004-02-27,509.8,511.1,498.8,502.3,502.3,0,investing
2004-03-01,502.3,513.2,498.7,513.1,513.1,0,investing
2004-03-02,513.1,521.1,510.0,510.2,510.2,0,investing
2004-03-03,510.2,510.2,498.4,500.6,500.6,0,investing
2004-03-04,500.6,508.8,500.6,508.7,508.7,0,investing
2004-03-05,508.7,512.0,499.5,504.2,504.2,0,investing
2004-03-08,504.2,509.8,484.8,485.3,485.3,0,investing
2004-03-09,485.3,488.0,479.6,486.4,486.4,0,investing
2004-03-10,486.4,489.4,474.3,476.3,476.3,0,investing
2004-03-11,476.3,487.2,473.6,473.8,473.8,0,investing
2004-03-12,473.8,485.2,473.8,485.1,485.1,0,investing
2004-03-15,485.1,485.1,471.7,471.7,471.7,0,investing
2004-03-16,471.7,480.4,470.0,477.0,477.0,0,investing
2004-03-17,477.0,488.8,477.0,487.1,487.1,0,investing
2004-03-18,487.1,489.5,477.4,480.7,480.7,0,investing
2004-03-19,480.7,480.7,463.2,463.4,463.4,0,investing
2004-03-22,463.4,463.4,453.2,458.9,458.9,0,investing
2004-03-23,458.9,465.9,453.4,457.5,457.5,0,investing
2004-03-24,457.5,472.5,457.5,468.1,468.1,0,investing
2004-03-25,468.1,486.3,468.1,485.3,485.3,0,investing
2004-03-26,485.3,487.6,479.2,479.2,479.2,0,investing
2004-03-29,479.2,491.8,479.2,487.6,487.6,0,investing
2004-03-30,487.6,487.6,478.2,487.0,487.0,0,investing
2004-03-31,487.0,491.3,482.4,487.1,487.1,0,investing
2004-04-01,487.1,498.8,487.1,495.3,495.3,0,investing
2004-04-02,495.3,513.9,495.3,513.9,513.9,0,investing
2004-04-05,513.9,518.7,510.5,518.7,518.7,0,investing
2004-04-06,518.7,518.7,502.4,508.1,508.1,0,investing
2004-04-07,508.1,511.7,500.3,507.2,507.2,0,investing
2004-04-08,507.2,514.8,507.2,511.8,511.8,0,investing
2004-04-12,511.8,515.8,507.9,515.2,515.2,0,investing
2004-04-13,515.2,517.6,505.0,506.2,506.2,0,investing
2004-04-14,506.2,510.0,499.3,503.1,503.1,0,investing
2004-04-15,503.1,504.1,483.4,488.8,488.8,0,investing
2004-04-16,488.8,488.8,472.6,480.1,480.1,0,investing
2004-04-19,480.1,487.2,478.1,487.0,487.0,0,investing
2004-04-20,487.0,490.3,469.7,469.7,469.7,0,investing
2004-04-21,469.7,480.9,469.7,478.8,478.8,0,investing
2004-04-22,478.8,485.8,468.1,480.5,480.5,0,investing
2004-04-23,480.5,489.6,480.5,488.0,488.0,0,investing
2004-04-26,488.0,488.0,471.9,474.8,474.8,0,investing
2004-04-27,475.6,479.6,466.8,468.3,468.3,0,investing
2004-04-28,468.0,473.0,460.7,462.3,462.3,0,investing
2004-04-29,464.3,464.5,443.7,450.5,450.5,0,investing
2004-04-30,451.6,454.3,441.3,443.5,443.5,0,investing
2004-05-03,445.7,454.4,433.0,440.9,440.9,0,investing
2004-05-04,440.9,454.8,440.9,448.3,448.3,0,investing
2004-05-05,448.3,455.1,445.5,452.2,452.2,0,investing
2004-05-06,452.2,454.2,444.3,452.5,452.5,0,investing
2004-05-07,452.5,464.4,452.0,457.0,457.0,0,investing
2004-05-10,457.0,462.1,452.4,458.9,458.9,0,investing
2004-05-11,458.9,470.2,458.9,470.1,470.1,0,investing
2004-05-12,470.1,470.1,448.1,461.9,461.9,0,investing
2004-05-13,461.9,464.8,455.1,459.6,459.6,0,investing
2004-05-14,459.6,462.8,449.7,451.0,451.0,0,investing
2004-05-17,451.0,451.0,440.5,444.9,444.9,0,investing
2004-05-18,444.9,456.0,444.9,453.4,453.4,0,investing
2004-05-19,453.4,470.9,453.4,457.7,457.7,0,investing
2004-05-20,457.7,461.1,451.5,453.9,453.9,0,investing
2004-05-21,453.9,461.1,453.9,458.2,458.2,0,investing
2004-05-24,458.2,464.0,457.8,460.5,460.5,0,investing
2004-05-25,460.5,476.3,454.8,475.1,475.1,0,investing
2004-05-26,475.1,480.0,471.4,478.2,478.2,0,investing
2004-05-27,478.2,485.8,478.2,482.5,482.5,0,investing
2004-05-28,482.5,490.5,482.5,488.9,488.9,0,investing
2004-06-01,488.9,490.1,481.5,486.1,486.1,0,investing
2004-06-02,486.1,486.1,472.3,475.1,475.1,0,investing
2004-06-03,475.1,475.1,463.2,463.4,463.4,0,investing
2004-06-04,463.4,476.3,463.4,470.9,470.9,0,investing
2004-06-07,470.9,488.8,470.9,488.2,488.2,0,investing
2004-06-08,488.2,489.4,481.6,489.4,489.4,0,investing
2004-06-09,489.4,489.4,473.3,473.5,473.5,0,investing
2004-06-10,473.5,480.1,471.4,476.3,476.3,0,investing
2004-06-14,476.3,476.3,461.6,465.5,465.5,0,investing
2004-06-15,465.5,475.0,465.5,471.3,471.3,0,investing
2004-06-16,471.3,471.3,466.7,469.3,469.3,0,investing
2004-06-17,469.3,469.3,452.4,453.4,453.4,0,investing
2004-06-18,453.4,460.9,449.1,453.1,453.1,0,investing
2004-06-21,453.1,460.4,450.2,450.8,450.8,0,investing
2004-06-22,450.8,466.7,450.8,466.4,466.4,0,investing
2004-06-23,466.4,477.3,465.1,476.3,476.3,0,investing
2004-06-24,476.3,479.4,469.2,470.7,470.7,0,investing
2004-06-25,470.7,480.2,470.7,478.9,478.9,0,investing
2004-06-28,478.9,480.1,468.7,470.5,470.5,0,investing
2004-06-29,470.5,480.8,469.6,480.4,480.4,0,investing
2004-06-30,480.4,487.9,479.6,485.1,485.1,0,investing
2004-07-01,485.1,485.1,462.6,467.0,467.0,0,investing
2004-07-02,467.0,467.0,456.5,457.3,457.3,0,investing
2004-07-06,457.3,457.3,435.2,439.1,439.1,0,investing
2004-07-07,439.1,448.3,439.1,444.1,444.1,0,investing
2004-07-08,444.1,450.3,441.7,442.9,442.9,0,investing
2004-07-09,442.9,454.5,442.9,451.1,451.1,0,investing
2004-07-12,451.1,451.1,434.3,441.2,441.2,0,investing
2004-07-13,441.2,445.4,436.6,440.4,440.4,0,investing
2004-07-14,440.4,440.4,417.1,420.7,420.7,0,investing
2004-07-15,420.7,425.5,416.8,418.5,418.5,0,investing
2004-07-16,418.5,422.1,409.4,410.5,410.5,0,investing
2004-07-19,410.5,417.7,408.0,413.3,413.3,0,investing
2004-07-20,413.3,423.5,413.1,423.5,423.5,0,investing
2004-07-21,423.5,430.7,407.8,407.8,407.8,0,investing
2004-07-22,407.8,422.6,407.8,420.4,420.4,0,investing
2004-07-23,420.4,420.4,404.5,405.6,405.6,0,investing
2004-07-26,405.6,408.0,396.6,400.4,400.4,0,investing
2004-07-27,400.4,405.7,393.2,402.9,402.9,0,investing
2004-07-28,402.9,402.9,390.1,399.5,399.5,0,investing
2004-07-29,399.5,414.0,399.5,411.2,411.2,0,investing
2004-07-30,411.2,419.9,409.3,416.4,416.4,0,investing
2004-08-02,416.4,419.2,411.6,418.7,418.7,0,investing
2004-08-03,418.7,418.7,402.6,403.0,403.0,0,investing
2004-08-04,403.0,410.4,398.1,406.7,406.7,0,investing
2004-08-05,406.7,412.2,401.9,402.4,402.4,0,investing
2004-08-06,402.4,402.4,385.6,386.9,386.9,0,investing
2004-08-09,386.9,391.1,385.1,387.6,387.6,0,investing
2004-08-10,387.6,393.1,387.4,393.0,393.0,0,investing
2004-08-11,393.0,393.0,366.8,372.7,372.7,0,investing
2004-08-12,372.7,372.7,363.4,365.3,365.3,0,investing
2004-08-13,365.3,366.9,360.6,366.6,366.6,0,investing
2004-08-16,366.6,373.6,366.6,370.3,370.3,0,investing
2004-08-17,370.3,380.0,370.3,375.6,375.6,0,investing
2004-08-18,375.6,388.6,372.5,388.4,388.4,0,investing
2004-08-19,388.4,390.4,382.1,385.1,385.1,0,investing
2004-08-20,385.1,388.7,381.2,386.0,386.0,0,investing
2004-08-23,386.0,394.6,386.0,390.1,390.1,0,investing
2004-08-24,390.1,391.9,378.1,380.3,380.3,0,investing
2004-08-25,380.3,386.6,374.7,384.3,384.3,0,investing
2004-08-26,384.3,384.3,378.2,380.4,380.4,0,investing
2004-08-27,380.4,385.4,380.4,382.3,382.3,0,investing
2004-08-30,382.3,382.3,373.6,373.6,373.6,0,investing
2004-08-31,373.6,373.7,363.6,371.0,371.0,0,investing
2004-09-01,371.0,379.6,369.1,374.2,374.2,0,investing
2004-09-02,374.2,378.1,370.1,377.6,377.6,0,investing
2004-09-03,377.6,377.6,357.3,357.8,357.8,0,investing
2004-09-07,357.8,362.0,351.3,353.8,353.8,0,investing
2004-09-08,353.8,358.4,350.9,352.1,352.1,0,investing
2004-09-09,352.1,374.1,352.1,371.0,371.0,0,investing
2004-09-10,371.0,385.0,369.3,383.6,383.6,0,investing
2004-09-13,383.6,398.7,383.6,393.1,393.1,0,investing
2004-09-14,393.1,394.0,387.8,393.5,393.5,0,investing
2004-09-15,393.5,393.5,379.8,380.8,380.8,0,investing
2004-09-16,380.8,386.5,380.1,381.4,381.4,0,investing
2004-09-17,381.4,388.8,381.2,388.5,388.5,0,investing
2004-09-20,388.5,404.6,384.8,399.9,399.9,0,investing
2004-09-21,399.9,406.7,399.9,403.8,403.8,0,investing
2004-09-22,403.8,403.8,391.1,391.7,391.7,0,investing
2004-09-23,391.7,397.2,387.8,393.8,393.8,0,investing
2004-09-24,393.8,396.4,380.4,382.6,382.6,0,investing
2004-09-27,382.6,383.5,375.7,377.0,377.0,0,investing
2004-09-28,377.0,377.9,370.2,373.7,373.7,0,investing
2004-09-29,373.7,383.3,373.7,380.6,380.6,0,investing
2004-09-30,380.6,389.7,380.6,384.2,384.2,0,investing
2004-10-01,384.2,402.4,384.2,401.9,401.9,0,investing
2004-10-04,401.9,413.1,401.9,405.0,405.0,0,investing
2004-10-05,405.0,408.5,399.5,404.6,404.6,0,investing
2004-10-06,404.6,406.2,398.8,406.2,406.2,0,investing
2004-10-07,406.2,410.5,402.8,403.4,403.4,0,investing
2004-10-08,403.4,403.4,387.2,389.5,389.5,0,investing
2004-10-11,389.5,392.9,384.6,391.5,391.5,0,investing
2004-10-12,391.5,391.5,380.2,386.4,386.4,0,investing
2004-10-13,386.4,399.7,386.4,393.2,393.2,0,investing
2004-10-14,393.2,393.2,379.0,380.6,380.6,0,investing
2004-10-15,380.6,386.0,379.1,381.4,381.4,0,investing
2004-10-18,381.4,384.4,374.7,384.4,384.4,0,investing
2004-10-19,384.4,395.6,384.4,388.3,388.3,0,investing
2004-10-20,388.3,396.7,382.9,393.4,393.4,0,investing
2004-10-21,393.4,411.2,393.4,409.0,409.0,0,investing
2004-10-22,409.0,410.4,394.8,395.2,395.2,0,investing
2004-10-25,395.2,402.4,394.3,397.9,397.9,0,investing
2004-10-26,398.4,400.3,393.4,396.8,396.8,0,investing
2004-10-27,397.1,411.5,397.0,410.9,410.9,0,investing
2004-10-28,410.2,415.9,408.9,412.4,412.4,0,investing
2004-10-29,412.4,415.2,408.1,412.2,412.2,0,investing
2004-11-01,412.2,415.0,409.4,413.7,413.7,0,investing
2004-11-02,413.7,417.9,407.9,414.2,414.2,0,investing
2004-11-03,414.2,424.2,408.5,410.1,410.1,0,investing
2004-11-04,410.1,414.1,404.0,412.7,412.7,0,investing
2004-11-05,412.7,422.3,412.7,417.8,417.8,0,investing
2004-11-08,417.8,421.4,416.2,418.6,418.6,0,investing
2004-11-09,418.6,419.5,413.8,415.8,415.8,0,investing
2004-11-10,415.8,415.8,404.9,405.8,405.8,0,investing
2004-11-11,405.8,415.1,405.8,414.3,414.3,0,investing
2004-11-12,414.3,423.8,411.2,423.8,423.8,0,investing
2004-11-15,423.8,432.6,420.5,429.6,429.6,0,investing
2004-11-16,422.6,431.0,422.6,427.6,427.6,0,investing
2004-11-17,427.6,445.6,427.6,439.9,439.9,0,investing
2004-11-18,439.9,445.9,433.4,445.6,445.6,0,investing
2004-11-19,443.7,443.7,431.5,431.9,431.9,0,investing
2004-11-22,434.6,434.6,426.1,432.9,432.9,0,investing
2004-11-23,431.8,436.4,426.9,429.7,429.7,0,investing
2004-11-24,433.2,435.6,430.8,433.6,433.6,0,investing
2004-11-26,433.7,435.4,430.9,431.0,431.0,0,investing
2004-11-29,433.3,438.3,428.2,429.9,429.9,0,investing
2004-11-30,429.8,431.3,423.9,423.9,423.9,0,investing
2004-12-01,426.4,440.2,426.4,440.1,440.1,0,investing
2004-12-02,439.7,447.0,437.3,438.7,438.7,0,investing
2004-12-03,446.3,453.9,445.1,445.3,445.3,0,investing
2004-12-06,445.3,449.1,440.4,446.9,446.9,0,investing
2004-12-07,447.7,451.3,437.5,437.5,437.5,0,investing
2004-12-08,437.2,437.2,429.8,431.9,431.9,0,investing
2004-12-09,426.2,428.5,414.0,425.5,425.5,0,investing
2004-12-10,424.8,426.9,421.1,422.8,422.8,0,investing
2004-12-13,423.1,427.6,423.1,425.1,425.1,0,investing
2004-12-14,425.2,434.3,425.2,433.0,433.0,0,investing
2004-12-15,432.8,436.5,429.8,434.0,434.0,0,investing
2004-12-16,434.0,435.6,423.8,427.1,427.1,0,investing
2004-12-17,426.6,427.9,421.9,423.8,423.8,0,investing
2004-12-20,426.1,428.2,418.5,419.4,419.4,0,investing
2004-12-21,420.1,424.9,418.4,424.4,424.4,0,investing
2004-12-22,424.2,427.1,422.4,424.1,424.1,0,investing
2004-12-23,423.9,427.3,422.8,426.4,426.4,0,investing
2004-12-27,426.7,428.8,421.4,423.1,423.1,0,investing
2004-12-28,423.2,427.5,421.5,426.8,426.8,0,investing
2004-12-29,426.3,432.3,425.6,430.5,430.5,0,investing
2004-12-30,430.5,433.6,430.4,431.3,431.3,0,investing
2004-12-31,431.3,434.5,431.0,433.3,433.3,0,investing
2005-01-03,433.3,437.5,423.6,424.3,424.3,0,investing
2005-01-04,424.6,426.1,406.1,410.4,410.4,0,investing
2005-01-05,408.8,412.9,402.6,404.2,404.2,0,investing
2005-01-06,404.4,408.7,402.1,402.1,402.1,0,investing
2005-01-07,402.7,412.3,401.5,407.6,407.6,0,investing
2005-01-10,407.5,411.6,404.8,406.2,406.2,0,investing
2005-01-11,406.1,406.1,393.7,396.2,396.2,0,investing
2005-01-12,397.7,404.6,395.1,401.8,401.8,0,investing
2005-01-13,401.8,401.8,395.9,396.2,396.2,0,investing
2005-01-14,396.2,404.9,396.2,403.1,403.1,0,investing
2005-01-18,403.0,407.0,399.9,406.6,406.6,0,investing
2005-01-19,406.6,407.8,397.8,397.9,397.9,0,investing
2005-01-20,397.7,402.1,394.1,394.8,394.8,0,investing
2005-01-21,395.0,398.9,389.6,389.7,389.7,0,investing
2005-01-24,389.7,391.1,382.6,383.0,383.0,0,investing
2005-01-25,383.4,391.7,383.4,389.9,389.9,0,investing
2005-01-26,390.3,401.5,390.3,400.1,400.1,0,investing
2005-01-27,400.0,404.2,397.6,403.7,403.7,0,investing
2005-01-28,403.2,406.2,396.0,399.5,399.5,0,investing
2005-01-31,400.1,407.2,400.1,404.0,404.0,0,investing
2005-02-01,403.9,409.8,403.9,408.5,408.5,0,investing
2005-02-02,408.5,409.3,403.6,405.8,405.8,0,investing
2005-02-03,405.6,405.6,397.0,400.7,400.7,0,investing
2005-02-04,400.5,418.2,400.2,418.2,418.2,0,investing
2005-02-07,418.2,422.1,415.9,418.3,418.3,0,investing
2005-02-08,418.7,428.8,418.2,427.5,427.5,0,investing
2005-02-09,427.3,427.5,417.0,417.9,417.9,0,investing
2005-02-10,419.2,425.2,417.1,420.5,420.5,0,investing
2005-02-11,420.1,438.8,418.3,435.5,435.5,0,investing
2005-02-14,435.5,438.6,432.8,436.2,436.2,0,investing
2005-02-15,436.5,445.1,434.5,439.2,439.2,0,investing
2005-02-16,439.2,440.1,432.9,435.5,435.5,0,investing
2005-02-17,435.5,438.4,428.1,429.8,429.8,0,investing
2005-02-18,429.7,430.6,425.9,427.7,427.7,0,investing
2005-02-22,426.8,438.0,423.7,425.8,425.8,0,investing
2005-02-23,426.0,430.2,419.6,424.0,424.0,0,investing
2005-02-24,424.1,434.2,423.1,434.1,434.1,0,investing
2005-02-25,434.0,444.0,432.4,443.7,443.7,0,investing
2005-02-28,443.8,449.1,433.5,437.2,437.2,0,investing
2005-03-01,437.6,447.6,437.6,447.1,447.1,0,investing
2005-03-02,446.3,447.7,438.4,440.0,440.0,0,investing
2005-03-03,440.0,442.1,430.6,434.4,434.4,0,investing
2005-03-04,435.3,439.9,432.0,433.4,433.4,0,investing
2005-03-07,433.4,445.0,433.4,441.5,441.5,0,investing
2005-03-08,440.9,445.1,434.8,435.4,435.4,0,investing
2005-03-09,435.4,440.9,433.8,434.3,434.3,0,investing
2005-03-10,434.4,440.5,431.1,440.5,440.5,0,investing
2005-03-11,440.6,443.3,427.2,427.9,427.9,0,investing
2005-03-14,428.2,430.7,426.7,430.2,430.2,0,investing
2005-03-15,430.4,431.8,420.7,421.1,421.1,0,investing
2005-03-16,420.5,425.5,416.2,416.9,416.9,0,investing
2005-03-17,416.9,421.5,416.9,417.8,417.8,0,investing
2005-03-18,418.0,419.1,412.2,414.1,414.1,0,investing
2005-03-21,414.3,417.7,409.4,413.4,413.4,0,investing
2005-03-22,413.5,419.8,409.9,410.1,410.1,0,investing
2005-03-23,410.4,418.2,410.4,414.9,414.9,0,investing
2005-03-24,415.2,420.3,415.2,415.9,415.9,0,investing
2005-03-28,416.1,422.4,415.5,415.5,415.5,0,investing
2005-03-29,415.6,418.1,408.7,410.2,410.2,0,investing
2005-03-30,410.5,419.9,410.5,419.7,419.7,0,investing
2005-03-31,420.0,420.2,415.5,417.0,417.0,0,investing
2005-04-01,417.8,420.8,410.2,411.2,411.2,0,investing
2005-04-04,411.2,411.8,406.3,409.4,409.4,0,investing
2005-04-05,410.0,414.0,408.1,409.9,409.9,0,investing
2005-04-06,410.1,417.1,410.1,410.9,410.9,0,investing
2005-04-07,410.9,419.1,410.6,419.0,419.0,0,investing
2005-04-08,419.0,421.6,416.8,416.9,416.9,0,investing
2005-04-11,417.0,418.6,412.7,413.6,413.6,0,investing
2005-04-12,413.4,413.8,403.2,413.1,413.1,0,investing
2005-04-13,412.8,412.8,401.2,401.9,401.9,0,investing
2005-04-14,402.2,403.1,395.5,395.7,395.7,0,investing
2005-04-15,395.6,395.6,381.8,382.6,382.6,0,investing
2005-04-18,382.8,389.2,382.5,385.9,385.9,0,investing
2005-04-19,386.8,394.2,386.8,392.6,392.6,0,investing
2005-04-20,393.6,396.9,383.6,384.0,384.0,0,investing
2005-04-21,385.4,395.3,385.4,394.7,394.7,0,investing
2005-04-22,394.6,394.7,386.5,389.4,389.4,0,investing
2005-04-25,389.8,393.9,388.8,391.4,391.4,0,investing
2005-04-26,391.4,399.2,387.8,388.6,388.6,0,investing
2005-04-27,388.4,391.2,383.6,387.7,387.7,0,investing
2005-04-28,387.1,391.2,384.0,384.3,384.3,0,investing
2005-04-29,383.3,387.2,376.6,385.6,385.6,0,investing
2005-05-02,386.1,388.6,383.9,385.3,385.3,0,investing
2005-05-03,385.1,388.8,383.4,385.1,385.1,0,investing
2005-05-04,385.5,395.0,385.5,394.4,394.4,0,investing
2005-05-05,394.2,398.4,392.7,394.3,394.3,0,investing
2005-05-06,394.8,397.6,393.4,396.8,396.8,0,investing
2005-05-09,396.6,398.5,393.2,398.5,398.5,0,investing
2005-05-10,398.2,398.2,392.9,394.4,394.4,0,investing
2005-05-11,394.5,396.4,389.1,395.9,395.9,0,investing
2005-05-12,395.9,401.3,394.8,397.0,397.0,0,investing
2005-05-13,398.2,411.7,398.2,408.2,408.2,0,investing
2005-05-16,408.1,411.6,406.4,411.1,411.1,0,investing
2005-05-17,410.8,414.6,408.6,414.6,414.6,0,investing
2005-05-18,414.6,420.6,411.6,418.9,418.9,0,investing
2005-05-19,418.8,424.0,417.0,420.1,420.1,0,investing
2005-05-20,420.1,425.4,417.6,425.2,425.2,0,investing
2005-05-23,425.3,426.6,420.8,423.9,423.9,0,investing
2005-05-24,421.6,430.6,421.6,430.4,430.4,0,investing
2005-05-25,430.3,430.3,422.5,425.7,425.7,0,investing
2005-05-26,428.0,434.3,427.8,433.6,433.6,0,investing
2005-05-27,433.3,433.4,426.5,430.4,430.4,0,investing
2005-05-31,430.5,433.8,428.7,428.9,428.9,0,investing
2005-06-01,428.9,435.2,427.9,432.1,432.1,0,investing
2005-06-02,432.0,440.1,430.5,440.1,440.1,0,investing
2005-06-03,439.7,440.2,434.2,434.3,434.3,0,investing
2005-06-06,434.3,434.5,429.0,432.3,432.3,0,investing
2005-06-07,432.3,438.9,427.1,427.5,427.5,0,investing
2005-06-08,427.8,433.2,427.8,430.3,430.3,0,investing
2005-06-09,430.4,438.6,425.9,438.5,438.5,0,investing
2005-06-10,438.3,438.3,429.4,430.8,430.8,0,investing
2005-06-13,430.7,434.3,428.4,430.3,430.3,0,investing
2005-06-14,430.2,432.4,424.9,425.6,425.6,0,investing
2005-06-15,426.1,427.7,418.9,427.2,427.2,0,investing
2005-06-16,427.4,431.8,426.4,429.3,429.3,0,investing
2005-06-17,430.4,432.8,427.5,430.5,430.5,0,investing
2005-06-20,429.9,430.3,424.7,428.3,428.3,0,investing
2005-06-21,428.2,433.0,427.7,431.4,431.4,0,investing
2005-06-22,431.6,435.3,430.8,433.7,433.7,0,investing
2005-06-23,433.9,446.4,433.9,435.2,435.2,0,investing
2005-06-24,435.2,436.1,426.8,427.0,427.0,0,investing
2005-06-27,426.9,427.0,420.1,421.4,421.4,0,investing
2005-06-28,421.8,425.9,421.7,425.2,425.2,0,investing
2005-06-29,425.3,426.0,420.3,421.4,421.4,0,investing
2005-06-30,421.4,424.2,418.5,419.1,419.1,0,investing
2005-07-01,419.4,422.0,417.9,419.4,419.4,0,investing
2005-07-05,419.3,426.8,418.0,425.9,425.9,0,investing
2005-07-06,425.8,434.3,425.3,430.3,430.3,0,investing
2005-07-07,429.8,432.0,425.8,431.9,431.9,0,investing
2005-07-08,432.0,442.9,431.9,442.8,442.8,0,investing
2005-07-11,442.9,451.8,442.9,451.6,451.6,0,investing
2005-07-12,451.5,457.3,450.3,456.1,456.1,0,investing
2005-07-13,456.4,458.2,452.4,458.1,458.1,0,investing
2005-07-14,459.1,466.0,458.2,463.9,463.9,0,investing
2005-07-15,464.3,464.8,458.5,463.6,463.6,0,investing
2005-07-18,463.5,463.5,458.7,460.8,460.8,0,investing
2005-07-19,461.3,469.1,461.3,468.8,468.8,0,investing
2005-07-20,465.5,477.1,459.8,476.7,476.7,0,investing
2005-07-21,476.3,476.3,466.5,468.9,468.9,0,investing
2005-07-22,473.7,480.3,472.0,475.2,475.2,0,investing
2005-07-25,474.9,477.4,470.7,472.2,472.2,0,investing
2005-07-26,472.7,477.8,471.5,477.0,477.0,0,investing
2005-07-27,476.9,476.9,465.9,473.9,473.9,0,investing
2005-07-28,473.8,475.0,470.8,474.3,474.3,0,investing
2005-07-29,473.9,477.8,471.4,474.4,474.4,0,investing
2005-08-01,474.9,477.0,471.5,474.4,474.4,0,investing
2005-08-02,478.2,486.3,478.1,486.2,486.2,0,investing
2005-08-03,485.0,486.2,480.4,484.3,484.3,0,investing
2005-08-04,484.1,484.1,472.5,472.5,472.5,0,investing
2005-08-05,472.5,474.0,468.1,471.2,471.2,0,investing
2005-08-08,471.4,473.5,465.2,465.9,465.9,0,investing
2005-08-09,466.6,474.5,466.6,471.5,471.5,0,investing
2005-08-10,471.5,476.8,465.0,465.8,465.8,0,investing
2005-08-11,465.5,469.9,462.8,469.1,469.1,0,investing
2005-08-12,468.0,468.0,459.2,462.8,462.8,0,investing
2005-08-15,462.3,469.9,461.4,467.8,467.8,0,investing
2005-08-16,467.4,467.4,457.3,458.2,458.2,0,investing
2005-08-17,458.2,466.1,458.2,464.1,464.1,0,investing
2005-08-18,463.8,463.8,459.2,461.3,461.3,0,investing
2005-08-19,461.3,466.2,461.3,462.3,462.3,0,investing
2005-08-22,463.8,469.2,462.9,467.7,467.7,0,investing
2005-08-23,468.1,471.3,465.4,467.5,467.5,0,investing
2005-08-24,467.3,473.2,463.4,464.0,464.0,0,investing
2005-08-25,464.2,469.1,464.2,467.1,467.1,0,investing
2005-08-26,467.2,467.2,461.9,464.0,464.0,0,investing
2005-08-29,463.1,471.3,462.3,470.2,470.2,0,investing
2005-08-30,469.8,470.0,464.1,468.6,468.6,0,investing
2005-08-31,467.9,473.8,466.0,473.8,473.8,0,investing
2005-09-01,473.5,474.0,468.2,468.4,468.4,0,investing
2005-09-02,469.2,471.0,465.5,467.4,467.4,0,investing
2005-09-06,468.0,474.8,468.0,474.7,474.7,0,investing
2005-09-07,473.0,474.7,468.7,473.4,473.4,0,investing
2005-09-08,473.2,480.7,472.0,478.8,478.8,0,investing
2005-09-09,479.0,483.0,476.3,482.2,482.2,0,investing
2005-09-12,482.2,483.7,479.9,481.1,481.1,0,investing
2005-09-13,481.3,485.6,478.8,482.2,482.2,0,investing
2005-09-14,482.5,483.6,476.2,478.1,478.1,0,investing
2005-09-15,478.8,480.7,472.3,473.3,473.3,0,investing
2005-09-16,473.5,475.2,469.2,474.8,474.8,0,investing
2005-09-19,474.4,474.7,465.9,468.1,468.1,0,investing
2005-09-20,468.2,474.2,465.9,466.3,466.3,0,investing
2005-09-21,466.4,466.4,457.6,458.2,458.2,0,investing
2005-09-22,458.1,461.0,452.8,457.1,457.1,0,investing
2005-09-23,457.4,462.4,453.2,460.7,460.7,0,investing
2005-09-26,463.1,467.1,460.2,462.8,462.8,0,investing
2005-09-27,462.8,463.8,454.8,457.1,457.1,0,investing
2005-09-28,457.5,463.8,456.2,459.3,459.3,0,investing
2005-09-29,459.3,467.5,456.1,466.4,466.4,0,investing
2005-09-30,466.4,476.3,466.4,475.3,475.3,0,investing
2005-10-03,476.1,483.2,476.1,478.1,478.1,0,investing
2005-10-04,478.4,482.3,472.9,472.9,472.9,0,investing
2005-10-05,473.3,474.3,466.3,466.4,466.4,0,investing
2005-10-06,466.4,466.8,454.0,458.4,458.4,0,investing
2005-10-07,458.4,463.9,458.4,461.1,461.1,0,investing
2005-10-10,457.0,457.0,446.1,446.1,446.1,0,investing
2005-10-11,446.6,448.5,435.9,438.7,438.7,0,investing
2005-10-12,437.8,439.7,433.1,437.0,437.0,0,investing
2005-10-13,437.1,447.0,435.6,446.3,446.3,0,investing
2005-10-14,446.3,447.8,438.7,442.7,442.7,0,investing
2005-10-17,442.5,444.9,440.9,444.7,444.7,0,investing
2005-10-18,443.8,443.8,437.4,439.3,439.3,0,investing
2005-10-19,436.7,439.4,425.1,439.4,439.4,0,investing
2005-10-20,440.7,444.8,437.5,439.8,439.8,0,investing
2005-10-21,442.4,446.5,441.2,441.9,441.9,0,investing
2005-10-24,442.3,446.9,439.4,446.8,446.8,0,investing
2005-10-25,445.5,445.5,439.9,442.1,442.1,0,investing
2005-10-26,441.8,446.1,438.7,439.6,439.6,0,investing
2005-10-27,439.6,439.6,427.6,427.6,427.6,0,investing
2005-10-28,421.8,424.9,413.0,424.9,424.9,0,investing
2005-10-31,426.4,435.0,425.8,432.6,432.6,0,investing
2005-11-01,432.1,432.1,427.2,428.5,428.5,0,investing
2005-11-02,430.1,443.3,430.1,441.2,441.2,0,investing
2005-11-03,449.2,454.0,446.9,449.5,449.5,0,investing
2005-11-04,452.3,453.7,447.1,451.8,451.8,0,investing
2005-11-07,455.1,455.5,448.6,453.3,453.3,0,investing
2005-11-08,451.5,455.8,448.8,452.3,452.3,0,investing
2005-11-09,451.7,459.3,449.1,458.7,458.7,0,investing
2005-11-10,458.5,465.5,454.8,464.5,464.5,0,investing
2005-11-11,466.5,468.3,460.4,461.1,461.1,0,investing
2005-11-14,461.2,466.2,460.3,463.7,463.7,0,investing
2005-11-15,465.4,468.4,461.1,462.3,462.3,0,investing
2005-11-16,463.2,464.3,459.6,461.9,461.9,0,investing
2005-11-17,461.5,466.8,458.9,466.8,466.8,0,investing
2005-11-18,473.4,481.0,472.8,478.5,478.5,0,investing
2005-11-21,477.3,480.1,475.9,478.6,478.6,0,investing
2005-11-22,477.4,486.1,477.2,482.9,482.9,0,investing
2005-11-23,483.0,486.6,479.7,480.5,480.5,0,investing
2005-11-25,481.8,485.2,481.8,484.6,484.6,0,investing
2005-11-28,483.1,483.4,478.1,478.8,478.8,0,investing
2005-11-29,481.8,484.1,475.5,475.8,475.8,0,investing
2005-11-30,478.0,484.5,477.7,481.6,481.6,0,investing
2005-12-01,489.7,502.5,489.4,501.9,501.9,0,investing
2005-12-02,501.8,508.3,501.6,505.6,505.6,0,investing
2005-12-05,502.8,502.8,496.0,497.7,497.7,0,investing
2005-12-06,493.1,510.4,493.1,502.9,502.9,0,investing
2005-12-07,504.3,505.1,495.3,496.9,496.9,0,investing
2005-12-08,500.3,500.6,484.2,488.4,488.4,0,investing
2005-12-09,488.6,497.8,486.9,497.2,497.2,0,investing
2005-12-12,500.4,501.8,496.7,500.2,500.2,0,investing
2005-12-13,497.0,506.4,496.6,502.8,502.8,0,investing
2005-12-14,502.9,504.9,498.1,500.8,500.8,0,investing
2005-12-15,502.4,503.0,496.5,498.4,498.4,0,investing
2005-12-16,501.7,501.7,495.3,495.3,495.3,0,investing
2005-12-19,494.9,496.2,483.6,483.9,483.9,0,investing
2005-12-20,484.4,491.2,481.7,486.4,486.4,0,investing
2005-12-21,485.2,490.3,482.8,484.8,484.8,0,investing
2005-12-22,485.2,491.4,485.2,490.7,490.7,0,investing
2005-12-23,491.3,495.7,490.1,491.8,491.8,0,investing
2005-12-27,492.1,495.2,484.4,485.6,485.6,0,investing
2005-12-28,485.6,488.2,481.3,486.7,486.7,0,investing
2005-12-29,486.5,488.6,481.4,482.0,482.0,0,investing
2005-12-30,481.3,481.4,475.1,479.5,479.5,0,investing
2006-01-03,480.6,495.5,475.9,493.1,493.1,0,investing
2006-01-04,493.3,498.9,493.3,496.7,496.7,0,investing
2006-01-05,497.9,509.5,497.9,508.5,508.5,0,investing
2006-01-06,510.1,520.4,508.9,519.6,519.6,0,investing
2006-01-09,520.8,525.8,518.9,524.3,524.3,0,investing
2006-01-10,524.9,527.9,520.5,527.8,527.8,0,investing
2006-01-11,530.1,537.5,528.1,536.4,536.4,0,investing
2006-01-12,536.3,539.0,526.3,529.3,529.3,0,investing
2006-01-13,528.6,528.6,520.8,526.6,526.6,0,investing
2006-01-17,524.4,524.4,515.9,518.4,518.4,0,investing
2006-01-18,512.3,520.1,508.7,518.9,518.9,0,investing
2006-01-19,523.6,538.4,523.6,534.7,534.7,0,investing
2006-01-20,532.0,532.0,512.5,512.6,512.6,0,investing
2006-01-23,514.1,519.7,511.3,515.5,515.5,0,investing
2006-01-24,516.2,526.1,515.8,520.7,520.7,0,investing
2006-01-25,521.5,523.6,515.0,521.5,521.5,0,investing
2006-01-26,524.6,537.4,524.4,536.5,536.5,0,investing
2006-01-27,551.4,559.6,546.3,550.9,550.9,0,investing
2006-01-30,549.2,552.9,546.1,547.0,547.0,0,investing
2006-01-31,547.5,547.5,537.2,539.1,539.1,0,investing
2006-02-01,537.6,545.3,533.9,544.7,544.7,0,investing
2006-02-02,544.2,548.9,534.7,536.5,536.5,0,investing
2006-02-03,535.1,536.6,528.5,528.8,528.8,0,investing
2006-02-06,529.5,540.6,529.3,540.1,540.1,0,investing
2006-02-07,539.8,543.2,534.9,540.7,540.7,0,investing
2006-02-08,545.2,549.2,540.9,548.5,548.5,0,investing
2006-02-09,548.8,555.9,546.1,546.8,546.8,0,investing
2006-02-10,546.6,546.6,532.8,540.4,540.4,0,investing
2006-02-13,539.8,539.8,530.2,532.8,532.8,0,investing
2006-02-14,532.4,537.3,526.0,536.5,536.5,0,investing
2006-02-15,536.3,539.5,532.4,538.2,538.2,0,investing
2006-02-16,539.5,546.0,539.3,546.0,546.0,0,investing
2006-02-17,545.7,545.9,535.0,535.4,535.4,0,investing
2006-02-21,535.7,536.3,522.6,523.8,523.8,0,investing
2006-02-22,523.1,533.4,517.8,530.8,530.8,0,investing
2006-02-23,531.3,531.3,524.2,524.5,524.5,0,investing
2006-02-24,524.7,527.8,522.9,524.5,524.5,0,investing
2006-02-27,525.1,529.3,524.6,527.4,527.4,0,investing
2006-02-28,526.7,531.1,522.3,523.2,523.2,0,investing
2006-03-01,524.8,546.7,524.8,545.9,545.9,0,investing
2006-03-02,545.1,550.9,541.2,546.3,546.3,0,investing
2006-03-03,542.9,548.0,537.7,537.8,537.8,0,investing
2006-03-06,538.9,541.2,526.1,528.6,528.6,0,investing
2006-03-07,527.7,527.7,511.9,513.4,513.4,0,investing
2006-03-08,512.8,514.6,504.8,510.6,510.6,0,investing
2006-03-09,511.6,516.6,503.5,503.5,503.5,0,investing
2006-03-10,504.3,510.7,500.2,502.3,502.3,0,investing
2006-03-13,503.6,507.8,499.0,499.9,499.9,0,investing
2006-03-14,500.1,511.7,499.4,511.1,511.1,0,investing
2006-03-15,512.1,516.2,507.6,512.6,512.6,0,investing
2006-03-16,513.8,514.0,496.0,496.1,496.1,0,investing
2006-03-17,495.6,499.8,489.3,496.4,496.4,0,investing
2006-03-20,496.9,501.8,495.5,498.2,498.2,0,investing
2006-03-21,498.6,510.7,496.1,497.2,497.2,0,investing
2006-03-22,495.0,499.1,492.4,497.6,497.6,0,investing
2006-03-23,497.4,504.6,497.1,499.9,499.9,0,investing
2006-03-24,499.9,504.9,498.1,504.8,504.8,0,investing
2006-03-27,504.7,507.7,502.9,503.8,503.8,0,investing
2006-03-28,503.3,504.7,491.6,493.5,493.5,0,investing
2006-03-29,494.2,507.5,492.8,505.6,505.6,0,investing
2006-03-30,506.2,512.4,502.4,505.5,505.5,0,investing
2006-03-31,505.9,508.3,497.4,499.6,499.6,0,investing
2006-04-03,500.0,513.4,500.0,505.2,505.2,0,investing
2006-04-04,507.0,511.0,503.3,504.0,504.0,0,investing
2006-04-05,504.7,519.1,504.7,517.9,517.9,0,investing
2006-04-06,517.9,526.1,517.9,524.6,524.6,0,investing
2006-04-07,524.6,527.7,512.5,514.9,514.9,0,investing
2006-04-10,514.9,515.4,508.3,510.9,510.9,0,investing
2006-04-11,510.9,514.8,501.1,503.3,503.3,0,investing
2006-04-12,503.3,510.9,503.3,506.4,506.4,0,investing
2006-04-13,506.4,513.5,505.7,508.0,508.0,0,investing
2006-04-17,508.0,512.9,498.0,500.4,500.4,0,investing
2006-04-18,500.4,518.5,500.4,517.5,517.5,0,investing
2006-04-19,517.5,527.4,516.2,526.5,526.5,0,investing
2006-04-20,526.5,535.8,522.7,529.3,529.3,0,investing
2006-04-21,529.3,531.2,515.3,518.4,518.4,0,investing
2006-04-24,518.4,518.4,509.2,514.8,514.8,0,investing
2006-04-25,514.8,518.0,512.3,516.2,516.2,0,investing
2006-04-26,516.2,518.9,510.6,513.5,513.5,0,investing
2006-04-27,513.5,524.7,505.9,520.1,520.1,0,investing
2006-04-28,520.1,523.8,515.7,516.9,516.9,0,investing
2006-05-01,517.0,518.2,511.3,512.0,512.0,0,investing
2006-05-02,513.4,515.8,511.2,513.7,513.7,0,investing
2006-05-03,513.7,520.5,512.7,520.1,520.1,0,investing
2006-05-04,520.3,528.2,520.3,526.8,526.8,0,investing
2006-05-05,528.7,532.2,525.4,528.9,528.9,0,investing
2006-05-08,528.9,530.7,525.2,525.4,525.4,0,investing
2006-05-09,525.4,525.4,516.8,520.0,520.0,0,investing
2006-05-10,520.0,520.0,506.1,507.1,507.1,0,investing
2006-05-11,507.1,507.1,493.9,495.5,495.5,0,investing
2006-05-12,495.5,499.8,491.0,491.6,491.6,0,investing
2006-05-15,491.6,497.0,480.4,487.0,487.0,0,investing
2006-05-16,487.0,490.5,479.4,484.3,484.3,0,investing
2006-05-17,484.3,486.9,474.8,478.7,478.7,0,investing
2006-05-18,478.7,482.8,474.4,474.4,474.4,0,investing
2006-05-19,474.4,490.3,474.4,489.7,489.7,0,investing
2006-05-22,489.6,489.6,463.4,469.2,469.2,0,investing
2006-05-23,469.2,475.8,461.4,461.6,461.6,0,investing
2006-05-24,461.6,470.8,456.3,465.0,465.0,0,investing
2006-05-25,465.0,469.5,460.5,463.0,463.0,0,investing
2006-05-26,463.0,469.0,461.9,466.8,466.8,0,investing
2006-05-30,466.8,467.0,456.4,456.7,456.7,0,investing
2006-05-31,456.7,466.3,456.7,464.7,464.7,0,investing
2006-06-01,464.7,475.4,463.7,475.4,475.4,0,investing
2006-06-02,475.4,479.4,469.4,474.6,474.6,0,investing
2006-06-05,474.6,474.6,460.2,460.4,460.4,0,investing
2006-06-06,460.4,462.8,455.8,458.4,458.4,0,investing
2006-06-07,458.4,460.2,447.4,447.6,447.6,0,investing
2006-06-08,447.6,448.8,435.0,446.8,446.8,0,investing
2006-06-09,446.8,456.9,442.4,444.2,444.2,0,investing
2006-06-12,444.2,448.3,435.4,435.7,435.7,0,investing
2006-06-13,435.7,442.8,432.4,433.4,433.4,0,investing
2006-06-14,433.4,442.3,433.0,439.3,439.3,0,investing
2006-06-15,439.3,458.9,439.3,457.6,457.6,0,investing
2006-06-16,457.6,457.6,449.2,453.5,453.5,0,investing
2006-06-19,453.5,456.8,447.6,449.2,449.2,0,investing
2006-06-20,448.8,451.5,443.7,446.1,446.1,0,investing
2006-06-21,446.1,460.1,446.1,455.4,455.4,0,investing
2006-06-22,455.4,455.4,446.4,449.2,449.2,0,investing
2006-06-23,449.2,450.1,443.2,445.4,445.4,0,investing
2006-06-26,445.4,449.7,445.3,448.3,448.3,0,investing
2006-06-27,448.3,448.3,430.4,431.5,431.5,0,investing
2006-06-28,431.5,431.6,423.2,429.1,429.1,0,investing
2006-06-29,429.1,446.5,429.0,446.2,446.2,0,investing
2006-06-30,446.2,447.3,440.1,441.7,441.7,0,investing
2006-07-03,441.7,446.7,441.7,446.0,446.0,0,investing
2006-07-05,446.0,446.0,431.4,431.9,431.9,0,investing
2006-07-06,431.9,436.1,428.5,430.8,430.8,0,investing
2006-07-07,430.8,431.4,421.5,424.2,424.2,0,investing
2006-07-10,424.2,429.5,412.6,414.9,414.9,0,investing
2006-07-11,414.9,429.1,411.5,428.5,428.5,0,investing
2006-07-12,428.5,428.5,415.7,417.0,417.0,0,investing
2006-07-13,417.0,423.2,410.1,411.0,411.0,0,investing
2006-07-14,411.0,415.1,406.2,409.0,409.0,0,investing
2006-07-17,409.0,413.4,405.4,406.8,406.8,0,investing
2006-07-18,406.8,410.1,394.6,405.2,405.2,0,investing
2006-07-19,405.2,418.3,404.9,414.5,414.5,0,investing
2006-07-20,414.5,416.9,403.8,404.1,404.1,0,investing
2006-07-21,404.1,404.1,384.3,384.9,384.9,0,investing
2006-07-24,384.9,394.8,384.9,391.9,391.9,0,investing
2006-07-25,391.9,399.8,390.6,396.2,396.2,0,investing
2006-07-26,396.2,400.7,386.7,395.8,395.8,0,investing
2006-07-27,395.8,407.4,395.8,400.0,400.0,0,investing
2006-07-28,400.0,413.1,400.0,412.2,412.2,0,investing
2006-07-31,412.2,415.7,409.8,412.8,412.8,0,investing
2006-08-01,412.8,412.8,401.0,404.5,404.5,0,investing
2006-08-02,404.5,412.5,404.5,408.8,408.8,0,investing
2006-08-03,408.8,418.3,405.1,415.0,415.0,0,investing
2006-08-04,415.0,424.7,406.4,411.0,411.0,0,investing
2006-08-07,411.0,413.8,406.7,408.5,408.5,0,investing
2006-08-08,408.5,412.1,402.9,405.7,405.7,0,investing
2006-08-09,405.7,420.3,405.7,408.6,408.6,0,investing
2006-08-10,408.6,415.6,407.1,414.7,414.7,0,investing
2006-08-11,414.7,414.7,403.7,405.4,405.4,0,investing
2006-08-14,405.4,415.9,405.4,409.9,409.9,0,investing
2006-08-15,409.9,425.9,409.9,425.2,425.2,0,investing
2006-08-16,425.2,445.0,425.2,443.6,443.6,0,investing
2006-08-17,443.6,452.4,441.1,446.1,446.1,0,investing
2006-08-18,446.1,446.5,435.8,445.9,445.9,0,investing
2006-08-21,445.9,445.9,434.1,436.8,436.8,0,investing
2006-08-22,436.8,442.1,434.1,435.8,435.8,0,investing
2006-08-23,436.6,442.3,430.4,431.6,431.6,0,investing
2006-08-24,433.3,435.7,428.9,434.6,434.6,0,investing
2006-08-25,434.5,439.7,432.5,433.7,433.7,0,investing
2006-08-28,433.9,439.4,433.6,438.4,438.4,0,investing
2006-08-29,438.6,446.5,436.3,445.7,445.7,0,investing
2006-08-30,445.7,454.5,443.4,453.8,453.8,0,investing
2006-08-31,453.8,454.1,447.5,449.2,449.2,0,investing
2006-09-01,449.4,452.6,442.9,444.5,444.5,0,investing
2006-09-05,444.5,452.1,441.0,452.0,452.0,0,investing
2006-09-06,451.4,451.6,437.1,437.1,437.1,0,investing
2006-09-07,437.0,442.1,432.2,435.6,435.6,0,investing
2006-09-08,435.8,440.2,433.1,438.7,438.7,0,investing
2006-09-11,438.5,452.3,436.1,449.0,449.0,0,investing
2006-09-12,449.3,468.1,449.1,465.9,465.9,0,investing
2006-09-13,466.2,468.4,459.9,462.3,462.3,0,investing
2006-09-14,462.5,465.6,458.6,463.8,463.8,0,investing
2006-09-15,464.4,473.4,462.4,463.6,463.6,0,investing
2006-09-18,462.9,472.6,461.8,468.7,468.7,0,investing
2006-09-19,469.4,469.4,453.0,458.4,458.4,0,investing
2006-09-20,459.5,462.8,457.6,460.2,460.2,0,investing
2006-09-21,460.4,463.1,451.4,452.1,452.1,0,investing
2006-09-22,452.1,454.4,447.6,449.3,449.3,0,investing
2006-09-25,449.5,461.7,445.9,460.6,460.6,0,investing
2006-09-26,460.5,460.7,453.4,459.0,459.0,0,investing
2006-09-27,459.3,464.7,454.7,455.8,455.8,0,investing
2006-09-28,455.7,460.6,454.1,460.1,460.1,0,investing
2006-09-29,460.8,460.9,454.5,454.7,454.7,0,investing
2006-10-02,454.9,460.4,452.9,453.2,453.2,0,investing
2006-10-03,448.2,450.7,443.8,448.3,448.3,0,investing
2006-10-04,447.5,457.2,445.7,456.8,456.8,0,investing
2006-10-05,456.5,456.5,452.1,455.4,455.4,0,investing
2006-10-06,453.6,454.1,449.2,451.3,451.3,0,investing
2006-10-09,450.8,460.6,450.4,456.4,456.4,0,investing
2006-10-10,456.8,458.0,453.3,454.7,454.7,0,investing
2006-10-11,453.5,465.0,452.4,460.6,460.6,0,investing
2006-10-12,461.9,466.9,458.2,466.9,466.9,0,investing
2006-10-13,465.1,473.5,464.6,471.3,471.3,0,investing
2006-10-16,472.7,476.9,472.2,475.5,475.5,0,investing
2006-10-17,472.0,472.1,460.8,463.7,463.7,0,investing
2006-10-18,461.4,462.5,449.5,450.8,450.8,0,investing
2006-10-19,449.5,452.4,444.1,449.1,449.1,0,investing
2006-10-20,451.5,451.6,445.6,447.2,447.2,0,investing
2006-10-23,446.9,453.3,445.0,449.6,449.6,0,investing
2006-10-24,450.1,452.6,444.4,444.4,444.4,0,investing
2006-10-25,446.7,456.9,445.8,456.0,456.0,0,investing
2006-10-26,456.4,461.6,452.4,461.3,461.3,0,investing
2006-10-27,460.6,461.5,449.8,452.3,452.3,0,investing
2006-10-30,452.9,459.6,452.6,457.4,457.4,0,investing
2006-10-31,457.7,460.7,454.3,458.1,458.1,0,investing
2006-11-01,459.0,460.1,447.9,449.3,449.3,0,investing
2006-11-02,448.5,450.8,446.7,447.4,447.4,0,investing
2006-11-03,448.4,450.8,445.4,449.2,449.2,0,investing
2006-11-06,450.1,458.3,447.8,457.1,457.1,0,investing
2006-11-07,457.6,470.5,457.6,465.8,465.8,0,investing
2006-11-08,464.1,467.9,460.4,465.7,465.7,0,investing
2006-11-09,467.4,470.2,456.3,456.7,456.7,0,investing
2006-11-10,457.4,461.4,454.2,461.3,461.3,0,investing
2006-11-13,460.6,469.4,459.3,468.5,468.5,0,investing
2006-11-14,468.7,482.3,464.8,481.8,481.8,0,investing
2006-11-15,482.3,488.0,479.5,483.8,483.8,0,investing
2006-11-16,484.2,487.6,479.5,485.9,485.9,0,investing
2006-11-17,484.1,484.5,479.4,483.2,483.2,0,investing
2006-11-20,482.7,492.1,480.1,491.7,491.7,0,investing
2006-11-21,491.4,492.1,483.3,486.3,486.3,0,investing
2006-11-22,486.6,492.5,486.1,492.3,492.3,0,investing
2006-11-24,490.1,491.9,486.6,489.3,489.3,0,investing
2006-11-27,487.9,491.8,477.6,477.8,477.8,0,investing
2006-11-28,476.5,479.0,473.4,478.5,478.5,0,investing
2006-11-29,479.9,483.1,473.4,476.4,476.4,0,investing
2006-11-30,476.3,482.5,473.2,479.0,479.0,0,investing
2006-12-01,478.8,482.2,467.6,474.1,474.1,0,investing
2006-12-04,474.9,487.5,473.2,483.4,483.4,0,investing
2006-12-05,485.1,490.7,484.8,487.1,487.1,0,investing
2006-12-06,485.5,491.6,482.5,488.8,488.8,0,investing
2006-12-07,489.4,493.2,480.3,480.6,480.6,0,investing
2006-12-08,477.5,481.2,472.7,477.4,477.4,0,investing
2006-12-11,476.6,481.2,474.6,476.2,476.2,0,investing
2006-12-12,476.1,478.4,469.3,472.8,472.8,0,investing
2006-12-13,474.5,475.6,466.1,467.0,467.0,0,investing
2006-12-14,467.7,477.8,467.6,475.7,475.7,0,investing
2006-12-15,477.2,479.9,474.2,475.8,475.8,0,investing
2006-12-18,477.0,483.1,474.0,476.4,476.4,0,investing
2006-12-19,474.1,474.1,466.9,469.7,469.7,0,investing
2006-12-20,470.9,477.4,470.8,472.9,472.9,0,investing
2006-12-21,473.5,474.0,464.4,466.5,466.5,0,investing
2006-12-22,467.0,469.1,463.6,463.7,463.7,0,investing
2006-12-26,463.7,469.1,463.5,467.5,467.5,0,investing
2006-12-27,469.7,472.2,468.9,470.0,470.0,0,investing
2006-12-28,469.1,471.7,468.4,469.0,469.0,0,investing
2006-12-29,468.6,473.3,467.6,467.9,467.9,0,investing
2007-01-03,469.9,477.2,459.7,465.1,465.1,0,investing
2007-01-04,465.7,475.8,462.9,474.4,474.4,0,investing
2007-01-05,471.9,471.9,465.1,469.1,469.1,0,investing
2007-01-08,470.0,477.0,468.8,471.9,471.9,0,investing
2007-01-09,473.2,477.8,470.3,475.4,475.4,0,investing
2007-01-10,473.6,484.8,471.3,483.8,483.8,0,investing
2007-01-11,484.4,488.4,481.5,482.4,482.4,0,investing
2007-01-12,479.6,483.5,477.7,482.5,482.5,0,investing
2007-01-16,481.6,482.2,474.5,476.5,476.5,0,investing
2007-01-17,473.2,476.9,470.9,472.6,472.6,0,investing
2007-01-18,469.5,469.5,453.3,454.4,454.4,0,investing
2007-01-19,453.4,461.0,451.8,456.8,456.8,0,investing
2007-01-22,457.2,458.1,449.3,452.2,452.2,0,investing
2007-01-23,452.9,458.2,452.3,452.8,452.8,0,investing
2007-01-24,454.1,459.4,452.4,458.7,458.7,0,investing
2007-01-25,458.9,468.6,455.5,456.1,456.1,0,investing
2007-01-26,457.2,465.0,453.7,462.8,462.8,0,investing
2007-01-29,461.3,465.1,459.4,460.2,460.2,0,investing
2007-01-30,461.3,463.1,458.0,460.5,460.5,0,investing
2007-01-31,457.0,460.2,450.9,458.9,458.9,0,investing
2007-02-01,460.1,464.9,457.9,462.6,462.6,0,investing
2007-02-02,462.7,467.8,462.4,466.5,466.5,0,investing
2007-02-05,466.8,471.5,465.3,467.1,467.1,0,investing
2007-02-06,467.3,467.3,459.4,464.6,464.6,0,investing
2007-02-07,467.5,475.6,467.5,472.0,472.0,0,investing
2007-02-08,470.6,471.9,467.6,469.7,469.7,0,investing
2007-02-09,471.8,476.1,462.0,463.2,463.2,0,investing
2007-02-12,463.0,463.4,457.5,458.6,458.6,0,investing
2007-02-13,459.4,462.2,457.7,460.6,460.6,0,investing
2007-02-14,462.7,472.1,462.6,470.5,470.5,0,investing
2007-02-15,471.2,475.1,470.1,473.9,473.9,0,investing
2007-02-16,473.5,474.1,471.4,473.1,473.1,0,investing
2007-02-20,471.2,475.1,467.0,474.4,474.4,0,investing
2007-02-21,473.2,473.7,470.2,473.1,473.1,0,investing
2007-02-22,475.1,486.2,475.1,486.2,486.2,0,investing
2007-02-23,486.7,491.7,486.7,488.5,488.5,0,investing
2007-02-26,489.5,492.3,485.3,488.0,488.0,0,investing
2007-02-27,484.7,486.7,471.2,473.0,473.0,0,investing
2007-02-28,473.6,478.3,470.0,473.6,473.6,0,investing
2007-03-01,468.6,474.2,461.5,469.6,469.6,0,investing
2007-03-02,468.7,469.5,461.3,461.3,461.3,0,investing
2007-03-05,459.8,466.7,457.0,457.9,457.9,0,investing
2007-03-06,462.0,466.5,461.6,465.5,465.5,0,investing
2007-03-07,464.8,466.7,461.1,463.4,463.4,0,investing
2007-03-08,468.5,474.9,468.4,471.8,471.8,0,investing
2007-03-09,475.4,479.9,470.9,475.1,475.1,0,investing
2007-03-12,475.3,481.6,474.6,479.3,479.3,0,investing
2007-03-13,477.5,479.8,471.3,471.3,471.3,0,investing
2007-03-14,471.8,473.9,465.4,473.7,473.7,0,investing
2007-03-15,474.1,474.7,471.8,474.3,474.3,0,investing
2007-03-16,474.0,475.5,469.2,472.0,472.0,0,investing
2007-03-19,473.2,475.2,467.6,469.2,469.2,0,investing
2007-03-20,469.7,475.6,468.3,473.7,473.7,0,investing
2007-03-21,476.0,484.4,472.6,482.4,482.4,0,investing
2007-03-22,483.1,483.4,474.6,476.3,476.3,0,investing
2007-03-23,476.9,482.8,476.9,479.3,479.3,0,investing
2007-03-26,479.3,481.2,472.8,478.8,478.8,0,investing
2007-03-27,477.9,480.2,475.5,475.5,475.5,0,investing
2007-03-28,474.7,474.7,468.9,469.1,469.1,0,investing
2007-03-29,471.2,473.2,460.1,464.7,464.7,0,investing
2007-03-30,465.6,468.5,462.9,465.6,465.6,0,investing
2007-04-02,466.1,467.6,461.3,465.4,465.4,0,investing
2007-04-03,465.7,471.5,465.3,468.6,468.6,0,investing
2007-04-04,469.1,473.8,469.1,473.0,473.0,0,investing
2007-04-05,472.9,476.5,472.7,475.6,475.6,0,investing
2007-04-09,475.5,477.8,471.2,472.8,472.8,0,investing
2007-04-10,472.7,476.8,471.4,476.6,476.6,0,investing
2007-04-11,476.2,476.3,470.4,471.3,471.3,0,investing
2007-04-12,471.1,476.5,469.4,475.9,475.9,0,investing
2007-04-13,475.2,475.5,468.9,472.4,472.4,0,investing
2007-04-16,472.5,474.1,469.8,474.0,474.0,0,investing
2007-04-17,473.9,474.0,469.4,471.5,471.5,0,investing
2007-04-18,471.4,487.3,471.4,483.4,483.4,0,investing
2007-04-19,482.9,489.8,478.5,486.4,486.4,0,investing
2007-04-20,486.9,492.5,483.8,487.3,487.3,0,investing
2007-04-23,487.3,487.4,483.6,484.1,484.1,0,investing
2007-04-24,484.4,501.6,484.4,499.0,499.0,0,investing
2007-04-25,498.8,503.4,496.1,502.8,502.8,0,investing
2007-04-26,502.8,506.9,500.3,506.5,506.5,0,investing
2007-04-27,506.1,506.1,497.1,498.7,498.7,0,investing
2007-04-30,498.9,499.5,492.9,492.9,492.9,0,investing
2007-05-01,493.0,495.3,488.3,494.1,494.1,0,investing
2007-05-02,494.1,500.6,493.7,498.4,498.4,0,investing
2007-05-03,498.3,502.6,497.8,500.4,500.4,0,investing
2007-05-04,501.1,506.4,500.5,505.6,505.6,0,investing
2007-05-07,505.5,506.7,503.6,503.9,503.9,0,investing
2007-05-08,503.8,503.8,497.0,501.1,501.1,0,investing
2007-05-09,501.0,510.3,498.9,509.6,509.6,0,investing
2007-05-10,509.6,509.6,497.2,498.9,498.9,0,investing
2007-05-11,498.8,505.4,498.7,504.9,504.9,0,investing
2007-05-14,504.9,508.7,501.3,504.1,504.1,0,investing
2007-05-15,504.1,505.3,497.0,498.1,498.1,0,investing
2007-05-16,498.2,498.3,492.1,497.5,497.5,0,investing
2007-05-17,497.5,497.6,490.6,492.3,492.3,0,investing
2007-05-18,492.3,495.1,487.2,491.7,491.7,0,investing
2007-05-21,491.5,497.7,489.3,490.9,490.9,0,investing
2007-05-22,491.1,496.1,487.7,493.0,493.0,0,investing
2007-05-23,493.0,493.1,486.4,486.6,486.6,0,investing
2007-05-24,486.4,488.1,477.2,478.8,478.8,0,investing
2007-05-25,478.9,482.8,478.1,480.6,480.6,0,investing
2007-05-29,480.4,484.6,480.1,483.2,483.2,0,investing
2007-05-30,483.0,483.0,476.9,481.4,481.4,0,investing
2007-05-31,481.4,488.9,481.4,488.3,488.3,0,investing
2007-06-01,488.4,494.8,488.4,490.0,490.0,0,investing
2007-06-04,489.9,493.0,487.5,490.4,490.4,0,investing
2007-06-05,490.1,490.8,482.5,487.2,487.2,0,investing
2007-06-06,487.3,488.4,481.4,481.8,481.8,0,investing
2007-06-07,481.8,484.0,473.6,473.7,473.7,0,investing
2007-06-08,473.3,488.6,473.3,488.4,488.4,0,investing
2007-06-11,488.3,491.2,486.2,486.4,486.4,0,investing
2007-06-12,486.1,488.2,479.9,481.8,481.8,0,investing
2007-06-13,481.8,488.8,481.8,488.7,488.7,0,investing
2007-06-14,488.7,496.3,488.3,494.0,494.0,0,investing
2007-06-15,494.3,502.7,494.3,502.5,502.5,0,investing
2007-06-18,502.4,504.6,500.9,503.2,503.2,0,investing
2007-06-19,502.7,502.7,497.2,500.8,500.8,0,investing
2007-06-20,501.0,504.4,497.5,497.6,497.6,0,investing
2007-06-21,497.7,513.0,497.5,512.5,512.5,0,investing
2007-06-22,512.1,512.1,503.1,504.7,504.7,0,investing
2007-06-25,504.5,505.1,495.7,497.2,497.2,0,investing
2007-06-26,497.4,500.8,492.8,495.9,495.9,0,investing
2007-06-27,495.9,507.2,494.0,506.8,506.8,0,investing
2007-06-28,506.5,506.9,502.0,502.2,502.2,0,investing
2007-06-29,503.2,506.4,498.6,501.2,501.2,0,investing
2007-07-02,501.3,506.1,501.1,505.4,505.4,0,investing
2007-07-03,505.4,507.2,504.0,505.5,505.5,0,investing
2007-07-05,505.6,509.9,504.2,509.4,509.4,0,investing
2007-07-06,509.5,515.1,509.2,514.6,514.6,0,investing
2007-07-09,515.4,522.2,515.0,520.5,520.5,0,investing
2007-07-10,520.5,522.7,515.4,516.5,516.5,0,investing
2007-07-11,516.6,518.6,513.5,516.0,516.0,0,investing
2007-07-12,516.4,531.0,516.4,531.0,531.0,0,investing
2007-07-13,531.0,531.5,528.1,529.9,529.9,0,investing
2007-07-16,529.8,532.9,528.7,530.9,530.9,0,investing
2007-07-17,531.0,549.4,531.0,546.6,546.6,0,investing
2007-07-18,545.4,545.4,533.4,539.3,539.3,0,investing
2007-07-19,539.7,544.7,537.8,543.5,543.5,0,investing
2007-07-20,547.0,547.6,536.1,536.9,536.9,0,investing
2007-07-23,537.1,540.3,533.5,533.9,533.9,0,investing
2007-07-24,533.5,533.5,522.5,523.7,523.7,0,investing
2007-07-25,523.9,529.5,521.0,524.3,524.3,0,investing
2007-07-26,524.3,524.3,505.2,512.6,512.6,0,investing
2007-07-27,512.5,515.2,502.2,502.3,502.3,0,investing
2007-07-30,502.8,513.4,502.8,510.9,510.9,0,investing
2007-07-31,510.9,515.1,498.8,499.1,499.1,0,investing
2007-08-01,499.1,502.4,490.2,500.9,500.9,0,investing
2007-08-02,500.9,502.8,494.8,500.1,500.1,0,investing
2007-08-03,500.0,502.1,487.6,487.6,487.6,0,investing
2007-08-06,487.8,495.2,486.5,495.2,495.2,0,investing
2007-08-07,495.1,498.4,485.7,493.5,493.5,0,investing
2007-08-08,493.5,510.9,493.3,505.5,505.5,0,investing
2007-08-09,504.9,512.0,499.0,502.2,502.2,0,investing
2007-08-10,502.2,509.9,497.0,504.3,504.3,0,investing
2007-08-13,504.2,508.4,501.4,501.7,501.7,0,investing
2007-08-14,501.6,504.2,490.4,490.5,490.5,0,investing
2007-08-15,490.5,490.7,477.8,478.2,478.2,0,investing
2007-08-16,478.1,481.9,465.4,477.7,477.7,0,investing
2007-08-17,479.1,494.6,479.1,487.8,487.8,0,investing
2007-08-20,487.8,494.6,487.2,492.1,492.1,0,investing
2007-08-21,491.9,494.6,489.9,492.0,492.0,0,investing
2007-08-22,492.0,497.1,492.0,496.5,496.5,0,investing
2007-08-23,496.6,497.7,490.3,492.8,492.8,0,investing
2007-08-24,492.8,495.8,489.1,495.7,495.7,0,investing
2007-08-27,495.7,495.7,487.4,487.6,487.6,0,investing
2007-08-28,487.4,487.4,475.9,476.1,476.1,0,investing
2007-08-29,476.4,489.8,476.4,489.3,489.3,0,investing
2007-08-30,489.3,495.2,486.4,490.1,490.1,0,investing
2007-08-31,490.9,498.9,490.9,497.4,497.4,0,investing
2007-09-04,497.3,512.6,497.3,508.4,508.4,0,investing
2007-09-05,508.1,508.1,497.8,502.1,502.1,0,investing
2007-09-06,502.3,507.6,500.0,505.6,505.6,0,investing
2007-09-07,504.8,504.8,489.6,492.9,492.9,0,investing
2007-09-10,493.2,500.3,490.4,495.9,495.9,0,investing
2007-09-11,496.1,503.4,495.5,499.9,499.9,0,investing
2007-09-12,499.4,499.5,489.7,490.2,490.2,0,investing
2007-09-13,490.2,492.2,486.4,488.2,488.2,0,investing
2007-09-14,487.5,488.5,483.9,487.0,487.0,0,investing
2007-09-17,486.9,486.9,482.3,484.3,484.3,0,investing
2007-09-18,484.9,498.8,484.9,498.1,498.1,0,investing
2007-09-19,498.2,504.4,496.1,498.7,498.7,0,investing
2007-09-20,498.6,501.3,496.1,499.1,499.1,0,investing
2007-09-21,499.3,504.3,499.3,501.1,501.1,0,investing
2007-09-24,501.2,502.2,493.4,495.3,495.3,0,investing
2007-09-25,495.0,498.1,491.0,497.2,497.2,0,investing
2007-09-26,497.9,502.7,494.7,495.7,495.7,0,investing
2007-09-27,495.9,501.6,495.9,498.9,498.9,0,investing
2007-09-28,499.0,503.0,498.8,500.1,500.1,0,investing
2007-10-01,500.2,508.3,500.2,506.0,506.0,0,investing
2007-10-02,506.1,508.2,503.1,506.0,506.0,0,investing
2007-10-03,504.6,504.6,491.4,495.2,495.2,0,investing
2007-10-04,495.3,495.4,490.1,494.0,494.0,0,investing
2007-10-05,494.3,501.3,493.1,498.9,498.9,0,investing
2007-10-08,498.8,501.6,495.6,501.1,501.1,0,investing
2007-10-09,501.0,501.0,491.3,496.7,496.7,0,investing
2007-10-10,496.1,496.1,488.9,493.8,493.8,0,investing
2007-10-11,493.5,496.0,479.5,482.6,482.6,0,investing
2007-10-12,482.8,490.5,482.8,487.4,487.4,0,investing
2007-10-15,487.7,491.3,485.0,487.4,487.4,0,investing
2007-10-16,486.8,491.9,485.6,486.9,486.9,0,investing
2007-10-17,487.4,498.7,487.4,495.9,495.9,0,investing
2007-10-18,495.7,497.0,489.2,496.3,496.3,0,investing
2007-10-19,496.3,496.3,474.2,475.0,475.0,0,investing
2007-10-22,474.6,481.7,472.1,479.8,479.8,0,investing
2007-10-23,480.1,480.3,471.8,478.6,478.6,0,investing
2007-10-24,479.6,479.6,452.2,461.8,461.8,0,investing
2007-10-25,461.9,462.8,447.1,452.5,452.5,0,investing
2007-10-26,452.7,456.9,449.0,451.9,451.9,0,investing
2007-10-29,451.8,459.6,451.8,458.6,458.6,0,investing
2007-10-30,458.5,462.1,456.4,459.3,459.3,0,investing
2007-10-31,459.5,464.5,457.1,463.4,463.4,0,investing
2007-11-01,463.3,463.3,454.9,455.2,455.2,0,investing
2007-11-02,455.3,459.2,452.1,457.9,457.9,0,investing
2007-11-05,457.8,457.8,449.1,452.2,452.2,0,investing
2007-11-06,452.8,455.5,449.7,455.4,455.4,0,investing
2007-11-07,455.3,455.3,443.9,444.2,444.2,0,investing
2007-11-08,444.1,445.2,431.6,437.4,437.4,0,investing
2007-11-09,437.3,441.4,432.6,436.3,436.3,0,investing
2007-11-12,437.0,440.1,429.9,430.3,430.3,0,investing
2007-11-13,430.3,440.1,430.3,440.1,440.1,0,investing
2007-11-14,439.9,442.7,431.5,431.7,431.7,0,investing
2007-11-15,431.5,434.6,425.2,428.3,428.3,0,investing
2007-11-16,428.4,430.6,421.5,426.3,426.3,0,investing
2007-11-19,426.2,426.2,417.0,417.6,417.6,0,investing
2007-11-20,417.6,421.8,405.4,413.0,413.0,0,investing
2007-11-21,412.9,415.4,401.9,407.8,407.8,0,investing
2007-11-23,407.9,414.6,407.3,413.5,413.5,0,investing
2007-11-26,413.4,416.0,402.0,402.4,402.4,0,investing
2007-11-27,402.5,411.6,402.5,410.6,410.6,0,investing
2007-11-28,411.0,423.5,411.0,420.2,420.2,0,investing
2007-11-29,420.1,422.4,417.6,420.1,420.1,0,investing
2007-11-30,420.4,424.3,412.4,414.6,414.6,0,investing
2007-12-03,414.6,417.9,414.4,415.0,415.0,0,investing
2007-12-04,414.6,414.8,411.0,411.6,411.6,0,investing
2007-12-05,412.0,424.6,412.0,421.7,421.7,0,investing
2007-12-06,421.8,429.1,421.5,428.9,428.9,0,investing
2007-12-07,428.6,430.9,426.2,429.1,429.1,0,investing
2007-12-10,428.9,433.5,427.9,432.2,432.2,0,investing
2007-12-11,432.2,435.0,422.8,423.3,423.3,0,investing
2007-12-12,423.7,433.2,421.1,425.7,425.7,0,investing
2007-12-13,425.6,427.7,417.4,420.9,420.9,0,investing
2007-12-14,420.6,420.6,413.0,414.1,414.1,0,investing
2007-12-17,414.1,414.1,407.4,407.6,407.6,0,investing
2007-12-18,407.9,410.9,405.1,408.5,408.5,0,investing
2007-12-19,408.4,411.7,406.6,409.0,409.0,0,investing
2007-12-20,409.3,415.1,409.3,414.6,414.6,0,investing
2007-12-21,414.7,419.0,413.8,416.2,416.2,0,investing
2007-12-24,416.2,419.4,415.8,418.4,418.4,0,investing
2007-12-26,418.4,419.2,415.8,418.5,418.5,0,investing
2007-12-27,418.6,419.2,410.4,410.9,410.9,0,investing
2007-12-28,411.1,413.3,408.3,410.0,410.0,0,investing
2007-12-31,409.9,410.0,405.7,408.0,408.0,0,investing
2008-01-02,407.9,409.1,393.4,396.7,396.7,0,investing
2008-01-03,396.4,396.9,389.3,391.3,391.3,0,investing
2008-01-04,390.0,390.1,370.0,372.9,372.9,0,investing
2008-01-07,373.0,375.8,366.3,371.6,371.6,0,investing
2008-01-08,371.1,375.6,361.5,361.7,361.7,0,investing
2008-01-09,361.8,366.1,354.5,362.9,362.9,0,investing
2008-01-10,362.9,365.1,356.4,362.6,362.6,0,investing
2008-01-11,362.2,362.2,352.2,353.9,353.9,0,investing
2008-01-14,354.1,364.9,354.0,364.6,364.6,0,investing
2008-01-15,364.6,364.6,351.6,353.2,353.2,0,investing
2008-01-16,350.4,362.9,344.8,355.5,355.5,0,investing
2008-01-17,355.7,363.6,349.1,349.9,349.9,0,investing
2008-01-18,349.7,361.6,349.7,358.4,358.4,0,investing
2008-01-22,357.1,357.1,341.8,348.0,348.0,0,investing
2008-01-23,346.8,353.5,334.3,352.3,352.3,0,investing
2008-01-24,352.5,362.1,352.0,361.1,361.1,0,investing
2008-01-25,361.5,370.0,354.0,354.5,354.5,0,investing
2008-01-28,354.5,359.8,349.5,359.7,359.7,0,investing
2008-01-29,359.6,362.2,354.0,357.9,357.9,0,investing
2008-01-30,357.7,363.0,355.4,358.8,358.8,0,investing
2008-01-31,358.2,362.2,352.7,359.0,359.0,0,investing
2008-02-01,359.0,380.1,359.0,379.7,379.7,0,investing
2008-02-04,379.6,379.8,370.6,371.5,371.5,0,investing
2008-02-05,371.3,371.3,357.1,357.1,357.1,0,investing
2008-02-06,357.1,359.5,346.1,346.9,346.9,0,investing
2008-02-07,346.9,352.4,336.7,347.6,347.6,0,investing
2008-02-08,347.5,352.3,345.1,349.7,349.7,0,investing
2008-02-11,349.9,358.0,349.1,355.2,355.2,0,investing
2008-02-12,355.1,360.5,351.5,352.8,352.8,0,investing
2008-02-13,352.6,364.4,352.6,363.5,363.5,0,investing
2008-02-14,363.4,363.4,352.7,353.3,353.3,0,investing
2008-02-15,353.2,354.5,345.6,347.6,347.6,0,investing
2008-02-19,347.9,352.4,341.9,343.0,343.0,0,investing
2008-02-20,343.0,354.5,342.3,352.4,352.4,0,investing
2008-02-21,352.3,360.9,350.1,351.4,351.4,0,investing
2008-02-22,351.2,353.5,344.8,351.9,351.9,0,investing
2008-02-25,351.8,359.2,348.6,356.6,356.6,0,investing
2008-02-26,356.5,366.1,355.7,362.9,362.9,0,investing
2008-02-27,362.8,369.3,361.0,367.3,367.3,0,investing
2008-02-28,367.2,367.2,356.1,357.8,357.8,0,investing
2008-02-29,357.7,357.7,347.2,348.1,348.1,0,investing
2008-03-03,348.0,348.5,341.7,345.5,345.5,0,investing
2008-03-04,345.4,349.3,338.0,348.3,348.3,0,investing
2008-03-05,348.3,355.0,348.1,351.8,351.8,0,investing
2008-03-06,351.8,351.9,342.4,342.6,342.6,0,investing
2008-03-07,342.4,351.2,339.5,344.6,344.6,0,investing
2008-03-10,344.5,347.8,339.5,339.7,339.7,0,investing
2008-03-11,340.1,350.6,340.1,350.5,350.5,0,investing
2008-03-12,350.7,351.6,344.9,345.1,345.1,0,investing
2008-03-13,345.1,352.5,339.4,349.1,349.1,0,investing
2008-03-14,349.3,351.3,336.0,338.6,338.6,0,investing
2008-03-17,338.3,340.4,332.1,337.1,337.1,0,investing
2008-03-18,337.6,350.0,337.6,350.0,350.0,0,investing
2008-03-19,349.8,350.2,334.9,334.9,334.9,0,investing
2008-03-20,334.9,340.4,332.6,339.9,339.9,0,investing
2008-03-24,339.9,355.6,339.7,352.5,352.5,0,investing
2008-03-25,352.6,356.6,350.4,352.7,352.7,0,investing
2008-03-26,352.2,352.2,343.7,347.7,347.7,0,investing
2008-03-27,347.9,350.0,342.7,342.7,342.7,0,investing
2008-03-28,342.9,348.0,338.8,339.3,339.3,0,investing
2008-03-31,339.3,345.3,339.3,343.9,343.9,0,investing
2008-04-01,344.2,359.1,344.2,358.5,358.5,0,investing
2008-04-02,358.4,365.9,357.9,361.2,361.2,0,investing
2008-04-03,361.1,372.9,358.3,370.5,370.5,0,investing
2008-04-04,370.8,372.7,363.5,369.1,369.1,0,investing
2008-04-07,369.1,375.8,367.9,369.6,369.6,0,investing
2008-04-08,369.0,369.0,357.9,359.3,359.3,0,investing
2008-04-09,359.3,365.7,359.2,364.8,364.8,0,investing
2008-04-10,364.8,374.6,363.2,371.4,371.4,0,investing
2008-04-11,370.4,370.4,357.7,358.7,358.7,0,investing
2008-04-14,359.1,359.1,351.9,352.6,352.6,0,investing
2008-04-15,352.6,352.9,344.9,351.8,351.8,0,investing
2008-04-16,352.1,372.6,352.1,371.0,371.0,0,investing
2008-04-17,371.8,373.8,362.4,368.3,368.3,0,investing
2008-04-18,368.4,379.9,368.4,377.3,377.3,0,investing
2008-04-21,377.0,383.4,375.8,383.1,383.1,0,investing
2008-04-22,382.8,382.8,367.5,370.6,370.6,0,investing
2008-04-23,373.6,388.6,373.6,385.8,385.8,0,investing
2008-04-24,385.8,394.9,381.4,391.4,391.4,0,investing
2008-04-25,391.5,392.9,383.2,391.2,391.2,0,investing
2008-04-28,391.1,392.1,387.3,390.3,390.3,0,investing
2008-04-29,390.3,393.8,388.4,391.0,391.0,0,investing
2008-04-30,391.3,392.7,383.0,385.2,385.2,0,investing
2008-05-01,385.1,401.7,384.5,400.3,400.3,0,investing
2008-05-02,400.3,405.1,393.6,399.9,399.9,0,investing
2008-05-05,399.7,401.6,393.6,396.9,396.9,0,investing
2008-05-06,396.7,404.0,393.0,403.0,403.0,0,investing
2008-05-07,402.7,407.5,396.4,397.5,397.5,0,investing
2008-05-08,397.4,402.9,394.4,399.8,399.8,0,investing
2008-05-09,399.5,401.4,393.2,398.5,398.5,0,investing
2008-05-12,398.5,403.5,396.2,403.1,403.1,0,investing
2008-05-13,403.1,407.6,402.9,406.3,406.3,0,investing
2008-05-14,406.1,418.1,406.1,411.3,411.3,0,investing
2008-05-15,411.1,420.4,410.2,419.7,419.7,0,investing
2008-05-16,419.9,421.7,412.5,421.7,421.7,0,investing
2008-05-19,421.6,429.4,416.5,418.4,418.4,0,investing
2008-05-20,418.1,418.1,404.1,406.6,406.6,0,investing
2008-05-21,406.8,409.0,400.0,401.6,401.6,0,investing
2008-05-22,401.7,408.2,401.7,404.5,404.5,0,investing
2008-05-23,404.1,404.1,395.1,400.4,400.4,0,investing
2008-05-27,400.3,407.8,400.2,407.2,407.2,0,investing
2008-05-28,407.5,410.1,404.2,408.5,408.5,0,investing
2008-05-29,408.5,409.4,405.6,406.8,406.8,0,investing
2008-05-30,407.1,418.0,407.1,415.2,415.2,0,investing
2008-06-02,415.3,415.6,405.1,409.3,409.3,0,investing
2008-06-03,409.4,413.5,403.7,407.8,407.8,0,investing
2008-06-04,407.7,417.0,406.2,413.2,413.2,0,investing
2008-06-05,413.3,420.0,412.4,417.5,417.5,0,investing
2008-06-06,417.4,418.4,405.4,405.5,405.5,0,investing
2008-06-09,405.5,408.2,394.1,402.1,402.1,0,investing
2008-06-10,401.8,401.8,392.5,395.3,395.3,0,investing
2008-06-11,395.2,395.2,381.6,381.7,381.7,0,investing
2008-06-12,381.6,390.9,381.1,383.6,383.6,0,investing
2008-06-13,383.6,395.4,383.6,393.8,393.8,0,investing
2008-06-16,393.8,402.2,392.0,399.7,399.7,0,investing
2008-06-17,399.6,402.0,393.6,393.6,393.6,0,investing
2008-06-18,393.0,393.1,382.8,384.5,384.5,0,investing
2008-06-19,384.4,397.4,381.3,394.3,394.3,0,investing
2008-06-20,392.9,392.9,381.4,383.1,383.1,0,investing
2008-06-23,383.5,388.1,377.9,378.7,378.7,0,investing
2008-06-24,378.6,386.9,376.1,380.3,380.3,0,investing
2008-06-25,380.5,392.9,380.5,387.4,387.4,0,investing
2008-06-26,387.1,387.1,368.3,370.0,370.0,0,investing
2008-06-27,369.9,371.8,362.6,369.1,369.1,0,investing
2008-06-30,368.9,375.2,367.0,368.2,368.2,0,investing
2008-07-01,367.8,367.8,356.5,366.0,366.0,0,investing
2008-07-02,366.1,369.8,356.9,358.0,358.0,0,investing
2008-07-03,358.1,359.1,348.5,354.6,354.6,0,investing
2008-07-07,355.3,365.3,351.5,356.8,356.8,0,investing
2008-07-08,356.9,360.0,351.5,360.0,360.0,0,investing
2008-07-09,359.9,359.9,344.3,344.5,344.5,0,investing
2008-07-10,344.2,350.3,341.0,349.2,349.2,0,investing
2008-07-11,348.7,351.0,337.9,345.7,345.7,0,investing
2008-07-14,346.0,350.6,339.5,343.0,343.0,0,investing
2008-07-15,342.8,354.0,338.4,347.4,347.4,0,investing
2008-07-16,347.4,360.7,346.4,360.1,360.1,0,investing
2008-07-17,360.7,370.0,357.3,368.4,368.4,0,investing
2008-07-18,367.9,368.1,358.7,365.9,365.9,0,investing
2008-07-21,366.0,369.4,360.4,361.9,361.9,0,investing
2008-07-22,361.7,361.7,340.6,345.4,345.4,0,investing
2008-07-23,345.5,354.2,343.8,350.4,350.4,0,investing
2008-07-24,350.1,350.1,334.8,335.6,335.6,0,investing
2008-07-25,335.6,338.9,332.7,337.6,337.6,0,investing
2008-07-28,336.8,337.7,330.2,331.3,331.3,0,investing
2008-07-29,331.2,339.8,331.2,339.1,339.1,0,investing
2008-07-30,339.4,345.7,337.7,341.9,341.9,0,investing
2008-07-31,341.5,348.1,338.3,340.9,340.9,0,investing
2008-08-01,340.9,343.6,333.4,338.2,338.2,0,investing
2008-08-04,338.0,342.9,337.4,339.7,339.7,0,investing
2008-08-05,339.6,350.3,339.6,350.3,350.3,0,investing
2008-08-06,350.2,356.0,344.4,354.2,354.2,0,investing
2008-08-07,354.1,366.8,350.6,359.6,359.6,0,investing
2008-08-08,359.5,368.3,357.0,367.2,367.2,0,investing
2008-08-11,367.6,379.3,366.6,374.1,374.1,0,investing
2008-08-12,374.1,377.6,372.8,375.3,375.3,0,investing
2008-08-13,375.1,378.5,368.9,373.1,373.1,0,investing
2008-08-14,372.9,378.4,369.3,377.1,377.1,0,investing
2008-08-15,377.2,378.6,372.7,376.4,376.4,0,investing
2008-08-18,376.4,378.0,365.9,369.9,369.9,0,investing
2008-08-19,369.6,369.8,359.9,361.6,361.6,0,investing
2008-08-20,361.6,367.7,360.4,362.7,362.7,0,investing
2008-08-21,362.7,362.9,358.3,361.4,361.4,0,investing
2008-08-22,361.6,367.2,361.6,366.2,366.2,0,investing
2008-08-25,366.0,366.4,360.2,360.5,360.5,0,investing
2008-08-26,360.6,360.6,354.5,357.0,357.0,0,investing
2008-08-27,356.9,361.9,355.6,358.8,358.8,0,investing
2008-08-28,358.9,363.6,358.9,362.8,362.8,0,investing
2008-08-29,361.9,361.9,350.6,352.8,352.8,0,investing
2008-09-02,353.2,361.9,348.2,350.4,350.4,0,investing
2008-09-03,350.2,350.2,334.0,335.5,335.5,0,investing
2008-09-04,335.5,335.5,323.1,324.1,324.1,0,investing
2008-09-05,324.1,333.4,322.2,331.3,331.3,0,investing
2008-09-08,331.4,337.0,324.5,330.8,330.8,0,investing
2008-09-09,331.0,331.2,318.1,319.3,319.3,0,investing
2008-09-10,319.9,325.5,319.9,321.9,321.9,0,investing
2008-09-11,321.8,325.2,314.8,323.9,323.9,0,investing
2008-09-12,323.8,323.8,315.5,322.1,322.1,0,investing
2008-09-15,321.8,321.8,311.8,311.8,311.8,0,investing
2008-09-16,311.7,320.0,305.5,316.4,316.4,0,investing
2008-09-17,315.8,324.5,312.1,312.1,312.1,0,investing
2008-09-18,312.9,331.9,309.7,327.7,327.7,0,investing
2008-09-19,328.2,344.5,328.2,333.9,333.9,0,investing
2008-09-22,333.9,333.9,318.5,318.5,318.5,0,investing
2008-09-23,318.2,323.1,310.8,312.7,312.7,0,investing
2008-09-24,312.8,319.5,312.8,315.9,315.9,0,investing
2008-09-25,315.9,323.4,314.9,319.9,319.9,0,investing
2008-09-26,319.5,322.3,312.0,321.6,321.6,0,investing
2008-09-29,321.4,321.4,293.3,293.3,293.3,0,investing
2008-09-30,293.6,306.9,293.6,306.9,306.9,0,investing
2008-10-01,306.6,306.7,298.9,303.2,303.2,0,investing
2008-10-02,303.0,303.0,288.0,288.6,288.6,0,investing
2008-10-03,288.7,298.7,283.7,284.7,284.7,0,investing
2008-10-06,284.5,284.5,261.9,274.8,274.8,0,investing
2008-10-07,275.1,280.6,258.0,258.0,258.0,0,investing
2008-10-08,257.8,270.7,253.2,256.2,256.2,0,investing
2008-10-09,256.6,266.1,246.8,248.4,248.4,0,investing
2008-10-10,247.9,256.3,231.9,246.1,246.1,0,investing
2008-10-13,247.2,270.5,247.2,269.9,269.9,0,investing
2008-10-14,270.2,276.2,254.1,256.4,256.4,0,investing
2008-10-15,256.3,256.3,233.6,233.6,233.6,0,investing
2008-10-16,233.6,244.2,223.8,243.9,243.9,0,investing
2008-10-17,243.7,249.4,237.3,239.1,239.1,0,investing
2008-10-20,239.3,243.9,238.3,243.9,243.9,0,investing
2008-10-21,243.5,243.5,233.3,234.1,234.1,0,investing
2008-10-22,233.9,234.7,215.2,219.7,219.7,0,investing
2008-10-23,219.8,222.9,207.9,216.7,216.7,0,investing
2008-10-24,216.7,219.4,202.4,212.3,212.3,0,investing
2008-10-27,212.2,220.8,206.9,212.6,212.6,0,investing
2008-10-28,212.9,232.5,212.5,232.4,232.4,0,investing
2008-10-29,232.3,232.7,223.7,225.9,225.9,0,investing
2008-10-30,226.2,236.6,226.2,235.1,235.1,0,investing
2008-10-31,234.8,243.6,231.8,239.5,239.5,0,investing
2008-11-03,239.9,242.1,235.6,237.1,237.1,0,investing
2008-11-04,243.4,247.8,240.3,247.7,247.7,0,investing
2008-11-05,244.5,246.6,235.9,236.2,236.2,0,investing
2008-11-06,231.7,234.7,218.2,219.4,219.4,0,investing
2008-11-07,221.3,224.4,218.7,223.2,223.2,0,investing
2008-11-10,226.3,226.6,212.9,214.5,214.5,0,investing
2008-11-11,213.2,216.3,207.9,211.4,211.4,0,investing
2008-11-12,209.1,210.9,200.8,200.8,200.8,0,investing
2008-11-13,201.1,215.2,191.8,215.2,215.2,0,investing
2008-11-14,210.9,211.0,198.3,201.4,201.4,0,investing
2008-11-17,198.8,202.3,195.6,195.7,195.7,0,investing
2008-11-18,195.7,198.3,185.9,191.9,191.9,0,investing
2008-11-19,191.7,192.9,177.1,177.1,177.1,0,investing
2008-11-20,175.5,185.2,170.7,171.3,171.3,0,investing
2008-11-21,174.3,180.2,167.6,180.2,180.2,0,investing
2008-11-24,181.5,192.7,179.8,191.2,191.2,0,investing
2008-11-25,193.3,194.0,183.0,187.0,187.0,0,investing
2008-11-26,185.2,201.3,184.8,201.3,201.3,0,investing
2008-11-28,199.7,200.7,195.9,198.2,198.2,0,investing
2008-12-01,192.9,192.9,183.2,183.2,183.2,0,investing
2008-12-02,185.4,187.5,180.5,185.7,185.7,0,investing
2008-12-03,182.3,198.1,181.4,198.1,198.1,0,investing
2008-12-04,193.1,196.1,184.0,186.6,186.6,0,investing
2008-12-05,183.9,192.9,179.0,192.6,192.6,0,investing
2008-12-08,195.9,198.0,191.9,196.2,196.2,0,investing
2008-12-09,191.9,212.6,191.5,205.7,205.7,0,investing
2008-12-10,207.2,215.6,204.5,208.6,208.6,0,investing
2008-12-11,207.2,212.0,202.1,203.4,203.4,0,investing
2008-12-12,200.1,213.7,198.9,212.9,212.9,0,investing
2008-12-15,213.3,213.4,205.0,209.2,209.2,0,investing
2008-12-16,212.2,221.9,210.5,221.5,221.5,0,investing
2008-12-17,218.2,223.9,214.9,221.2,221.2,0,investing
2008-12-18,219.4,221.1,206.1,208.9,208.9,0,investing
2008-12-19,212.4,216.0,210.3,211.8,211.8,0,investing
2008-12-22,210.4,211.4,202.5,206.7,206.7,0,investing
2008-12-23,207.2,208.2,199.7,200.9,200.9,0,investing
2008-12-24,200.5,203.3,200.5,202.9,202.9,0,investing
2008-12-26,202.8,203.1,200.5,202.0,202.0,0,investing
2008-12-29,202.7,203.0,198.3,201.9,201.9,0,investing
2008-12-30,203.3,211.3,203.2,211.3,211.3,0,investing
2008-12-31,210.5,214.4,209.6,212.2,212.2,0,investing
2009-01-02,212.1,222.8,210.1,221.9,221.9,0,investing
2009-01-05,220.6,226.0,219.4,223.3,223.3,0,investing
2009-01-06,225.6,236.1,225.2,234.6,234.6,0,investing
2009-01-07,228.0,228.7,221.0,223.1,223.1,0,investing
2009-01-08,220.4,222.9,216.7,222.5,222.5,0,investing
2009-01-09,222.1,222.5,213.8,215.3,215.3,0,investing
2009-01-12,214.4,214.7,206.8,209.1,209.1,0,investing
2009-01-13,207.9,215.7,206.4,210.8,210.8,0,investing
2009-01-14,205.5,207.4,200.9,202.0,202.0,0,investing
2009-01-15,203.3,209.5,199.0,207.1,207.1,0,investing
2009-01-16,211.9,216.0,205.6,214.4,214.4,0,investing
2009-01-20,212.4,212.4,199.1,199.1,199.1,0,investing
2009-01-21,202.1,205.4,195.3,205.2,205.2,0,investing
2009-01-22,199.8,204.3,195.0,200.0,200.0,0,investing
2009-01-23,195.6,211.5,195.3,208.3,208.3,0,investing
2009-01-26,208.4,214.5,206.6,209.9,209.9,0,investing
2009-01-27,211.8,219.0,211.8,217.3,217.3,0,investing
2009-01-28,220.8,224.6,218.7,222.6,222.6,0,investing
2009-01-29,218.4,218.5,211.3,212.3,212.3,0,investing
2009-01-30,213.0,216.0,206.7,208.3,208.3,0,investing
2009-02-02,205.5,212.4,202.9,210.5,210.5,0,investing
2009-02-03,208.0,211.3,204.3,210.8,210.8,0,investing
2009-02-04,210.6,220.1,209.0,212.8,212.8,0,investing
2009-02-05,210.0,223.4,209.1,221.3,221.3,0,investing
2009-02-06,220.9,230.7,220.9,229.2,229.2,0,investing
2009-02-09,228.5,229.8,225.5,227.8,227.8,0,investing
2009-02-10,226.5,231.3,216.3,217.3,217.3,0,investing
2009-02-11,218.8,218.9,210.9,215.1,215.1,0,investing
2009-02-12,212.7,219.1,209.6,217.9,217.9,0,investing
2009-02-13,218.2,223.7,217.4,220.6,220.6,0,investing
2009-02-17,214.1,214.2,205.3,205.9,205.9,0,investing
2009-02-18,207.7,211.5,203.1,206.9,206.9,0,investing
2009-02-19,208.0,208.8,195.7,196.1,196.1,0,investing
2009-02-20,194.2,200.0,192.3,197.3,197.3,0,investing
2009-02-23,198.5,198.7,188.6,189.1,189.1,0,investing
2009-02-24,192.3,200.3,191.2,199.1,199.1,0,investing
2009-02-25,197.7,210.1,195.9,205.1,205.1,0,investing
2009-02-26,206.3,213.0,200.9,201.5,201.5,0,investing
2009-02-27,199.9,203.8,197.8,199.0,199.0,0,investing
2009-03-02,196.9,199.4,188.5,189.0,189.0,0,investing
2009-03-03,192.6,195.3,188.2,191.5,191.5,0,investing
2009-03-04,194.4,203.1,194.3,200.3,200.3,0,investing
2009-03-05,197.6,204.0,196.8,197.2,197.2,0,investing
2009-03-06,199.9,203.0,190.2,195.0,195.0,0,investing
2009-03-09,194.0,201.1,189.9,190.5,190.5,0,investing
2009-03-10,193.2,205.9,193.1,205.8,205.8,0,investing
2009-03-11,207.3,211.5,205.7,210.0,210.0,0,investing
2009-03-12,209.7,218.2,207.5,217.4,217.4,0,investing
2009-03-13,217.2,220.4,214.3,220.1,220.1,0,investing
2009-03-16,220.5,221.1,211.3,212.2,212.2,0,investing
2009-03-17,212.7,220.9,210.2,220.9,220.9,0,investing
2009-03-18,219.7,230.7,218.9,228.5,228.5,0,investing
2009-03-19,230.6,231.5,224.7,226.6,226.6,0,investing
2009-03-20,227.0,230.0,216.1,218.7,218.7,0,investing
2009-03-23,222.6,234.4,222.6,234.4,234.4,0,investing
2009-03-24,231.7,233.0,226.6,228.4,228.4,0,investing
2009-03-25,230.6,240.0,225.6,231.5,231.5,0,investing
2009-03-26,234.4,245.2,234.4,245.2,245.2,0,investing
2009-03-27,242.4,245.2,238.7,240.1,240.1,0,investing
2009-03-30,236.6,236.6,227.1,229.4,229.4,0,investing
2009-03-31,231.2,235.3,229.5,230.9,230.9,0,investing
2009-04-01,228.1,234.6,225.4,233.9,233.9,0,investing
2009-04-02,237.6,247.8,237.6,243.9,243.9,0,investing
2009-04-03,244.0,251.0,240.7,251.0,251.0,0,investing
2009-04-06,247.4,247.5,240.5,245.4,245.4,0,investing
2009-04-07,242.2,242.8,234.9,235.9,235.9,0,investing
2009-04-08,237.8,243.8,235.7,242.7,242.7,0,investing
2009-04-09,246.8,256.9,246.8,254.4,254.4,0,investing
2009-04-13,251.6,252.1,244.3,250.6,250.6,0,investing
2009-04-14,248.6,256.4,246.1,250.0,250.0,0,investing
2009-04-15,246.1,246.4,241.5,246.2,246.2,0,investing
2009-04-16,249.7,255.3,246.3,254.5,254.5,0,investing
2009-04-17,253.4,256.1,250.2,254.8,254.8,0,investing
2009-04-20,250.6,250.6,239.8,240.2,240.2,0,investing
2009-04-21,238.4,244.1,234.1,240.7,240.7,0,investing
2009-04-22,239.6,258.2,236.4,251.1,251.1,0,investing
2009-04-23,252.0,252.2,241.1,249.4,249.4,0,investing
2009-04-24,249.2,255.2,244.6,253.7,253.7,0,investing
2009-04-27,250.9,256.2,249.1,250.8,250.8,0,investing
2009-04-28,249.3,250.2,244.3,246.7,246.7,0,investing
2009-04-29,248.4,255.8,246.8,251.6,251.6,0,investing
2009-04-30,253.2,265.2,253.2,258.5,258.5,0,investing
2009-05-01,258.5,260.4,253.0,258.2,258.2,0,investing
2009-05-04,261.1,272.4,261.0,272.3,272.3,0,investing
2009-05-05,270.6,270.7,263.5,268.7,268.7,0,investing
2009-05-06,270.2,272.8,264.1,270.6,270.6,0,investing
2009-05-07,271.6,272.9,250.6,254.6,254.6,0,investing
2009-05-08,255.9,256.5,244.7,249.7,249.7,0,investing
2009-05-11,246.5,253.0,242.0,248.9,248.9,0,investing
2009-05-12,250.1,250.8,238.2,242.5,242.5,0,investing
2009-05-13,240.6,241.9,235.6,236.8,236.8,0,investing
2009-05-14,238.6,246.4,238.2,244.4,244.4,0,investing
2009-05-15,244.1,247.0,240.9,242.3,242.3,0,investing
2009-05-18,244.8,251.5,244.8,251.3,251.3,0,investing
2009-05-19,250.7,260.5,249.0,256.3,256.3,0,investing
2009-05-20,259.1,266.7,256.2,257.0,257.0,0,investing
2009-05-21,254.6,256.1,246.8,250.4,250.4,0,investing
2009-05-22,251.3,253.5,246.8,250.5,250.5,0,investing
2009-05-26,248.6,260.1,248.3,259.8,259.8,0,investing
2009-05-27,261.6,270.0,261.0,263.9,263.9,0,investing
2009-05-28,266.1,269.4,259.2,268.6,268.6,0,investing
2009-05-29,268.8,272.3,264.9,271.3,271.3,0,investing
2009-06-01,274.4,286.9,274.4,285.7,285.7,0,investing
2009-06-02,283.2,284.1,274.2,276.3,276.3,0,investing
2009-06-03,272.2,272.3,267.0,270.2,270.2,0,investing
2009-06-04,270.7,276.5,270.6,276.0,276.0,0,investing
2009-06-05,276.6,278.0,268.7,270.7,270.7,0,investing
2009-06-08,270.2,272.9,265.6,270.6,270.6,0,investing
2009-06-09,274.9,284.8,274.7,282.6,282.6,0,investing
2009-06-10,284.2,285.4,277.3,283.2,283.2,0,investing
2009-06-11,283.0,285.2,278.3,279.7,279.7,0,investing
2009-06-12,279.0,279.0,270.3,274.8,274.8,0,investing
2009-06-15,271.2,272.5,265.0,270.5,270.5,0,investing
2009-06-16,271.8,272.0,263.1,263.7,263.7,0,investing
2009-06-17,264.4,268.7,259.4,266.2,266.2,0,investing
2009-06-18,265.6,266.2,260.0,261.3,261.3,0,investing
2009-06-19,262.9,266.4,262.4,264.5,264.5,0,investing
2009-06-22,263.1,265.4,254.6,254.6,254.6,0,investing
2009-06-23,255.4,255.7,248.9,253.7,253.7,0,investing
2009-06-24,255.7,261.3,254.7,258.1,258.1,0,investing
2009-06-25,256.5,263.5,254.9,263.3,263.3,0,investing
2009-06-26,261.9,266.9,261.2,263.1,263.1,0,investing
2009-06-29,263.1,265.5,260.8,262.9,262.9,0,investing
2009-06-30,263.1,267.4,260.1,263.1,263.1,0,investing
2009-07-01,263.8,271.4,263.7,267.0,267.0,0,investing
2009-07-02,264.2,265.8,262.0,263.8,263.8,0,investing
2009-07-06,263.3,265.9,256.5,260.2,260.2,0,investing
2009-07-07,261.6,264.2,252.4,252.7,252.7,0,investing
2009-07-08,253.7,254.1,247.2,250.9,250.9,0,investing
2009-07-09,254.6,260.7,254.4,257.9,257.9,0,investing
2009-07-10,256.9,262.1,255.2,259.0,259.0,0,investing
2009-07-13,260.3,265.5,254.8,265.3,265.3,0,investing
2009-07-14,265.8,270.6,265.6,269.6,269.6,0,investing
2009-07-15,277.8,282.2,277.8,281.6,281.6,0,investing
2009-07-16,280.1,287.8,278.6,287.0,287.0,0,investing
2009-07-17,286.5,290.7,283.1,290.5,290.5,0,investing
2009-07-20,291.8,294.6,290.3,294.1,294.1,0,investing
2009-07-21,293.4,294.0,286.4,294.0,294.0,0,investing
2009-07-22,294.6,302.5,293.2,301.8,301.8,0,investing
2009-07-23,298.2,305.1,296.0,304.7,304.7,0,investing
2009-07-24,299.4,301.2,292.3,300.9,300.9,0,investing
2009-07-27,300.4,302.9,296.6,302.6,302.6,0,investing
2009-07-28,301.5,304.8,298.4,303.2,303.2,0,investing
2009-07-29,302.0,302.0,296.9,300.6,300.6,0,investing
2009-07-30,304.1,309.2,300.5,301.1,301.1,0,investing
2009-07-31,301.5,304.4,299.0,301.7,301.7,0,investing
2009-08-03,304.0,308.2,302.6,307.0,307.0,0,investing
2009-08-04,304.9,308.8,303.8,307.2,307.2,0,investing
2009-08-05,306.7,308.6,301.4,303.9,303.9,0,investing
2009-08-06,303.8,307.6,298.1,299.8,299.8,0,investing
2009-08-07,302.6,303.8,296.1,298.5,298.5,0,investing
2009-08-10,298.1,299.5,293.2,294.9,294.9,0,investing
2009-08-11,294.3,296.5,289.8,290.7,290.7,0,investing
2009-08-12,291.4,298.3,291.3,295.9,295.9,0,investing
2009-08-13,297.6,302.5,293.6,302.4,302.4,0,investing
2009-08-14,300.9,300.9,292.5,294.6,294.6,0,investing
2009-08-17,291.0,291.1,285.2,285.9,285.9,0,investing
2009-08-18,286.9,292.3,286.9,291.7,291.7,0,investing
2009-08-19,288.9,294.6,286.9,293.4,293.4,0,investing
2009-08-20,293.1,296.9,293.0,296.4,296.4,0,investing
2009-08-21,296.8,301.4,294.5,301.3,301.3,0,investing
2009-08-24,301.8,305.7,297.8,298.9,298.9,0,investing
2009-08-25,300.1,302.9,297.6,300.5,300.5,0,investing
2009-08-26,301.2,303.8,300.0,303.0,303.0,0,investing
2009-08-27,302.6,303.9,297.5,303.8,303.8,0,investing
2009-08-28,310.2,316.3,308.2,311.2,311.2,0,investing
2009-08-31,309.3,309.3,304.2,306.2,306.2,0,investing
2009-09-01,305.5,313.2,297.9,298.6,298.6,0,investing
2009-09-02,297.9,301.1,295.8,297.4,297.4,0,investing
2009-09-03,298.3,301.9,296.0,301.6,301.6,0,investing
2009-09-04,303.5,309.8,302.4,309.7,309.7,0,investing
2009-09-08,313.5,316.9,310.4,316.7,316.7,0,investing
2009-09-09,316.7,320.8,313.9,320.1,320.1,0,investing
2009-09-10,319.6,326.0,318.9,325.8,325.8,0,investing
2009-09-11,325.2,326.3,318.9,321.2,321.2,0,investing
2009-09-14,319.7,323.1,319.0,322.7,322.7,0,investing
2009-09-15,323.5,326.7,322.4,325.5,325.5,0,investing
2009-09-16,326.6,327.4,323.4,326.8,326.8,0,investing
2009-09-17,326.1,327.3,319.4,321.3,321.3,0,investing
2009-09-18,323.8,328.0,322.0,326.5,326.5,0,investing
2009-09-21,325.9,328.2,323.7,326.4,326.4,0,investing
2009-09-22,328.0,331.4,326.0,329.3,329.3,0,investing
2009-09-23,333.0,337.0,330.8,331.1,331.1,0,investing
2009-09-24,333.2,333.2,320.2,323.0,323.0,0,investing
2009-09-25,321.7,324.8,318.5,321.1,321.1,0,investing
2009-09-28,323.0,330.2,322.2,327.7,327.7,0,investing
2009-09-29,328.7,330.8,322.7,323.0,323.0,0,investing
2009-09-30,324.1,329.4,319.3,325.8,325.8,0,investing
2009-10-01,326.6,327.0,309.9,310.0,310.0,0,investing
2009-10-02,307.6,312.8,305.7,306.6,306.6,0,investing
2009-10-05,308.4,314.3,306.5,313.1,313.1,0,investing
2009-10-06,315.2,321.4,315.2,319.6,319.6,0,investing
2009-10-07,318.9,319.6,315.5,317.6,317.6,0,investing
2009-10-08,318.5,319.2,312.5,316.1,316.1,0,investing
2009-10-09,316.5,326.9,316.3,326.4,326.4,0,investing
2009-10-12,328.4,334.1,328.3,331.0,331.0,0,investing
2009-10-13,331.3,333.0,328.3,330.0,330.0,0,investing
2009-10-14,335.8,337.2,330.4,334.5,334.5,0,investing
2009-10-15,333.2,333.2,327.8,329.8,329.8,0,investing
2009-10-16,328.0,328.0,318.6,322.8,322.8,0,investing
2009-10-19,324.1,328.6,321.3,327.6,327.6,0,investing
2009-10-20,328.3,331.7,325.7,326.9,326.9,0,investing
2009-10-21,327.6,331.6,321.6,322.7,322.7,0,investing
2009-10-22,323.1,327.9,317.5,326.8,326.8,0,investing
2009-10-23,325.2,325.2,315.5,316.4,316.4,0,investing
2009-10-26,316.8,323.8,314.7,317.4,317.4,0,investing
2009-10-27,318.1,321.3,308.7,309.4,309.4,0,investing
2009-10-28,307.6,311.1,300.0,300.8,300.8,0,investing
2009-10-29,302.9,308.4,302.9,307.3,307.3,0,investing
2009-10-30,306.6,307.1,295.3,296.6,296.6,0,investing
2009-11-02,297.1,300.7,292.8,297.4,297.4,0,investing
2009-11-03,291.6,294.0,288.1,293.5,293.5,0,investing
2009-11-04,295.6,300.7,294.7,295.3,295.3,0,investing
2009-11-05,298.4,304.6,297.7,303.0,303.0,0,investing
2009-11-06,300.7,305.8,299.7,301.8,301.8,0,investing
2009-11-09,304.2,311.6,304.1,311.3,311.3,0,investing
2009-11-10,310.9,314.5,308.5,311.5,311.5,0,investing
2009-11-11,313.5,319.4,313.3,315.8,315.8,0,investing
2009-11-12,316.9,320.3,313.5,314.0,314.0,0,investing
2009-11-13,314.5,318.9,312.8,317.5,317.5,0,investing
2009-11-16,319.0,325.2,318.9,323.8,323.8,0,investing
2009-11-17,322.8,324.7,320.2,324.3,324.3,0,investing
2009-11-18,323.9,324.1,320.1,321.5,321.5,0,investing
2009-11-19,316.8,316.8,307.5,310.5,310.5,0,investing
2009-11-20,307.9,308.6,305.6,308.0,308.0,0,investing
2009-11-23,310.6,315.1,310.6,311.5,311.5,0,investing
2009-11-24,311.6,313.7,309.7,312.5,312.5,0,investing
2009-11-25,313.0,315.4,312.6,315.1,315.1,0,investing
2009-11-27,306.6,312.2,304.5,309.8,309.8,0,investing
2009-11-30,309.4,311.4,305.9,310.1,310.1,0,investing
2009-12-01,313.8,320.6,313.8,319.5,319.5,0,investing
2009-12-02,319.8,326.2,319.8,324.7,324.7,0,investing
2009-12-03,325.4,331.8,325.2,328.4,328.4,0,investing
2009-12-04,333.6,338.5,328.4,335.2,335.2,0,investing
2009-12-07,334.5,339.6,334.5,336.7,336.7,0,investing
2009-12-08,335.0,338.8,332.2,337.0,337.0,0,investing
2009-12-09,336.3,339.3,333.7,339.1,339.1,0,investing
2009-12-10,340.3,342.1,338.3,338.6,338.6,0,investing
2009-12-11,339.2,340.1,333.9,335.2,335.2,0,investing
2009-12-14,337.9,340.6,336.3,340.3,340.3,0,investing
2009-12-15,339.4,343.0,337.9,339.0,339.0,0,investing
2009-12-16,340.4,347.5,340.4,344.9,344.9,0,investing
2009-12-17,342.8,344.6,338.9,339.8,339.8,0,investing
2009-12-18,341.1,345.1,339.8,344.8,344.8,0,investing
2009-12-21,346.9,352.8,346.9,352.6,352.6,0,investing
2009-12-22,353.3,356.2,353.3,354.7,354.7,0,investing
2009-12-23,356.2,357.8,354.4,355.4,355.4,0,investing
2009-12-24,357.0,361.1,356.8,361.1,361.1,0,investing
2009-12-28,361.9,363.1,355.6,357.6,357.6,0,investing
2009-12-29,357.9,358.3,354.1,356.2,356.2,0,investing
2009-12-30,355.9,361.4,355.6,361.4,361.4,0,investing
2009-12-31,361.7,364.3,359.9,359.9,359.9,0,investing
2010-01-04,364.0,368.3,364.0,366.1,366.1,0,investing
2010-01-05,366.7,369.1,363.8,366.4,366.4,0,investing
2010-01-06,366.4,369.4,365.1,366.3,366.3,0,investing
2010-01-07,364.8,365.3,360.1,362.3,362.3,0,investing
2010-01-08,361.8,368.0,361.5,367.7,367.7,0,investing
2010-01-11,369.9,370.9,363.3,366.6,366.6,0,investing
2010-01-12,363.4,363.6,350.7,353.4,353.4,0,investing
2010-01-13,355.4,360.0,348.6,359.1,359.1,0,investing
2010-01-14,358.1,359.0,354.4,357.0,357.0,0,investing
2010-01-15,356.1,356.4,344.5,344.7,344.7,0,investing
2010-01-19,345.7,351.5,345.7,350.8,350.8,0,investing
2010-01-20,349.9,350.8,345.6,349.8,349.8,0,investing
2010-01-21,351.0,355.7,345.4,347.9,347.9,0,investing
2010-01-22,344.4,344.5,328.7,329.5,329.5,0,investing
2010-01-25,332.3,337.2,331.5,334.2,334.2,0,investing
2010-01-26,333.6,338.2,331.4,333.5,333.5,0,investing
2010-01-27,334.4,338.9,330.6,337.4,337.4,0,investing
2010-01-28,338.3,338.9,322.9,327.2,327.2,0,investing
2010-01-29,328.4,331.3,313.1,316.1,316.1,0,investing
2010-02-01,317.4,325.9,317.4,325.7,325.7,0,investing
2010-02-02,325.4,330.0,323.9,328.7,328.7,0,investing
2010-02-03,327.0,330.2,325.8,327.8,327.8,0,investing
2010-02-04,324.1,324.3,312.5,312.5,312.5,0,investing
2010-02-05,313.4,320.4,310.3,320.0,320.0,0,investing
2010-02-08,319.9,325.3,316.4,318.9,318.9,0,investing
2010-02-09,322.4,326.6,319.4,323.4,323.4,0,investing
2010-02-10,322.6,325.5,318.5,323.4,323.4,0,investing
2010-02-11,323.5,332.0,320.7,331.0,331.0,0,investing
2010-02-12,328.0,336.7,324.5,332.8,332.8,0,investing
2010-02-16,335.6,341.5,334.7,341.0,341.0,0,investing
2010-02-17,343.3,343.9,338.5,341.5,341.5,0,investing
2010-02-18,340.1,342.9,337.5,342.5,342.5,0,investing
2010-02-19,341.7,345.7,339.4,343.5,343.5,0,investing
2010-02-22,345.1,346.0,341.4,342.6,342.6,0,investing
2010-02-23,341.3,341.3,330.7,332.9,332.9,0,investing
2010-02-24,334.4,341.5,334.4,339.3,339.3,0,investing
2010-02-25,334.6,338.8,329.9,338.4,338.4,0,investing
2010-02-26,338.5,339.2,333.8,338.9,338.9,0,investing
2010-03-01,341.5,349.8,341.5,349.5,349.5,0,investing
2010-03-02,350.7,353.4,347.9,349.4,349.4,0,investing
2010-03-03,350.7,352.6,344.8,346.4,346.4,0,investing
2010-03-04,346.3,347.7,341.8,346.6,346.6,0,investing
2010-03-05,348.8,352.4,346.5,351.5,351.5,0,investing
2010-03-08,352.2,352.9,350.5,351.2,351.2,0,investing
2010-03-09,349.9,353.4,347.9,350.5,350.5,0,investing
2010-03-10,350.7,359.0,350.7,358.0,358.0,0,investing
2010-03-11,357.4,357.4,353.0,357.2,357.2,0,investing
2010-03-12,358.4,359.0,354.1,355.4,355.4,0,investing
2010-03-15,353.6,353.6,348.0,350.4,350.4,0,investing
2010-03-16,351.6,360.4,350.9,359.9,359.9,0,investing
2010-03-17,360.6,365.8,360.6,364.1,364.1,0,investing
2010-03-18,364.2,364.9,358.7,361.6,361.6,0,investing
2010-03-19,361.1,361.6,353.5,355.7,355.7,0,investing
2010-03-22,354.1,364.9,352.7,364.2,364.2,0,investing
2010-03-23,365.1,372.9,365.0,372.5,372.5,0,investing
2010-03-24,370.0,370.2,364.7,365.4,365.4,0,investing
2010-03-25,368.9,371.9,364.5,364.8,364.8,0,investing
2010-03-26,367.2,369.1,360.1,362.9,362.9,0,investing
2010-03-29,365.0,368.0,365.0,366.4,366.4,0,investing
2010-03-30,367.2,370.2,364.4,368.9,368.9,0,investing
2010-03-31,366.9,370.6,365.2,366.6,366.6,0,investing
2010-04-01,369.8,375.4,363.9,366.9,366.9,0,investing
2010-04-05,369.1,378.2,369.1,377.9,377.9,0,investing
2010-04-06,376.3,377.3,373.2,375.5,375.5,0,investing
2010-04-07,375.4,379.4,372.6,376.9,376.9,0,investing
2010-04-08,374.9,374.9,368.3,371.5,371.5,0,investing
2010-04-09,372.5,375.8,371.0,375.8,375.8,0,investing
2010-04-12,376.3,382.1,375.9,379.0,379.0,0,investing
2010-04-13,379.3,382.0,377.3,381.3,381.3,0,investing
2010-04-14,389.1,398.2,389.0,397.7,397.7,0,investing
2010-04-15,398.1,401.8,396.9,398.9,398.9,0,investing
2010-04-16,396.9,396.9,388.1,393.8,393.8,0,investing
2010-04-19,392.5,393.2,381.7,389.7,389.7,0,investing
2010-04-20,393.8,396.9,391.3,395.7,395.7,0,investing
2010-04-21,397.0,400.1,385.6,391.4,391.4,0,investing
2010-04-22,388.6,399.8,382.8,398.9,398.9,0,investing
2010-04-23,398.6,400.7,394.2,400.4,400.4,0,investing
2010-04-26,400.4,404.7,399.8,400.8,400.8,0,investing
2010-04-27,399.0,400.2,386.3,386.8,386.8,0,investing
2010-04-28,390.0,393.6,383.1,388.6,388.6,0,investing
2010-04-29,390.5,394.7,387.9,394.0,394.0,0,investing
2010-04-30,392.4,392.4,376.0,376.1,376.1,0,investing
2010-05-03,378.1,387.7,378.1,386.0,386.0,0,investing
2010-05-04,380.4,380.4,363.1,368.5,368.5,0,investing
2010-05-05,364.0,370.4,358.6,364.5,364.5,0,investing
2010-05-06,363.1,368.4,326.8,352.5,352.5,0,investing
2010-05-07,349.5,355.1,334.4,346.8,346.8,0,investing
2010-05-10,360.6,367.6,360.6,367.5,367.5,0,investing
2010-05-11,363.1,371.6,359.3,364.7,364.7,0,investing
2010-05-12,367.3,375.6,366.8,375.1,375.1,0,investing
2010-05-13,373.0,376.4,363.2,365.0,365.0,0,investing
2010-05-14,360.4,360.4,347.1,353.9,353.9,0,investing
2010-05-17,353.3,360.0,347.1,359.4,359.4,0,investing
2010-05-18,362.7,363.7,347.4,348.9,348.9,0,investing
2010-05-19,347.7,354.7,342.6,350.8,350.8,0,investing
2010-05-20,343.7,348.8,334.4,340.6,340.6,0,investing
2010-05-21,336.0,354.3,334.6,349.1,349.1,0,investing
2010-05-24,347.2,350.9,342.1,342.5,342.5,0,investing
2010-05-25,333.9,344.8,328.1,344.5,344.5,0,investing
2010-05-26,348.1,355.0,343.1,343.8,343.8,0,investing
2010-05-27,350.6,361.7,350.6,361.6,361.6,0,investing
2010-05-28,361.0,361.3,350.6,355.7,355.7,0,investing
2010-06-01,354.1,359.5,347.4,347.6,347.6,0,investing
2010-06-02,349.2,360.3,348.0,360.2,360.2,0,investing
2010-06-03,361.1,365.9,358.5,364.4,364.4,0,investing
2010-06-04,357.9,362.1,346.6,348.5,348.5,0,investing
2010-06-07,349.8,352.3,334.9,335.8,335.8,0,investing
2010-06-08,335.8,337.0,326.2,334.6,334.6,0,investing
2010-06-09,337.9,344.8,330.5,332.1,332.1,0,investing
2010-06-10,337.9,345.1,337.8,344.7,344.7,0,investing
2010-06-11,341.4,350.0,340.3,349.5,349.5,0,investing
2010-06-14,354.2,358.9,351.4,352.0,352.0,0,investing
2010-06-15,354.4,372.3,354.4,371.5,371.5,0,investing
2010-06-16,369.3,375.7,365.4,373.1,373.1,0,investing
2010-06-17,375.1,375.3,365.8,372.4,372.4,0,investing
2010-06-18,372.1,374.8,369.5,371.2,371.2,0,investing
2010-06-21,376.3,377.5,365.3,368.0,368.0,0,investing
2010-06-22,369.9,373.6,360.4,361.4,361.4,0,investing
2010-06-23,362.6,367.4,356.0,362.9,362.9,0,investing
2010-06-24,361.9,361.9,350.4,352.2,352.2,0,investing
2010-06-25,353.0,354.0,345.9,352.1,352.1,0,investing
2010-06-28,352.7,357.9,349.6,354.1,354.1,0,investing
2010-06-29,346.6,346.6,335.6,337.7,337.7,0,investing
2010-06-30,337.7,342.2,331.5,332.3,332.3,0,investing
2010-07-01,332.3,335.9,323.6,333.1,333.1,0,investing
2010-07-02,333.4,334.8,326.1,331.6,331.6,0,investing
2010-07-06,336.3,339.9,327.9,331.1,331.1,0,investing
2010-07-07,331.9,348.3,331.6,347.9,347.9,0,investing
2010-07-08,350.1,351.4,341.7,347.6,347.6,0,investing
2010-07-09,347.1,351.6,345.3,351.4,351.4,0,investing
2010-07-12,351.4,356.8,350.7,355.3,355.3,0,investing
2010-07-13,359.8,364.6,357.6,362.8,362.8,0,investing
2010-07-14,367.3,370.1,359.8,361.9,361.9,0,investing
2010-07-15,362.0,362.2,354.3,361.1,361.1,0,investing
2010-07-16,358.6,359.3,348.9,349.2,349.2,0,investing
2010-07-19,351.4,358.5,350.1,357.9,357.9,0,investing
2010-07-20,349.1,358.6,344.9,358.1,358.1,0,investing
2010-07-21,359.6,360.1,350.1,351.1,351.1,0,investing
2010-07-22,354.1,364.5,354.1,362.7,362.7,0,investing
2010-07-23,360.5,365.2,357.3,364.5,364.5,0,investing
2010-07-26,364.7,369.5,360.7,369.5,369.5,0,investing
2010-07-27,370.9,371.0,364.6,366.1,366.1,0,investing
2010-07-28,363.9,367.4,357.7,359.5,359.5,0,investing
2010-07-29,360.1,361.1,347.7,352.5,352.5,0,investing
2010-07-30,347.5,350.9,342.6,348.8,348.8,0,investing
2010-08-02,352.7,356.6,350.3,354.9,354.9,0,investing
2010-08-03,353.5,353.5,348.4,351.2,351.2,0,investing
2010-08-04,352.1,354.9,348.1,354.7,354.7,0,investing
2010-08-05,352.2,355.5,350.4,352.4,352.4,0,investing
2010-08-06,349.1,354.4,347.2,351.8,351.8,0,investing
2010-08-09,353.5,355.3,349.6,354.1,354.1,0,investing
2010-08-10,348.9,348.9,341.4,344.7,344.7,0,investing
2010-08-11,336.0,336.0,327.7,330.1,330.1,0,investing
2010-08-12,322.1,327.8,318.9,325.8,325.8,0,investing
2010-08-13,325.6,329.6,322.7,322.7,322.7,0,investing
2010-08-16,320.8,327.3,319.1,324.3,324.3,0,investing
2010-08-17,327.0,332.1,325.8,328.6,328.6,0,investing
2010-08-18,328.1,333.8,326.8,332.1,332.1,0,investing
2010-08-19,330.0,332.4,324.9,326.4,326.4,0,investing
2010-08-20,327.8,331.1,325.4,327.9,327.9,0,investing
2010-08-23,329.4,331.0,323.5,323.8,323.8,0,investing
2010-08-24,318.5,321.8,315.7,318.4,318.4,0,investing
2010-08-25,315.7,322.9,312.7,321.5,321.5,0,investing
2010-08-26,323.1,323.7,314.1,315.2,315.2,0,investing
2010-08-27,317.8,322.7,309.1,321.8,321.8,0,investing
2010-08-30,321.0,321.0,313.6,313.6,313.6,0,investing
2010-08-31,311.5,315.1,305.8,307.5,307.5,0,investing
2010-09-01,312.3,320.1,311.7,316.8,316.8,0,investing
2010-09-02,317.6,323.3,316.5,323.3,323.3,0,investing
2010-09-03,328.1,330.9,323.0,328.7,328.7,0,investing
2010-09-07,326.9,328.3,321.4,322.3,322.3,0,investing
2010-09-08,322.7,322.8,317.6,320.9,320.9,0,investing
2010-09-09,323.9,324.9,320.0,321.1,321.1,0,investing
2010-09-10,320.4,321.6,312.3,316.6,316.6,0,investing
2010-09-13,319.9,327.9,319.9,327.2,327.2,0,investing
2010-09-14,326.6,335.1,323.5,332.8,332.8,0,investing
2010-09-15,331.0,332.4,327.5,331.6,331.6,0,investing
2010-09-16,330.6,334.9,329.2,334.2,334.2,0,investing
2010-09-17,335.7,336.4,332.6,334.4,334.4,0,investing
2010-09-20,334.8,336.6,331.2,336.1,336.1,0,investing
2010-09-21,335.7,338.1,333.9,335.3,335.3,0,investing
2010-09-22,333.4,334.9,328.1,330.4,330.4,0,investing
2010-09-23,327.4,338.4,325.3,332.8,332.8,0,investing
2010-09-24,337.1,346.6,337.1,346.1,346.1,0,investing
2010-09-27,346.2,347.0,342.5,343.8,343.8,0,investing
2010-09-28,344.8,350.0,340.5,349.5,349.5,0,investing
2010-09-29,348.1,354.3,347.5,351.8,351.8,0,investing
2010-09-30,353.0,356.2,345.8,349.2,349.2,0,investing
2010-10-01,351.1,353.0,345.5,348.1,348.1,0,investing
2010-10-04,346.9,347.6,339.5,343.1,343.1,0,investing
2010-10-05,346.0,351.7,346.0,350.9,350.9,0,investing
2010-10-06,350.0,350.7,342.4,345.3,345.3,0,investing
2010-10-07,346.7,348.2,342.6,346.8,346.8,0,investing
2010-10-08,345.6,351.0,341.9,350.1,350.1,0,investing
2010-10-11,350.9,355.9,350.5,352.7,352.7,0,investing
2010-10-12,351.7,356.6,348.9,355.3,355.3,0,investing
2010-10-13,356.9,357.6,352.2,355.7,355.7,0,investing
2010-10-14,355.5,358.1,352.7,354.8,354.8,0,investing
2010-10-15,356.3,358.5,351.9,357.1,357.1,0,investing
2010-10-18,356.6,356.6,351.7,354.6,354.6,0,investing
2010-10-19,350.5,355.9,346.0,349.6,349.6,0,investing
2010-10-20,349.4,353.5,347.4,351.8,351.8,0,investing
2010-10-21,352.2,352.7,346.6,349.9,349.9,0,investing
2010-10-22,350.9,357.6,350.6,356.9,356.9,0,investing
2010-10-25,358.2,362.8,358.2,360.8,360.8,0,investing
2010-10-26,358.9,361.1,355.2,359.4,359.4,0,investing
2010-10-27,360.3,370.6,359.7,370.4,370.4,0,investing
2010-10-28,370.4,371.2,365.9,370.3,370.3,0,investing
2010-10-29,369.9,373.8,369.6,372.6,372.6,0,investing
2010-11-01,373.6,375.2,368.6,371.4,371.4,0,investing
2010-11-02,374.0,375.8,371.9,374.2,374.2,0,investing
2010-11-03,373.9,377.8,371.9,377.8,377.8,0,investing
2010-11-04,381.6,389.9,381.4,389.8,389.8,0,investing
2010-11-05,390.1,394.0,388.9,392.0,392.0,0,investing
2010-11-08,390.8,394.6,390.2,391.9,391.9,0,investing
2010-11-09,391.8,392.4,385.7,387.3,387.3,0,investing
2010-11-10,387.1,387.6,382.1,387.3,387.3,0,investing
2010-11-11,377.8,383.9,372.8,382.5,382.5,0,investing
2010-11-12,382.3,388.5,378.5,382.6,382.6,0,investing
2010-11-15,384.5,386.0,379.5,379.6,379.6,0,investing
2010-11-16,377.3,380.4,372.3,374.1,374.1,0,investing
2010-11-17,374.0,378.1,372.3,373.9,373.9,0,investing
2010-11-18,378.1,382.3,377.9,381.0,381.0,0,investing
2010-11-19,381.3,388.1,381.0,387.1,387.1,0,investing
2010-11-22,386.3,391.8,385.8,391.3,391.3,0,investing
2010-11-23,387.6,390.9,386.5,388.3,388.3,0,investing
2010-11-24,391.4,399.2,391.3,398.7,398.7,0,investing
2010-11-26,395.5,398.3,395.0,396.0,396.0,0,investing
2010-11-29,393.8,396.1,390.4,395.1,395.1,0,investing
2010-11-30,390.9,392.6,389.1,390.1,390.1,0,investing
2010-12-01,396.1,403.6,396.1,403.1,403.1,0,investing
2010-12-02,403.5,410.8,403.2,410.6,410.6,0,investing
2010-12-03,408.1,413.2,407.6,412.4,412.4,0,investing
2010-12-06,412.4,412.6,408.4,411.8,411.8,0,investing
2010-12-07,415.2,417.9,411.4,411.5,411.5,0,investing
2010-12-08,411.9,415.8,410.5,415.4,415.4,0,investing
2010-12-09,417.6,418.5,414.9,416.4,416.4,0,investing
2010-12-10,417.2,418.2,414.8,416.7,416.7,0,investing
2010-12-13,418.5,419.2,413.1,413.2,413.2,0,investing
2010-12-14,413.6,415.0,409.3,410.7,410.7,0,investing
2010-12-15,408.9,411.9,405.5,406.0,406.0,0,investing
2010-12-16,407.1,409.9,405.6,408.7,408.7,0,investing
2010-12-17,409.2,412.4,409.1,411.4,411.4,0,investing
2010-12-20,412.2,412.5,408.2,410.2,410.2,0,investing
2010-12-21,411.7,414.2,411.7,413.0,413.0,0,investing
2010-12-22,411.1,413.3,408.6,413.1,413.1,0,investing
2010-12-23,411.9,413.4,411.0,411.8,411.8,0,investing
2010-12-27,410.2,413.1,406.9,412.3,412.3,0,investing
2010-12-28,413.3,413.4,409.0,410.7,410.7,0,investing
2010-12-29,411.4,411.9,409.2,411.2,411.2,0,investing
2010-12-30,410.9,413.0,410.2,412.3,412.3,0,investing
2010-12-31,412.1,412.8,409.6,411.8,411.8,0,investing
2011-01-03,414.8,419.6,413.4,415.1,415.1,0,investing
2011-01-04,416.8,418.3,411.2,415.6,415.6,0,investing
2011-01-05,414.4,418.0,412.2,417.1,417.1,0,investing
2011-01-06,418.4,425.0,418.3,424.8,424.8,0,investing
2011-01-07,425.5,427.5,418.8,425.8,425.8,0,investing
2011-01-10,424.6,430.9,423.1,430.2,430.2,0,investing
2011-01-11,431.6,432.4,428.5,431.5,431.5,0,investing
2011-01-12,433.7,440.0,431.8,440.0,440.0,0,investing
2011-01-13,439.5,442.0,436.9,439.8,439.8,0,investing
2011-01-14,442.0,451.6,441.1,451.6,451.6,0,investing
2011-01-18,449.7,451.7,447.6,449.9,449.9,0,investing
2011-01-19,445.1,446.9,438.5,439.3,439.3,0,investing
2011-01-20,436.1,436.1,428.8,434.8,434.8,0,investing
2011-01-21,437.6,439.1,431.1,431.6,431.6,0,investing
2011-01-24,434.0,442.4,433.0,442.4,442.4,0,investing
2011-01-25,440.9,441.8,435.6,439.1,439.1,0,investing
2011-01-26,441.2,443.8,437.9,442.9,442.9,0,investing
2011-01-27,445.4,452.1,445.4,451.3,451.3,0,investing
2011-01-28,451.3,451.3,435.5,438.6,438.6,0,investing
2011-01-31,440.0,442.8,436.4,440.5,440.5,0,investing
2011-02-01,445.1,453.6,445.0,451.8,451.8,0,investing
2011-02-02,449.0,455.8,448.5,453.9,453.9,0,investing
2011-02-03,454.3,454.9,449.2,453.7,453.7,0,investing
2011-02-04,454.7,463.1,454.5,463.1,463.1,0,investing
2011-02-07,464.0,466.3,459.4,461.2,461.2,0,investing
2011-02-08,462.1,462.1,457.2,460.9,460.9,0,investing
2011-02-09,460.4,460.9,456.0,457.6,457.6,0,investing
2011-02-10,453.8,459.6,451.4,459.2,459.2,0,investing
2011-02-11,457.4,464.3,455.5,462.8,462.8,0,investing
2011-02-14,464.0,469.7,463.8,466.4,466.4,0,investing
2011-02-15,465.2,465.4,459.7,461.4,461.4,0,investing
2011-02-16,463.5,467.9,463.1,466.6,466.6,0,investing
2011-02-17,464.4,474.1,464.3,473.2,473.2,0,investing
2011-02-18,474.0,474.3,469.6,471.5,471.5,0,investing
2011-02-22,464.4,464.4,451.8,452.8,452.8,0,investing
2011-02-23,452.9,453.0,438.6,444.3,444.3,0,investing
2011-02-24,445.3,452.9,443.0,451.9,451.9,0,investing
2011-02-25,456.1,463.9,456.1,463.7,463.7,0,investing
2011-02-28,464.9,466.6,453.7,458.6,458.6,0,investing
2011-03-01,459.4,461.6,449.2,449.8,449.8,0,investing
2011-03-02,449.8,461.5,449.7,456.1,456.1,0,investing
2011-03-03,460.6,466.2,460.6,464.8,464.8,0,investing
2011-03-04,463.1,463.7,456.8,459.8,459.8,0,investing
2011-03-07,460.6,460.9,442.6,447.4,447.4,0,investing
2011-03-08,447.6,452.4,443.4,447.9,447.9,0,investing
2011-03-09,445.7,445.7,433.6,434.4,434.4,0,investing
2011-03-10,427.4,430.0,422.9,423.7,423.7,0,investing
2011-03-11,421.3,429.0,421.0,427.9,427.9,0,investing
2011-03-14,425.5,432.3,424.1,427.2,427.2,0,investing
2011-03-15,412.7,424.6,408.7,421.8,421.8,0,investing
2011-03-16,420.0,426.6,409.5,412.4,412.4,0,investing
2011-03-17,418.9,422.9,416.1,418.0,418.0,0,investing
2011-03-18,423.2,423.9,417.4,419.2,419.2,0,investing
2011-03-21,423.8,429.3,423.7,426.8,426.8,0,investing
2011-03-22,425.4,426.1,422.2,422.9,422.9,0,investing
2011-03-23,421.0,427.6,418.6,426.9,426.9,0,investing
2011-03-24,432.3,438.4,429.8,437.4,437.4,0,investing
2011-03-25,438.2,440.9,435.9,436.3,436.3,0,investing
2011-03-28,438.2,440.6,436.2,436.8,436.8,0,investing
2011-03-29,435.5,441.1,432.5,441.0,441.0,0,investing
2011-03-30,444.2,445.3,437.9,441.4,441.4,0,investing
2011-03-31,441.4,442.2,435.9,437.4,437.4,0,investing
2011-04-01,440.5,440.6,431.0,432.9,432.9,0,investing
2011-04-04,434.1,434.3,426.3,429.1,429.1,0,investing
2011-04-05,436.3,441.9,435.5,438.8,438.8,0,investing
2011-04-06,443.6,445.7,440.9,445.5,445.5,0,investing
2011-04-07,444.8,445.4,438.6,443.2,443.2,0,investing
2011-04-08,446.4,447.2,438.3,439.6,439.6,0,investing
2011-04-11,440.2,440.6,434.5,435.9,435.9,0,investing
2011-04-12,432.1,432.1,424.6,426.8,426.8,0,investing
2011-04-13,430.0,430.7,425.3,427.9,427.9,0,investing
2011-04-14,424.8,428.6,422.0,428.4,428.4,0,investing
2011-04-15,427.4,432.4,425.1,431.2,431.2,0,investing
2011-04-18,425.6,425.9,420.1,423.4,423.4,0,investing
2011-04-19,423.5,425.5,421.6,425.3,425.3,0,investing
2011-04-20,435.7,443.5,435.7,443.4,443.4,0,investing
2011-04-21,445.2,445.2,441.1,443.2,443.2,0,investing
2011-04-25,442.5,445.7,441.8,443.4,443.4,0,investing
2011-04-26,444.6,451.2,443.5,450.5,450.5,0,investing
2011-04-27,447.5,451.2,445.1,450.6,450.6,0,investing
2011-04-28,448.6,450.4,444.4,447.5,447.5,0,investing
2011-04-29,447.5,450.5,447.1,449.6,449.6,0,investing
2011-05-02,450.6,450.8,444.2,445.1,445.1,0,investing
2011-05-03,443.9,444.3,436.8,439.4,439.4,0,investing
2011-05-04,442.3,442.9,434.2,439.7,439.7,0,investing
2011-05-05,437.3,444.9,436.4,440.4,440.4,0,investing
2011-05-06,445.0,448.7,441.9,443.7,443.7,0,investing
2011-05-09,443.8,443.8,439.5,442.4,442.4,0,investing
2011-05-10,443.6,445.8,441.8,444.6,444.6,0,investing
2011-05-11,443.9,446.8,438.2,440.9,440.9,0,investing
2011-05-12,439.9,448.5,438.4,447.1,447.1,0,investing
2011-05-13,445.1,447.4,440.8,440.9,440.9,0,investing
2011-05-16,440.1,444.4,434.3,434.7,434.7,0,investing
2011-05-17,432.1,432.1,425.5,429.5,429.5,0,investing
2011-05-18,430.4,438.8,430.4,437.6,437.6,0,investing
2011-05-19,435.7,435.7,430.0,433.9,433.9,0,investing
2011-05-20,432.9,435.0,430.2,432.6,432.6,0,investing
2011-05-23,426.6,426.6,423.3,423.3,423.3,0,investing
2011-05-24,424.9,426.1,420.0,420.2,420.2,0,investing
2011-05-25,418.9,425.6,417.9,424.2,424.2,0,investing
2011-05-26,423.7,429.1,422.2,428.2,428.2,0,investing
2011-05-27,431.2,434.5,431.2,433.1,433.1,0,investing
2011-05-31,436.0,439.6,435.4,439.6,439.6,0,investing
2011-06-01,438.2,438.5,426.1,426.3,426.3,0,investing
2011-06-02,427.0,430.5,424.1,426.4,426.4,0,investing
2011-06-03,422.6,425.1,418.1,418.5,418.5,0,investing
2011-06-06,418.1,419.9,415.1,415.3,415.3,0,investing
2011-06-07,418.2,421.9,417.4,417.6,417.6,0,investing
2011-06-08,415.5,415.7,407.7,408.9,408.9,0,investing
2011-06-09,409.9,412.0,407.4,409.6,409.6,0,investing
2011-06-10,408.9,408.9,400.1,402.8,402.8,0,investing
2011-06-13,403.8,405.4,397.8,399.1,399.1,0,investing
2011-06-14,402.9,409.0,402.9,406.8,406.8,0,investing
2011-06-15,402.6,405.3,398.3,398.4,398.4,0,investing
2011-06-16,399.0,399.4,390.7,393.9,393.9,0,investing
2011-06-17,397.1,397.8,387.1,388.2,388.2,0,investing
2011-06-20,387.6,390.4,387.0,388.7,388.7,0,investing
2011-06-21,390.6,399.3,389.0,398.6,398.6,0,investing
2011-06-22,397.0,400.5,395.4,396.7,396.7,0,investing
2011-06-23,392.2,402.9,389.4,402.6,402.6,0,investing
2011-06-24,399.7,399.7,392.0,392.5,392.5,0,investing
2011-06-27,392.3,397.4,389.3,395.3,395.3,0,investing
2011-06-28,396.2,400.5,395.9,400.5,400.5,0,investing
2011-06-29,401.7,402.4,397.4,400.2,400.2,0,investing
2011-06-30,401.4,411.3,401.4,410.4,410.4,0,investing
2011-07-01,411.2,419.6,409.0,419.1,419.1,0,investing
2011-07-05,419.4,419.6,413.1,414.9,414.9,0,investing
2011-07-06,413.7,413.8,408.5,411.8,411.8,0,investing
2011-07-07,415.7,422.6,414.6,420.4,420.4,0,investing
2011-07-08,416.0,416.1,409.7,413.8,413.8,0,investing
2011-07-11,409.5,415.0,405.5,406.7,406.7,0,investing
2011-07-12,402.7,402.7,393.2,395.0,395.0,0,investing
2011-07-13,397.6,400.1,392.5,393.9,393.9,0,investing
2011-07-14,394.8,398.9,387.0,387.8,387.8,0,investing
2011-07-15,389.6,390.4,385.3,390.1,390.1,0,investing
2011-07-18,387.9,389.8,381.6,384.6,384.6,0,investing
2011-07-19,388.8,398.1,388.8,397.4,397.4,0,investing
2011-07-20,397.9,399.3,392.8,395.1,395.1,0,investing
2011-07-21,393.6,399.9,389.3,398.9,398.9,0,investing
2011-07-22,399.9,409.5,399.5,408.6,408.6,0,investing
2011-07-25,403.4,405.8,400.2,403.1,403.1,0,investing
2011-07-26,405.2,411.1,405.2,406.5,406.5,0,investing
2011-07-27,401.1,401.1,390.4,391.1,391.1,0,investing
2011-07-28,390.8,397.3,386.6,390.5,390.5,0,investing
2011-07-29,384.5,390.8,382.1,386.9,386.9,0,investing
2011-08-01,391.6,394.3,381.8,386.9,386.9,0,investing
2011-08-02,382.9,386.5,375.1,375.2,375.2,0,investing
2011-08-03,375.0,380.1,367.7,379.4,379.4,0,investing
2011-08-04,373.3,374.5,357.2,357.3,357.3,0,investing
2011-08-05,361.5,366.0,340.2,350.2,350.2,0,investing
2011-08-08,339.2,345.0,329.9,331.3,331.3,0,investing
2011-08-09,337.3,346.9,326.9,346.7,346.7,0,investing
2011-08-10,340.2,350.7,335.1,339.5,339.5,0,investing
2011-08-11,343.9,361.2,343.4,357.1,357.1,0,investing
2011-08-12,360.1,363.0,353.0,355.6,355.6,0,investing
2011-08-15,356.2,362.6,356.2,362.6,362.6,0,investing
2011-08-16,358.1,361.7,351.0,355.4,355.4,0,investing
2011-08-17,354.6,360.8,349.7,353.1,353.1,0,investing
2011-08-18,343.1,343.1,329.9,332.2,332.2,0,investing
2011-08-19,330.2,339.7,325.4,326.3,326.3,0,investing
2011-08-22,333.2,335.6,326.7,328.9,328.9,0,investing
2011-08-23,331.0,346.1,329.9,346.1,346.1,0,investing
2011-08-24,346.1,348.7,338.6,345.7,345.7,0,investing
2011-08-25,344.2,347.8,335.7,336.3,336.3,0,investing
2011-08-26,335.6,347.4,331.4,345.8,345.8,0,investing
2011-08-29,350.0,358.4,350.0,358.4,358.4,0,investing
2011-08-30,355.6,360.4,353.1,358.2,358.2,0,investing
2011-08-31,360.6,363.6,353.1,355.8,355.8,0,investing
2011-09-01,356.8,359.2,349.5,349.9,349.9,0,investing
2011-09-02,343.1,345.1,339.6,341.5,341.5,0,investing
2011-09-06,331.8,339.6,331.0,339.1,339.1,0,investing
2011-09-07,346.0,354.4,346.0,354.3,354.3,0,investing
2011-09-08,351.9,361.1,350.3,352.1,352.1,0,investing
2011-09-09,349.7,357.9,346.2,348.4,348.4,0,investing
2011-09-12,347.9,359.0,347.1,359.0,359.0,0,investing
2011-09-13,359.9,367.2,358.4,366.2,366.2,0,investing
2011-09-14,368.9,379.7,366.7,375.7,375.7,0,investing
2011-09-15,379.7,382.2,376.3,381.1,381.1,0,investing
2011-09-16,381.5,385.8,380.2,381.9,381.9,0,investing
2011-09-19,375.4,379.8,371.4,377.5,377.5,0,investing
2011-09-20,378.8,380.4,372.6,372.8,372.8,0,investing
2011-09-21,374.4,377.2,365.3,365.4,365.4,0,investing
2011-09-22,356.3,356.7,346.9,352.8,352.8,0,investing
2011-09-23,349.3,361.4,349.1,359.9,359.9,0,investing
2011-09-26,361.1,361.3,351.1,359.5,359.5,0,investing
2011-09-27,364.7,373.7,363.8,366.0,366.0,0,investing
2011-09-28,367.1,367.9,355.3,355.4,355.4,0,investing
2011-09-29,359.9,361.3,344.0,350.8,350.8,0,investing
2011-09-30,346.8,348.4,338.8,338.8,338.8,0,investing
2011-10-03,336.7,340.5,326.1,326.4,326.4,0,investing
2011-10-04,323.1,340.4,322.2,340.2,340.2,0,investing
2011-10-05,339.4,351.7,335.6,350.8,350.8,0,investing
2011-10-06,350.7,355.3,346.1,355.2,355.2,0,investing
2011-10-07,356.0,361.1,353.2,356.7,356.7,0,investing
2011-10-10,362.3,368.4,362.2,366.8,366.8,0,investing
2011-10-11,364.7,367.5,363.1,365.7,365.7,0,investing
2011-10-12,368.4,373.0,368.1,369.2,369.2,0,investing
2011-10-13,367.9,377.5,367.4,376.6,376.6,0,investing
2011-10-14,379.8,381.3,374.4,380.9,380.9,0,investing
2011-10-17,377.9,378.3,369.3,370.3,370.3,0,investing
2011-10-18,370.3,379.6,366.4,378.7,378.7,0,investing
2011-10-19,377.3,377.5,369.4,370.2,370.2,0,investing
2011-10-20,366.7,366.7,357.0,363.9,363.9,0,investing
2011-10-21,369.0,376.8,369.0,372.1,372.1,0,investing
2011-10-24,373.5,385.1,373.5,384.6,384.6,0,investing
2011-10-25,381.5,384.7,376.9,377.5,377.5,0,investing
2011-10-26,381.1,383.7,371.4,379.5,379.5,0,investing
2011-10-27,388.8,398.0,387.7,395.7,395.7,0,investing
2011-10-28,393.5,396.6,392.7,396.3,396.3,0,investing
2011-10-31,392.3,392.5,386.4,386.5,386.5,0,investing
2011-11-01,376.1,378.5,371.8,374.1,374.1,0,investing
2011-11-02,377.5,379.2,372.9,375.9,375.9,0,investing
2011-11-03,379.9,387.8,371.9,387.1,387.1,0,investing
2011-11-04,383.9,392.8,383.8,391.5,391.5,0,investing
2011-11-07,389.8,391.9,383.8,390.9,390.9,0,investing
2011-11-08,393.3,395.0,386.7,393.2,393.2,0,investing
2011-11-09,384.0,384.1,374.4,375.0,375.0,0,investing
2011-11-10,379.8,380.8,372.5,378.2,378.2,0,investing
2011-11-11,382.9,393.0,382.6,391.6,391.6,0,investing
2011-11-14,390.8,393.1,384.4,386.6,386.6,0,investing
2011-11-15,385.7,394.4,385.3,392.2,392.2,0,investing
2011-11-16,388.7,396.1,386.9,389.9,389.9,0,investing
2011-11-17,388.3,388.5,370.5,374.4,374.4,0,investing
2011-11-18,376.3,376.7,369.6,371.2,371.2,0,investing
2011-11-21,366.4,366.5,359.2,364.2,364.2,0,investing
2011-11-22,362.9,366.6,357.6,359.7,359.7,0,investing
2011-11-23,356.1,356.1,348.1,348.2,348.2,0,investing
2011-11-25,347.1,351.6,344.1,344.1,344.1,0,investing
2011-11-28,353.6,357.6,351.7,355.2,355.2,0,investing
2011-11-29,355.7,358.3,351.8,352.6,352.6,0,investing
2011-11-30,361.1,373.6,361.1,373.3,373.3,0,investing
2011-12-01,373.2,376.1,370.3,375.3,375.3,0,investing
2011-12-02,378.9,381.1,374.2,374.6,374.6,0,investing
2011-12-05,379.9,381.9,376.0,378.1,378.1,0,investing
2011-12-06,378.2,379.4,374.5,377.4,377.4,0,investing
2011-12-07,376.3,382.9,372.2,381.9,381.9,0,investing
2011-12-08,378.7,382.9,370.2,371.1,371.1,0,investing
2011-12-09,367.6,377.0,364.6,375.7,375.7,0,investing
2011-12-12,368.9,368.9,361.0,365.1,365.1,0,investing
2011-12-13,367.6,369.3,354.8,356.5,356.5,0,investing
2011-12-14,357.0,358.2,349.1,350.7,350.7,0,investing
2011-12-15,356.3,357.1,348.7,350.0,350.0,0,investing
2011-12-16,352.3,357.8,351.6,352.9,352.9,0,investing
2011-12-19,353.5,354.5,342.7,343.4,343.4,0,investing
2011-12-20,349.7,359.6,349.7,358.7,358.7,0,investing
2011-12-21,358.9,359.7,349.9,354.4,354.4,0,investing
2011-12-22,356.0,368.0,356.0,366.8,366.8,0,investing
2011-12-23,367.9,368.8,364.3,368.6,368.6,0,investing
2011-12-27,367.5,371.0,366.5,368.0,368.0,0,investing
2011-12-28,367.8,368.3,362.1,362.6,362.6,0,investing
2011-12-29,364.0,366.5,362.2,365.9,365.9,0,investing
2011-12-30,365.7,367.2,364.2,364.4,364.4,0,investing
2012-01-03,371.6,374.9,368.0,368.6,368.6,0,investing
2012-01-04,367.1,369.5,364.1,368.7,368.7,0,investing
2012-01-05,368.4,374.5,367.5,374.2,374.2,0,investing
2012-01-06,373.7,375.8,371.1,375.2,375.2,0,investing
2012-01-09,377.7,383.2,376.6,382.6,382.6,0,investing
2012-01-10,387.1,388.4,384.5,386.3,386.3,0,investing
2012-01-11,384.7,388.6,384.0,387.9,387.9,0,investing
2012-01-12,389.0,392.5,386.3,391.8,391.8,0,investing
2012-01-13,389.3,389.3,382.8,383.5,383.5,0,investing
2012-01-17,387.0,389.1,384.6,385.2,385.2,0,investing
2012-01-18,390.8,405.2,390.8,404.6,404.6,0,investing
2012-01-19,407.3,412.9,407.2,412.1,412.1,0,investing
2012-01-20,410.7,414.9,410.6,414.3,414.3,0,investing
2012-01-23,414.1,416.2,410.1,413.1,413.1,0,investing
2012-01-24,411.2,415.9,410.2,414.5,414.5,0,investing
2012-01-25,414.5,417.2,410.0,416.4,416.4,0,investing
2012-01-26,416.3,420.1,409.9,411.9,411.9,0,investing
2012-01-27,410.2,414.7,409.5,413.3,413.3,0,investing
2012-01-30,407.9,409.9,404.4,408.7,408.7,0,investing
2012-01-31,411.8,412.7,406.5,408.9,408.9,0,investing
2012-02-01,414.6,421.4,413.0,418.7,418.7,0,investing
2012-02-02,419.4,423.6,418.5,420.6,420.6,0,investing
2012-02-03,425.3,428.7,423.7,428.0,428.0,0,investing
2012-02-06,424.5,424.5,419.9,421.9,421.9,0,investing
2012-02-07,420.7,423.5,417.5,422.3,422.3,0,investing
2012-02-08,423.1,430.4,423.1,427.6,427.6,0,investing
2012-02-09,428.8,429.9,425.5,429.0,429.0,0,investing
2012-02-10,426.1,426.2,418.6,420.1,420.1,0,investing
2012-02-13,423.7,424.8,416.1,421.7,421.7,0,investing
2012-02-14,420.3,423.6,419.5,423.5,423.5,0,investing
2012-02-15,424.9,430.5,424.7,425.5,425.5,0,investing
2012-02-16,425.1,436.6,424.9,435.9,435.9,0,investing
2012-02-17,438.3,438.6,431.2,432.0,432.0,0,investing
2012-02-21,432.1,432.7,424.3,426.0,426.0,0,investing
2012-02-22,425.5,428.1,422.6,424.1,424.1,0,investing
2012-02-23,423.4,425.5,418.6,424.7,424.7,0,investing
2012-02-24,426.0,427.9,423.2,423.8,423.8,0,investing
2012-02-27,421.4,427.2,418.5,424.2,424.2,0,investing
2012-02-28,425.4,433.1,425.0,431.0,431.0,0,investing
2012-02-29,431.5,431.5,423.7,424.2,424.2,0,investing
2012-03-01,425.9,428.7,423.1,424.8,424.8,0,investing
2012-03-02,424.4,427.1,419.9,420.4,420.4,0,investing
2012-03-05,418.9,418.9,408.4,409.6,409.6,0,investing
2012-03-06,405.4,406.9,401.2,405.9,405.9,0,investing
2012-03-07,406.9,413.9,406.9,412.2,412.2,0,investing
2012-03-08,415.7,419.3,414.0,418.4,418.4,0,investing
2012-03-09,418.1,423.2,418.1,422.9,422.9,0,investing
2012-03-12,422.2,422.5,417.4,418.6,418.6,0,investing
2012-03-13,422.1,428.2,421.9,428.2,428.2,0,investing
2012-03-14,429.7,433.8,425.9,426.6,426.6,0,investing
2012-03-15,428.6,435.4,428.4,435.0,435.0,0,investing
2012-03-16,436.0,436.6,433.3,435.4,435.4,0,investing
2012-03-19,434.9,440.4,433.8,438.7,438.7,0,investing
2012-03-20,435.7,437.0,432.0,435.5,435.5,0,investing
2012-03-21,436.2,439.1,434.4,437.2,437.2,0,investing
2012-03-22,434.3,435.8,431.2,434.5,434.5,0,investing
2012-03-23,434.0,435.9,430.3,435.7,435.7,0,investing
2012-03-26,438.8,441.9,436.6,441.9,441.9,0,investing
2012-03-27,442.1,445.0,441.6,441.6,441.6,0,investing
2012-03-28,441.5,442.4,433.4,436.1,436.1,0,investing
2012-03-29,433.8,437.4,430.9,436.9,436.9,0,investing
2012-03-30,439.5,441.0,435.0,438.6,438.6,0,investing
2012-04-02,436.8,439.9,432.0,438.4,438.4,0,investing
2012-04-03,436.7,437.3,429.9,431.5,431.5,0,investing
2012-04-04,425.5,425.6,418.3,421.9,421.9,0,investing
2012-04-05,420.9,424.4,420.5,423.2,423.2,0,investing
2012-04-09,417.1,418.4,414.6,417.1,417.1,0,investing
2012-04-10,415.9,419.9,408.6,409.6,409.6,0,investing
2012-04-11,413.9,419.3,413.8,416.4,416.4,0,investing
2012-04-12,417.8,425.8,416.9,424.2,424.2,0,investing
2012-04-13,422.5,423.9,416.4,416.4,416.4,0,investing
2012-04-16,420.2,420.6,413.1,416.7,416.7,0,investing
2012-04-17,419.1,425.1,419.0,423.2,423.2,0,investing
2012-04-18,418.4,421.4,415.5,419.5,419.5,0,investing
2012-04-19,418.0,424.7,412.7,415.0,415.0,0,investing
2012-04-20,413.3,413.7,404.9,405.2,405.2,0,investing
2012-04-23,399.9,400.7,396.6,400.1,400.1,0,investing
2012-04-24,401.2,402.3,395.9,397.1,397.1,0,investing
2012-04-25,402.8,406.9,401.7,406.4,406.4,0,investing
2012-04-26,407.3,416.0,407.1,415.2,415.2,0,investing
2012-04-27,415.1,416.7,411.3,415.9,415.9,0,investing
2012-04-30,415.4,415.4,413.1,413.4,413.4,0,investing
2012-05-01,413.0,418.1,412.1,414.9,414.9,0,investing
2012-05-02,412.0,417.7,411.3,416.8,416.8,0,investing
2012-05-03,417.0,417.2,405.9,406.5,406.5,0,investing
2012-05-04,404.5,406.7,397.3,397.9,397.9,0,investing
2012-05-07,396.4,399.9,396.2,396.9,396.9,0,investing
2012-05-08,394.0,395.5,386.2,394.4,394.4,0,investing
2012-05-09,388.5,395.0,384.9,393.1,393.1,0,investing
2012-05-10,395.4,395.4,388.5,391.7,391.7,0,investing
2012-05-11,391.8,399.2,391.8,394.6,394.6,0,investing
2012-05-14,390.9,393.0,388.8,390.3,390.3,0,investing
2012-05-15,390.2,393.6,385.5,386.3,386.3,0,investing
2012-05-16,386.6,388.9,379.7,379.8,379.8,0,investing
2012-05-17,380.5,381.5,371.4,371.4,371.4,0,investing
2012-05-18,372.9,374.0,363.8,364.5,364.5,0,investing
2012-05-21,364.6,374.1,364.5,373.9,373.9,0,investing
2012-05-22,373.4,373.5,368.4,371.0,371.0,0,investing
2012-05-23,367.7,372.8,363.6,372.3,372.3,0,investing
2012-05-24,372.2,372.8,364.9,367.1,367.1,0,investing
2012-05-25,367.1,373.5,367.1,372.1,372.1,0,investing
2012-05-29,375.8,380.9,375.5,379.7,379.7,0,investing
2012-05-30,377.5,377.5,371.1,372.2,372.2,0,investing
2012-05-31,371.9,372.0,364.4,368.4,368.4,0,investing
2012-06-01,361.9,362.4,353.2,353.2,353.2,0,investing
2012-06-04,354.2,358.0,348.9,352.7,352.7,0,investing
2012-06-05,352.6,361.2,352.6,360.5,360.5,0,investing
2012-06-06,363.4,372.8,363.3,372.6,372.6,0,investing
2012-06-07,376.2,377.9,367.0,367.5,367.5,0,investing
2012-06-08,366.3,373.3,364.9,372.7,372.7,0,investing
2012-06-11,376.9,377.8,365.2,365.7,365.7,0,investing
2012-06-12,367.6,374.0,367.1,373.7,373.7,0,investing
2012-06-13,373.7,375.3,368.4,369.8,369.8,0,investing
2012-06-14,369.8,371.0,364.9,369.1,369.1,0,investing
2012-06-15,369.3,375.4,369.2,375.1,375.1,0,investing
2012-06-18,373.6,382.4,373.2,380.6,380.6,0,investing
2012-06-19,383.3,386.5,381.4,384.9,384.9,0,investing
2012-06-20,386.3,390.1,384.6,388.6,388.6,0,investing
2012-06-21,387.1,387.3,372.1,372.7,372.7,0,investing
2012-06-22,374.6,379.4,374.2,378.6,378.6,0,investing
2012-06-25,375.7,375.7,365.0,365.6,365.6,0,investing
2012-06-26,365.7,369.0,363.0,366.9,366.9,0,investing
2012-06-27,368.1,373.0,367.4,371.7,371.7,0,investing
2012-06-28,368.8,370.8,364.5,369.4,369.4,0,investing
2012-06-29,371.0,385.5,371.0,385.5,385.5,0,investing
2012-07-02,386.7,387.9,382.2,384.8,384.8,0,investing
2012-07-03,385.0,390.3,384.7,390.3,390.3,0,investing
2012-07-05,389.8,389.8,382.1,385.7,385.7,0,investing
2012-07-06,385.7,385.7,372.9,376.0,376.0,0,investing
2012-07-09,375.2,376.6,369.9,371.5,371.5,0,investing
2012-07-10,369.4,373.2,360.7,363.0,363.0,0,investing
2012-07-11,363.1,365.0,357.7,359.7,359.7,0,investing
2012-07-12,359.4,359.4,350.5,353.7,353.7,0,investing
2012-07-13,354.1,358.0,353.8,357.0,357.0,0,investing
2012-07-16,355.0,355.1,350.4,353.1,353.1,0,investing
2012-07-17,354.3,354.7,345.5,351.4,351.4,0,investing
2012-07-18,350.3,365.8,349.7,363.9,363.9,0,investing
2012-07-19,368.4,374.0,368.4,371.3,371.3,0,investing
2012-07-20,371.9,371.9,365.0,365.0,365.0,0,investing
2012-07-23,358.4,363.3,353.1,361.7,361.7,0,investing
2012-07-24,362.4,362.9,356.3,360.2,360.2,0,investing
2012-07-25,363.9,371.8,363.8,367.1,367.1,0,investing
2012-07-26,372.8,378.2,371.5,375.5,375.5,0,investing
2012-07-27,376.8,385.3,375.6,384.2,384.2,0,investing
2012-07-30,384.6,386.8,378.5,380.6,380.6,0,investing
2012-07-31,382.5,388.0,382.5,383.7,383.7,0,investing
2012-08-01,386.2,387.1,381.2,383.8,383.8,0,investing
2012-08-02,380.7,388.2,378.5,381.5,381.5,0,investing
2012-08-03,386.9,392.1,384.8,390.1,390.1,0,investing
2012-08-06,391.3,394.1,390.9,392.1,392.1,0,investing
2012-08-07,394.8,403.2,394.7,400.1,400.1,0,investing
2012-08-08,399.0,401.9,398.0,401.1,401.1,0,investing
2012-08-09,400.7,404.6,400.6,404.0,404.0,0,investing
2012-08-10,403.8,406.0,402.9,406.0,406.0,0,investing
2012-08-13,405.3,405.3,398.2,402.4,402.4,0,investing
2012-08-14,404.4,405.0,397.7,399.1,399.1,0,investing
2012-08-15,398.0,403.5,398.0,401.5,401.5,0,investing
2012-08-16,401.4,408.8,401.4,408.3,408.3,0,investing
2012-08-17,406.9,407.0,403.6,405.1,405.1,0,investing
2012-08-20,404.4,404.5,399.6,402.3,402.3,0,investing
2012-08-21,403.1,407.5,400.9,402.3,402.3,0,investing
2012-08-22,401.2,401.7,396.8,399.2,399.2,0,investing
2012-08-23,398.2,398.7,394.5,396.7,396.7,0,investing
2012-08-24,396.4,400.0,394.2,398.9,398.9,0,investing
2012-08-27,399.8,399.8,395.9,397.5,397.5,0,investing
2012-08-28,396.4,399.0,395.4,397.0,397.0,0,investing
2012-08-29,397.1,399.1,394.4,397.4,397.4,0,investing
2012-08-30,395.5,395.5,390.3,390.7,390.7,0,investing
2012-08-31,393.8,397.7,390.5,396.2,396.2,0,investing
2012-09-04,395.8,395.8,388.6,392.8,392.8,0,investing
2012-09-05,393.3,394.9,389.1,390.3,390.3,0,investing
2012-09-06,394.1,404.7,394.0,404.5,404.5,0,investing
2012-09-07,400.3,401.8,399.0,401.2,401.2,0,investing
2012-09-10,399.2,399.9,393.9,394.3,394.3,0,investing
2012-09-11,395.0,398.7,393.7,396.7,396.7,0,investing
2012-09-12,397.9,400.6,395.7,397.9,397.9,0,investing
2012-09-13,396.8,402.7,394.2,401.8,401.8,0,investing
2012-09-14,402.6,410.8,402.6,406.6,406.6,0,investing
2012-09-17,406.5,406.5,401.0,402.5,402.5,0,investing
2012-09-18,401.4,402.4,399.4,400.8,400.8,0,investing
2012-09-19,399.8,401.0,397.7,398.5,398.5,0,investing
2012-09-20,396.6,396.6,392.6,394.6,394.6,0,investing
2012-09-21,397.1,399.0,394.9,395.2,395.2,0,investing
2012-09-24,391.9,391.9,387.5,389.0,389.0,0,investing
2012-09-25,390.8,391.9,379.2,379.4,379.4,0,investing
2012-09-26,378.0,378.0,372.0,377.0,377.0,0,investing
2012-09-27,378.7,386.3,377.4,385.5,385.5,0,investing
2012-09-28,384.4,385.0,381.6,382.3,382.3,0,investing
2012-10-01,384.1,386.3,379.8,381.1,381.1,0,investing
2012-10-02,382.8,383.6,380.2,383.0,383.0,0,investing
2012-10-03,383.8,384.0,380.2,381.2,381.2,0,investing
2012-10-04,382.4,384.2,379.5,383.6,383.6,0,investing
2012-10-05,385.2,389.4,382.6,383.3,383.3,0,investing
2012-10-08,380.9,381.5,377.9,379.1,379.1,0,investing
2012-10-09,378.4,378.4,371.8,373.1,373.1,0,investing
2012-10-10,372.5,372.5,367.5,368.0,368.0,0,investing
2012-10-11,370.5,372.4,368.7,368.7,368.7,0,investing
2012-10-12,368.4,370.2,366.4,366.7,366.7,0,investing
2012-10-15,369.2,372.7,368.3,372.1,372.1,0,investing
2012-10-16,373.6,380.6,373.4,380.3,380.3,0,investing
2012-10-17,376.9,381.8,376.3,379.4,379.4,0,investing
2012-10-18,377.1,379.3,374.1,376.3,376.3,0,investing
2012-10-19,375.6,375.6,364.8,364.9,364.9,0,investing
2012-10-22,365.2,368.2,363.3,365.5,365.5,0,investing
2012-10-23,361.4,367.1,359.9,366.1,366.1,0,investing
2012-10-24,368.1,369.2,360.2,360.5,360.5,0,investing
2012-10-25,363.6,365.9,361.7,365.5,365.5,0,investing
2012-10-26,365.3,369.7,364.4,367.3,367.3,0,investing
2012-10-31,368.5,370.3,365.7,367.0,367.0,0,investing
2012-11-01,367.4,380.0,367.4,379.5,379.5,0,investing
2012-11-02,380.1,380.2,372.2,372.3,372.3,0,investing
2012-11-05,371.8,379.4,371.0,378.4,378.4,0,investing
2012-11-06,379.3,384.7,378.4,383.6,383.6,0,investing
2012-11-07,379.0,379.2,371.1,373.3,373.3,0,investing
2012-11-08,373.9,375.8,368.8,368.8,368.8,0,investing
2012-11-09,368.6,374.3,368.0,369.7,369.7,0,investing
2012-11-12,370.8,371.7,367.5,370.0,370.0,0,investing
2012-11-13,367.3,370.1,366.4,366.5,366.5,0,investing
2012-11-14,369.0,369.9,360.2,360.9,360.9,0,investing
2012-11-15,361.2,362.6,355.3,356.1,356.1,0,investing
2012-11-16,357.0,357.4,349.8,356.0,356.0,0,investing
2012-11-19,359.4,363.2,359.1,363.1,363.1,0,investing
2012-11-20,361.2,362.2,358.1,361.8,361.8,0,investing
2012-11-21,361.9,363.7,361.1,362.5,362.5,0,investing
2012-11-23,364.4,370.9,364.3,369.2,369.2,0,investing
2012-11-26,368.7,371.6,368.0,370.6,370.6,0,investing
2012-11-27,369.6,373.2,369.1,369.8,369.8,0,investing
2012-11-28,367.4,374.1,364.3,373.8,373.8,0,investing
2012-11-29,375.0,377.0,372.3,374.8,374.8,0,investing
2012-11-30,374.9,376.2,373.1,374.4,374.4,0,investing
2012-12-03,376.8,377.8,372.2,372.5,372.5,0,investing
2012-12-04,373.1,376.0,371.0,375.0,375.0,0,investing
2012-12-05,374.6,376.1,371.8,374.5,374.5,0,investing
2012-12-06,375.1,378.7,374.1,378.6,378.6,0,investing
2012-12-07,379.1,380.3,376.9,379.5,379.5,0,investing
2012-12-10,378.9,382.7,378.9,381.8,381.8,0,investing
2012-12-11,383.6,390.2,383.6,389.0,389.0,0,investing
2012-12-12,390.6,391.3,387.0,387.7,387.7,0,investing
2012-12-13,386.4,390.5,382.4,383.7,383.7,0,investing
2012-12-14,382.5,383.9,379.1,381.0,381.0,0,investing
2012-12-17,381.5,384.2,379.2,382.6,382.6,0,investing
2012-12-18,384.1,389.7,383.5,388.7,388.7,0,investing
2012-12-19,390.3,393.2,389.4,389.5,389.5,0,investing
2012-12-20,390.0,390.1,385.8,389.5,389.5,0,investing
2012-12-21,381.3,385.7,379.2,385.6,385.6,0,investing
2012-12-24,384.4,385.2,382.8,384.1,384.1,0,investing
2012-12-26,384.6,387.3,380.9,381.0,381.0,0,investing
2012-12-27,380.8,381.1,375.2,379.6,379.6,0,investing
2012-12-28,376.8,380.6,376.6,376.9,376.9,0,investing
2012-12-31,376.5,384.6,375.9,384.1,384.1,0,investing
2013-01-02,392.8,399.8,392.8,399.7,399.7,0,investing
2013-01-03,397.0,400.7,396.3,397.5,397.5,0,investing
2013-01-04,397.9,398.6,395.0,397.7,397.7,0,investing
2013-01-07,395.7,397.6,393.8,395.8,395.8,0,investing
2013-01-08,395.4,396.6,391.1,391.4,391.4,0,investing
2013-01-09,393.4,395.5,392.9,395.5,395.5,0,investing
2013-01-10,399.5,401.4,397.5,400.7,400.7,0,investing
2013-01-11,400.8,403.2,400.5,402.9,402.9,0,investing
2013-01-14,401.5,403.0,398.7,401.9,401.9,0,investing
2013-01-15,400.1,400.4,398.1,399.9,399.9,0,investing
2013-01-16,399.7,405.5,399.6,404.5,404.5,0,investing
2013-01-17,405.3,413.3,405.3,412.5,412.5,0,investing
2013-01-18,409.7,412.2,408.7,410.6,410.6,0,investing
2013-01-22,410.3,410.3,407.1,409.6,409.6,0,investing
2013-01-23,411.9,414.4,409.9,413.9,413.9,0,investing
2013-01-24,409.2,413.9,407.4,410.2,410.2,0,investing
2013-01-25,412.8,417.4,412.8,415.4,415.4,0,investing
2013-01-28,416.0,417.7,415.0,416.2,416.2,0,investing
2013-01-29,414.3,415.0,412.0,413.3,413.3,0,investing
2013-01-30,413.3,416.4,413.2,414.1,414.1,0,investing
2013-01-31,414.9,416.1,412.0,412.7,412.7,0,investing
2013-02-01,415.7,420.9,415.2,420.6,420.6,0,investing
2013-02-04,417.6,421.5,414.1,414.2,414.2,0,investing
2013-02-05,416.5,421.4,415.3,420.7,420.7,0,investing
2013-02-06,417.8,421.8,417.7,421.6,421.6,0,investing
2013-02-07,420.6,420.6,415.4,419.3,419.3,0,investing
2013-02-08,421.1,425.2,421.1,424.8,424.8,0,investing
2013-02-11,423.9,426.3,423.2,425.2,425.2,0,investing
2013-02-12,424.2,426.9,423.8,426.3,426.3,0,investing
2013-02-13,426.9,429.1,424.8,427.5,427.5,0,investing
2013-02-14,425.6,431.5,425.1,431.1,431.1,0,investing
2013-02-15,431.1,432.2,426.7,428.5,428.5,0,investing
2013-02-19,428.7,433.7,428.2,433.6,433.6,0,investing
2013-02-20,433.8,433.9,423.8,423.9,423.9,0,investing
2013-02-21,422.4,422.4,413.3,416.3,416.3,0,investing
2013-02-22,420.4,425.3,419.1,425.0,425.0,0,investing
2013-02-25,427.7,428.6,416.7,416.7,416.7,0,investing
2013-02-26,419.5,420.9,416.2,419.9,419.9,0,investing
2013-02-27,419.9,428.5,419.5,426.5,426.5,0,investing
2013-02-28,426.2,430.2,425.6,426.6,426.6,0,investing
2013-03-01,423.6,426.4,419.3,425.1,425.1,0,investing
2013-03-04,424.3,424.6,420.8,424.0,424.0,0,investing
2013-03-05,428.1,433.2,428.1,432.4,432.4,0,investing
2013-03-06,434.0,435.2,431.6,433.0,433.0,0,investing
2013-03-07,434.6,437.0,433.3,434.7,434.7,0,investing
2013-03-08,436.0,437.5,431.5,435.3,435.3,0,investing
2013-03-11,433.9,436.4,431.9,435.9,435.9,0,investing
2013-03-12,434.9,438.1,434.3,437.7,437.7,0,investing
2013-03-13,437.6,440.2,435.3,439.1,439.1,0,investing
2013-03-14,441.4,443.4,440.6,441.5,441.5,0,investing
2013-03-15,441.5,441.5,433.0,434.2,434.2,0,investing
2013-03-18,429.1,432.1,426.3,428.4,428.4,0,investing
2013-03-19,429.7,430.9,422.9,426.7,426.7,0,investing
2013-03-20,430.3,432.9,429.5,432.0,432.0,0,investing
2013-03-21,428.8,429.8,424.6,425.2,425.2,0,investing
2013-03-22,429.3,432.0,427.7,430.1,430.1,0,investing
2013-03-25,431.6,433.1,426.7,429.2,429.2,0,investing
2013-03-26,431.2,433.3,429.8,433.1,433.1,0,investing
2013-03-27,429.4,434.2,427.9,433.5,433.5,0,investing
2013-03-28,433.6,437.1,431.9,436.7,436.7,0,investing
2013-04-01,435.7,435.8,426.5,427.8,427.8,0,investing
2013-04-02,429.1,429.6,422.5,424.2,424.2,0,investing
2013-04-03,424.5,425.4,414.2,415.8,415.8,0,investing
2013-04-04,415.9,421.2,415.1,421.1,421.1,0,investing
2013-04-05,414.3,419.5,412.0,418.9,418.9,0,investing
2013-04-08,419.2,424.2,415.6,424.2,424.2,0,investing
2013-04-09,425.0,430.9,421.7,428.1,428.1,0,investing
2013-04-10,428.9,437.6,428.9,437.3,437.3,0,investing
2013-04-11,434.2,438.1,432.9,435.6,435.6,0,investing
2013-04-12,433.7,434.8,428.7,433.6,433.6,0,investing
2013-04-15,430.8,432.3,422.5,422.7,422.7,0,investing
2013-04-16,425.8,432.2,425.2,431.9,431.9,0,investing
2013-04-17,426.2,426.2,415.8,417.6,417.6,0,investing
2013-04-18,421.1,423.5,412.7,413.9,413.9,0,investing
2013-04-19,413.4,418.0,410.7,417.0,417.0,0,investing
2013-04-22,417.6,422.9,412.4,421.4,421.4,0,investing
2013-04-23,425.4,431.2,424.6,430.2,430.2,0,investing
2013-04-24,430.7,436.9,429.3,435.6,435.6,0,investing
2013-04-25,436.2,442.7,435.8,440.0,440.0,0,investing
2013-04-26,435.3,437.2,434.1,435.3,435.3,0,investing
2013-04-29,436.7,441.8,435.7,440.8,440.8,0,investing
2013-04-30,440.2,444.4,438.6,444.4,444.4,0,investing
2013-05-01,442.8,444.8,440.3,440.8,440.8,0,investing
2013-05-02,440.5,447.3,440.5,446.9,446.9,0,investing
2013-05-03,450.3,453.7,450.2,450.9,450.9,0,investing
2013-05-06,451.8,455.6,451.5,453.5,453.5,0,investing
2013-05-07,454.1,455.4,451.2,453.6,453.6,0,investing
2013-05-08,452.9,459.8,452.9,459.5,459.5,0,investing
2013-05-09,458.6,463.7,458.4,461.9,461.9,0,investing
2013-05-10,462.9,466.0,462.6,465.9,465.9,0,investing
2013-05-13,463.7,464.8,460.6,461.3,461.3,0,investing
2013-05-14,461.4,464.4,460.6,463.3,463.3,0,investing
2013-05-15,462.7,469.3,462.5,467.8,467.8,0,investing
2013-05-16,468.7,470.0,464.1,464.3,464.3,0,investing
2013-05-17,466.4,470.8,466.0,470.6,470.6,0,investing
2013-05-20,469.6,472.1,468.7,469.1,469.1,0,investing
2013-05-21,469.4,470.8,467.6,469.0,469.0,0,investing
2013-05-22,469.3,473.9,459.6,461.6,461.6,0,investing
2013-05-23,456.4,462.4,454.8,461.8,461.8,0,investing
2013-05-24,460.0,461.5,457.1,461.5,461.5,0,investing
2013-05-28,465.8,469.4,464.7,465.9,465.9,0,investing
2013-05-29,463.4,469.0,463.0,467.3,467.3,0,investing
2013-05-30,469.1,476.5,469.0,474.4,474.4,0,investing
2013-05-31,471.7,475.6,468.6,468.6,468.6,0,investing
2013-06-03,470.6,474.1,465.0,470.7,470.7,0,investing
2013-06-04,473.1,477.6,470.5,472.4,472.4,0,investing
2013-06-05,470.6,471.7,464.8,465.3,465.3,0,investing
2013-06-06,466.2,468.5,460.0,464.7,464.7,0,investing
2013-06-07,467.5,472.0,464.1,471.5,471.5,0,investing
2013-06-10,471.9,474.9,470.4,474.0,474.0,0,investing
2013-06-11,468.2,470.7,463.3,463.4,463.4,0,investing
2013-06-12,468.2,468.8,457.6,458.3,458.3,0,investing
2013-06-13,458.8,468.1,456.5,467.4,467.4,0,investing
2013-06-14,467.6,469.6,464.6,465.5,465.5,0,investing
2013-06-17,470.6,475.3,469.8,472.3,472.3,0,investing
2013-06-18,473.2,480.5,473.1,480.1,480.1,0,investing
2013-06-19,479.8,482.1,474.4,474.5,474.5,0,investing
2013-06-20,468.2,468.3,458.2,459.7,459.7,0,investing
2013-06-21,462.1,464.3,455.8,460.9,460.9,0,investing
2013-06-24,458.1,458.1,448.2,451.6,451.6,0,investing
2013-06-25,456.8,463.6,455.4,462.5,462.5,0,investing
2013-06-26,466.8,467.2,462.2,464.9,464.9,0,investing
2013-06-27,467.9,470.9,466.7,466.7,466.7,0,investing
2013-06-28,464.1,471.1,463.0,468.4,468.4,0,investing
2013-07-01,470.0,472.8,467.3,467.7,467.7,0,investing
2013-07-02,466.9,472.9,465.3,468.2,468.2,0,investing
2013-07-03,465.8,471.7,465.1,469.8,469.8,0,investing
2013-07-05,472.3,476.3,470.5,476.1,476.1,0,investing
2013-07-08,477.5,477.8,464.8,466.5,466.5,0,investing
2013-07-09,470.6,472.6,469.3,471.4,471.4,0,investing
2013-07-10,470.3,477.6,470.1,476.7,476.7,0,investing
2013-07-11,481.1,486.9,481.1,486.6,486.6,0,investing
2013-07-12,487.9,490.1,486.7,489.6,489.6,0,investing
2013-07-15,489.8,490.5,488.3,489.3,489.3,0,investing
2013-07-16,490.3,493.2,489.0,491.1,491.1,0,investing
2013-07-17,491.3,493.2,489.9,491.6,491.6,0,investing
2013-07-18,492.1,492.1,485.7,487.2,487.2,0,investing
2013-07-19,484.4,486.2,481.7,486.2,486.2,0,investing
2013-07-22,487.0,487.0,483.1,485.1,485.1,0,investing
2013-07-23,486.7,490.1,482.8,483.5,483.5,0,investing
2013-07-24,483.2,483.7,473.9,474.7,474.7,0,investing
2013-07-25,473.4,477.4,471.9,477.4,477.4,0,investing
2013-07-26,472.9,473.2,470.5,473.1,473.1,0,investing
2013-07-29,471.8,473.6,469.1,470.0,470.0,0,investing
2013-07-30,471.1,476.5,471.1,475.6,475.6,0,investing
2013-07-31,476.1,480.7,475.9,477.8,477.8,0,investing
2013-08-01,481.9,486.8,481.8,486.6,486.6,0,investing
2013-08-02,484.0,484.0,480.4,483.4,483.4,0,investing
2013-08-05,481.5,482.8,480.6,482.1,482.1,0,investing
2013-08-06,481.3,482.0,477.1,478.7,478.7,0,investing
2013-08-07,477.2,477.2,472.2,474.1,474.1,0,investing
2013-08-08,475.5,476.5,471.6,474.3,474.3,0,investing
2013-08-09,472.7,474.6,470.9,471.8,471.8,0,investing
2013-08-12,470.1,475.0,469.8,473.6,473.6,0,investing
2013-08-13,475.5,479.8,472.2,479.1,479.1,0,investing
2013-08-14,472.8,475.7,470.8,471.3,471.3,0,investing
2013-08-15,464.5,465.4,460.5,460.8,460.8,0,investing
2013-08-16,460.3,466.8,460.3,462.5,462.5,0,investing
2013-08-19,462.1,464.1,459.0,459.3,459.3,0,investing
2013-08-20,459.6,463.5,458.8,461.8,461.8,0,investing
2013-08-21,459.5,462.5,456.9,458.5,458.5,0,investing
2013-08-22,460.2,464.7,460.1,463.8,463.8,0,investing
2013-08-23,464.4,464.9,461.2,463.8,463.8,0,investing
2013-08-26,464.6,465.8,462.2,462.9,462.9,0,investing
2013-08-27,458.1,458.1,450.6,451.2,451.2,0,investing
2013-08-28,452.2,458.7,452.2,456.4,456.4,0,investing
2013-08-29,456.2,463.1,456.2,461.8,461.8,0,investing
2013-08-30,461.9,462.3,456.2,457.7,457.7,0,investing
2013-09-03,462.9,467.2,459.2,461.6,461.6,0,investing
2013-09-04,464.6,474.5,463.2,473.6,473.6,0,investing
2013-09-05,474.2,478.0,474.1,477.0,477.0,0,investing
2013-09-06,478.9,479.1,471.2,475.1,475.1,0,investing
2013-09-09,477.2,482.5,477.1,481.4,481.4,0,investing
2013-09-10,485.4,490.7,485.4,490.6,490.6,0,investing
2013-09-11,488.7,490.4,484.8,489.0,489.0,0,investing
2013-09-12,489.0,490.2,485.6,486.1,486.1,0,investing
2013-09-13,486.9,488.4,483.8,488.2,488.2,0,investing
2013-09-16,492.2,493.9,489.6,490.4,490.4,0,investing
2013-09-17,492.4,494.4,491.7,493.4,493.4,0,investing
2013-09-18,493.3,498.1,491.3,497.7,497.7,0,investing
2013-09-19,498.9,500.2,494.5,496.1,496.1,0,investing
2013-09-20,497.5,499.0,492.7,493.1,493.1,0,investing
2013-09-23,494.8,496.3,489.2,491.3,491.3,0,investing
2013-09-24,493.7,497.0,491.0,494.7,494.7,0,investing
2013-09-25,495.3,497.7,492.0,494.9,494.9,0,investing
2013-09-26,496.8,498.1,492.8,494.7,494.7,0,investing
2013-09-27,492.1,493.1,489.8,490.8,490.8,0,investing
2013-09-30,485.4,492.6,484.6,490.8,490.8,0,investing
2013-10-01,491.5,496.9,491.4,495.8,495.8,0,investing
2013-10-02,492.7,495.4,491.9,495.1,495.1,0,investing
2013-10-03,495.4,497.5,488.9,493.8,493.8,0,investing
2013-10-04,494.1,498.9,493.9,497.7,497.7,0,investing
2013-10-07,492.8,498.7,492.2,495.1,495.1,0,investing
2013-10-08,495.6,496.6,485.3,486.8,486.8,0,investing
2013-10-09,487.9,488.6,480.1,485.1,485.1,0,investing
2013-10-10,490.0,497.0,489.9,496.5,496.5,0,investing
2013-10-11,493.5,498.9,492.7,497.4,497.4,0,investing
2013-10-14,493.9,501.8,493.7,501.0,501.0,0,investing
2013-10-15,500.4,502.1,496.1,496.5,496.5,0,investing
2013-10-16,497.0,501.9,497.0,501.6,501.6,0,investing
2013-10-17,497.9,505.4,496.4,505.1,505.1,0,investing
2013-10-18,504.5,506.8,502.3,506.4,506.4,0,investing
2013-10-21,507.1,508.5,506.0,508.0,508.0,0,investing
2013-10-22,507.8,508.8,504.3,507.1,507.1,0,investing
2013-10-23,497.2,497.2,487.7,490.1,490.1,0,investing
2013-10-24,493.9,496.3,493.1,494.1,494.1,0,investing
2013-10-25,495.8,496.8,494.3,496.3,496.3,0,investing
2013-10-28,496.3,500.3,495.4,499.5,499.5,0,investing
2013-10-29,501.5,507.1,501.5,507.0,507.0,0,investing
2013-10-30,507.4,508.8,502.3,504.3,504.3,0,investing
2013-10-31,505.4,510.2,505.0,507.1,507.1,0,investing
2013-11-01,507.9,509.3,503.6,505.4,505.4,0,investing
2013-11-04,506.2,506.4,503.6,504.7,504.7,0,investing
2013-11-05,501.4,505.1,498.8,503.1,503.1,0,investing
2013-11-06,504.7,505.1,501.8,504.9,504.9,0,investing
2013-11-07,504.0,504.2,494.4,495.2,495.2,0,investing
2013-11-08,496.1,501.0,493.5,501.0,501.0,0,investing
2013-11-11,499.7,501.3,497.8,500.4,500.4,0,investing
2013-11-12,499.2,503.9,499.1,503.6,503.6,0,investing
2013-11-13,501.4,508.1,500.7,508.0,508.0,0,investing
2013-11-14,506.6,507.4,504.6,505.4,505.4,0,investing
2013-11-15,507.2,509.5,503.0,508.9,508.9,0,investing
2013-11-18,508.8,509.7,503.3,504.2,504.2,0,investing
2013-11-19,503.7,504.9,497.3,497.9,497.9,0,investing
2013-11-20,498.5,499.8,494.3,495.6,495.6,0,investing
2013-11-21,497.4,504.5,497.1,504.2,504.2,0,investing
2013-11-22,503.0,505.1,502.0,504.6,504.6,0,investing
2013-11-25,505.0,505.3,500.6,504.0,504.0,0,investing
2013-11-26,505.2,509.3,504.6,508.3,508.3,0,investing
2013-11-27,506.4,510.2,505.1,510.0,510.0,0,investing
2013-11-29,510.4,512.5,509.8,510.2,510.2,0,investing
2013-12-02,510.4,512.1,508.8,509.4,509.4,0,investing
2013-12-03,508.4,512.9,508.1,511.2,511.2,0,investing
2013-12-04,509.1,512.3,505.2,508.8,508.8,0,investing
2013-12-05,509.3,511.9,508.5,509.9,509.9,0,investing
2013-12-06,515.7,517.0,514.4,515.6,515.6,0,investing
2013-12-09,516.6,519.0,516.1,516.8,516.8,0,investing
2013-12-10,516.3,517.9,513.9,515.3,515.3,0,investing
2013-12-11,514.9,516.8,509.8,510.2,510.2,0,investing
2013-12-12,510.2,511.2,505.6,505.8,505.8,0,investing
2013-12-13,507.5,508.5,504.3,505.5,505.5,0,investing
2013-12-16,512.0,515.1,511.9,512.1,512.1,0,investing
2013-12-17,512.2,518.7,512.2,517.2,517.2,0,investing
2013-12-18,516.7,521.2,509.6,521.1,521.1,0,investing
2013-12-19,519.9,519.9,515.6,517.8,517.8,0,investing
2013-12-20,518.1,523.6,517.9,522.1,522.1,0,investing
2013-12-23,524.1,527.1,523.8,526.6,526.6,0,investing
2013-12-24,526.8,529.5,526.7,528.4,528.4,0,investing
2013-12-26,529.8,531.0,528.5,529.8,529.8,0,investing
2013-12-27,531.2,531.6,529.4,530.0,530.0,0,investing
2013-12-30,529.6,532.2,529.3,531.6,531.6,0,investing
2013-12-31,533.0,535.8,532.6,535.0,535.0,0,investing
2014-01-02,530.7,530.8,526.0,527.8,527.8,0,investing
2014-01-03,526.9,528.3,524.5,526.7,526.7,0,investing
2014-01-06,527.1,527.1,522.9,523.8,523.8,0,investing
2014-01-07,525.1,528.3,524.5,527.4,527.4,0,investing
2014-01-08,532.0,535.9,530.2,535.8,535.8,0,investing
2014-01-09,535.7,536.2,529.6,531.5,531.5,0,investing
2014-01-10,533.4,534.7,531.4,533.7,533.7,0,investing
2014-01-13,533.1,534.9,526.3,527.7,527.7,0,investing
2014-01-14,529.1,540.1,529.1,539.6,539.6,0,investing
2014-01-15,541.3,545.8,541.2,544.2,544.2,0,investing
2014-01-16,543.2,544.2,540.1,541.0,541.0,0,investing
2014-01-17,538.4,542.0,536.9,538.1,538.1,0,investing
2014-01-21,540.6,541.8,537.2,541.5,541.5,0,investing
2014-01-22,541.0,547.9,540.2,547.5,547.5,0,investing
2014-01-23,544.1,544.4,538.6,541.5,541.5,0,investing
2014-01-24,538.9,539.3,528.6,528.9,528.9,0,investing
2014-01-27,529.9,531.5,522.3,525.3,525.3,0,investing
2014-01-28,523.8,528.7,522.3,527.5,527.5,0,investing
2014-01-29,524.0,529.9,523.9,525.1,525.1,0,investing
2014-01-30,529.9,533.3,527.6,532.0,532.0,0,investing
2014-01-31,525.6,531.6,525.5,529.2,529.2,0,investing
2014-02-03,528.1,529.2,516.4,517.5,517.5,0,investing
2014-02-04,518.0,519.1,515.3,518.3,518.3,0,investing
2014-02-05,516.5,520.7,512.7,518.5,518.5,0,investing
2014-02-06,519.9,527.8,519.6,526.7,526.7,0,investing
2014-02-07,529.6,535.6,527.0,535.3,535.3,0,investing
2014-02-10,534.8,538.5,534.4,538.0,538.0,0,investing
2014-02-11,538.5,546.2,538.2,544.9,544.9,0,investing
2014-02-12,545.9,550.3,545.9,549.5,549.5,0,investing
2014-02-13,547.2,556.0,546.3,556.0,556.0,0,investing
2014-02-14,555.1,559.9,553.4,559.1,559.1,0,investing
2014-02-18,559.0,560.9,556.2,560.5,560.5,0,investing
2014-02-19,558.9,562.6,558.4,560.0,560.0,0,investing
2014-02-20,560.8,564.7,559.3,564.1,564.1,0,investing
2014-02-21,565.3,566.3,559.9,561.2,561.2,0,investing
2014-02-24,563.1,567.2,562.9,563.4,563.4,0,investing
2014-02-25,564.0,564.3,557.8,560.5,560.5,0,investing
2014-02-26,562.3,568.2,562.3,564.3,564.3,0,investing
2014-02-27,563.7,565.1,560.2,564.2,564.2,0,investing
2014-02-28,564.3,566.0,559.8,563.8,563.8,0,investing
2014-03-03,558.3,561.6,555.0,560.2,560.2,0,investing
2014-03-04,566.8,570.9,566.7,570.1,570.1,0,investing
2014-03-05,569.9,572.6,568.9,571.3,571.3,0,investing
2014-03-06,572.5,575.5,570.6,575.0,575.0,0,investing
2014-03-07,576.9,577.6,572.6,574.4,574.4,0,investing
2014-03-10,574.1,575.8,570.8,573.2,573.2,0,investing
2014-03-11,574.6,576.3,568.6,570.1,570.1,0,investing
2014-03-12,568.7,575.0,566.0,574.9,574.9,0,investing
2014-03-13,576.2,578.0,562.3,565.1,565.1,0,investing
2014-03-14,565.0,567.6,562.1,562.5,562.5,0,investing
2014-03-17,565.5,571.2,565.5,569.5,569.5,0,investing
2014-03-18,569.6,577.5,569.0,577.2,577.2,0,investing
2014-03-19,577.0,580.9,573.2,576.7,576.7,0,investing
2014-03-20,576.0,587.7,575.8,587.6,587.6,0,investing
2014-03-21,589.4,590.1,580.9,582.5,582.5,0,investing
2014-03-24,584.0,585.6,575.5,579.9,579.9,0,investing
2014-03-25,583.3,587.7,581.2,584.3,584.3,0,investing
2014-03-26,587.9,591.1,577.8,577.8,577.8,0,investing
2014-03-27,577.6,580.0,572.0,573.3,573.3,0,investing
2014-03-28,574.8,582.2,574.4,577.5,577.5,0,investing
2014-03-31,580.8,588.4,580.7,586.7,586.7,0,investing
2014-04-01,589.5,595.9,588.9,595.9,595.9,0,investing
2014-04-02,596.2,597.2,592.0,594.9,594.9,0,investing
2014-04-03,598.0,601.4,593.2,595.9,595.9,0,investing
2014-04-04,600.4,600.7,578.4,579.2,579.2,0,investing
2014-04-07,577.2,582.6,570.7,573.9,573.9,0,investing
2014-04-08,574.9,581.9,574.4,581.2,581.2,0,investing
2014-04-09,585.3,588.1,581.1,587.7,587.7,0,investing
2014-04-10,587.1,588.5,568.8,569.1,569.1,0,investing
2014-04-11,563.8,571.5,559.2,560.3,560.3,0,investing
2014-04-14,564.8,567.9,559.6,565.0,565.0,0,investing
2014-04-15,566.0,570.5,558.7,569.0,569.0,0,investing
2014-04-16,568.4,568.5,559.7,567.9,567.9,0,investing
2014-04-17,571.1,581.4,570.9,578.4,578.4,0,investing
2014-04-21,581.7,583.9,576.1,583.5,583.5,0,investing
2014-04-22,583.5,590.6,583.5,589.1,589.1,0,investing
2014-04-23,589.3,591.0,586.9,588.4,588.4,0,investing
2014-04-24,591.0,593.4,584.1,591.6,591.6,0,investing
2014-04-25,584.6,584.8,571.1,572.2,572.2,0,investing
2014-04-28,574.9,577.0,560.7,568.5,568.5,0,investing
2014-04-29,571.5,574.3,567.8,573.0,573.0,0,investing
2014-04-30,571.7,576.0,570.0,576.0,576.0,0,investing
2014-05-01,576.4,581.1,572.2,573.9,573.9,0,investing
2014-05-02,575.1,578.1,572.4,575.5,575.5,0,investing
2014-05-05,572.6,577.2,570.1,575.9,575.9,0,investing
2014-05-06,576.9,579.1,573.1,573.5,573.5,0,investing
2014-05-07,574.7,575.9,568.9,574.0,574.0,0,investing
2014-05-08,573.1,585.8,571.4,577.8,577.8,0,investing
2014-05-09,576.4,577.5,571.8,576.0,576.0,0,investing
2014-05-12,579.1,587.0,578.9,586.5,586.5,0,investing
2014-05-13,587.0,588.0,581.6,581.9,581.9,0,investing
2014-05-14,580.1,582.1,576.5,576.8,576.8,0,investing
2014-05-15,576.4,576.8,565.6,570.0,570.0,0,investing
2014-05-16,571.3,576.7,569.3,576.0,576.0,0,investing
2014-05-19,576.6,583.4,576.1,582.0,582.0,0,investing
2014-05-20,581.4,583.5,575.7,578.6,578.6,0,investing
2014-05-21,580.6,583.4,578.7,581.8,581.8,0,investing
2014-05-22,582.1,586.5,582.1,584.3,584.3,0,investing
2014-05-23,584.8,590.1,583.3,589.9,589.9,0,investing
2014-05-27,592.3,597.1,592.0,597.1,597.1,0,investing
2014-05-28,597.6,599.1,594.5,597.7,597.7,0,investing
2014-05-29,598.9,601.1,597.7,599.0,599.0,0,investing
2014-05-30,600.0,600.7,597.4,599.6,599.6,0,investing
2014-06-02,603.2,604.6,597.6,602.8,602.8,0,investing
2014-06-03,601.6,608.9,601.4,608.4,608.4,0,investing
2014-06-04,606.7,611.8,606.4,611.1,611.1,0,investing
2014-06-05,611.0,615.8,608.8,614.3,614.3,0,investing
2014-06-06,617.0,618.5,615.3,617.2,617.2,0,investing
2014-06-09,618.5,621.8,617.4,618.4,618.4,0,investing
2014-06-10,617.4,620.5,615.9,620.3,620.3,0,investing
2014-06-11,621.5,625.9,620.3,623.5,623.5,0,investing
2014-06-12,622.1,625.5,619.0,621.4,621.4,0,investing
2014-06-13,627.8,629.4,623.9,627.5,627.5,0,investing
2014-06-16,627.5,632.2,626.4,630.9,630.9,0,investing
2014-06-17,630.0,636.6,630.0,635.5,635.5,0,investing
2014-06-18,636.0,636.3,628.2,633.2,633.2,0,investing
2014-06-19,633.8,634.0,629.7,634.0,634.0,0,investing
2014-06-20,634.5,635.5,632.8,635.4,635.4,0,investing
2014-06-23,635.6,636.0,632.6,633.1,633.1,0,investing
2014-06-24,633.1,637.9,627.1,628.5,628.5,0,investing
2014-06-25,626.9,631.6,624.3,630.9,630.9,0,investing
2014-06-26,630.0,630.8,623.7,628.3,628.3,0,investing
2014-06-27,627.3,629.5,625.7,629.3,629.3,0,investing
2014-06-30,631.0,636.5,630.6,635.9,635.9,0,investing
2014-07-01,638.2,647.3,638.2,644.7,644.7,0,investing
2014-07-02,644.2,647.3,643.8,645.8,645.8,0,investing
2014-07-03,648.7,651.4,648.5,650.5,650.5,0,investing
2014-07-07,650.6,651.1,645.1,646.1,646.1,0,investing
2014-07-08,645.1,646.2,636.7,642.6,642.6,0,investing
2014-07-09,642.6,647.2,639.5,646.6,646.6,0,investing
2014-07-10,636.9,646.4,635.2,643.5,643.5,0,investing
2014-07-11,643.9,645.3,641.1,643.9,643.9,0,investing
2014-07-14,647.7,648.6,644.4,646.1,646.1,0,investing
2014-07-15,646.5,648.4,638.5,644.4,644.4,0,investing
2014-07-16,650.2,652.3,648.1,651.8,651.8,0,investing
2014-07-17,644.4,645.4,634.0,635.3,635.3,0,investing
2014-07-18,637.9,644.1,636.1,643.4,643.4,0,investing
2014-07-21,641.9,646.5,641.5,645.0,645.0,0,investing
2014-07-22,647.7,650.7,646.4,649.4,649.4,0,investing
2014-07-23,645.5,645.6,634.3,634.5,634.5,0,investing
2014-07-24,633.8,634.7,628.6,629.1,629.1,0,investing
2014-07-25,623.4,623.4,614.9,616.6,616.6,0,investing
2014-07-28,617.3,617.4,608.4,616.0,616.0,0,investing
2014-07-29,617.1,620.5,614.4,614.4,614.4,0,investing
2014-07-30,619.9,622.4,616.7,620.6,620.6,0,investing
2014-07-31,612.7,615.3,605.1,607.5,607.5,0,investing
2014-08-01,608.1,613.5,604.5,609.8,609.8,0,investing
2014-08-04,610.2,614.0,606.5,612.3,612.3,0,investing
2014-08-05,609.0,612.1,603.0,605.3,605.3,0,investing
2014-08-06,602.7,611.5,601.8,607.7,607.7,0,investing
2014-08-07,610.6,611.5,597.7,599.4,599.4,0,investing
2014-08-08,601.9,606.6,600.3,606.2,606.2,0,investing
2014-08-11,608.8,615.4,608.8,612.0,612.0,0,investing
2014-08-12,610.8,613.7,606.3,611.3,611.3,0,investing
2014-08-13,612.6,617.2,612.5,617.0,617.0,0,investing
2014-08-14,617.3,619.3,616.3,618.3,618.3,0,investing
2014-08-15,623.9,627.2,617.5,624.6,624.6,0,investing
2014-08-18,625.8,627.5,622.7,627.5,627.5,0,investing
2014-08-19,628.2,632.2,628.1,631.5,631.5,0,investing
2014-08-20,631.1,637.4,631.1,636.6,636.6,0,investing
2014-08-21,636.1,639.5,635.3,639.1,639.1,0,investing
2014-08-22,639.5,642.4,637.0,639.7,639.7,0,investing
2014-08-25,643.1,643.2,636.3,637.2,637.2,0,investing
2014-08-26,638.2,639.8,636.7,637.5,637.5,0,investing
2014-08-27,637.9,639.0,634.5,638.6,638.6,0,investing
2014-08-28,636.4,641.0,634.3,640.5,640.5,0,investing
2014-08-29,645.1,647.2,642.5,645.2,645.2,0,investing
2014-09-02,646.0,646.4,639.5,642.5,642.5,0,investing
2014-09-03,644.5,646.7,641.8,644.1,644.1,0,investing
2014-09-04,645.0,650.5,644.0,645.7,645.7,0,investing
2014-09-05,646.4,651.3,645.3,651.2,651.2,0,investing
2014-09-08,650.6,656.0,650.0,652.5,652.5,0,investing
2014-09-09,650.9,653.1,645.5,646.5,646.5,0,investing
2014-09-10,646.6,648.0,642.4,646.5,646.5,0,investing
2014-09-11,643.4,648.1,641.5,648.1,648.1,0,investing
2014-09-12,646.7,646.8,638.5,639.9,639.9,0,investing
2014-09-15,640.4,641.2,631.9,632.2,632.2,0,investing
2014-09-16,631.5,643.9,631.0,643.1,643.1,0,investing
2014-09-17,643.1,651.4,643.1,647.8,647.8,0,investing
2014-09-18,650.4,657.4,649.0,657.4,657.4,0,investing
2014-09-19,657.9,659.5,648.3,649.5,649.5,0,investing
2014-09-22,647.4,648.5,640.3,641.4,641.4,0,investing
2014-09-23,638.3,644.8,636.5,639.9,639.9,0,investing
2014-09-24,641.8,647.9,640.7,647.5,647.5,0,investing
2014-09-25,646.8,647.2,633.6,635.4,635.4,0,investing
2014-09-26,640.7,645.0,638.5,643.3,643.3,0,investing
2014-09-29,637.2,646.2,635.8,644.2,644.2,0,investing
2014-09-30,644.0,644.6,636.5,638.5,638.5,0,investing
2014-10-01,637.6,637.6,621.7,623.4,623.4,0,investing
2014-10-02,622.0,622.1,608.1,619.7,619.7,0,investing
2014-10-03,623.2,627.5,619.9,623.1,623.1,0,investing
2014-10-06,624.6,625.5,613.8,618.0,618.0,0,investing
2014-10-07,614.0,617.3,606.1,606.2,606.2,0,investing
2014-10-08,606.6,620.9,600.6,620.0,620.0,0,investing
2014-10-09,616.9,618.8,602.6,603.0,603.0,0,investing
2014-10-10,581.7,581.8,556.5,561.4,561.4,0,investing
2014-10-13,562.0,568.6,549.2,549.5,549.5,0,investing
2014-10-14,559.7,570.0,554.8,559.7,559.7,0,investing
2014-10-15,548.6,566.3,545.3,562.3,562.3,0,investing
2014-10-16,553.5,575.0,553.3,570.7,570.7,0,investing
2014-10-17,580.7,584.8,573.9,575.3,575.3,0,investing
2014-10-20,574.0,584.8,571.2,584.1,584.1,0,investing
2014-10-21,590.5,605.9,590.3,605.2,605.2,0,investing
2014-10-22,609.7,611.2,596.5,596.9,596.9,0,investing
2014-10-23,603.8,608.9,602.9,605.6,605.6,0,investing
2014-10-24,607.5,613.3,605.1,612.0,612.0,0,investing
2014-10-27,612.1,615.6,606.5,614.2,614.2,0,investing
2014-10-28,617.1,623.6,615.5,623.5,623.5,0,investing
2014-10-29,621.9,625.9,617.3,624.2,624.2,0,investing
2014-10-30,620.5,622.1,608.7,617.0,617.0,0,investing
2014-10-31,635.7,643.8,635.7,640.9,640.9,0,investing
2014-11-03,640.8,648.4,640.8,644.8,644.8,0,investing
2014-11-04,643.1,646.6,637.9,643.0,643.0,0,investing
2014-11-05,645.6,649.6,641.3,649.0,649.0,0,investing
2014-11-06,643.6,647.0,639.1,643.3,643.3,0,investing
2014-11-07,643.4,644.9,632.2,637.5,637.5,0,investing
2014-11-10,637.7,643.2,636.3,642.2,642.2,0,investing
2014-11-11,641.5,643.2,638.3,640.4,640.4,0,investing
2014-11-12,638.6,640.5,636.1,639.8,639.8,0,investing
2014-11-13,642.2,646.4,637.7,639.8,639.8,0,investing
2014-11-14,638.6,645.9,635.2,645.6,645.6,0,investing
2014-11-17,642.2,644.2,637.3,642.5,642.5,0,investing
2014-11-18,642.3,656.4,642.3,654.8,654.8,0,investing
2014-11-19,654.5,655.5,647.1,650.2,650.2,0,investing
2014-11-20,645.9,656.7,644.4,656.3,656.3,0,investing
2014-11-21,661.7,665.3,657.9,663.0,663.0,0,investing
2014-11-24,663.9,670.0,663.6,669.5,669.5,0,investing
2014-11-25,671.2,672.2,668.4,669.4,669.4,0,investing
2014-11-26,670.0,683.7,670.0,683.5,683.5,0,investing
2014-11-28,685.0,687.7,681.4,685.7,685.7,0,investing
2014-12-01,684.0,686.0,674.2,676.7,676.7,0,investing
2014-12-02,675.5,681.4,672.9,681.4,681.4,0,investing
2014-12-03,684.1,696.2,684.1,695.3,695.3,0,investing
2014-12-04,696.4,700.5,691.9,696.2,696.2,0,investing
2014-12-05,697.2,703.1,696.5,703.1,703.1,0,investing
2014-12-08,700.6,704.4,688.5,693.0,693.0,0,investing
2014-12-09,683.5,694.6,681.5,692.8,692.8,0,investing
2014-12-10,690.0,693.6,678.5,680.0,680.0,0,investing
2014-12-11,683.3,691.4,681.5,683.1,683.1,0,investing
2014-12-12,676.9,681.7,671.2,671.3,671.3,0,investing
2014-12-15,676.1,681.3,663.4,665.7,665.7,0,investing
2014-12-16,661.7,675.2,660.2,661.3,661.3,0,investing
2014-12-17,662.1,676.7,656.7,675.6,675.6,0,investing
2014-12-18,685.7,688.1,681.3,688.1,688.1,0,investing
2014-12-19,688.6,689.2,682.9,686.1,686.1,0,investing
2014-12-22,689.5,697.3,688.8,696.7,696.7,0,investing
2014-12-23,699.4,702.2,695.0,695.3,695.3,0,investing
2014-12-24,696.8,699.0,695.0,696.4,696.4,0,investing
2014-12-26,698.1,699.8,695.9,697.0,697.0,0,investing
2014-12-29,696.2,696.6,692.4,695.1,695.1,0,investing
2014-12-30,692.3,694.0,690.7,691.0,691.0,0,investing
2014-12-31,693.6,696.8,686.5,686.9,686.9,0,investing
2015-01-02,690.3,694.0,680.3,686.7,686.7,0,investing
2015-01-05,683.6,684.8,673.4,673.6,673.6,0,investing
2015-01-06,675.1,675.1,656.4,658.8,658.8,0,investing
2015-01-07,660.4,668.2,658.8,665.3,665.3,0,investing
2015-01-08,671.8,686.2,671.8,684.6,684.6,0,investing
2015-01-09,685.9,688.2,676.8,685.5,685.5,0,investing
2015-01-12,680.9,681.4,668.5,671.8,671.8,0,investing
2015-01-13,678.0,685.3,661.9,665.6,665.6,0,investing
2015-01-14,658.8,668.3,654.9,661.6,661.6,0,investing
2015-01-15,667.3,670.4,655.9,656.5,656.5,0,investing
2015-01-16,654.4,664.6,651.6,663.9,663.9,0,investing
2015-01-20,666.7,673.1,662.2,670.6,670.6,0,investing
2015-01-21,667.5,681.2,666.7,678.2,678.2,0,investing
2015-01-22,676.5,682.9,664.9,682.5,682.5,0,investing
2015-01-23,679.2,683.9,677.1,680.5,680.5,0,investing
2015-01-26,677.6,683.5,674.2,682.4,682.4,0,investing
2015-01-27,672.2,676.2,665.5,669.8,669.8,0,investing
2015-01-28,677.0,684.2,665.8,666.1,666.1,0,investing
2015-01-29,662.8,669.0,654.4,666.6,666.6,0,investing
2015-01-30,661.3,668.0,652.4,653.1,653.1,0,investing
2015-02-02,653.8,657.2,641.1,655.2,655.2,0,investing
2015-02-03,657.8,667.1,656.8,666.9,666.9,0,investing
2015-02-04,664.4,673.8,664.3,669.1,669.1,0,investing
2015-02-05,671.8,675.8,668.1,675.7,675.7,0,investing
2015-02-06,676.0,682.0,670.0,671.8,671.8,0,investing
2015-02-09,669.5,670.1,663.0,664.5,664.5,0,investing
2015-02-10,672.2,687.3,671.1,687.0,687.0,0,investing
2015-02-11,687.2,691.6,684.4,689.2,689.2,0,investing
2015-02-12,692.4,700.2,691.7,700.2,700.2,0,investing
2015-02-13,701.6,706.9,698.7,705.1,705.1,0,investing
2015-02-17,703.9,707.8,702.4,707.1,707.1,0,investing
2015-02-18,704.6,707.0,702.2,705.2,705.2,0,investing
2015-02-19,704.2,708.9,702.8,707.0,707.0,0,investing
2015-02-20,704.6,711.5,702.9,711.2,711.2,0,investing
2015-02-23,710.4,710.5,704.2,706.7,706.7,0,investing
2015-02-24,704.8,716.3,702.1,716.1,716.1,0,investing
2015-02-25,714.6,716.1,710.0,712.0,712.0,0,investing
2015-02-26,716.1,718.8,713.0,716.7,716.7,0,investing
2015-02-27,716.8,718.6,712.7,714.6,714.6,0,investing
2015-03-02,720.9,734.5,720.9,734.5,734.5,0,investing
2015-03-03,729.8,730.7,719.6,720.3,720.3,0,investing
2015-03-04,718.0,719.9,711.5,719.5,719.5,0,investing
2015-03-05,722.5,724.3,717.0,720.2,720.2,0,investing
2015-03-06,718.0,719.2,710.6,712.4,712.4,0,investing
2015-03-09,713.3,716.5,711.3,715.0,715.0,0,investing
2015-03-10,709.9,711.8,701.3,701.3,701.3,0,investing
2015-03-11,705.0,710.5,702.9,703.2,703.2,0,investing
2015-03-12,695.9,703.1,695.8,702.8,702.8,0,investing
2015-03-13,703.3,709.0,700.1,707.8,707.8,0,investing
2015-03-16,711.9,718.9,711.6,718.5,718.5,0,investing
2015-03-17,712.9,714.4,709.1,713.2,713.2,0,investing
2015-03-18,711.8,721.8,703.7,718.5,718.5,0,investing
2015-03-19,717.9,722.0,716.6,720.2,720.2,0,investing
2015-03-20,725.9,732.7,724.2,730.9,730.9,0,investing
2015-03-23,730.3,731.3,724.0,724.0,724.0,0,investing
2015-03-24,723.8,725.2,717.7,717.8,717.8,0,investing
2015-03-25,717.4,717.4,684.0,684.7,684.7,0,investing
2015-03-26,666.0,679.8,660.6,675.2,675.2,0,investing
2015-03-27,676.7,697.1,674.0,694.3,694.3,0,investing
2015-03-30,699.3,705.3,695.0,703.7,703.7,0,investing
2015-03-31,699.7,702.5,694.6,695.5,695.5,0,investing
2015-04-01,693.2,694.6,685.6,691.2,691.2,0,investing
2015-04-02,693.0,696.3,688.8,689.2,689.2,0,investing
2015-04-06,681.1,694.1,679.3,692.7,692.7,0,investing
2015-04-07,692.1,698.8,691.6,692.9,692.9,0,investing
2015-04-08,692.1,699.1,691.4,697.5,697.5,0,investing
2015-04-09,694.5,706.8,694.4,706.2,706.2,0,investing
2015-04-10,706.4,709.1,705.4,709.0,709.0,0,investing
2015-04-13,710.6,712.7,703.8,704.5,704.5,0,investing
2015-04-14,704.2,704.8,695.1,697.9,697.9,0,investing
2015-04-15,702.2,711.3,702.1,709.3,709.3,0,investing
2015-04-16,703.7,707.3,702.8,706.1,706.1,0,investing
2015-04-17,699.6,700.2,692.7,696.1,696.1,0,investing
2015-04-20,699.2,704.8,699.2,702.3,702.3,0,investing
2015-04-21,710.6,711.7,704.2,707.1,707.1,0,investing
2015-04-22,712.2,717.1,705.9,716.8,716.8,0,investing
2015-04-23,702.1,708.5,700.6,705.5,705.5,0,investing
2015-04-24,704.2,704.2,689.6,693.7,693.7,0,investing
2015-04-27,694.8,703.2,693.8,696.1,696.1,0,investing
2015-04-28,696.3,697.5,686.5,696.2,696.2,0,investing
2015-04-29,690.6,694.6,685.1,692.2,692.2,0,investing
2015-04-30,690.5,693.7,682.1,686.3,686.3,0,investing
2015-05-01,692.1,707.1,691.9,705.5,705.5,0,investing
2015-05-04,706.5,708.6,701.9,704.0,704.0,0,investing
2015-05-05,699.3,699.9,687.7,688.4,688.4,0,investing
2015-05-06,690.9,693.7,682.7,687.5,687.5,0,investing
2015-05-07,690.3,696.3,690.2,695.2,695.2,0,investing
2015-05-08,699.0,704.9,698.5,702.1,702.1,0,investing
2015-05-11,701.0,704.9,699.4,702.3,702.3,0,investing
2015-05-12,699.2,700.2,692.8,696.2,696.2,0,investing
2015-05-13,698.4,705.1,698.1,700.1,700.1,0,investing
2015-05-14,705.2,711.1,702.1,708.3,708.3,0,investing
2015-05-15,710.0,712.5,706.2,709.5,709.5,0,investing
2015-05-18,710.9,716.9,708.6,716.5,716.5,0,investing
2015-05-19,718.2,721.2,711.0,713.4,713.4,0,investing
2015-05-20,714.2,720.2,712.0,714.5,714.5,0,investing
2015-05-21,714.3,719.7,710.9,718.4,718.4,0,investing
2015-05-22,718.2,722.8,718.2,720.2,720.2,0,investing
2015-05-26,718.6,719.5,711.4,714.8,714.8,0,investing
2015-05-27,717.0,744.8,716.3,742.4,742.4,0,investing
2015-05-28,743.9,747.0,738.3,743.3,743.3,0,investing
2015-05-29,746.0,749.2,742.5,745.4,745.4,0,investing
2015-06-01,748.8,751.2,742.0,746.1,746.1,0,investing
2015-06-02,743.4,743.4,736.9,737.3,737.3,0,investing
2015-06-03,741.7,742.0,732.3,732.7,732.7,0,investing
2015-06-04,729.3,732.1,724.1,725.8,725.8,0,investing
2015-06-05,724.9,728.1,719.5,726.3,726.3,0,investing
2015-06-08,726.0,726.1,710.7,712.4,712.4,0,investing
2015-06-09,712.1,713.8,704.8,711.6,711.6,0,investing
2015-06-10,715.4,723.3,714.9,720.9,720.9,0,investing
2015-06-11,722.0,724.3,719.9,720.5,720.5,0,investing
2015-06-12,716.2,718.1,713.1,714.1,714.1,0,investing
2015-06-15,706.8,713.2,703.1,712.6,712.6,0,investing
2015-06-16,711.0,716.4,709.6,715.1,715.1,0,investing
2015-06-17,716.1,718.0,712.1,715.2,715.2,0,investing
2015-06-18,717.6,728.6,717.6,725.6,725.6,0,investing
2015-06-19,727.5,728.2,719.2,723.4,723.4,0,investing
2015-06-22,728.1,729.6,724.1,728.2,728.2,0,investing
2015-06-23,730.1,730.6,721.8,723.9,723.9,0,investing
2015-06-24,722.8,724.8,716.4,716.5,716.5,0,investing
2015-06-25,719.0,720.8,714.1,715.8,715.8,0,investing
2015-06-26,708.1,708.8,695.4,698.4,698.4,0,investing
2015-06-29,685.0,693.0,677.5,678.1,678.1,0,investing
2015-06-30,683.6,685.7,677.3,680.5,680.5,0,investing
2015-07-01,687.6,690.9,680.5,682.1,682.1,0,investing
2015-07-02,683.6,687.2,682.2,685.5,685.5,0,investing
2015-07-06,678.2,685.3,672.4,675.1,675.1,0,investing
2015-07-07,673.5,674.6,652.9,672.9,672.9,0,investing
2015-07-08,662.8,663.4,653.4,655.2,655.2,0,investing
2015-07-09,665.8,667.8,646.5,646.6,646.6,0,investing
2015-07-10,654.2,661.1,653.7,658.9,658.9,0,investing
2015-07-13,665.0,665.4,659.1,664.0,664.0,0,investing
2015-07-14,667.9,672.7,666.7,671.2,671.2,0,investing
2015-07-15,670.5,672.2,664.0,667.0,667.0,0,investing
2015-07-16,670.6,670.6,662.3,668.6,668.6,0,investing
2015-07-17,666.9,667.7,661.7,667.0,667.0,0,investing
2015-07-20,669.7,670.8,662.1,662.5,662.5,0,investing
2015-07-21,662.7,668.4,661.3,662.9,662.9,0,investing
2015-07-22,642.2,647.8,639.0,646.1,646.1,0,investing
2015-07-23,651.0,663.7,650.7,655.5,655.5,0,investing
2015-07-24,658.7,658.9,641.8,642.5,642.5,0,investing
2015-07-27,637.9,642.3,630.9,637.9,637.9,0,investing
2015-07-28,640.8,655.1,636.0,650.9,650.9,0,investing
2015-07-29,649.0,652.9,644.6,651.8,651.8,0,investing
2015-07-30,648.8,656.2,646.4,654.1,654.1,0,investing
2015-07-31,654.7,654.7,645.4,646.3,646.3,0,investing
2015-08-03,645.9,647.1,641.0,644.4,644.4,0,investing
2015-08-04,641.7,643.4,633.0,637.2,637.2,0,investing
2015-08-05,640.0,649.2,639.7,644.6,644.6,0,investing
2015-08-06,644.7,644.8,628.3,633.1,633.1,0,investing
2015-08-07,631.6,637.5,630.2,636.8,636.8,0,investing
2015-08-10,642.2,653.7,641.9,652.6,652.6,0,investing
2015-08-11,644.7,646.0,635.2,637.9,637.9,0,investing
2015-08-12,628.4,644.5,625.2,641.5,641.5,0,investing
2015-08-13,641.3,643.6,634.8,634.9,634.9,0,investing
2015-08-14,633.3,634.6,627.2,631.0,631.0,0,investing
2015-08-17,627.1,637.4,625.3,637.2,637.2,0,investing
2015-08-18,634.9,635.2,622.9,624.0,624.0,0,investing
2015-08-19,623.8,625.6,614.1,618.3,618.3,0,investing
2015-08-20,610.6,612.0,594.8,594.8,594.8,0,investing
2015-08-21,587.8,596.3,578.6,578.6,578.6,0,investing
2015-08-24,545.5,591.0,543.0,566.6,566.6,0,investing
2015-08-25,583.7,588.1,559.6,559.6,559.6,0,investing
2015-08-26,575.1,588.5,566.3,587.8,587.8,0,investing
2015-08-27,597.0,610.5,597.0,609.8,609.8,0,investing
2015-08-28,607.2,614.5,607.0,613.9,613.9,0,investing
2015-08-31,609.3,617.5,605.3,611.0,611.0,0,investing
2015-09-01,595.5,605.2,586.6,590.1,590.1,0,investing
2015-09-02,600.4,603.8,593.2,603.8,603.8,0,investing
2015-09-03,607.4,616.5,606.8,608.6,608.6,0,investing
2015-09-04,598.7,605.5,595.5,597.6,597.6,0,investing
2015-09-08,612.9,624.5,612.6,624.1,624.1,0,investing
2015-09-09,629.9,633.8,611.4,612.8,612.8,0,investing
2015-09-10,612.7,621.2,606.7,615.3,615.3,0,investing
2015-09-11,609.0,616.3,607.4,615.8,615.8,0,investing
2015-09-14,619.3,620.7,615.0,617.7,617.7,0,investing
2015-09-15,621.2,626.9,619.8,625.1,625.1,0,investing
2015-09-16,623.6,627.0,619.8,626.6,626.6,0,investing
2015-09-17,625.4,631.4,620.0,621.0,621.0,0,investing
2015-09-18,612.2,618.4,608.2,610.8,610.8,0,investing
2015-09-21,614.0,616.5,605.8,608.7,608.7,0,investing
2015-09-22,598.8,600.2,592.9,595.1,595.1,0,investing
2015-09-23,596.4,598.7,590.1,590.7,590.7,0,investing
2015-09-24,586.1,593.4,574.4,589.7,589.7,0,investing
2015-09-25,598.0,601.9,587.4,592.9,592.9,0,investing
2015-09-28,590.0,592.4,576.4,576.4,576.4,0,investing
2015-09-29,577.2,585.9,573.6,580.5,580.5,0,investing
2015-09-30,588.5,603.4,588.3,602.7,602.7,0,investing
2015-10-01,602.3,602.5,585.4,595.6,595.6,0,investing
2015-10-02,590.2,608.5,587.5,608.5,608.5,0,investing
2015-10-05,613.8,622.9,612.4,619.9,619.9,0,investing
2015-10-06,619.0,623.7,610.7,622.0,622.0,0,investing
2015-10-07,627.3,634.0,619.8,631.3,631.3,0,investing
2015-10-08,629.4,635.2,624.4,634.8,634.8,0,investing
2015-10-09,633.6,636.2,626.7,629.5,629.5,0,investing
2015-10-12,630.5,631.8,627.1,630.5,630.5,0,investing
2015-10-13,625.1,629.3,622.1,622.3,622.3,0,investing
2015-10-14,625.7,650.8,624.3,645.7,645.7,0,investing
2015-10-15,650.5,656.2,645.9,651.9,651.9,0,investing
2015-10-16,651.3,653.8,647.5,652.6,652.6,0,investing
2015-10-19,651.2,657.1,647.9,652.9,652.9,0,investing
2015-10-20,652.4,654.4,648.4,651.9,651.9,0,investing
2015-10-21,661.1,665.4,652.9,653.2,653.2,0,investing
2015-10-22,664.9,676.7,664.6,676.0,676.0,0,investing
2015-10-23,678.6,685.8,674.8,683.7,683.7,0,investing
2015-10-26,679.8,680.3,668.4,670.2,670.2,0,investing
2015-10-27,665.8,670.6,664.1,665.7,665.7,0,investing
2015-10-28,670.1,677.4,667.4,677.2,677.2,0,investing
2015-10-29,662.2,664.2,655.3,656.9,656.9,0,investing
2015-10-30,658.9,664.8,658.9,662.5,662.5,0,investing
2015-11-02,662.9,669.4,662.8,668.5,668.5,0,investing
2015-11-03,666.6,674.4,666.4,671.7,671.7,0,investing
2015-11-04,672.5,674.3,668.5,673.5,673.5,0,investing
2015-11-05,670.8,671.0,658.2,659.4,659.4,0,investing
2015-11-06,665.2,676.8,664.8,676.5,676.5,0,investing
2015-11-09,673.2,673.2,666.6,669.9,669.9,0,investing
2015-11-10,661.6,661.6,655.7,658.0,658.0,0,investing
2015-11-11,659.7,665.0,657.7,658.3,658.3,0,investing
2015-11-12,654.3,658.6,649.7,649.8,649.8,0,investing
2015-11-13,649.2,651.6,641.4,643.7,643.7,0,investing
2015-11-16,643.4,652.1,643.3,652.0,652.0,0,investing
2015-11-17,652.7,660.6,651.6,655.8,655.8,0,investing
2015-11-18,655.1,662.6,651.6,662.1,662.1,0,investing
2015-11-19,662.9,669.4,659.7,663.6,663.6,0,investing
2015-11-20,666.5,669.3,663.7,665.8,665.8,0,investing
2015-11-23,664.4,664.7,656.6,657.2,657.2,0,investing
2015-11-24,656.0,666.8,655.8,665.6,665.6,0,investing
2015-11-25,665.1,669.6,663.2,666.1,666.1,0,investing
2015-11-27,666.7,671.3,666.4,670.5,670.5,0,investing
2015-11-30,670.8,677.9,669.5,677.1,677.1,0,investing
2015-12-01,679.5,686.6,679.5,686.5,686.5,0,investing
2015-12-02,688.1,690.6,681.9,682.7,682.7,0,investing
2015-12-03,692.2,693.1,675.7,678.7,678.7,0,investing
2015-12-04,678.8,692.6,677.0,691.5,691.5,0,investing
2015-12-07,689.1,689.8,683.8,684.9,684.9,0,investing
2015-12-08,674.9,681.3,672.9,679.0,679.0,0,investing
2015-12-09,678.6,680.2,667.2,670.3,670.3,0,investing
2015-12-10,670.3,679.1,669.6,674.2,674.2,0,investing
2015-12-11,666.4,669.4,660.1,660.8,660.8,0,investing
2015-12-14,662.5,663.1,650.1,656.5,656.5,0,investing
2015-12-15,660.4,669.4,659.4,666.5,666.5,0,investing
2015-12-16,670.8,672.9,660.9,671.7,671.7,0,investing
2015-12-17,676.4,677.7,661.5,661.7,661.7,0,investing
2015-12-18,658.8,660.4,653.1,653.7,653.7,0,investing
2015-12-21,659.8,666.3,657.5,666.1,666.1,0,investing
2015-12-22,668.6,669.5,661.7,667.1,667.1,0,investing
2015-12-23,668.1,672.4,666.5,671.8,671.8,0,investing
2015-12-24,671.2,676.7,671.2,674.4,674.4,0,investing
2015-12-28,671.9,671.9,664.8,671.8,671.8,0,investing
2015-12-29,674.9,682.4,673.8,679.8,679.8,0,investing
2015-12-30,679.3,680.6,672.8,673.1,673.1,0,investing
2015-12-31,671.0,671.0,663.4,663.5,663.5,0,investing
2016-01-04,650.4,656.4,646.9,656.3,656.3,0,investing
2016-01-05,657.4,658.8,648.8,649.5,649.5,0,investing
2016-01-06,638.3,639.4,626.3,631.2,631.2,0,investing
2016-01-07,616.8,624.6,608.9,610.2,610.2,0,investing
2016-01-08,612.6,616.6,599.9,600.5,600.5,0,investing
2016-01-11,606.2,608.9,595.1,603.5,603.5,0,investing
2016-01-12,610.3,614.0,599.9,608.6,608.6,0,investing
2016-01-13,608.3,613.2,588.8,589.5,589.5,0,investing
2016-01-14,592.2,604.5,583.7,601.6,601.6,0,investing
2016-01-15,575.0,581.6,566.3,574.3,574.3,0,investing
2016-01-19,585.9,587.5,570.2,575.2,575.2,0,investing
2016-01-20,571.6,584.8,562.8,578.9,578.9,0,investing
2016-01-21,585.2,594.8,578.6,587.6,587.6,0,investing
2016-01-22,600.0,602.2,594.6,598.4,598.4,0,investing
2016-01-25,597.2,598.2,588.6,589.8,589.8,0,investing
2016-01-26,591.9,600.3,589.5,595.9,595.9,0,investing
2016-01-27,593.7,599.9,585.8,588.7,588.7,0,investing
2016-01-28,591.2,594.0,582.3,586.9,586.9,0,investing
2016-01-29,594.1,613.7,594.1,613.7,613.7,0,investing
2016-02-01,608.8,619.5,607.7,616.6,616.6,0,investing
2016-02-02,608.6,609.2,594.1,595.7,595.7,0,investing
2016-02-03,600.8,602.4,585.2,597.1,597.1,0,investing
2016-02-04,599.3,610.9,596.4,607.7,607.7,0,investing
2016-02-05,603.9,605.0,584.2,586.2,586.2,0,investing
2016-02-08,576.7,576.7,562.6,571.5,571.5,0,investing
2016-02-09,564.1,578.7,563.2,568.0,568.0,0,investing
2016-02-10,572.8,578.0,563.3,563.6,563.6,0,investing
2016-02-11,555.0,562.5,552.3,559.2,559.2,0,investing
2016-02-12,564.6,572.3,557.5,571.9,571.9,0,investing
2016-02-16,578.8,594.7,578.8,591.9,591.9,0,investing
2016-02-17,595.4,607.0,595.0,606.0,606.0,0,investing
2016-02-18,611.1,611.2,602.1,602.5,602.5,0,investing
2016-02-19,602.9,609.0,601.1,605.5,605.5,0,investing
2016-02-22,612.5,618.1,611.9,615.0,615.0,0,investing
2016-02-23,611.5,613.4,604.1,604.9,604.9,0,investing
2016-02-24,597.2,614.4,594.1,613.3,613.3,0,investing
2016-02-25,614.7,621.1,608.2,621.1,621.1,0,investing
2016-02-26,625.0,626.9,621.5,624.6,624.6,0,investing
2016-02-29,624.9,633.0,622.1,622.1,622.1,0,investing
2016-03-01,627.6,639.9,626.5,639.9,639.9,0,investing
2016-03-02,638.0,643.4,637.2,643.3,643.3,0,investing
2016-03-03,643.5,645.3,639.1,643.9,643.9,0,investing
2016-03-04,648.7,655.7,643.5,650.6,650.6,0,investing
2016-03-07,647.1,655.7,644.0,652.7,652.7,0,investing
2016-03-08,646.5,647.4,637.5,638.0,638.0,0,investing
2016-03-09,641.6,645.0,638.3,643.3,643.3,0,investing
2016-03-10,647.0,652.4,637.5,646.6,646.6,0,investing
2016-03-11,653.5,659.2,652.8,659.1,659.1,0,investing
2016-03-14,655.9,659.3,654.3,656.4,656.4,0,investing
2016-03-15,655.0,655.4,649.9,655.4,655.4,0,investing
2016-03-16,652.5,661.9,652.2,661.2,661.2,0,investing
2016-03-17,659.4,667.4,658.2,666.0,666.0,0,investing
2016-03-18,666.8,675.3,666.5,675.0,675.0,0,investing
2016-03-21,672.8,676.3,669.6,676.0,676.0,0,investing
2016-03-22,672.3,677.6,670.7,675.3,675.3,0,investing
2016-03-23,674.9,674.9,666.3,666.5,666.5,0,investing
2016-03-24,661.7,666.2,658.6,666.1,666.1,0,investing
2016-03-28,667.2,667.6,662.7,665.2,665.2,0,investing
2016-03-29,662.2,675.2,659.8,674.1,674.1,0,investing
2016-03-30,678.0,684.7,677.9,680.8,680.8,0,investing
2016-03-31,679.1,680.0,676.6,676.9,676.9,0,investing
2016-04-01,672.1,681.8,669.5,681.6,681.6,0,investing
2016-04-04,681.4,681.7,674.1,675.4,675.4,0,investing
2016-04-05,671.8,676.0,670.5,671.3,671.3,0,investing
2016-04-06,669.9,678.6,665.4,678.2,678.2,0,investing
2016-04-07,674.7,674.8,665.3,667.5,667.5,0,investing
2016-04-08,674.6,677.2,668.7,671.3,671.3,0,investing
2016-04-11,674.6,680.5,670.5,670.6,670.6,0,investing
2016-04-12,672.1,672.3,661.3,669.7,669.7,0,investing
2016-04-13,673.5,685.4,673.2,685.1,685.1,0,investing
2016-04-14,678.6,680.5,672.8,679.3,679.3,0,investing
2016-04-15,677.0,679.2,673.3,673.5,673.5,0,investing
2016-04-18,671.0,675.6,669.5,674.0,674.0,0,investing
2016-04-19,675.5,675.7,662.9,665.6,665.6,0,investing
2016-04-20,665.1,674.9,663.5,672.1,672.1,0,investing
2016-04-21,671.4,671.9,664.9,667.7,667.7,0,investing
2016-04-22,667.7,675.1,663.8,669.0,669.0,0,investing
2016-04-25,667.7,670.9,663.5,665.3,665.3,0,investing
2016-04-26,670.9,680.1,670.7,674.4,674.4,0,investing
2016-04-27,670.0,682.2,667.0,681.3,681.3,0,investing
2016-04-28,674.8,680.9,661.3,662.7,662.7,0,investing
2016-04-29,658.4,658.4,640.5,645.3,645.3,0,investing
2016-05-02,647.1,651.1,642.2,650.3,650.3,0,investing
2016-05-03,645.4,647.0,639.8,642.6,642.6,0,investing
2016-05-04,638.3,642.1,632.9,634.9,634.9,0,investing
2016-05-05,639.8,642.8,634.7,636.8,636.8,0,investing
2016-05-06,633.6,637.6,628.8,637.5,637.5,0,investing
2016-05-09,638.8,641.9,635.1,636.5,636.5,0,investing
2016-05-10,637.9,644.4,634.9,644.3,644.3,0,investing
2016-05-11,642.3,648.1,641.7,642.3,642.3,0,investing
2016-05-12,644.4,644.9,625.8,630.8,630.8,0,investing
2016-05-13,633.7,638.8,631.5,633.3,633.3,0,investing
2016-05-16,634.8,647.5,634.5,643.3,643.3,0,investing
2016-05-17,642.8,645.7,636.9,638.9,638.9,0,investing
2016-05-18,637.2,654.4,637.1,649.4,649.4,0,investing
2016-05-19,645.6,650.9,639.5,644.7,644.7,0,investing
2016-05-20,653.5,665.4,653.5,665.1,665.1,0,investing
2016-05-23,668.4,675.4,668.3,669.5,669.5,0,investing
2016-05-24,673.3,686.3,673.3,685.6,685.6,0,investing
2016-05-25,689.2,691.0,684.2,689.5,689.5,0,investing
2016-05-26,690.5,693.1,688.6,691.6,691.6,0,investing
2016-05-27,691.6,696.7,691.3,695.7,695.7,0,investing
2016-05-31,697.5,700.0,694.8,699.4,699.4,0,investing
2016-06-01,696.6,704.0,696.1,703.3,703.3,0,investing
2016-06-02,701.0,703.4,699.1,703.4,703.4,0,investing
2016-06-03,709.2,709.6,701.3,705.6,705.6,0,investing
2016-06-06,706.6,709.5,702.6,703.7,703.7,0,investing
2016-06-07,707.2,711.9,706.8,710.5,710.5,0,investing
2016-06-08,710.9,712.0,708.0,710.2,710.2,0,investing
2016-06-09,703.9,711.4,702.8,710.9,710.9,0,investing
2016-06-10,703.5,703.6,696.7,699.0,699.0,0,investing
2016-06-13,695.9,703.5,694.2,695.4,695.4,0,investing
2016-06-14,693.5,697.1,689.0,695.5,695.5,0,investing
2016-06-15,698.2,699.2,694.0,694.9,694.9,0,investing
2016-06-16,689.0,695.5,683.1,694.8,694.8,0,investing
2016-06-17,693.1,693.3,684.3,689.1,689.1,0,investing
2016-06-20,700.4,705.5,696.4,697.1,697.1,0,investing
2016-06-21,699.4,699.4,699.4,699.4,699.4,0,investing
2016-06-22,699.4,706.0,697.6,699.4,699.4,0,investing
2016-06-23,707.5,716.7,706.1,716.7,716.7,0,investing
2016-06-24,685.2,696.3,674.4,675.4,675.4,0,investing
2016-06-27,664.8,664.9,644.4,648.3,648.3,0,investing
2016-06-28,658.3,666.8,657.0,665.8,665.8,0,investing
2016-06-29,674.2,681.2,671.2,679.4,679.4,0,investing
2016-06-30,681.5,691.7,678.6,691.7,691.7,0,investing
2016-07-01,684.6,687.4,683.7,685.0,685.0,0,investing
2016-07-05,678.7,678.8,668.5,672.5,672.5,0,investing
2016-07-06,667.8,674.7,661.3,673.5,673.5,0,investing
2016-07-07,676.3,686.6,676.3,681.8,681.8,0,investing
2016-07-08,688.1,701.2,687.9,701.1,701.1,0,investing
2016-07-11,706.4,711.5,706.4,708.9,708.9,0,investing
2016-07-12,715.9,720.3,714.8,718.4,718.4,0,investing
2016-07-13,720.7,723.3,717.7,718.9,718.9,0,investing
2016-07-14,724.7,726.1,719.4,724.2,724.2,0,investing
2016-07-15,723.1,724.8,721.0,723.6,723.6,0,investing
2016-07-18,732.6,735.7,731.9,734.5,734.5,0,investing
2016-07-19,732.3,733.6,729.8,731.8,731.8,0,investing
2016-07-20,735.5,745.5,733.9,743.7,743.7,0,investing
2016-07-21,744.4,744.7,735.3,738.3,738.3,0,investing
2016-07-22,735.5,742.5,731.5,742.4,742.4,0,investing
2016-07-25,744.5,747.7,743.8,746.4,746.4,0,investing
2016-07-26,755.0,778.7,754.9,774.9,774.9,0,investing
2016-07-27,781.1,782.1,770.8,774.9,774.9,0,investing
2016-07-28,770.8,775.8,767.2,770.5,770.5,0,investing
2016-07-29,772.0,772.9,763.8,766.8,766.8,0,investing
2016-08-01,768.1,770.8,765.4,768.0,768.0,0,investing
2016-08-02,765.7,765.8,751.4,755.7,755.7,0,investing
2016-08-03,751.3,756.5,751.1,756.5,756.5,0,investing
2016-08-04,758.1,763.8,757.3,763.6,763.6,0,investing
2016-08-05,767.4,774.0,767.4,773.8,773.8,0,investing
2016-08-08,775.3,777.7,771.1,772.4,772.4,0,investing
2016-08-09,776.4,781.0,776.2,778.8,778.8,0,investing
2016-08-10,779.6,779.6,769.9,772.8,772.8,0,investing
2016-08-11,774.9,777.3,772.0,776.3,776.3,0,investing
2016-08-12,777.8,781.3,776.6,779.8,779.8,0,investing
2016-08-15,782.8,792.3,782.5,790.4,790.4,0,investing
2016-08-16,787.9,788.8,784.0,784.6,784.6,0,investing
2016-08-17,784.4,785.0,780.4,784.6,784.6,0,investing
2016-08-18,785.5,790.2,784.7,790.2,790.2,0,investing
2016-08-19,792.0,798.9,790.8,797.1,797.1,0,investing
2016-08-22,794.8,799.5,793.9,797.3,797.3,0,investing
2016-08-23,802.1,804.7,800.7,801.3,801.3,0,investing
2016-08-24,801.1,802.5,792.0,794.3,794.3,0,investing
2016-08-25,796.1,801.0,794.7,797.5,797.5,0,investing
2016-08-26,799.5,807.1,795.6,801.4,801.4,0,investing
2016-08-29,803.2,806.8,802.7,803.6,803.6,0,investing
2016-08-30,805.5,808.3,799.2,802.1,802.1,0,investing
2016-08-31,802.4,802.7,797.4,801.5,801.5,0,investing
2016-09-01,802.1,808.4,797.8,808.4,808.4,0,investing
2016-09-02,811.1,811.2,803.4,807.0,807.0,0,investing
2016-09-06,808.8,809.3,801.0,805.1,805.1,0,investing
2016-09-07,805.8,806.8,797.8,799.2,799.2,0,investing
2016-09-08,796.4,799.9,793.1,797.6,797.6,0,investing
2016-09-09,788.6,790.7,767.1,768.4,768.4,0,investing
2016-09-12,760.2,784.5,760.1,784.0,784.0,0,investing
2016-09-13,779.8,786.3,772.8,776.7,776.7,0,investing
2016-09-14,776.9,785.5,773.9,783.7,783.7,0,investing
2016-09-15,783.7,803.0,783.6,801.8,801.8,0,investing
2016-09-16,806.1,808.8,795.9,801.5,801.5,0,investing
2016-09-19,806.4,814.6,800.2,803.1,803.1,0,investing
2016-09-20,808.0,808.1,797.4,799.1,799.1,0,investing
2016-09-21,804.0,811.5,800.0,810.6,810.6,0,investing
2016-09-22,816.4,818.4,810.7,813.5,813.5,0,investing
2016-09-23,811.9,812.2,803.9,804.6,804.6,0,investing
2016-09-26,798.7,801.6,793.9,796.6,796.6,0,investing
2016-09-27,796.4,811.0,794.7,810.8,810.8,0,investing
2016-09-28,813.2,816.5,807.0,812.5,812.5,0,investing
2016-09-29,811.0,827.2,803.7,822.6,822.6,0,investing
2016-09-30,828.4,840.5,828.3,835.6,835.6,0,investing
2016-10-03,836.7,840.8,828.0,829.5,829.5,0,investing
2016-10-04,831.4,835.5,824.3,827.3,827.3,0,investing
2016-10-05,829.9,839.4,828.7,833.7,833.7,0,investing
2016-10-06,832.2,839.1,827.8,838.6,838.6,0,investing
2016-10-07,839.2,839.6,829.8,837.0,837.0,0,investing
2016-10-10,840.4,844.3,832.7,832.9,832.9,0,investing
2016-10-11,830.9,830.9,808.4,815.3,815.3,0,investing
2016-10-12,813.6,814.9,805.2,812.6,812.6,0,investing
2016-10-13,804.2,805.2,790.2,803.0,803.0,0,investing
2016-10-14,809.1,818.6,808.7,809.4,809.4,0,investing
2016-10-17,809.0,812.8,804.5,805.0,805.0,0,investing
2016-10-18,815.9,817.7,812.5,814.7,814.7,0,investing
2016-10-19,807.6,812.1,803.5,810.9,810.9,0,investing
2016-10-20,810.1,819.7,804.6,816.7,816.7,0,investing
2016-10-21,812.7,815.8,806.8,814.5,814.5,0,investing
2016-10-24,819.7,830.2,819.7,829.8,829.8,0,investing
2016-10-25,828.5,832.6,827.2,828.7,828.7,0,investing
2016-10-26,823.0,832.6,822.0,827.2,827.2,0,investing
2016-10-27,834.5,837.8,822.8,823.7,823.7,0,investing
2016-10-28,827.7,832.1,818.2,818.9,818.9,0,investing
2016-10-31,823.8,827.2,822.0,823.5,823.5,0,investing
2016-11-01,826.4,829.9,807.1,816.1,816.1,0,investing
2016-11-02,818.4,821.1,808.1,810.6,810.6,0,investing
2016-11-03,811.7,815.3,805.3,808.0,808.0,0,investing
2016-11-04,801.0,810.3,797.7,802.9,802.9,0,investing
2016-11-07,816.6,826.3,814.2,825.9,825.9,0,investing
2016-11-08,825.9,832.7,820.9,827.7,827.7,0,investing
2016-11-09,805.7,826.2,805.4,823.6,823.6,0,investing
2016-11-10,827.5,833.8,798.2,806.1,806.1,0,investing
2016-11-11,819.1,838.0,819.1,837.2,837.2,0,investing
2016-11-14,837.7,839.0,830.0,832.1,832.1,0,investing
2016-11-15,836.3,850.0,834.5,847.9,847.9,0,investing
2016-11-16,847.1,858.3,846.2,857.5,857.5,0,investing
2016-11-17,858.8,870.8,855.6,866.8,866.8,0,investing
2016-11-18,868.2,874.2,865.5,872.6,872.6,0,investing
2016-11-21,876.2,879.9,872.5,879.0,879.0,0,investing
2016-11-22,885.1,888.8,884.2,888.3,888.3,0,investing
2016-11-23,887.6,891.0,883.4,889.3,889.3,0,investing
2016-11-25,889.0,891.4,887.0,891.0,891.0,0,investing
2016-11-28,888.9,891.5,886.3,887.2,887.2,0,investing
2016-11-29,885.9,890.9,881.5,885.2,885.2,0,investing
2016-11-30,887.1,887.2,879.4,879.5,879.5,0,investing
2016-12-01,878.9,879.0,832.1,836.8,836.8,0,investing
2016-12-02,834.2,849.0,832.9,847.7,847.7,0,investing
2016-12-05,854.9,860.6,849.5,858.1,858.1,0,investing
2016-12-06,861.5,870.8,861.3,870.0,870.0,0,investing
2016-12-07,869.8,889.8,866.6,888.5,888.5,0,investing
2016-12-08,890.8,901.0,889.4,895.7,895.7,0,investing
2016-12-09,903.6,903.6,886.3,892.5,892.5,0,investing
2016-12-12,886.3,890.1,878.2,885.5,885.5,0,investing
2016-12-13,890.1,901.6,888.7,895.5,895.5,0,investing
2016-12-14,895.5,899.9,891.6,894.3,894.3,0,investing
2016-12-15,897.7,913.8,896.7,910.0,910.0,0,investing
2016-12-16,912.4,916.6,896.7,900.9,900.9,0,investing
2016-12-19,904.6,913.3,902.4,909.7,909.7,0,investing
2016-12-20,915.6,920.0,914.4,918.0,918.0,0,investing
2016-12-21,919.5,922.5,916.9,918.3,918.3,0,investing
2016-12-22,927.7,928.3,919.5,923.1,923.1,0,investing
2016-12-23,920.8,928.0,920.4,927.9,927.9,0,investing
2016-12-27,931.1,940.7,931.1,939.2,939.2,0,investing
2016-12-28,943.2,944.2,920.7,921.1,921.1,0,investing
2016-12-29,913.8,921.2,911.5,921.2,921.2,0,investing
2016-12-30,924.3,925.3,904.2,906.5,906.5,0,investing
2017-01-03,910.8,919.9,899.3,907.3,907.3,0,investing
2017-01-04,910.5,913.7,905.2,909.8,909.8,0,investing
2017-01-05,909.9,914.8,900.2,901.7,901.7,0,investing
2017-01-06,903.3,911.3,898.5,908.6,908.6,0,investing
2017-01-09,911.9,922.2,911.9,918.6,918.6,0,investing
2017-01-10,920.0,925.0,918.1,923.1,923.1,0,investing
2017-01-11,922.4,926.6,919.6,926.5,926.5,0,investing
2017-01-12,918.8,918.8,904.7,918.2,918.2,0,investing
2017-01-13,919.2,926.8,918.9,924.7,924.7,0,investing
2017-01-17,919.9,920.6,906.6,909.5,909.5,0,investing
2017-01-18,911.1,922.9,909.9,922.4,922.4,0,investing
2017-01-19,921.3,928.2,917.2,918.0,918.0,0,investing
2017-01-20,927.6,935.6,927.5,930.0,930.0,0,investing
2017-01-23,924.1,928.2,916.9,923.8,923.8,0,investing
2017-01-24,929.3,943.4,928.5,942.4,942.4,0,investing
2017-01-25,953.6,957.6,947.3,956.1,956.1,0,investing
2017-01-26,955.1,956.0,946.6,950.3,950.3,0,investing
2017-01-27,955.8,962.3,955.7,962.3,962.3,0,investing
2017-01-30,956.6,957.3,945.0,956.8,956.8,0,investing
2017-01-31,952.6,952.6,938.8,944.3,944.3,0,investing
2017-02-01,955.5,960.1,949.9,960.1,960.1,0,investing
2017-02-02,953.6,962.3,948.5,959.1,959.1,0,investing
2017-02-03,963.6,965.3,960.0,964.0,964.0,0,investing
2017-02-06,963.5,967.7,960.1,967.4,967.4,0,investing
2017-02-07,972.0,974.1,965.2,970.6,970.6,0,investing
2017-02-08,972.9,976.4,967.3,972.1,972.1,0,investing
2017-02-09,975.0,975.0,962.5,963.8,963.8,0,investing
2017-02-10,969.1,970.0,953.9,963.0,963.0,0,investing
2017-02-13,968.9,971.6,963.7,965.7,965.7,0,investing
2017-02-14,962.9,964.1,957.0,962.6,962.6,0,investing
2017-02-15,965.1,971.2,960.2,970.5,970.5,0,investing
2017-02-16,971.0,972.8,965.3,971.2,971.2,0,investing
2017-02-17,968.7,976.8,963.0,976.8,976.8,0,investing
2017-02-21,981.2,990.6,981.0,990.4,990.4,0,investing
2017-02-22,989.9,991.2,986.0,990.1,990.1,0,investing
2017-02-23,986.9,987.1,967.8,973.9,973.9,0,investing
2017-02-24,958.8,973.6,955.1,973.4,973.4,0,investing
2017-02-27,972.7,982.5,971.8,982.4,982.4,0,investing
2017-02-28,982.3,982.4,967.4,969.4,969.4,0,investing
2017-03-01,980.8,985.9,971.5,985.3,985.3,0,investing
2017-03-02,985.9,988.1,973.3,974.3,974.3,0,investing
2017-03-03,973.9,975.3,968.3,974.0,974.0,0,investing
2017-03-06,968.1,976.0,963.0,974.2,974.2,0,investing
2017-03-07,972.7,982.8,970.0,976.9,976.9,0,investing
2017-03-08,981.5,986.6,976.8,979.0,979.0,0,investing
2017-03-09,976.0,982.5,973.3,980.5,980.5,0,investing
2017-03-10,989.0,994.2,986.5,991.9,991.9,0,investing
2017-03-13,995.4,999.7,993.1,999.4,999.4,0,investing
2017-03-14,996.0,996.6,988.4,996.3,996.3,0,investing
2017-03-15,996.4,1006.2,992.9,1004.6,1004.6,0,investing
2017-03-16,1005.3,1007.5,1001.0,1002.8,1002.8,0,investing
2017-03-17,1004.2,1006.1,1002.1,1004.6,1004.6,0,investing
2017-03-20,1006.0,1015.9,1004.2,1012.3,1012.3,0,investing
2017-03-21,1015.9,1017.1,987.0,988.4,988.4,0,investing
2017-03-22,987.9,1000.2,986.3,999.3,999.3,0,investing
2017-03-23,997.9,1002.1,994.4,996.9,996.9,0,investing
2017-03-24,1012.4,1016.7,1000.5,1004.4,1004.4,0,investing
2017-03-27,994.1,1008.5,990.7,1006.0,1006.0,0,investing
2017-03-28,1005.4,1012.9,1002.9,1009.0,1009.0,0,investing
2017-03-29,1007.5,1008.6,1003.7,1006.5,1006.5,0,investing
2017-03-30,1005.8,1014.0,1005.4,1011.8,1011.8,0,investing
2017-03-31,1010.8,1016.6,1008.3,1011.4,1011.4,0,investing
2017-04-03,1012.8,1014.7,998.9,1005.8,1005.8,0,investing
2017-04-04,998.6,1007.0,997.2,1000.5,1000.5,0,investing
2017-04-05,1002.8,1010.0,992.8,993.5,993.5,0,investing
2017-04-06,990.1,997.1,984.9,994.7,994.7,0,investing
2017-04-07,994.2,1002.3,992.9,999.4,999.4,0,investing
2017-04-10,998.8,1000.2,989.2,991.6,991.6,0,investing
2017-04-11,984.0,984.4,968.8,983.3,983.3,0,investing
2017-04-12,981.3,982.0,964.5,966.5,966.5,0,investing
2017-04-13,962.5,974.6,960.0,960.0,960.0,0,investing
2017-04-17,964.8,972.7,964.7,972.6,972.6,0,investing
2017-04-18,967.4,977.2,966.4,976.7,976.7,0,investing
2017-04-19,986.7,990.4,980.3,982.0,982.0,0,investing
2017-04-20,988.2,999.2,984.5,997.5,997.5,0,investing
2017-04-21,992.5,995.0,985.3,992.9,992.9,0,investing
2017-04-24,1008.6,1010.7,1003.8,1007.8,1007.8,0,investing
2017-04-25,1012.7,1019.4,1010.1,1017.8,1017.8,0,investing
2017-04-26,1015.5,1017.9,1005.8,1009.2,1009.2,0,investing
2017-04-27,1016.0,1024.6,1015.4,1023.3,1023.3,0,investing
2017-04-28,1017.6,1019.1,1002.9,1005.5,1005.5,0,investing
2017-05-01,1007.7,1015.8,1003.1,1015.4,1015.4,0,investing
2017-05-02,1010.9,1010.9,999.5,1004.6,1004.6,0,investing
2017-05-03,1001.2,1009.2,998.9,1008.0,1008.0,0,investing
2017-05-04,1009.0,1010.7,1003.0,1006.8,1006.8,0,investing
2017-05-05,1009.0,1011.0,1001.7,1011.0,1011.0,0,investing
2017-05-08,1011.5,1012.3,1005.0,1007.2,1007.2,0,investing
2017-05-09,1009.6,1019.9,1009.6,1017.5,1017.5,0,investing
2017-05-10,1032.3,1040.6,1029.9,1038.9,1038.9,0,investing
2017-05-11,1036.2,1047.2,1029.2,1042.4,1042.4,0,investing
2017-05-12,1043.5,1046.4,1039.2,1045.2,1045.2,0,investing
2017-05-15,1048.5,1062.1,1046.8,1061.0,1061.0,0,investing
2017-05-16,1066.4,1077.0,1061.5,1076.8,1076.8,0,investing
2017-05-17,1061.2,1066.3,1029.3,1029.8,1029.8,0,investing
2017-05-18,1030.3,1052.2,1027.4,1049.3,1049.3,0,investing
2017-05-19,1057.5,1064.3,1057.5,1060.8,1060.8,0,investing
2017-05-22,1066.4,1072.8,1065.1,1072.3,1072.3,0,investing
2017-05-23,1071.5,1071.6,1059.6,1067.9,1067.9,0,investing
2017-05-24,1075.1,1076.8,1069.9,1074.8,1074.8,0,investing
2017-05-25,1080.0,1084.0,1073.7,1080.8,1080.8,0,investing
2017-05-26,1078.0,1084.9,1072.3,1084.8,1084.8,0,investing
2017-05-30,1085.3,1094.2,1084.3,1091.5,1091.5,0,investing
2017-05-31,1101.1,1101.8,1086.3,1091.4,1091.4,0,investing
2017-06-01,1094.2,1094.4,1086.1,1092.5,1092.5,0,investing
2017-06-02,1100.1,1104.9,1091.4,1103.4,1103.4,0,investing
2017-06-05,1102.5,1112.1,1102.5,1106.2,1106.2,0,investing
2017-06-06,1102.6,1117.5,1101.0,1110.1,1110.1,0,investing
2017-06-07,1115.6,1122.4,1112.3,1118.3,1118.3,0,investing
2017-06-08,1126.2,1138.9,1117.8,1138.2,1138.2,0,investing
2017-06-09,1145.2,1149.9,1068.6,1090.0,1090.0,0,investing
2017-06-12,1074.9,1087.9,1053.3,1084.4,1084.4,0,investing
2017-06-13,1095.8,1102.0,1078.3,1091.3,1091.3,0,investing
2017-06-14,1094.5,1095.0,1068.3,1079.8,1079.8,0,investing
2017-06-15,1061.6,1074.4,1060.7,1070.8,1070.8,0,investing
2017-06-16,1072.4,1079.5,1063.6,1067.2,1067.2,0,investing
2017-06-19,1079.9,1088.8,1079.9,1087.9,1087.9,0,investing
2017-06-20,1089.4,1094.2,1074.6,1074.9,1074.9,0,investing
2017-06-21,1080.5,1088.2,1075.6,1087.4,1087.4,0,investing
2017-06-22,1089.1,1090.0,1080.0,1085.0,1085.0,0,investing
2017-06-23,1084.8,1094.4,1081.9,1088.5,1088.5,0,investing
2017-06-26,1095.6,1099.4,1072.5,1077.9,1077.9,0,investing
2017-06-27,1072.6,1072.6,1048.5,1048.7,1048.7,0,investing
2017-06-28,1057.2,1068.2,1044.8,1067.2,1067.2,0,investing
2017-06-29,1060.0,1061.2,1026.0,1040.4,1040.4,0,investing
2017-06-30,1045.0,1048.7,1030.5,1034.9,1034.9,0,investing
2017-07-03,1040.9,1044.6,1020.4,1020.5,1020.5,0,investing
2017-07-05,1027.9,1043.2,1027.0,1041.8,1041.8,0,investing
2017-07-06,1032.2,1045.9,1027.1,1037.0,1037.0,0,investing
2017-07-07,1043.5,1058.6,1043.5,1054.9,1054.9,0,investing
2017-07-10,1059.0,1069.2,1052.4,1067.1,1067.1,0,investing
2017-07-11,1066.9,1076.1,1063.5,1075.4,1075.4,0,investing
2017-07-12,1085.9,1095.2,1082.5,1092.9,1092.9,0,investing
2017-07-13,1093.9,1101.3,1086.5,1090.1,1090.1,0,investing
2017-07-14,1094.6,1104.8,1093.8,1104.3,1104.3,0,investing
2017-07-17,1106.8,1107.1,1096.1,1099.5,1099.5,0,investing
2017-07-18,1093.0,1103.5,1089.9,1103.3,1103.3,0,investing
2017-07-19,1108.6,1113.5,1105.8,1113.2,1113.2,0,investing
2017-07-20,1113.6,1117.9,1104.6,1116.6,1116.6,0,investing
2017-07-21,1108.0,1108.1,1101.5,1107.5,1107.5,0,investing
2017-07-24,1108.1,1108.2,1101.5,1103.0,1103.0,0,investing
2017-07-25,1100.0,1105.4,1092.2,1102.6,1102.6,0,investing
2017-07-26,1111.9,1119.7,1108.5,1115.3,1115.3,0,investing
2017-07-27,1118.8,1120.5,1084.3,1097.3,1097.3,0,investing
2017-07-28,1093.1,1097.6,1088.0,1093.0,1093.0,0,investing
2017-07-31,1096.9,1099.4,1081.9,1085.2,1085.2,0,investing
2017-08-01,1087.8,1091.4,1083.0,1091.1,1091.1,0,investing
2017-08-02,1099.5,1100.0,1076.4,1084.0,1084.0,0,investing
2017-08-03,1082.9,1085.6,1073.7,1078.8,1078.8,0,investing
2017-08-04,1080.2,1087.8,1076.4,1079.5,1079.5,0,investing
2017-08-07,1082.8,1098.6,1082.6,1098.2,1098.2,0,investing
2017-08-08,1098.2,1107.2,1090.7,1093.8,1093.8,0,investing
2017-08-09,1083.6,1091.8,1080.9,1090.5,1090.5,0,investing
2017-08-10,1082.1,1084.2,1059.7,1060.0,1060.0,0,investing
2017-08-11,1053.0,1068.1,1052.7,1066.2,1066.2,0,investing
2017-08-14,1078.9,1094.8,1078.9,1093.7,1093.7,0,investing
2017-08-15,1095.0,1098.3,1088.7,1096.4,1096.4,0,investing
2017-08-16,1099.8,1102.6,1093.1,1098.1,1098.1,0,investing
2017-08-17,1091.5,1095.8,1069.7,1069.7,1069.7,0,investing
2017-08-18,1077.0,1080.0,1066.8,1071.9,1071.9,0,investing
2017-08-21,1073.6,1073.6,1057.2,1064.5,1064.5,0,investing
2017-08-22,1072.0,1083.6,1071.8,1081.6,1081.6,0,investing
2017-08-23,1072.8,1088.8,1072.6,1086.4,1086.4,0,investing
2017-08-24,1090.5,1091.5,1079.5,1085.9,1085.9,0,investing
2017-08-25,1090.7,1091.8,1078.8,1080.5,1080.5,0,investing
2017-08-28,1083.7,1083.9,1077.3,1082.6,1082.6,0,investing
2017-08-29,1070.6,1087.3,1070.1,1084.9,1084.9,0,investing
2017-08-30,1088.3,1104.8,1086.9,1103.7,1103.7,0,investing
2017-08-31,1106.3,1115.5,1105.2,1114.3,1114.3,0,investing
2017-09-01,1117.7,1124.7,1117.4,1119.3,1119.3,0,investing
2017-09-05,1112.8,1116.7,1094.2,1103.6,1103.6,0,investing
2017-09-06,1108.6,1110.6,1099.9,1105.8,1105.8,0,investing
2017-09-07,1108.7,1111.5,1102.6,1107.3,1107.3,0,investing
2017-09-08,1106.3,1107.1,1090.2,1093.5,1093.5,0,investing
2017-09-11,1104.0,1117.5,1103.3,1115.5,1115.5,0,investing
2017-09-12,1118.4,1123.1,1113.6,1120.2,1120.2,0,investing
2017-09-13,1117.2,1124.7,1113.8,1122.0,1122.0,0,investing
2017-09-14,1118.3,1133.3,1117.0,1127.4,1127.4,0,investing
2017-09-15,1130.4,1147.6,1130.3,1146.7,1146.7,0,investing
2017-09-18,1153.8,1168.0,1153.7,1160.9,1160.9,0,investing
2017-09-19,1163.4,1169.0,1157.3,1165.0,1165.0,0,investing
2017-09-20,1165.0,1165.5,1133.3,1148.6,1148.6,0,investing
2017-09-21,1146.5,1147.7,1134.1,1143.9,1143.9,0,investing
2017-09-22,1139.4,1151.1,1139.2,1149.6,1149.6,0,investing
2017-09-25,1144.5,1144.7,1122.2,1126.9,1126.9,0,investing
2017-09-26,1136.1,1138.3,1122.4,1126.4,1126.4,0,investing
2017-09-27,1141.1,1157.5,1137.9,1153.0,1153.0,0,investing
2017-09-28,1150.2,1162.1,1149.1,1161.7,1161.7,0,investing
2017-09-29,1165.5,1172.9,1160.4,1171.7,1171.7,0,investing
2017-10-02,1176.6,1184.1,1170.7,1178.8,1178.8,0,investing
2017-10-03,1180.3,1185.5,1177.2,1182.4,1182.4,0,investing
2017-10-04,1179.7,1185.3,1174.6,1185.2,1185.2,0,investing
2017-10-05,1188.6,1189.6,1179.5,1186.1,1186.1,0,investing
2017-10-06,1182.0,1191.5,1181.9,1191.5,1191.5,0,investing
2017-10-09,1195.0,1201.1,1194.2,1199.9,1199.9,0,investing
2017-10-10,1209.5,1210.2,1194.8,1207.2,1207.2,0,investing
2017-10-11,1204.9,1215.6,1204.0,1215.2,1215.2,0,investing
2017-10-12,1214.1,1219.3,1210.4,1211.1,1211.1,0,investing
2017-10-13,1218.8,1223.3,1213.8,1219.2,1219.2,0,investing
2017-10-16,1224.5,1225.1,1216.7,1225.0,1225.0,0,investing
2017-10-17,1223.2,1225.0,1218.4,1224.1,1224.1,0,investing
2017-10-18,1226.8,1230.1,1212.2,1228.2,1228.2,0,investing
2017-10-19,1216.5,1225.1,1206.3,1225.0,1225.0,0,investing
2017-10-20,1235.4,1237.6,1229.5,1231.3,1231.3,0,investing
2017-10-23,1237.3,1243.9,1231.6,1237.1,1237.1,0,investing
2017-10-24,1239.7,1247.2,1236.0,1245.4,1245.4,0,investing
2017-10-25,1236.6,1242.2,1217.0,1229.3,1229.3,0,investing
2017-10-26,1234.0,1239.6,1230.5,1237.0,1237.0,0,investing
2017-10-27,1248.4,1264.7,1240.0,1263.5,1263.5,0,investing
2017-10-30,1261.5,1270.8,1258.9,1265.9,1265.9,0,investing
2017-10-31,1265.2,1279.3,1265.2,1275.6,1275.6,0,investing
2017-11-01,1284.1,1284.7,1260.1,1271.5,1271.5,0,investing
2017-11-02,1270.4,1280.6,1263.8,1277.3,1277.3,0,investing
2017-11-03,1282.4,1300.0,1273.2,1300.0,1300.0,0,investing
2017-11-06,1314.1,1318.3,1302.2,1317.3,1317.3,0,investing
2017-11-07,1314.7,1319.2,1308.0,1316.5,1316.5,0,investing
2017-11-08,1314.3,1321.9,1310.4,1321.1,1321.1,0,investing
2017-11-09,1306.1,1306.5,1278.7,1294.7,1294.7,0,investing
2017-11-10,1298.3,1304.0,1295.4,1303.1,1303.1,0,investing
2017-11-13,1297.5,1308.1,1296.4,1306.6,1306.6,0,investing
2017-11-14,1301.8,1308.5,1295.4,1305.0,1305.0,0,investing
2017-11-15,1296.0,1299.0,1283.7,1293.2,1293.2,0,investing
2017-11-16,1301.4,1318.1,1301.4,1313.1,1313.1,0,investing
2017-11-17,1320.0,1320.2,1304.8,1306.9,1306.9,0,investing
2017-11-20,1312.8,1324.8,1311.3,1322.8,1322.8,0,investing
2017-11-21,1329.1,1338.9,1327.8,1337.9,1337.9,0,investing
2017-11-22,1339.7,1340.5,1327.0,1329.1,1329.1,0,investing
2017-11-24,1333.6,1342.0,1333.0,1341.7,1341.7,0,investing
2017-11-27,1329.6,1331.5,1322.2,1324.2,1324.2,0,investing
2017-11-28,1326.3,1326.5,1316.1,1323.1,1323.1,0,investing
2017-11-29,1319.9,1320.9,1252.4,1265.0,1265.0,0,investing
2017-11-30,1275.0,1284.8,1263.6,1272.5,1272.5,0,investing
2017-12-01,1262.7,1265.5,1227.3,1258.7,1258.7,0,investing
2017-12-04,1268.2,1268.7,1220.7,1227.8,1227.8,0,investing
2017-12-05,1221.2,1251.3,1213.5,1228.5,1228.5,0,investing
2017-12-06,1217.3,1234.3,1211.5,1232.3,1232.3,0,investing
2017-12-07,1243.8,1248.4,1236.6,1244.5,1244.5,0,investing
2017-12-08,1255.4,1259.6,1237.2,1238.2,1238.2,0,investing
2017-12-11,1238.6,1248.8,1236.7,1245.6,1245.6,0,investing
2017-12-12,1240.7,1241.6,1232.2,1233.2,1233.2,0,investing
2017-12-13,1238.6,1244.6,1232.7,1233.0,1233.0,0,investing
2017-12-14,1235.4,1240.4,1229.3,1232.4,1232.4,0,investing
2017-12-15,1234.6,1254.6,1232.0,1250.9,1250.9,0,investing
2017-12-18,1262.8,1278.3,1259.8,1277.9,1277.9,0,investing
2017-12-19,1277.0,1281.1,1269.8,1276.5,1276.5,0,investing
2017-12-20,1289.4,1291.3,1274.7,1285.4,1285.4,0,investing
2017-12-21,1286.4,1287.2,1270.5,1271.8,1271.8,0,investing
2017-12-22,1269.0,1272.1,1263.1,1271.2,1271.2,0,investing
2017-12-26,1256.1,1259.7,1248.5,1258.9,1258.9,0,investing
2017-12-27,1259.8,1269.2,1258.6,1263.4,1263.4,0,investing
2017-12-28,1268.7,1269.2,1264.2,1266.3,1266.3,0,investing
2017-12-29,1267.5,1268.6,1253.0,1253.0,1253.0,0,investing
2018-01-02,1261.0,1287.7,1258.8,1287.7,1287.7,0,investing
2018-01-03,1291.7,1310.4,1291.3,1309.9,1309.9,0,investing
2018-01-04,1315.3,1321.1,1306.4,1317.2,1317.2,0,investing
2018-01-05,1321.2,1330.3,1316.1,1325.7,1325.7,0,investing
2018-01-08,1323.5,1339.4,1322.0,1335.5,1335.5,0,investing
2018-01-09,1335.1,1337.1,1320.8,1322.6,1322.6,0,investing
2018-01-10,1306.8,1312.0,1296.1,1306.2,1306.2,0,investing
2018-01-11,1309.3,1314.8,1305.2,1314.3,1314.3,0,investing
2018-01-12,1315.0,1324.2,1310.8,1322.1,1322.1,0,investing
2018-01-16,1334.5,1341.0,1318.5,1326.0,1326.0,0,investing
2018-01-17,1338.1,1366.1,1337.0,1364.3,1364.3,0,investing
2018-01-18,1363.5,1377.2,1362.5,1370.6,1370.6,0,investing
2018-01-19,1375.9,1378.2,1363.9,1372.0,1372.0,0,investing
2018-01-22,1372.6,1382.4,1367.6,1382.4,1382.4,0,investing
2018-01-23,1386.6,1393.4,1383.2,1392.9,1392.9,0,investing
2018-01-24,1373.8,1383.7,1351.7,1360.7,1360.7,0,investing
2018-01-25,1376.2,1379.3,1337.6,1337.6,1337.6,0,investing
2018-01-26,1357.4,1381.3,1355.4,1381.3,1381.3,0,investing
2018-01-29,1372.7,1388.3,1362.2,1378.4,1378.4,0,investing
2018-01-30,1354.8,1366.3,1348.9,1350.4,1350.4,0,investing
2018-01-31,1367.6,1370.9,1354.1,1361.5,1361.5,0,investing
2018-02-01,1352.5,1374.9,1349.9,1355.1,1355.1,0,investing
2018-02-02,1341.3,1344.5,1317.8,1318.0,1318.0,0,investing
2018-02-05,1303.0,1328.1,1253.1,1255.8,1255.8,0,investing
2018-02-06,1241.6,1302.4,1238.6,1301.7,1301.7,0,investing
2018-02-07,1287.9,1303.8,1272.5,1272.5,1272.5,0,investing
2018-02-08,1277.8,1280.2,1218.7,1218.7,1218.7,0,investing
2018-02-09,1246.9,1263.4,1203.7,1255.8,1255.8,0,investing
2018-02-12,1268.3,1287.2,1259.6,1279.1,1279.1,0,investing
2018-02-13,1270.8,1279.9,1266.6,1278.5,1278.5,0,investing
2018-02-14,1270.7,1309.0,1269.9,1307.0,1307.0,0,investing
2018-02-15,1316.4,1323.0,1291.8,1323.0,1323.0,0,investing
2018-02-16,1318.2,1334.3,1317.7,1318.3,1318.3,0,investing
2018-02-20,1314.0,1353.4,1314.0,1341.5,1341.5,0,investing
2018-02-21,1346.0,1349.4,1324.8,1325.3,1325.3,0,investing
2018-02-22,1330.2,1336.3,1318.5,1322.1,1322.1,0,investing
2018-02-23,1336.7,1351.1,1332.3,1351.1,1351.1,0,investing
2018-02-26,1360.1,1380.3,1359.2,1380.3,1380.3,0,investing
2018-02-27,1379.0,1398.0,1374.7,1374.7,1374.7,0,investing
2018-02-28,1383.9,1385.9,1361.1,1362.0,1362.0,0,investing
2018-03-01,1362.5,1367.4,1325.0,1340.1,1340.1,0,investing
2018-03-02,1324.5,1365.7,1322.6,1363.8,1363.8,0,investing
2018-03-05,1354.3,1382.5,1349.9,1375.9,1375.9,0,investing
2018-03-06,1386.3,1400.0,1381.5,1396.5,1396.5,0,investing
2018-03-07,1382.8,1402.3,1382.8,1400.5,1400.5,0,investing
2018-03-08,1408.2,1409.2,1393.9,1402.0,1402.0,0,investing
2018-03-09,1411.4,1431.4,1410.7,1431.2,1431.2,0,investing
2018-03-12,1441.4,1453.5,1437.1,1445.9,1445.9,0,investing
2018-03-13,1454.8,1464.6,1417.5,1423.5,1423.5,0,investing
2018-03-14,1429.9,1430.3,1410.6,1423.5,1423.5,0,investing
2018-03-15,1428.5,1432.0,1415.6,1422.1,1422.1,0,investing
2018-03-16,1427.2,1430.6,1419.9,1422.5,1422.5,0,investing
2018-03-19,1409.4,1414.5,1375.4,1394.8,1394.8,0,investing
2018-03-20,1397.6,1409.7,1396.0,1405.5,1405.5,0,investing
2018-03-21,1403.4,1425.1,1401.5,1408.0,1408.0,0,investing
2018-03-22,1386.1,1399.6,1368.5,1369.0,1369.0,0,investing
2018-03-23,1365.8,1370.3,1323.9,1323.9,1323.9,0,investing
2018-03-26,1354.3,1380.1,1338.8,1380.1,1380.1,0,investing
2018-03-27,1390.1,1391.0,1318.0,1327.9,1327.9,0,investing
2018-03-28,1319.8,1331.8,1294.3,1299.8,1299.8,0,investing
2018-03-29,1312.3,1340.7,1300.1,1328.9,1328.9,0,investing
2018-04-02,1316.8,1326.1,1265.2,1277.0,1277.0,0,investing
2018-04-03,1292.8,1305.1,1279.4,1302.1,1302.1,0,investing
2018-04-04,1266.1,1322.0,1266.1,1319.0,1319.0,0,investing
2018-04-05,1325.6,1329.3,1296.6,1305.2,1305.2,0,investing
2018-04-06,1285.2,1301.7,1260.5,1265.2,1265.2,0,investing
2018-04-09,1276.5,1310.3,1272.9,1273.8,1273.8,0,investing
2018-04-10,1305.9,1322.0,1295.3,1314.5,1314.5,0,investing
2018-04-11,1306.3,1326.2,1304.4,1315.1,1315.1,0,investing
2018-04-12,1325.9,1343.2,1324.1,1339.7,1339.7,0,investing
2018-04-13,1355.0,1355.0,1325.1,1329.4,1329.4,0,investing
2018-04-16,1336.6,1339.6,1321.2,1332.5,1332.5,0,investing
2018-04-17,1342.6,1360.6,1340.7,1357.7,1357.7,0,investing
2018-04-18,1346.2,1351.6,1332.0,1343.8,1343.8,0,investing
2018-04-19,1313.8,1319.2,1281.4,1285.9,1285.9,0,investing
2018-04-20,1285.3,1291.8,1265.4,1270.8,1270.8,0,investing
2018-04-23,1275.9,1278.5,1251.2,1254.0,1254.0,0,investing
2018-04-24,1266.7,1276.3,1232.9,1243.7,1243.7,0,investing
2018-04-25,1250.0,1253.7,1223.1,1242.2,1242.2,0,investing
2018-04-26,1263.9,1269.0,1254.5,1268.2,1268.2,0,investing
2018-04-27,1284.4,1285.0,1252.3,1258.1,1258.1,0,investing
2018-04-30,1260.0,1265.7,1239.8,1244.4,1244.4,0,investing
2018-05-01,1242.7,1266.9,1240.9,1265.9,1265.9,0,investing
2018-05-02,1266.8,1270.4,1254.6,1259.4,1259.4,0,investing
2018-05-03,1249.0,1272.5,1240.3,1267.4,1267.4,0,investing
2018-05-04,1257.1,1297.8,1253.6,1296.7,1296.7,0,investing
2018-05-07,1303.3,1314.5,1301.9,1308.5,1308.5,0,investing
2018-05-08,1308.4,1318.3,1302.3,1318.0,1318.0,0,investing
2018-05-09,1320.5,1337.0,1317.7,1336.7,1336.7,0,investing
2018-05-10,1346.2,1361.1,1344.5,1360.7,1360.7,0,investing
2018-05-11,1353.8,1363.0,1348.2,1350.5,1350.5,0,investing
2018-05-14,1367.8,1382.7,1364.3,1367.5,1367.5,0,investing
2018-05-15,1359.1,1361.4,1342.3,1351.1,1351.1,0,investing
2018-05-16,1355.7,1372.0,1355.7,1370.1,1370.1,0,investing
2018-05-17,1365.8,1376.2,1355.3,1364.9,1364.9,0,investing
2018-05-18,1349.6,1354.2,1341.0,1345.2,1345.2,0,investing
2018-05-21,1365.4,1372.7,1347.1,1359.3,1359.3,0,investing
2018-05-22,1369.7,1376.8,1362.5,1367.0,1367.0,0,investing
2018-05-23,1352.8,1374.1,1350.4,1374.0,1374.0,0,investing
2018-05-24,1373.6,1382.0,1362.1,1378.7,1378.7,0,investing
2018-05-25,1379.0,1392.1,1377.5,1390.8,1390.8,0,investing
2018-05-29,1383.1,1392.7,1371.4,1380.9,1380.9,0,investing
2018-05-30,1388.4,1399.8,1383.0,1389.9,1389.9,0,investing
2018-05-31,1383.8,1393.6,1377.3,1379.0,1379.0,0,investing
2018-06-01,1391.5,1411.4,1387.7,1411.3,1411.3,0,investing
2018-06-04,1413.0,1423.9,1409.4,1422.7,1422.7,0,investing
2018-06-05,1427.6,1432.3,1420.1,1428.5,1428.5,0,investing
2018-06-06,1430.1,1438.1,1423.1,1437.9,1437.9,0,investing
2018-06-07,1438.7,1440.5,1414.5,1424.3,1424.3,0,investing
2018-06-08,1407.3,1414.9,1400.6,1412.3,1412.3,0,investing
2018-06-11,1409.9,1416.5,1404.7,1409.0,1409.0,0,investing
2018-06-12,1412.4,1417.5,1404.2,1416.4,1416.4,0,investing
2018-06-13,1416.7,1429.5,1413.3,1414.5,1414.5,0,investing
2018-06-14,1420.6,1430.0,1414.9,1423.1,1423.1,0,investing
2018-06-15,1414.9,1423.4,1409.3,1422.0,1422.0,0,investing
2018-06-18,1407.3,1409.9,1395.2,1407.9,1407.9,0,investing
2018-06-19,1381.5,1392.4,1370.9,1391.6,1391.6,0,investing
2018-06-20,1400.6,1405.4,1392.5,1398.6,1398.6,0,investing
2018-06-21,1408.3,1408.8,1379.4,1381.0,1381.0,0,investing
2018-06-22,1388.7,1389.1,1367.8,1371.0,1371.0,0,investing
2018-06-25,1347.5,1348.3,1311.3,1328.0,1328.0,0,investing
2018-06-26,1334.2,1339.9,1326.5,1333.4,1333.4,0,investing
2018-06-27,1338.2,1343.5,1300.1,1300.5,1300.5,0,investing
2018-06-28,1298.5,1314.0,1295.7,1311.6,1311.6,0,investing
2018-06-29,1321.9,1329.6,1313.7,1313.7,1313.7,0,investing
2018-07-02,1297.9,1322.3,1293.8,1321.8,1321.8,0,investing
2018-07-03,1326.6,1327.3,1296.5,1297.7,1297.7,0,investing
2018-07-05,1312.2,1333.1,1311.9,1333.0,1333.0,0,investing
2018-07-06,1331.0,1351.3,1325.8,1349.2,1349.2,0,investing
2018-07-09,1359.8,1360.6,1342.1,1358.0,1358.0,0,investing
2018-07-10,1360.3,1375.3,1359.8,1372.2,1372.2,0,investing
2018-07-11,1351.5,1358.1,1336.1,1336.7,1336.7,0,investing
2018-07-12,1331.3,1347.6,1325.0,1346.2,1346.2,0,investing
2018-07-13,1348.4,1349.2,1339.2,1340.8,1340.8,0,investing
2018-07-16,1341.0,1348.3,1338.4,1339.2,1339.2,0,investing
2018-07-17,1329.1,1359.3,1328.8,1359.0,1359.0,0,investing
2018-07-18,1367.7,1371.6,1360.1,1369.5,1369.5,0,investing
2018-07-19,1366.0,1371.6,1357.4,1365.8,1365.8,0,investing
2018-07-20,1364.9,1367.0,1352.4,1359.2,1359.2,0,investing
2018-07-23,1352.1,1363.7,1335.1,1361.4,1361.4,0,investing
2018-07-24,1368.4,1377.0,1345.0,1346.6,1346.6,0,investing
2018-07-25,1345.0,1353.3,1328.6,1353.2,1353.2,0,investing
2018-07-26,1368.3,1379.3,1363.7,1378.4,1378.4,0,investing
2018-07-27,1384.4,1391.6,1362.6,1372.2,1372.2,0,investing
2018-07-30,1374.3,1375.0,1351.9,1358.6,1358.6,0,investing
2018-07-31,1370.0,1386.1,1364.8,1367.5,1367.5,0,investing
2018-08-01,1367.8,1379.5,1359.6,1365.1,1365.1,0,investing
2018-08-02,1348.7,1380.7,1348.1,1378.8,1378.8,0,investing
2018-08-03,1379.6,1382.9,1372.9,1381.6,1381.6,0,investing
2018-08-06,1376.2,1389.3,1371.1,1389.2,1389.2,0,investing
2018-08-07,1392.4,1400.9,1390.1,1400.0,1400.0,0,investing
2018-08-08,1399.4,1406.0,1395.0,1403.8,1403.8,0,investing
2018-08-09,1397.5,1397.9,1389.0,1389.1,1389.1,0,investing
2018-08-10,1360.3,1366.5,1348.6,1354.8,1354.8,0,investing
2018-08-13,1357.5,1368.8,1355.5,1356.8,1356.8,0,investing
2018-08-14,1364.0,1366.6,1352.9,1354.2,1354.2,0,investing
2018-08-15,1341.7,1347.8,1321.7,1334.9,1334.9,0,investing
2018-08-16,1343.9,1344.4,1329.8,1333.1,1333.1,0,investing
2018-08-17,1317.2,1327.0,1304.2,1323.4,1323.4,0,investing
2018-08-20,1325.3,1330.0,1307.5,1322.1,1322.1,0,investing
2018-08-21,1326.8,1351.4,1326.1,1348.3,1348.3,0,investing
2018-08-22,1340.5,1355.8,1336.9,1354.5,1354.5,0,investing
2018-08-23,1354.9,1365.8,1353.1,1356.1,1356.1,0,investing
2018-08-24,1364.5,1376.2,1361.5,1375.9,1375.9,0,investing
2018-08-27,1386.6,1407.7,1383.6,1397.5,1397.5,0,investing
2018-08-28,1403.6,1408.3,1389.3,1403.0,1403.0,0,investing
2018-08-29,1399.3,1410.1,1397.4,1406.4,1406.4,0,investing
2018-08-30,1402.7,1407.7,1391.4,1393.2,1393.2,0,investing
2018-08-31,1392.1,1402.8,1392.0,1401.2,1401.2,0,investing
2018-09-04,1395.8,1411.7,1391.2,1410.9,1410.9,0,investing
2018-09-05,1411.5,1413.5,1392.2,1403.8,1403.8,0,investing
2018-09-06,1398.1,1399.6,1365.3,1366.3,1366.3,0,investing
2018-09-07,1361.6,1380.9,1357.8,1360.8,1360.8,0,investing
2018-09-10,1371.2,1376.0,1362.6,1375.7,1375.7,0,investing
2018-09-11,1366.1,1371.6,1354.7,1361.9,1361.9,0,investing
2018-09-12,1341.5,1346.5,1316.8,1346.0,1346.0,0,investing
2018-09-13,1364.7,1378.8,1356.5,1362.2,1362.2,0,investing
2018-09-14,1369.6,1382.3,1365.9,1377.3,1377.3,0,investing
2018-09-17,1370.2,1375.7,1356.1,1357.5,1357.5,0,investing
2018-09-18,1363.7,1377.0,1363.5,1368.9,1368.9,0,investing
2018-09-19,1371.5,1377.2,1365.3,1371.7,1371.7,0,investing
2018-09-20,1381.0,1392.8,1381.0,1387.7,1387.7,0,investing
2018-09-21,1386.4,1394.1,1380.3,1383.1,1383.1,0,investing
2018-09-24,1375.3,1389.1,1369.7,1388.5,1388.5,0,investing
2018-09-25,1383.8,1383.8,1362.8,1364.8,1364.8,0,investing
2018-09-26,1360.0,1367.8,1350.6,1351.8,1351.8,0,investing
2018-09-27,1356.6,1362.5,1352.8,1357.9,1357.9,0,investing
2018-09-28,1355.4,1370.6,1351.9,1366.7,1366.7,0,investing
2018-10-01,1370.9,1382.0,1367.3,1370.4,1370.4,0,investing
2018-10-02,1368.2,1389.5,1368.1,1370.9,1370.9,0,investing
2018-10-03,1378.8,1381.2,1359.7,1372.4,1372.4,0,investing
2018-10-04,1362.8,1363.7,1336.1,1347.2,1347.2,0,investing
2018-10-05,1346.6,1348.9,1303.9,1315.8,1315.8,0,investing
2018-10-08,1306.3,1317.1,1289.9,1301.0,1301.0,0,investing
2018-10-09,1299.1,1305.9,1291.8,1300.2,1300.2,0,investing
2018-10-10,1278.8,1282.8,1241.5,1242.1,1242.1,0,investing
2018-10-11,1244.8,1266.5,1220.5,1229.4,1229.4,0,investing
2018-10-12,1264.4,1269.5,1234.4,1253.6,1253.6,0,investing
2018-10-15,1245.9,1256.0,1237.5,1241.8,1241.8,0,investing
2018-10-16,1255.6,1284.3,1255.0,1283.0,1283.0,0,investing
2018-10-17,1292.5,1295.0,1268.8,1277.3,1277.3,0,investing
2018-10-18,1271.7,1271.7,1241.0,1245.3,1245.3,0,investing
2018-10-19,1253.9,1260.2,1221.8,1225.9,1225.9,0,investing
2018-10-22,1236.4,1241.5,1223.4,1234.2,1234.2,0,investing
2018-10-23,1198.0,1234.4,1189.1,1227.6,1227.6,0,investing
2018-10-24,1204.7,1207.3,1144.7,1146.4,1146.4,0,investing
2018-10-25,1151.2,1182.1,1151.2,1173.2,1173.2,0,investing
2018-10-26,1145.1,1172.6,1134.2,1153.0,1153.0,0,investing
2018-10-29,1175.9,1181.3,1119.4,1140.2,1140.2,0,investing
2018-10-30,1141.7,1188.7,1140.4,1187.6,1187.6,0,investing
2018-10-31,1205.6,1211.7,1191.9,1202.3,1202.3,0,investing
2018-11-01,1210.6,1261.5,1210.4,1258.1,1258.1,0,investing
2018-11-02,1257.1,1260.7,1224.8,1239.2,1239.2,0,investing
2018-11-05,1234.0,1235.3,1208.4,1228.6,1228.6,0,investing
2018-11-06,1226.3,1246.8,1226.3,1242.6,1242.6,0,investing
2018-11-07,1255.1,1260.7,1242.5,1257.5,1257.5,0,investing
2018-11-08,1241.3,1260.9,1240.5,1252.2,1252.2,0,investing
2018-11-09,1235.7,1239.0,1218.2,1229.0,1229.0,0,investing
2018-11-12,1207.1,1208.2,1170.5,1174.5,1174.5,0,investing
2018-11-13,1186.5,1213.9,1184.7,1190.4,1190.4,0,investing
2018-11-14,1205.3,1212.8,1183.9,1194.7,1194.7,0,investing
2018-11-15,1189.6,1239.7,1189.3,1234.6,1234.6,0,investing
2018-11-16,1195.0,1225.8,1193.6,1220.1,1220.1,0,investing
2018-11-19,1213.4,1217.5,1172.4,1173.0,1173.0,0,investing
2018-11-20,1144.0,1190.4,1143.9,1174.8,1174.8,0,investing
2018-11-21,1191.6,1196.5,1179.5,1179.7,1179.7,0,investing
2018-11-23,1168.9,1189.8,1168.9,1179.2,1179.2,0,investing
2018-11-26,1199.8,1201.8,1184.8,1201.7,1201.7,0,investing
2018-11-27,1193.1,1213.5,1189.5,1204.1,1204.1,0,investing
2018-11-28,1214.4,1231.7,1193.0,1231.5,1231.5,0,investing
2018-11-29,1226.4,1233.9,1219.1,1221.4,1221.4,0,investing
2018-11-30,1220.5,1239.6,1210.2,1239.6,1239.6,0,investing
2018-12-03,1278.7,1281.3,1259.4,1272.7,1272.7,0,investing
2018-12-04,1263.2,1263.7,1208.5,1209.3,1209.3,0,investing
2018-12-06,1178.0,1202.9,1170.5,1202.8,1202.8,0,investing
2018-12-07,1200.0,1203.0,1152.3,1157.9,1157.9,0,investing
2018-12-10,1157.6,1178.7,1152.2,1174.2,1174.2,0,investing
2018-12-11,1200.3,1209.0,1174.6,1181.5,1181.5,0,investing
2018-12-12,1203.6,1216.0,1190.4,1198.9,1198.9,0,investing
2018-12-13,1208.0,1211.9,1190.1,1194.6,1194.6,0,investing
2018-12-14,1179.9,1201.8,1177.3,1177.6,1177.6,0,investing
2018-12-17,1175.5,1194.0,1155.8,1162.5,1162.5,0,investing
2018-12-18,1173.6,1195.6,1171.7,1177.4,1177.4,0,investing
2018-12-19,1167.6,1183.3,1122.2,1127.4,1127.4,0,investing
2018-12-20,1131.5,1144.8,1104.4,1117.7,1117.7,0,investing
2018-12-21,1135.5,1138.6,1097.2,1101.3,1101.3,0,investing
2018-12-24,1091.6,1103.2,1068.9,1069.4,1069.4,0,investing
2018-12-26,1082.2,1131.3,1066.4,1131.1,1131.1,0,investing
2018-12-27,1112.1,1140.0,1101.1,1139.5,1139.5,0,investing
2018-12-28,1144.8,1168.3,1137.8,1147.4,1147.4,0,investing
2018-12-31,1160.2,1164.4,1143.6,1155.2,1155.2,0,investing
2019-01-02,1131.5,1173.5,1131.4,1165.3,1165.3,0,investing
2019-01-03,1137.0,1142.9,1094.6,1096.0,1096.0,0,investing
2019-01-04,1114.5,1148.5,1111.8,1144.0,1144.0,0,investing
2019-01-07,1147.2,1176.8,1143.2,1166.2,1166.2,0,investing
2019-01-08,1177.8,1177.8,1145.4,1160.5,1160.5,0,investing
2019-01-09,1175.0,1195.6,1174.7,1189.8,1189.8,0,investing
2019-01-10,1181.3,1203.0,1178.7,1201.4,1201.4,0,investing
2019-01-11,1194.7,1224.0,1192.0,1213.0,1213.0,0,investing
2019-01-14,1196.0,1202.2,1188.0,1194.3,1194.3,0,investing
2019-01-15,1202.2,1210.8,1192.0,1197.0,1197.0,0,investing
2019-01-16,1197.6,1206.8,1186.4,1187.2,1187.2,0,investing
2019-01-17,1177.7,1206.8,1172.3,1200.8,1200.8,0,investing
2019-01-18,1210.7,1236.1,1206.6,1228.3,1228.3,0,investing
2019-01-22,1217.1,1217.7,1185.0,1193.4,1193.4,0,investing
2019-01-23,1200.3,1205.3,1175.0,1186.0,1186.0,0,investing
2019-01-24,1218.5,1258.7,1218.0,1253.9,1253.9,0,investing
2019-01-25,1260.5,1285.4,1250.4,1281.2,1281.2,0,investing
2019-01-28,1234.4,1264.8,1230.7,1254.4,1254.4,0,investing
2019-01-29,1256.0,1258.8,1234.9,1236.2,1236.2,0,investing
2019-01-30,1255.0,1276.5,1244.2,1271.8,1271.8,0,investing
2019-01-31,1266.7,1282.7,1260.3,1272.1,1272.1,0,investing
2019-02-01,1275.9,1292.7,1274.7,1287.4,1287.4,0,investing
2019-02-04,1285.3,1293.9,1276.8,1293.9,1293.9,0,investing
2019-02-05,1291.7,1305.0,1291.1,1300.1,1300.1,0,investing
2019-02-06,1321.3,1343.7,1321.3,1333.8,1333.8,0,investing
2019-02-07,1314.5,1322.5,1293.1,1303.9,1303.9,0,investing
2019-02-08,1284.3,1304.5,1279.7,1302.4,1302.4,0,investing
2019-02-11,1307.3,1311.7,1297.5,1308.9,1308.9,0,investing
2019-02-12,1324.9,1339.2,1322.9,1336.7,1336.7,0,investing
2019-02-13,1342.3,1350.7,1336.3,1340.7,1340.7,0,investing
2019-02-14,1336.0,1353.5,1334.5,1344.1,1344.1,0,investing
2019-02-15,1355.4,1358.1,1343.0,1351.2,1351.2,0,investing
2019-02-19,1346.0,1357.8,1345.8,1348.5,1348.5,0,investing
2019-02-20,1353.5,1368.3,1353.3,1360.3,1360.3,0,investing
2019-02-21,1359.5,1363.3,1346.2,1350.2,1350.2,0,investing
2019-02-22,1361.1,1366.1,1355.4,1364.8,1364.8,0,investing
2019-02-25,1384.7,1391.4,1374.7,1376.0,1376.0,0,investing
2019-02-26,1371.9,1377.2,1362.9,1366.6,1366.6,0,investing
2019-02-27,1358.9,1359.2,1336.1,1349.9,1349.9,0,investing
2019-02-28,1342.4,1354.3,1339.9,1350.2,1350.2,0,investing
2019-03-01,1365.6,1368.8,1348.7,1363.1,1363.1,0,investing
2019-03-04,1372.7,1376.2,1346.5,1363.2,1363.2,0,investing
2019-03-05,1361.2,1365.3,1351.8,1356.9,1356.9,0,investing
2019-03-06,1354.8,1355.2,1333.3,1333.8,1333.8,0,investing
2019-03-07,1326.9,1328.6,1311.4,1319.1,1319.1,0,investing
2019-03-08,1297.2,1319.3,1292.8,1318.2,1318.2,0,investing
2019-03-11,1326.0,1355.8,1324.5,1349.9,1349.9,0,investing
2019-03-12,1354.2,1362.1,1342.6,1355.1,1355.1,0,investing
2019-03-13,1362.8,1371.3,1358.8,1360.8,1360.8,0,investing
2019-03-14,1362.2,1367.1,1352.6,1353.1,1353.1,0,investing
2019-03-15,1373.8,1402.5,1371.2,1392.4,1392.4,0,investing
2019-03-18,1392.7,1401.7,1380.9,1388.8,1388.8,0,investing
2019-03-19,1398.5,1411.7,1398.5,1407.3,1407.3,0,investing
2019-03-20,1410.1,1413.8,1384.9,1393.0,1393.0,0,investing
2019-03-21,1399.5,1450.8,1399.5,1441.8,1441.8,0,investing
2019-03-22,1433.2,1437.6,1399.7,1400.4,1400.4,0,investing
2019-03-25,1388.4,1403.0,1371.9,1382.8,1382.8,0,investing
2019-03-26,1399.8,1408.7,1386.3,1396.8,1396.8,0,investing
2019-03-27,1398.5,1402.1,1366.7,1376.5,1376.5,0,investing
2019-03-28,1380.2,1391.1,1365.2,1373.8,1373.8,0,investing
2019-03-29,1392.1,1398.0,1386.9,1395.5,1395.5,0,investing
2019-04-01,1417.7,1431.5,1410.5,1430.2,1430.2,0,investing
2019-04-02,1431.5,1434.8,1423.2,1431.6,1431.6,0,investing
2019-04-03,1451.7,1476.6,1450.6,1464.2,1464.2,0,investing
2019-04-04,1460.0,1475.3,1458.9,1465.9,1465.9,0,investing
2019-04-05,1475.1,1478.1,1467.0,1477.7,1477.7,0,investing
2019-04-08,1472.3,1482.5,1468.1,1481.4,1481.4,0,investing
2019-04-09,1472.2,1472.2,1458.3,1464.5,1464.5,0,investing
2019-04-10,1465.2,1481.3,1463.6,1477.2,1477.2,0,investing
2019-04-11,1478.3,1486.0,1471.6,1476.1,1476.1,0,investing
2019-04-12,1490.4,1497.1,1485.0,1497.1,1497.1,0,investing
2019-04-15,1497.0,1498.1,1477.5,1485.8,1485.8,0,investing
2019-04-16,1495.6,1533.6,1495.2,1533.2,1533.2,0,investing
2019-04-17,1566.8,1576.8,1545.9,1557.1,1557.1,0,investing
2019-04-18,1557.4,1562.6,1550.9,1558.1,1558.1,0,investing
2019-04-22,1553.2,1561.8,1547.4,1558.3,1558.3,0,investing
2019-04-23,1562.3,1579.0,1561.4,1574.0,1574.0,0,investing
2019-04-24,1575.5,1604.6,1575.4,1589.0,1589.0,0,investing
2019-04-25,1582.3,1583.7,1547.3,1560.3,1560.3,0,investing
2019-04-26,1530.0,1547.6,1515.5,1547.4,1547.4,0,investing
2019-04-29,1546.4,1551.1,1538.2,1544.4,1544.4,0,investing
2019-04-30,1547.3,1559.5,1541.8,1556.2,1556.2,0,investing
2019-05-01,1570.4,1579.2,1543.3,1543.5,1543.5,0,investing
2019-05-02,1542.4,1576.7,1540.7,1560.6,1560.6,0,investing
2019-05-03,1564.5,1571.4,1553.0,1570.7,1570.7,0,investing
2019-05-06,1514.1,1545.3,1513.2,1543.7,1543.7,0,investing
2019-05-07,1522.4,1527.3,1490.0,1506.3,1506.3,0,investing
2019-05-08,1494.9,1517.2,1491.8,1494.5,1494.5,0,investing
2019-05-09,1466.6,1483.8,1444.0,1476.8,1476.8,0,investing
2019-05-10,1469.1,1487.3,1444.1,1478.9,1478.9,0,investing
2019-05-13,1431.1,1438.5,1403.3,1409.0,1409.0,0,investing
2019-05-14,1423.5,1450.0,1420.7,1442.8,1442.8,0,investing
2019-05-15,1428.5,1464.1,1427.5,1454.5,1454.5,0,investing
2019-05-16,1432.0,1446.2,1421.7,1430.1,1430.1,0,investing
2019-05-17,1408.1,1436.2,1396.8,1402.0,1402.0,0,investing
2019-05-20,1355.9,1367.7,1337.2,1345.6,1345.6,0,investing
2019-05-21,1375.5,1380.6,1363.0,1374.2,1374.2,0,investing
2019-05-22,1345.1,1359.2,1341.1,1345.0,1345.0,0,investing
2019-05-23,1316.3,1324.5,1302.1,1322.8,1322.8,0,investing
2019-05-24,1334.2,1339.4,1310.9,1312.0,1312.0,0,investing
2019-05-28,1317.9,1323.8,1298.1,1300.3,1300.3,0,investing
2019-05-29,1288.5,1311.4,1287.0,1305.6,1305.6,0,investing
2019-05-30,1310.0,1325.8,1305.3,1315.3,1315.3,0,investing
2019-05-31,1298.1,1317.5,1295.2,1296.2,1296.2,0,investing
2019-06-03,1313.3,1324.8,1293.1,1300.5,1300.5,0,investing
2019-06-04,1323.1,1356.3,1312.7,1355.3,1355.3,0,investing
2019-06-05,1365.3,1369.5,1328.2,1345.1,1345.1,0,investing
2019-06-06,1348.1,1368.7,1342.7,1363.1,1363.1,0,investing
2019-06-07,1369.6,1382.6,1365.7,1378.8,1378.8,0,investing
2019-06-10,1399.1,1430.4,1398.9,1413.9,1413.9,0,investing
2019-06-11,1439.0,1440.8,1408.4,1418.0,1418.0,0,investing
2019-06-12,1404.7,1405.3,1383.7,1385.0,1385.0,0,investing
2019-06-13,1392.8,1398.3,1382.7,1392.9,1392.9,0,investing
2019-06-14,1351.2,1363.2,1348.0,1356.5,1356.5,0,investing
2019-06-17,1357.3,1361.9,1346.9,1347.9,1347.9,0,investing
2019-06-18,1364.8,1415.4,1362.3,1406.2,1406.2,0,investing
2019-06-19,1414.5,1416.9,1400.3,1407.3,1407.3,0,investing
2019-06-20,1439.9,1441.4,1413.8,1421.0,1421.0,0,investing
2019-06-21,1414.3,1424.8,1408.8,1410.5,1410.5,0,investing
2019-06-24,1412.7,1418.0,1407.7,1412.1,1412.1,0,investing
2019-06-25,1413.8,1420.3,1390.3,1391.1,1391.1,0,investing
2019-06-26,1420.0,1444.2,1419.9,1435.8,1435.8,0,investing
2019-06-27,1447.8,1464.8,1446.2,1456.9,1456.9,0,investing
2019-06-28,1469.5,1471.8,1456.0,1459.0,1459.0,0,investing
2019-07-01,1524.1,1531.4,1486.3,1497.5,1497.5,0,investing
2019-07-02,1491.3,1491.3,1471.0,1476.8,1476.8,0,investing
2019-07-03,1474.5,1474.6,1460.2,1470.5,1470.5,0,investing
2019-07-05,1454.1,1464.1,1446.5,1461.7,1461.7,0,investing
2019-07-08,1448.9,1455.2,1442.6,1450.4,1450.4,0,investing
2019-07-09,1440.4,1462.8,1440.1,1461.2,1461.2,0,investing
2019-07-10,1474.5,1492.3,1469.8,1471.5,1471.5,0,investing
2019-07-11,1476.8,1481.7,1467.3,1476.3,1476.3,0,investing
2019-07-12,1482.6,1504.7,1482.4,1504.3,1504.3,0,investing
2019-07-15,1512.6,1521.6,1508.0,1515.9,1515.9,0,investing
2019-07-16,1506.7,1508.5,1492.6,1499.6,1499.6,0,investing
2019-07-17,1508.2,1511.7,1500.7,1503.9,1503.9,0,investing
2019-07-18,1504.8,1530.0,1504.5,1527.0,1527.0,0,investing
2019-07-19,1530.1,1538.9,1523.4,1523.9,1523.9,0,investing
2019-07-22,1535.7,1556.4,1535.7,1554.1,1554.1,0,investing
2019-07-23,1562.3,1573.4,1556.2,1573.3,1573.3,0,investing
2019-07-24,1589.4,1625.1,1589.4,1622.0,1622.0,0,investing
2019-07-25,1606.6,1608.8,1590.4,1594.1,1594.1,0,investing
2019-07-26,1604.2,1605.7,1593.5,1593.9,1593.9,0,investing
2019-07-29,1592.3,1600.5,1578.2,1598.0,1598.0,0,investing
2019-07-30,1579.1,1597.9,1578.2,1593.8,1593.8,0,investing
2019-07-31,1582.0,1583.9,1527.4,1542.4,1542.4,0,investing
2019-08-01,1539.1,1579.5,1498.9,1512.0,1512.0,0,investing
2019-08-02,1494.5,1508.6,1476.4,1488.4,1488.4,0,investing
2019-08-05,1443.2,1446.0,1411.7,1423.5,1423.5,0,investing
2019-08-06,1448.7,1459.7,1425.9,1441.8,1441.8,0,investing
2019-08-07,1424.9,1455.5,1423.6,1452.1,1452.1,0,investing
2019-08-08,1464.5,1491.6,1455.3,1491.3,1491.3,0,investing
2019-08-09,1476.5,1481.3,1455.2,1464.3,1464.3,0,investing
2019-08-12,1453.3,1464.2,1440.0,1447.0,1447.0,0,investing
2019-08-13,1447.0,1501.2,1436.8,1489.7,1489.7,0,investing
2019-08-14,1452.3,1466.0,1435.5,1442.5,1442.5,0,investing
2019-08-15,1448.5,1452.7,1427.2,1439.3,1439.3,0,investing
2019-08-16,1454.7,1482.7,1454.7,1479.2,1479.2,0,investing
2019-08-19,1513.1,1519.3,1499.5,1507.0,1507.0,0,investing
2019-08-20,1502.6,1509.4,1491.1,1498.9,1498.9,0,investing
2019-08-21,1512.6,1519.3,1506.0,1512.7,1512.7,0,investing
2019-08-22,1515.8,1520.2,1497.0,1512.2,1512.2,0,investing
2019-08-23,1494.1,1505.2,1442.0,1446.4,1446.4,0,investing
2019-08-26,1467.7,1469.4,1453.0,1458.9,1458.9,0,investing
2019-08-27,1470.7,1475.4,1445.8,1454.1,1454.1,0,investing
2019-08-28,1446.9,1464.8,1437.4,1462.8,1462.8,0,investing
2019-08-29,1488.0,1505.4,1488.0,1495.8,1495.8,0,investing
2019-08-30,1511.0,1517.3,1497.1,1504.9,1504.9,0,investing
2019-09-03,1490.7,1493.1,1470.4,1478.3,1478.3,0,investing
2019-09-04,1504.0,1519.7,1503.5,1519.5,1519.5,0,investing
2019-09-05,1552.8,1583.7,1552.8,1566.2,1566.2,0,investing
2019-09-06,1567.8,1574.0,1558.9,1568.3,1568.3,0,investing
2019-09-09,1578.7,1588.8,1569.7,1576.4,1576.4,0,investing
2019-09-10,1568.9,1583.2,1558.1,1583.2,1583.2,0,investing
2019-09-11,1587.6,1606.2,1580.2,1606.2,1606.2,0,investing
2019-09-12,1616.0,1625.2,1599.9,1610.8,1610.8,0,investing
2019-09-13,1610.7,1613.8,1598.2,1605.7,1605.7,0,investing
2019-09-16,1586.6,1601.9,1581.0,1594.5,1594.5,0,investing
2019-09-17,1591.1,1600.9,1582.5,1599.7,1599.7,0,investing
2019-09-18,1598.2,1601.5,1578.9,1601.0,1601.0,0,investing
2019-09-19,1605.1,1608.3,1590.5,1592.1,1592.1,0,investing
2019-09-20,1591.8,1592.2,1557.0,1563.0,1563.0,0,investing
2019-09-23,1563.1,1586.5,1563.1,1578.1,1578.1,0,investing
2019-09-24,1586.7,1590.2,1545.0,1552.0,1552.0,0,investing
2019-09-25,1542.5,1584.2,1532.4,1579.6,1579.6,0,investing
2019-09-26,1580.4,1585.4,1565.6,1580.1,1580.1,0,investing
2019-09-27,1568.1,1575.2,1531.7,1542.9,1542.9,0,investing
2019-09-30,1550.6,1560.2,1543.5,1558.8,1558.8,0,investing
2019-10-01,1572.2,1588.0,1539.0,1544.2,1544.2,0,investing
2019-10-02,1529.2,1534.7,1510.5,1519.8,1519.8,0,investing
2019-10-03,1522.3,1547.3,1502.7,1545.8,1545.8,0,investing
2019-10-04,1555.8,1575.1,1551.7,1574.4,1574.4,0,investing
2019-10-07,1572.7,1579.2,1562.8,1563.2,1563.2,0,investing
2019-10-08,1545.3,1546.8,1514.2,1514.5,1514.5,0,investing
2019-10-09,1537.3,1550.3,1532.0,1540.8,1540.8,0,investing
2019-10-10,1546.0,1571.4,1545.1,1555.8,1555.8,0,investing
2019-10-11,1588.0,1609.5,1584.2,1591.1,1591.1,0,investing
2019-10-14,1588.7,1594.1,1583.2,1590.4,1590.4,0,investing
2019-10-15,1600.7,1629.5,1598.5,1625.7,1625.7,0,investing
2019-10-16,1613.7,1625.0,1599.0,1601.8,1601.8,0,investing
2019-10-17,1620.7,1625.6,1598.0,1607.2,1607.2,0,investing
2019-10-18,1601.9,1608.2,1575.3,1590.1,1590.1,0,investing
2019-10-21,1606.1,1620.8,1601.0,1620.0,1620.0,0,investing
2019-10-22,1622.6,1626.4,1607.0,1607.6,1607.6,0,investing
2019-10-23,1576.3,1590.8,1566.5,1576.6,1576.6,0,investing
2019-10-24,1600.8,1616.1,1595.0,1615.5,1615.5,0,investing
2019-10-25,1624.7,1650.2,1624.6,1648.7,1648.7,0,investing
2019-10-28,1662.6,1679.7,1662.6,1677.6,1677.6,0,investing
2019-10-29,1682.1,1691.2,1661.2,1662.5,1662.5,0,investing
2019-10-30,1670.9,1671.0,1649.7,1661.5,1661.5,0,investing
2019-10-31,1652.9,1653.2,1630.9,1651.2,1651.2,0,investing
2019-11-01,1667.3,1690.0,1661.7,1689.9,1689.9,0,investing
2019-11-04,1714.9,1729.7,1710.7,1726.9,1726.9,0,investing
2019-11-05,1729.9,1743.0,1724.0,1730.2,1730.2,0,investing
2019-11-06,1721.5,1722.2,1699.5,1715.7,1715.7,0,investing
2019-11-07,1741.0,1745.7,1719.7,1727.7,1727.7,0,investing
2019-11-08,1717.8,1736.9,1711.0,1736.8,1736.8,0,investing
2019-11-11,1722.3,1731.0,1714.8,1727.6,1727.6,0,investing
2019-11-12,1737.1,1745.3,1725.7,1732.4,1732.4,0,investing
2019-11-13,1718.2,1737.9,1714.9,1732.9,1732.9,0,investing
2019-11-14,1724.3,1729.5,1715.3,1727.6,1727.6,0,investing
2019-11-15,1749.7,1758.3,1735.4,1742.9,1742.9,0,investing
2019-11-18,1738.9,1750.4,1730.3,1738.8,1738.8,0,investing
2019-11-19,1749.4,1750.2,1721.4,1730.5,1730.5,0,investing
2019-11-20,1721.4,1731.0,1697.8,1710.1,1710.1,0,investing
2019-11-21,1693.2,1706.8,1684.4,1690.8,1690.8,0,investing
2019-11-22,1699.0,1705.3,1686.6,1690.8,1690.8,0,investing
2019-11-25,1706.6,1732.3,1706.6,1732.0,1732.0,0,investing
2019-11-26,1728.3,1729.3,1716.4,1723.3,1723.3,0,investing
2019-11-27,1730.6,1736.3,1729.4,1735.9,1735.9,0,investing
2019-11-29,1725.8,1729.1,1715.8,1716.8,1716.8,0,investing
2019-12-02,1721.0,1721.0,1690.2,1691.8,1691.8,0,investing
2019-12-03,1653.4,1666.3,1647.0,1665.7,1665.7,0,investing
2019-12-04,1687.3,1697.3,1685.3,1691.5,1691.5,0,investing
2019-12-05,1699.0,1706.2,1690.9,1697.7,1697.7,0,investing
2019-12-06,1717.8,1728.2,1717.3,1724.2,1724.2,0,investing
2019-12-09,1724.7,1729.1,1714.8,1715.0,1715.0,0,investing
2019-12-10,1720.0,1733.2,1716.0,1720.9,1720.9,0,investing
2019-12-11,1726.9,1760.4,1726.9,1759.2,1759.2,0,investing
2019-12-12,1758.0,1808.5,1757.7,1806.9,1806.9,0,investing
2019-12-13,1800.0,1824.2,1789.4,1796.0,1796.0,0,investing
2019-12-16,1817.6,1830.1,1813.1,1813.3,1813.3,0,investing
2019-12-17,1821.9,1825.9,1813.5,1821.9,1821.9,0,investing
2019-12-18,1824.2,1826.6,1815.5,1820.3,1820.3,0,investing
2019-12-19,1827.8,1835.3,1819.7,1835.0,1835.0,0,investing
2019-12-20,1837.8,1856.4,1837.7,1853.9,1853.9,0,investing
2019-12-23,1862.3,1865.1,1855.9,1857.1,1857.1,0,investing
2019-12-24,1860.0,1862.6,1851.6,1862.2,1862.2,0,investing
2019-12-26,1865.4,1867.4,1857.3,1864.5,1864.5,0,investing
2019-12-27,1870.6,1871.2,1853.9,1858.6,1858.6,0,investing
2019-12-30,1856.6,1856.7,1832.1,1844.4,1844.4,0,investing
2019-12-31,1836.2,1851.1,1835.3,1849.6,1849.6,0,investing
2020-01-02,1875.3,1888.1,1864.9,1887.9,1887.9,0,investing
2020-01-03,1850.8,1869.7,1848.7,1854.0,1854.0,0,investing
2020-01-06,1825.6,1840.2,1821.9,1834.7,1834.7,0,investing
2020-01-07,1852.7,1875.6,1845.5,1867.3,1867.3,0,investing
2020-01-08,1866.8,1879.0,1858.5,1867.6,1867.6,0,investing
2020-01-09,1887.2,1891.1,1860.6,1878.7,1878.7,0,investing
2020-01-10,1886.8,1887.9,1862.1,1866.3,1866.3,0,investing
2020-01-13,1879.9,1892.4,1873.7,1890.8,1890.8,0,investing
2020-01-14,1892.0,1909.1,1884.1,1894.6,1894.6,0,investing
2020-01-15,1889.5,1890.1,1865.9,1872.2,1872.2,0,investing
2020-01-16,1888.7,1903.9,1886.8,1903.9,1903.9,0,investing
2020-01-17,1913.1,1917.6,1902.2,1916.6,1916.6,0,investing
2020-01-21,1909.5,1922.8,1908.4,1915.0,1915.0,0,investing
2020-01-22,1930.6,1950.6,1924.9,1930.2,1930.2,0,investing
2020-01-23,1934.4,1945.9,1918.4,1945.4,1945.4,0,investing
2020-01-24,1973.1,1975.0,1910.2,1924.0,1924.0,0,investing
2020-01-27,1863.2,1872.9,1846.6,1848.9,1848.9,0,investing
2020-01-28,1871.1,1899.5,1859.9,1893.3,1893.3,0,investing
2020-01-29,1886.8,1890.9,1857.3,1858.7,1858.7,0,investing
2020-01-30,1844.3,1861.8,1820.4,1855.8,1855.8,0,investing
2020-01-31,1840.3,1840.5,1782.2,1789.9,1789.9,0,investing
2020-02-03,1794.7,1814.9,1794.3,1812.2,1812.2,0,investing
2020-02-04,1859.9,1870.2,1849.8,1868.7,1868.7,0,investing
2020-02-05,1907.2,1914.0,1882.7,1909.5,1909.5,0,investing
2020-02-06,1909.9,1911.6,1887.0,1909.6,1909.6,0,investing
2020-02-07,1890.0,1891.2,1863.6,1864.4,1864.4,0,investing
2020-02-10,1850.0,1893.0,1850.0,1892.8,1892.8,0,investing
2020-02-11,1911.3,1940.7,1911.3,1931.1,1931.1,0,investing
2020-02-12,1951.6,1962.0,1950.1,1958.8,1958.8,0,investing
2020-02-13,1943.0,1974.6,1942.8,1960.3,1960.3,0,investing
2020-02-14,1978.1,1983.7,1945.7,1956.6,1956.6,0,investing
2020-02-18,1920.2,1932.8,1916.4,1929.1,1929.1,0,investing
2020-02-19,1956.6,1982.1,1956.6,1979.5,1979.5,0,investing
2020-02-20,1970.5,1977.2,1919.9,1949.2,1949.2,0,investing
2020-02-21,1936.8,1938.4,1883.9,1891.0,1891.0,0,investing
2020-02-24,1793.1,1827.9,1788.4,1801.2,1801.2,0,investing
2020-02-25,1824.7,1826.3,1737.3,1746.1,1746.1,0,investing
2020-02-26,1761.5,1787.8,1739.0,1750.0,1750.0,0,investing
2020-02-27,1692.6,1731.0,1664.9,1668.7,1668.7,0,investing
2020-02-28,1605.9,1716.2,1605.9,1705.5,1705.5,0,investing
2020-03-02,1727.6,1766.4,1680.9,1765.4,1765.4,0,investing
2020-03-03,1768.1,1797.0,1692.1,1705.3,1705.3,0,investing
2020-03-04,1737.3,1789.7,1715.8,1789.6,1789.6,0,investing
2020-03-05,1742.4,1780.0,1721.5,1734.0,1734.0,0,investing
2020-03-06,1685.5,1713.3,1657.7,1699.9,1699.9,0,investing
2020-03-09,1560.7,1637.9,1555.5,1558.2,1558.2,0,investing
2020-03-10,1612.7,1656.9,1559.9,1656.5,1656.5,0,investing
2020-03-11,1607.4,1625.4,1545.7,1562.5,1562.5,0,investing
2020-03-12,1444.6,1513.7,1389.0,1392.1,1392.1,0,investing
2020-03-13,1481.2,1544.8,1392.5,1544.3,1544.3,0,investing
2020-03-16,1433.6,1446.8,1297.1,1298.8,1298.8,0,investing
2020-03-17,1332.9,1434.3,1282.7,1426.5,1426.5,0,investing
2020-03-18,1317.9,1373.9,1234.0,1286.8,1286.8,0,investing
2020-03-19,1282.0,1378.3,1253.4,1341.2,1341.2,0,investing
2020-03-20,1375.0,1409.0,1296.4,1298.5,1298.5,0,investing
2020-03-23,1315.2,1366.3,1280.8,1342.1,1342.1,0,investing
2020-03-24,1434.1,1492.8,1425.3,1491.8,1491.8,0,investing
2020-03-25,1495.4,1550.8,1448.9,1472.6,1472.6,0,investing
2020-03-26,1499.8,1574.6,1492.8,1572.6,1572.6,0,investing
2020-03-27,1512.8,1541.5,1485.3,1488.8,1488.8,0,investing
2020-03-30,1506.5,1547.1,1496.0,1545.3,1545.3,0,investing
2020-03-31,1542.9,1568.0,1499.8,1510.6,1510.6,0,investing
2020-04-01,1455.0,1498.0,1414.3,1427.7,1427.7,0,investing
2020-04-02,1416.6,1476.7,1416.6,1474.6,1474.6,0,investing
2020-04-03,1472.2,1487.2,1425.1,1443.0,1443.0,0,investing
2020-04-06,1514.1,1598.7,1508.7,1592.9,1592.9,0,investing
2020-04-07,1647.9,1648.4,1582.7,1585.4,1585.4,0,investing
2020-04-08,1608.8,1645.0,1590.5,1639.9,1639.9,0,investing
2020-04-09,1660.4,1673.7,1587.9,1601.7,1601.7,0,investing
2020-04-13,1591.3,1626.3,1585.7,1623.7,1623.7,0,investing
2020-04-14,1662.3,1696.9,1658.0,1695.8,1695.8,0,investing
2020-04-15,1652.9,1657.6,1631.1,1647.9,1647.9,0,investing
2020-04-16,1677.0,1696.2,1654.2,1690.9,1690.9,0,investing
2020-04-17,1724.0,1724.8,1684.7,1705.6,1705.6,0,investing
2020-04-20,1677.6,1704.3,1666.4,1667.6,1667.6,0,investing
2020-04-21,1642.0,1650.2,1582.2,1588.7,1588.7,0,investing
2020-04-22,1641.4,1690.1,1630.1,1682.1,1682.1,0,investing
2020-04-23,1679.1,1700.2,1661.5,1664.7,1664.7,0,investing
2020-04-24,1665.0,1704.1,1651.7,1702.6,1702.6,0,investing
2020-04-27,1720.2,1740.1,1715.8,1725.0,1725.0,0,investing
2020-04-28,1760.9,1764.9,1712.3,1713.2,1713.2,0,investing
2020-04-29,1748.3,1803.0,1742.5,1797.8,1797.8,0,investing
2020-04-30,1781.8,1781.8,1730.0,1731.2,1731.2,0,investing
2020-05-01,1682.1,1694.0,1639.2,1644.4,1644.4,0,investing
2020-05-04,1634.3,1663.0,1625.8,1661.3,1661.3,0,investing
2020-05-05,1690.9,1719.9,1679.3,1689.5,1689.5,0,investing
2020-05-06,1710.5,1734.1,1704.1,1707.8,1707.8,0,investing
2020-05-07,1740.0,1744.5,1716.2,1724.9,1724.9,0,investing
2020-05-08,1745.2,1777.0,1738.4,1775.6,1775.6,0,investing
2020-05-11,1757.4,1788.9,1756.6,1774.3,1774.3,0,investing
2020-05-12,1784.2,1790.7,1724.4,1725.2,1725.2,0,investing
2020-05-13,1729.6,1741.6,1667.5,1691.6,1691.6,0,investing
2020-05-14,1677.8,1739.8,1650.8,1739.0,1739.0,0,investing
2020-05-15,1681.6,1707.0,1669.3,1700.9,1700.9,0,investing
2020-05-18,1746.7,1789.3,1746.1,1782.5,1782.5,0,investing
2020-05-19,1777.5,1815.3,1774.8,1775.6,1775.6,0,investing
2020-05-20,1818.2,1850.7,1816.0,1840.8,1840.8,0,investing
2020-05-21,1835.3,1839.9,1789.5,1791.0,1791.0,0,investing
2020-05-22,1790.8,1803.6,1772.7,1802.3,1802.3,0,investing
2020-05-26,1851.6,1856.8,1817.7,1820.5,1820.5,0,investing
2020-05-27,1823.8,1847.5,1774.1,1847.3,1847.3,0,investing
2020-05-28,1843.1,1857.4,1797.1,1804.7,1804.7,0,investing
2020-05-29,1816.5,1857.6,1807.6,1852.5,1852.5,0,investing
2020-06-01,1841.6,1851.2,1828.4,1843.2,1843.2,0,investing
2020-06-02,1849.7,1884.8,1840.4,1883.4,1883.4,0,investing
2020-06-03,1915.9,1945.1,1915.9,1937.5,1937.5,0,investing
2020-06-04,1928.0,1968.2,1923.3,1953.5,1953.5,0,investing
2020-06-05,1998.6,2030.5,1997.3,2003.8,2003.8,0,investing
2020-06-08,2007.8,2010.5,1977.9,1998.6,1998.6,0,investing
2020-06-09,1974.9,2006.3,1968.8,1998.1,1998.1,0,investing
2020-06-10,2006.7,2025.1,1999.5,2004.7,2004.7,0,investing
2020-06-11,1948.2,1961.6,1876.2,1876.7,1876.7,0,investing
2020-06-12,1930.7,1941.2,1862.7,1903.8,1903.8,0,investing
2020-06-15,1865.4,1933.3,1857.2,1931.0,1931.0,0,investing
2020-06-16,1988.5,1999.0,1933.2,1965.7,1965.7,0,investing
2020-06-17,1978.3,2000.7,1971.9,1984.1,1984.1,0,investing
2020-06-18,1979.1,1989.2,1970.0,1980.1,1980.1,0,investing
2020-06-19,1999.9,2008.5,1963.2,1966.8,1966.8,0,investing
2020-06-22,1960.7,1986.6,1948.1,1983.4,1983.4,0,investing
2020-06-23,2002.1,2009.8,1986.1,1987.7,1987.7,0,investing
2020-06-24,1976.6,1988.2,1930.7,1944.3,1944.3,0,investing
2020-06-25,1941.6,1963.7,1914.3,1961.0,1961.0,0,investing
2020-06-26,1959.5,1964.0,1917.8,1921.9,1921.9,0,investing
2020-06-29,1924.8,1944.6,1899.8,1943.9,1943.9,0,investing
2020-06-30,1954.5,2002.1,1953.2,1996.4,1996.4,0,investing
2020-07-01,1993.8,1995.9,1966.0,1967.0,1967.0,0,investing
2020-07-02,1994.2,2011.1,1986.4,1993.6,1993.6,0,investing
2020-07-06,2030.7,2053.0,2030.2,2046.8,2046.8,0,investing
2020-07-07,2042.4,2053.2,2016.6,2019.8,2019.8,0,investing
2020-07-08,2038.5,2051.1,2020.8,2049.8,2049.8,0,investing
2020-07-09,2058.0,2088.5,2028.0,2076.7,2076.7,0,investing
2020-07-10,2079.7,2083.3,2049.7,2069.8,2069.8,0,investing
2020-07-13,2099.3,2121.9,2031.3,2034.1,2034.1,0,investing
2020-07-14,2020.9,2073.4,1994.3,2069.8,2069.8,0,investing
2020-07-15,2077.5,2077.5,2033.2,2064.2,2064.2,0,investing
2020-07-16,2038.9,2063.4,2032.6,2055.9,2055.9,0,investing
2020-07-17,2067.5,2076.1,2056.6,2069.0,2069.0,0,investing
2020-07-20,2070.2,2114.3,2057.9,2110.5,2110.5,0,investing
2020-07-21,2125.7,2126.6,2089.6,2096.6,2096.6,0,investing
2020-07-22,2101.8,2120.9,2088.3,2105.4,2105.4,0,investing
2020-07-23,2106.9,2122.5,2054.5,2071.0,2071.0,0,investing
2020-07-24,2024.2,2068.7,2010.7,2038.7,2038.7,0,investing
2020-07-27,2057.0,2105.6,2056.5,2104.6,2104.6,0,investing
2020-07-28,2082.8,2084.8,2058.9,2060.4,2060.4,0,investing
2020-07-29,2084.6,2114.2,2079.5,2106.3,2106.3,0,investing
2020-07-30,2105.4,2148.6,2098.8,2147.6,2147.6,0,investing
2020-07-31,2144.7,2145.4,2104.9,2136.4,2136.4,0,investing
2020-08-03,2156.6,2181.5,2151.2,2177.3,2177.3,0,investing
2020-08-04,2177.4,2209.9,2174.9,2209.8,2209.8,0,investing
2020-08-05,2202.5,2215.5,2191.3,2207.6,2207.6,0,investing
2020-08-06,2199.0,2207.7,2181.8,2204.9,2204.9,0,investing
2020-08-07,2199.4,2210.0,2153.5,2178.9,2178.9,0,investing
2020-08-10,2181.4,2188.0,2148.1,2179.6,2179.6,0,investing
2020-08-11,2177.1,2199.1,2149.5,2154.8,2154.8,0,investing
2020-08-12,2173.9,2232.0,2168.9,2227.2,2227.2,0,investing
2020-08-13,2221.6,2226.7,2193.5,2202.4,2202.4,0,investing
2020-08-14,2203.1,2227.9,2194.4,2200.8,2200.8,0,investing
2020-08-17,2215.3,2237.8,2215.3,2227.6,2227.6,0,investing
2020-08-18,2237.3,2241.0,2209.2,2214.7,2214.7,0,investing
2020-08-19,2219.4,2221.9,2195.8,2200.8,2200.8,0,investing
2020-08-20,2169.1,2192.4,2166.8,2181.0,2181.0,0,investing
2020-08-21,2178.0,2199.3,2170.6,2198.3,2198.3,0,investing
2020-08-24,2224.9,2227.5,2202.8,2219.4,2219.4,0,investing
2020-08-25,2226.3,2243.4,2222.0,2243.1,2243.1,0,investing
2020-08-26,2245.2,2256.4,2237.4,2250.2,2250.2,0,investing
2020-08-27,2258.1,2258.1,2208.0,2220.2,2220.2,0,investing
2020-08-28,2225.8,2264.6,2222.2,2264.1,2264.1,0,investing
2020-08-31,2259.1,2277.8,2243.7,2260.4,2260.4,0,investing
2020-09-01,2275.6,2305.5,2264.9,2304.7,2304.7,0,investing
2020-09-02,2340.6,2382.3,2317.0,2370.2,2370.2,0,investing
2020-09-03,2324.6,2326.6,2221.5,2234.2,2234.2,0,investing
2020-09-04,2218.3,2252.0,2137.0,2212.7,2212.7,0,investing
2020-09-08,2124.9,2174.9,2106.7,2108.6,2108.6,0,investing
2020-09-09,2157.3,2186.2,2135.3,2169.6,2169.6,0,investing
2020-09-10,2192.0,2202.8,2126.7,2137.8,2137.8,0,investing
2020-09-11,2158.9,2176.6,2115.1,2136.4,2136.4,0,investing
2020-09-14,2184.0,2194.5,2164.6,2181.8,2181.8,0,investing
2020-09-15,2208.9,2233.7,2207.0,2219.2,2219.2,0,investing
2020-09-16,2232.3,2235.8,2194.7,2195.5,2195.5,0,investing
2020-09-17,2135.7,2199.5,2135.7,2194.2,2194.2,0,investing
2020-09-18,2209.3,2211.3,2133.6,2161.0,2161.0,0,investing
2020-09-21,2123.4,2154.9,2102.2,2154.3,2154.3,0,investing
2020-09-22,2167.1,2181.8,2132.9,2180.3,2180.3,0,investing
2020-09-23,2181.0,2190.6,2120.8,2126.7,2126.7,0,investing
2020-09-24,2109.9,2175.9,2109.9,2147.4,2147.4,0,investing
2020-09-25,2141.2,2183.1,2119.5,2177.8,2177.8,0,investing
2020-09-28,2206.9,2238.3,2193.5,2237.6,2237.6,0,investing
2020-09-29,2236.3,2261.6,2235.0,2242.5,2242.5,0,investing
2020-09-30,2233.3,2266.8,2233.2,2244.1,2244.1,0,investing
2020-10-01,2279.6,2297.4,2265.9,2291.8,2291.8,0,investing
2020-10-02,2236.4,2270.3,2220.7,2221.1,2221.1,0,investing
2020-10-05,2245.2,2296.1,2245.0,2295.6,2295.6,0,investing
2020-10-06,2296.9,2337.5,2273.7,2281.1,2281.1,0,investing
2020-10-07,2317.2,2333.7,2314.7,2328.8,2328.8,0,investing
2020-10-08,2348.0,2360.0,2341.0,2356.2,2356.2,0,investing
2020-10-09,2398.9,2403.8,2381.1,2398.0,2398.0,0,investing
2020-10-12,2423.1,2444.9,2416.8,2433.5,2433.5,0,investing
2020-10-13,2438.0,2449.2,2418.1,2430.1,2430.1,0,investing
2020-10-14,2437.7,2445.1,2405.1,2417.2,2417.2,0,investing
2020-10-15,2371.2,2416.4,2369.2,2411.1,2411.1,0,investing
2020-10-16,2424.2,2425.9,2398.5,2399.8,2399.8,0,investing
2020-10-19,2418.9,2432.9,2379.3,2385.8,2385.8,0,investing
2020-10-20,2397.9,2404.9,2379.4,2385.8,2385.8,0,investing
2020-10-21,2384.1,2394.2,2366.3,2367.3,2367.3,0,investing
2020-10-22,2369.6,2381.6,2342.3,2370.4,2370.4,0,investing
2020-10-23,2355.6,2361.2,2338.2,2360.2,2360.2,0,investing
2020-10-26,2337.0,2349.1,2280.3,2308.4,2308.4,0,investing
2020-10-27,2328.1,2331.7,2293.0,2300.9,2300.9,0,investing
2020-10-28,2261.3,2264.1,2221.4,2223.0,2223.0,0,investing
2020-10-29,2220.5,2304.4,2219.4,2283.7,2283.7,0,investing
2020-10-30,2257.1,2270.5,2221.3,2246.2,2246.2,0,investing
2020-11-02,2269.4,2281.4,2238.7,2260.1,2260.1,0,investing
2020-11-03,2281.5,2319.9,2279.3,2302.7,2302.7,0,investing
2020-11-04,2345.1,2393.8,2322.4,2384.2,2384.2,0,investing
2020-11-05,2452.4,2493.3,2451.9,2489.2,2489.2,0,investing
2020-11-06,2486.9,2537.5,2474.6,2529.3,2529.3,0,investing
2020-11-09,2587.3,2604.5,2495.6,2497.6,2497.6,0,investing
2020-11-10,2474.9,2485.6,2417.4,2422.3,2422.3,0,investing
2020-11-11,2465.6,2514.4,2464.5,2511.2,2511.2,0,investing
2020-11-12,2511.2,2521.4,2467.2,2478.4,2478.4,0,investing
2020-11-13,2513.2,2530.3,2492.5,2508.8,2508.8,0,investing
2020-11-16,2529.2,2572.0,2524.4,2571.0,2571.0,0,investing
2020-11-17,2556.6,2563.6,2532.0,2549.0,2549.0,0,investing
2020-11-18,2554.6,2572.4,2530.2,2530.6,2530.6,0,investing
2020-11-19,2513.7,2572.0,2511.5,2570.2,2570.2,0,investing
2020-11-20,2577.8,2591.9,2553.7,2555.5,2555.5,0,investing
2020-11-23,2568.5,2602.9,2561.3,2595.2,2595.2,0,investing
2020-11-24,2607.4,2612.2,2569.5,2609.0,2609.0,0,investing
2020-11-25,2612.9,2622.5,2590.6,2600.2,2600.2,0,investing
2020-11-27,2625.7,2647.6,2625.5,2631.6,2631.6,0,investing
2020-11-30,2638.1,2666.1,2604.5,2663.5,2663.5,0,investing
2020-12-01,2692.1,2724.6,2679.4,2709.7,2709.7,0,investing
2020-12-02,2702.9,2728.0,2697.3,2716.3,2716.3,0,investing
2020-12-03,2730.3,2745.9,2713.6,2716.2,2716.2,0,investing
2020-12-04,2728.6,2793.7,2724.6,2793.0,2793.0,0,investing
2020-12-07,2796.3,2809.0,2780.1,2806.6,2806.6,0,investing
2020-12-08,2805.0,2825.9,2790.3,2816.3,2816.3,0,investing
2020-12-09,2799.7,2822.0,2718.9,2734.8,2734.8,0,investing
2020-12-10,2712.0,2754.6,2704.6,2733.7,2733.7,0,investing
2020-12-11,2703.8,2724.6,2675.4,2704.1,2704.1,0,investing
2020-12-14,2723.9,2751.8,2723.9,2736.2,2736.2,0,investing
2020-12-15,2774.6,2779.8,2753.2,2774.8,2774.8,0,investing
2020-12-16,2780.0,2780.5,2753.9,2773.4,2773.4,0,investing
2020-12-17,2791.4,2792.1,2768.1,2778.1,2778.1,0,investing
2020-12-18,2783.1,2786.1,2746.4,2764.7,2764.7,0,investing
2020-12-21,2718.7,2751.2,2703.8,2747.3,2747.3,0,investing
2020-12-22,2747.2,2751.0,2722.7,2744.0,2744.0,0,investing
2020-12-23,2754.9,2754.9,2721.9,2723.5,2723.5,0,investing
2020-12-24,2733.7,2751.7,2730.8,2750.2,2750.2,0,investing
2020-12-28,2781.0,2782.7,2741.9,2744.3,2744.3,0,investing
2020-12-29,2757.6,2757.7,2709.0,2738.1,2738.1,0,investing
2020-12-30,2754.7,2788.9,2754.7,2783.8,2783.8,0,investing
2020-12-31,2787.7,2798.1,2768.4,2795.5,2795.5,0,investing
2021-01-04,2822.0,2872.2,2763.1,2783.2,2783.2,0,investing
2021-01-05,2783.2,2838.2,2782.6,2837.2,2837.2,0,investing
2021-01-06,2820.9,2884.6,2803.5,2828.0,2828.0,0,investing
2021-01-07,2873.7,2943.9,2873.2,2937.0,2937.0,0,investing
2021-01-08,2982.3,2994.1,2904.5,2936.5,2936.5,0,investing
2021-01-11,2915.1,2991.6,2914.1,2969.9,2969.9,0,investing
2021-01-12,2989.1,3014.4,2959.9,2988.0,2988.0,0,investing
2021-01-13,3019.7,3020.7,2980.2,2991.9,2991.9,0,investing
2021-01-14,3037.4,3089.7,3029.7,3055.6,3055.6,0,investing
2021-01-15,3043.4,3043.4,2976.0,2992.8,2992.8,0,investing
2021-01-19,3041.9,3097.5,3035.0,3093.3,3093.3,0,investing
2021-01-20,3124.0,3138.6,3077.3,3085.0,3085.0,0,investing
2021-01-21,3110.8,3141.0,3081.9,3132.2,3132.2,0,investing
2021-01-22,3098.4,3116.2,3073.9,3074.4,3074.4,0,investing
2021-01-25,3102.9,3107.8,3023.6,3079.2,3079.2,0,investing
2021-01-26,3078.1,3079.4,3030.0,3031.8,3031.8,0,investing
2021-01-27,2941.6,2961.6,2862.2,2875.1,2875.1,0,investing
2021-01-28,2933.1,2977.5,2909.1,2935.1,2935.1,0,investing
2021-01-29,2940.8,2954.7,2875.1,2887.1,2887.1,0,investing
2021-02-01,2938.7,3006.7,2924.7,3000.0,3000.0,0,investing
2021-02-02,3047.4,3049.3,3005.1,3047.3,3047.3,0,investing
2021-02-03,3057.6,3063.3,2982.5,2982.9,2982.9,0,investing
2021-02-04,2966.5,3010.5,2951.9,3008.4,3008.4,0,investing
2021-02-05,3028.0,3029.5,2982.7,2985.0,2985.0,0,investing
2021-02-08,3013.1,3079.3,3010.7,3078.5,3078.5,0,investing
2021-02-09,3070.8,3089.4,3053.6,3064.9,3064.9,0,investing
2021-02-10,3096.0,3108.9,3035.0,3074.9,3074.9,0,investing
2021-02-11,3107.2,3182.6,3106.2,3180.8,3180.8,0,investing
2021-02-12,3172.2,3226.1,3155.6,3219.9,3219.9,0,investing
2021-02-16,3250.6,3269.0,3222.4,3238.9,3238.9,0,investing
2021-02-17,3197.3,3216.4,3138.1,3178.2,3178.2,0,investing
2021-02-18,3142.2,3160.0,3108.5,3146.8,3146.8,0,investing
2021-02-19,3195.1,3241.7,3188.1,3223.5,3223.5,0,investing
2021-02-22,3181.3,3202.6,3093.6,3102.0,3102.0,0,investing
2021-02-23,3041.9,3105.0,2960.4,3083.9,3083.9,0,investing
2021-02-24,3063.2,3186.1,3037.1,3183.7,3183.7,0,investing
2021-02-25,3142.9,3163.5,2988.4,2999.2,2999.2,0,investing
2021-02-26,3041.8,3096.9,2991.1,3067.6,3067.6,0,investing
2021-03-01,3118.4,3172.4,3093.6,3169.1,3169.1,0,investing
2021-03-02,3165.4,3166.6,3068.2,3070.9,3070.9,0,investing
2021-03-03,3068.2,3079.9,2972.8,2975.6,2975.6,0,investing
2021-03-04,2947.9,2980.1,2793.8,2831.6,2831.6,0,investing
2021-03-05,2898.0,2928.1,2764.8,2920.8,2920.8,0,investing
2021-03-08,2905.8,2923.6,2759.2,2762.8,2762.8,0,investing
2021-03-09,2861.1,2952.1,2853.7,2932.2,2932.2,0,investing
2021-03-10,2969.9,2976.1,2876.2,2879.3,2879.3,0,investing
2021-03-11,2965.2,3015.0,2948.4,2997.1,2997.1,0,investing
2021-03-12,2933.8,2970.1,2924.3,2965.1,2965.1,0,investing
2021-03-15,2983.5,3034.1,2963.7,3032.1,3032.1,0,investing
2021-03-16,3058.3,3116.1,3051.7,3070.3,3070.3,0,investing
2021-03-17,3024.8,3130.0,3004.1,3107.9,3107.9,0,investing
2021-03-18,3058.6,3069.3,2974.7,2976.2,2976.2,0,investing
2021-03-19,2976.6,3039.4,2945.5,3011.4,3011.4,0,investing
2021-03-22,3055.4,3112.4,3040.7,3077.6,3077.6,0,investing
2021-03-23,3082.0,3082.2,2982.2,2994.2,2994.2,0,investing
2021-03-24,3049.8,3057.4,2952.3,2954.0,2954.0,0,investing
2021-03-25,2902.4,2971.8,2881.0,2959.9,2959.9,0,investing
2021-03-26,2961.2,3110.7,2958.8,3106.3,3106.3,0,investing
2021-03-29,3077.1,3085.6,3022.0,3054.6,3054.6,0,investing
2021-03-30,3034.8,3055.8,3013.3,3044.6,3044.6,0,investing
2021-03-31,3073.5,3147.1,3072.5,3124.9,3124.9,0,investing
2021-04-01,3187.3,3242.3,3180.5,3240.2,3240.2,0,investing
2021-04-05,3282.9,3314.2,3255.3,3305.4,3305.4,0,investing
2021-04-06,3283.5,3304.5,3236.9,3266.1,3266.1,0,investing
2021-04-07,3259.3,3281.4,3241.1,3266.5,3266.5,0,investing
2021-04-08,3301.4,3304.5,3274.0,3301.3,3301.3,0,investing
2021-04-09,3272.4,3295.8,3262.9,3294.5,3294.5,0,investing
2021-04-12,3273.6,3274.6,3231.1,3258.3,3258.3,0,investing
2021-04-13,3275.5,3284.9,3223.5,3252.7,3252.7,0,investing
2021-04-14,3244.6,3268.9,3200.5,3213.9,3213.9,0,investing
2021-04-15,3250.3,3276.6,3226.1,3271.3,3271.3,0,investing
2021-04-16,3274.1,3275.6,3248.5,3253.1,3253.1,0,investing
2021-04-19,3228.0,3240.9,3141.2,3171.0,3171.0,0,investing
2021-04-20,3158.9,3171.2,3106.2,3121.4,3121.4,0,investing
2021-04-21,3128.2,3209.3,3113.7,3207.3,3207.3,0,investing
2021-04-22,3203.9,3206.9,3119.0,3133.2,3133.2,0,investing
2021-04-23,3147.1,3207.3,3145.8,3197.0,3197.0,0,investing
2021-04-26,3199.5,3256.2,3195.4,3250.3,3250.3,0,investing
2021-04-27,3266.3,3266.3,3220.3,3225.6,3225.6,0,investing
2021-04-28,3208.6,3208.6,3175.6,3178.5,3178.5,0,investing
2021-04-29,3218.4,3222.3,3154.0,3202.5,3202.5,0,investing
2021-04-30,3145.5,3169.4,3101.4,3109.0,3109.0,0,investing
2021-05-03,3130.1,3134.1,3060.0,3073.4,3073.4,0,investing
2021-05-04,3029.3,3036.1,2969.1,3024.3,3024.3,0,investing
2021-05-05,3063.2,3080.7,3022.7,3042.9,3042.9,0,investing
2021-05-06,3032.6,3068.5,3002.7,3066.2,3066.2,0,investing
2021-05-07,3103.9,3129.9,3085.7,3112.0,3112.0,0,investing
2021-05-10,3077.3,3078.4,2965.4,2967.1,2967.1,0,investing
2021-05-11,2876.3,2982.8,2872.3,2976.0,2976.0,0,investing
2021-05-12,2906.4,2926.9,2842.3,2851.1,2851.1,0,investing
2021-05-13,2899.8,2934.4,2862.9,2893.9,2893.9,0,investing
2021-05-14,2932.0,3006.1,2907.4,2981.4,2981.4,0,investing
2021-05-17,2946.8,2955.6,2904.3,2954.6,2954.6,0,investing
2021-05-18,2977.9,2985.9,2927.3,2929.1,2929.1,0,investing
2021-05-19,2864.4,2989.8,2862.7,2987.3,2987.3,0,investing
2021-05-20,3010.8,3078.3,3010.0,3066.1,3066.1,0,investing
2021-05-21,3085.7,3086.8,3044.9,3052.1,3052.1,0,investing
2021-05-24,3082.4,3141.8,3079.7,3123.0,3123.0,0,investing
2021-05-25,3145.7,3157.8,3117.3,3134.7,3134.7,0,investing
2021-05-26,3135.9,3156.8,3115.2,3141.0,3141.0,0,investing
2021-05-27,3134.2,3170.9,3130.6,3159.3,3159.3,0,investing
2021-05-28,3172.5,3200.4,3163.8,3186.6,3186.6,0,investing
2021-06-01,3210.1,3233.9,3160.4,3174.3,3174.3,0,investing
2021-06-02,3167.7,3206.8,3163.8,3197.0,3197.0,0,investing
2021-06-03,3161.1,3171.8,3127.0,3139.2,3139.2,0,investing
2021-06-04,3170.1,3221.8,3170.1,3214.1,3214.1,0,investing
2021-06-07,3199.1,3205.3,3172.5,3191.7,3191.7,0,investing
2021-06-08,3221.4,3221.4,3150.3,3171.2,3171.2,0,investing
2021-06-09,3183.4,3190.7,3157.8,3158.5,3158.5,0,investing
2021-06-10,3165.2,3205.8,3156.8,3196.2,3196.2,0,investing
2021-06-11,3198.9,3210.3,3186.3,3210.1,3210.1,0,investing
2021-06-14,3213.6,3255.6,3200.0,3255.3,3255.3,0,investing
2021-06-15,3248.1,3265.6,3218.2,3226.0,3226.0,0,investing
2021-06-16,3237.0,3246.3,3173.5,3201.0,3201.0,0,investing
2021-06-17,3189.3,3255.3,3189.1,3231.7,3231.7,0,investing
2021-06-18,3205.8,3211.0,3137.6,3152.8,3152.8,0,investing
2021-06-21,3153.2,3174.9,3132.9,3172.0,3172.0,0,investing
2021-06-22,3166.6,3192.5,3155.1,3185.4,3185.4,0,investing
2021-06-23,3191.6,3214.7,3191.5,3197.2,3197.2,0,investing
2021-06-24,3228.7,3258.4,3226.0,3253.8,3253.8,0,investing
2021-06-25,3263.5,3270.2,3233.6,3241.5,3241.5,0,investing
2021-06-28,3274.4,3333.7,3274.1,3323.1,3323.1,0,investing
2021-06-29,3321.5,3350.0,3305.0,3348.9,3348.9,0,investing
2021-06-30,3346.6,3351.0,3326.1,3345.3,3345.3,0,investing
2021-07-01,3336.1,3340.2,3288.9,3295.1,3295.1,0,investing
2021-07-02,3323.2,3323.6,3289.4,3315.8,3315.8,0,investing
2021-07-06,3327.0,3335.9,3268.1,3307.9,3307.9,0,investing
2021-07-07,3331.3,3331.3,3250.5,3261.7,3261.7,0,investing
2021-07-08,3185.5,3239.4,3172.4,3222.8,3222.8,0,investing
2021-07-09,3229.5,3282.3,3212.7,3278.4,3278.4,0,investing
2021-07-12,3292.6,3319.9,3281.6,3319.0,3319.0,0,investing
2021-07-13,3309.6,3319.1,3289.7,3300.8,3300.8,0,investing
2021-07-14,3338.0,3358.0,3283.7,3289.2,3289.2,0,investing
2021-07-15,3271.4,3272.3,3196.1,3217.7,3217.7,0,investing
2021-07-16,3231.1,3243.8,3141.4,3145.4,3145.4,0,investing
2021-07-19,3094.8,3150.0,3088.3,3147.5,3147.5,0,investing
2021-07-20,3155.6,3212.2,3122.1,3191.0,3191.0,0,investing
2021-07-21,3205.9,3289.2,3204.6,3288.8,3288.8,0,investing
2021-07-22,3268.4,3282.6,3240.7,3259.4,3259.4,0,investing
2021-07-23,3273.3,3281.3,3239.3,3280.1,3280.1,0,investing
2021-07-26,3268.7,3286.9,3256.9,3276.9,3276.9,0,investing
2021-07-27,3259.0,3261.7,3152.6,3216.0,3216.0,0,investing
2021-07-28,3230.1,3283.2,3217.0,3272.4,3272.4,0,investing
2021-07-29,3286.4,3339.9,3280.4,3333.2,3333.2,0,investing
2021-07-30,3304.5,3361.2,3304.5,3356.5,3356.5,0,investing
2021-08-02,3388.5,3420.3,3370.8,3377.5,3377.5,0,investing
2021-08-03,3382.1,3397.8,3340.4,3396.7,3396.7,0,investing
2021-08-04,3415.1,3450.4,3405.7,3436.9,3436.9,0,investing
2021-08-05,3447.2,3451.4,3408.4,3424.5,3424.5,0,investing
2021-08-06,3404.4,3427.6,3403.5,3412.0,3412.0,0,investing
2021-08-09,3424.4,3428.1,3387.6,3399.8,3399.8,0,investing
2021-08-10,3406.5,3409.5,3337.6,3358.9,3358.9,0,investing
2021-08-11,3370.4,3373.4,3310.0,3350.9,3350.9,0,investing
2021-08-12,3328.6,3328.6,3287.0,3313.0,3313.0,0,investing
2021-08-13,3308.8,3337.6,3305.8,3335.0,3335.0,0,investing
2021-08-16,3323.8,3331.7,3298.2,3322.6,3322.6,0,investing
2021-08-17,3288.0,3288.0,3228.9,3256.8,3256.8,0,investing
2021-08-18,3245.7,3269.1,3206.0,3208.8,3208.8,0,investing
2021-08-19,3192.2,3252.6,3166.8,3235.9,3235.9,0,investing
2021-08-20,3245.2,3263.5,3218.6,3256.5,3256.5,0,investing
2021-08-23,3287.7,3346.2,3287.4,3342.0,3342.0,0,investing
2021-08-24,3347.8,3363.4,3338.9,3345.4,3345.4,0,investing
2021-08-25,3365.2,3393.9,3363.2,3372.6,3372.6,0,investing
2021-08-26,3368.4,3385.5,3346.8,3370.4,3370.4,0,investing
2021-08-27,3373.5,3441.8,3373.5,3436.4,3436.4,0,investing
2021-08-30,3460.8,3477.9,3433.9,3446.4,3446.4,0,investing
2021-08-31,3446.5,3446.6,3391.1,3417.7,3417.7,0,investing
2021-09-01,3431.0,3433.0,3398.6,3400.0,3400.0,0,investing
2021-09-02,3413.3,3420.0,3397.0,3411.3,3411.3,0,investing
2021-09-03,3405.0,3445.4,3401.8,3430.9,3430.9,0,investing
2021-09-07,3432.2,3433.0,3401.9,3419.7,3419.7,0,investing
2021-09-08,3409.5,3411.8,3350.3,3377.7,3377.7,0,investing
2021-09-09,3381.6,3410.1,3379.8,3390.8,3390.8,0,investing
2021-09-10,3425.4,3468.7,3415.2,3416.7,3416.7,0,investing
2021-09-13,3450.6,3458.1,3405.3,3449.7,3449.7,0,investing
2021-09-14,3464.7,3475.8,3433.5,3449.4,3449.4,0,investing
2021-09-15,3451.2,3466.5,3421.6,3465.8,3465.8,0,investing
2021-09-16,3437.3,3484.2,3427.8,3473.6,3473.6,0,investing
2021-09-17,3457.8,3457.8,3403.1,3421.2,3421.2,0,investing
2021-09-20,3341.3,3360.0,3289.4,3338.2,3338.2,0,investing
2021-09-21,3363.3,3368.4,3313.9,3345.0,3345.0,0,investing
2021-09-22,3374.2,3420.7,3357.6,3412.0,3412.0,0,investing
2021-09-23,3426.3,3468.7,3418.0,3457.4,3457.4,0,investing
2021-09-24,3431.1,3461.3,3426.1,3453.9,3453.9,0,investing
2021-09-27,3418.1,3458.2,3399.1,3445.4,3445.4,0,investing
2021-09-28,3378.1,3398.1,3313.7,3314.4,3314.4,0,investing
2021-09-29,3318.3,3329.9,3257.2,3263.8,3263.8,0,investing
2021-09-30,3293.7,3311.4,3257.7,3258.1,3258.1,0,investing
2021-10-01,3275.3,3277.6,3208.5,3261.2,3261.2,0,investing
2021-10-04,3240.9,3246.4,3170.5,3180.1,3180.1,0,investing
2021-10-05,3204.7,3249.0,3191.1,3227.3,3227.3,0,investing
2021-10-06,3191.5,3242.4,3182.6,3238.8,3238.8,0,investing
2021-10-07,3281.0,3319.4,3271.2,3274.5,3274.5,0,investing
2021-10-08,3288.6,3289.5,3241.9,3246.3,3246.3,0,investing
2021-10-11,3232.8,3274.4,3219.9,3221.2,3221.2,0,investing
2021-10-12,3240.8,3242.9,3165.4,3178.1,3178.1,0,investing
2021-10-13,3203.7,3212.0,3183.5,3192.8,3192.8,0,investing
2021-10-14,3245.9,3292.1,3243.1,3291.2,3291.2,0,investing
2021-10-15,3316.5,3325.3,3299.5,3314.4,3314.4,0,investing
2021-10-18,3287.4,3340.8,3276.7,3338.8,3338.8,0,investing
2021-10-19,3343.1,3381.7,3332.0,3381.5,3381.5,0,investing
2021-10-20,3380.4,3388.0,3363.3,3374.2,3374.2,0,investing
2021-10-21,3354.0,3415.0,3353.9,3412.1,3412.1,0,investing
2021-10-22,3393.1,3427.1,3366.6,3370.3,3370.3,0,investing
2021-10-25,3384.9,3412.4,3378.0,3392.4,3392.4,0,investing
2021-10-26,3420.3,3427.9,3381.1,3393.0,3393.0,0,investing
2021-10-27,3365.1,3399.1,3353.8,3360.3,3360.3,0,investing
2021-10-28,3406.3,3440.6,3403.0,3438.8,3438.8,0,investing
2021-10-29,3407.5,3452.8,3404.2,3451.3,3451.3,0,investing
2021-11-01,3459.6,3507.6,3451.7,3506.3,3506.3,0,investing
2021-11-02,3510.3,3549.8,3510.3,3548.9,3548.9,0,investing
2021-11-03,3552.7,3592.8,3540.0,3590.2,3590.2,0,investing
2021-11-04,3633.1,3728.1,3617.1,3715.8,3715.8,0,investing
2021-11-05,3738.9,3789.6,3725.3,3756.6,3756.6,0,investing
2021-11-08,3781.1,3824.3,3766.5,3803.3,3803.3,0,investing
2021-11-09,3830.8,3838.6,3767.0,3800.6,3800.6,0,investing
2021-11-10,3727.6,3783.1,3676.6,3693.0,3693.0,0,investing
2021-11-11,3740.4,3772.1,3723.2,3764.5,3764.5,0,investing
2021-11-12,3770.5,3812.3,3754.7,3794.5,3794.5,0,investing
2021-11-15,3817.1,3823.6,3760.1,3793.8,3793.8,0,investing
2021-11-16,3781.9,3866.7,3774.1,3859.4,3859.4,0,investing
2021-11-17,3851.3,3856.5,3813.6,3831.4,3831.4,0,investing
2021-11-18,3904.3,3916.9,3861.9,3900.0,3900.0,0,investing
2021-11-19,3895.6,3937.0,3879.9,3912.0,3912.0,0,investing
2021-11-22,3928.0,3982.1,3843.9,3847.1,3847.1,0,investing
2021-11-23,3836.7,3869.9,3773.4,3834.4,3834.4,0,investing
2021-11-24,3800.1,3871.6,3765.7,3870.0,3870.0,0,investing
2021-11-26,3799.5,3833.0,3735.9,3757.1,3757.1,0,investing
2021-11-29,3827.4,3914.7,3806.4,3910.5,3910.5,0,investing
2021-11-30,3893.0,3924.8,3804.6,3833.2,3833.2,0,investing
2021-12-01,3896.1,3958.7,3806.3,3810.7,3810.7,0,investing
2021-12-02,3758.2,3838.6,3742.5,3810.8,3810.8,0,investing
2021-12-03,3874.5,3902.9,3762.1,3804.5,3804.5,0,investing
2021-12-06,3797.6,3814.3,3687.9,3800.1,3800.1,0,investing
2021-12-07,3892.3,4002.2,3892.3,3988.7,3988.7,0,investing
2021-12-08,3954.3,3973.4,3928.2,3964.4,3964.4,0,investing
2021-12-09,3936.3,3981.9,3877.1,3879.5,3879.5,0,investing
2021-12-10,3952.4,3968.0,3871.9,3914.7,3914.7,0,investing
2021-12-13,3931.0,3936.7,3811.0,3814.4,3814.4,0,investing
2021-12-14,3768.1,3814.6,3746.4,3794.4,3794.4,0,investing
2021-12-15,3805.4,3939.9,3757.3,3934.5,3934.5,0,investing
2021-12-16,3961.6,3962.0,3748.1,3766.3,3766.3,0,investing
2021-12-17,3733.7,3814.8,3721.2,3761.0,3761.0,0,investing
2021-12-20,3707.4,3755.4,3689.4,3732.4,3732.4,0,investing
2021-12-21,3818.6,3861.8,3760.1,3857.3,3857.3,0,investing
2021-12-22,3836.5,3892.8,3817.2,3891.9,3891.9,0,investing
2021-12-23,3906.8,3955.5,3906.8,3932.4,3932.4,0,investing
2021-12-27,3946.0,4040.6,3946.0,4039.5,4039.5,0,investing
2021-12-28,4052.8,4055.0,3977.7,3992.2,3992.2,0,investing
2021-12-29,3995.5,4024.0,3979.2,3999.4,3999.4,0,investing
2021-12-30,3996.4,4008.7,3945.8,3952.0,3952.0,0,investing
2021-12-31,3960.5,3987.5,3944.8,3946.2,3946.2,0,investing
2022-01-03,3974.3,4027.9,3961.3,4027.2,4027.2,0,investing
2022-01-04,4045.4,4068.1,3918.4,4009.0,4009.0,0,investing
2022-01-05,3988.6,4020.5,3876.8,3879.9,3879.9,0,investing
2022-01-06,3872.4,3927.0,3839.1,3909.0,3909.0,0,investing
2022-01-07,3912.2,3917.8,3786.4,3796.3,3796.3,0,investing
2022-01-10,3738.2,3810.3,3676.8,3805.4,3805.4,0,investing
2022-01-11,3785.6,3879.0,3767.8,3875.4,3875.4,0,investing
2022-01-12,3915.6,3938.0,3866.2,3901.2,3901.2,0,investing
2022-01-13,3971.2,3992.2,3801.4,3811.8,3811.8,0,investing
2022-01-14,3783.1,3903.0,3783.1,3900.6,3900.6,0,investing
2022-01-18,3840.8,3840.9,3720.2,3727.2,3727.2,0,investing
2022-01-19,3763.3,3777.9,3610.5,3612.2,3612.2,0,investing
2022-01-20,3638.2,3666.6,3493.1,3494.8,3494.8,0,investing
2022-01-21,3466.2,3567.1,3429.9,3434.8,3434.8,0,investing
2022-01-24,3363.4,3483.5,3257.5,3479.9,3479.9,0,investing
2022-01-25,3387.9,3432.2,3335.7,3350.9,3350.9,0,investing
2022-01-26,3447.3,3540.5,3357.1,3407.0,3407.0,0,investing
2022-01-27,3422.9,3422.9,3236.2,3244.0,3244.0,0,investing
2022-01-28,3237.5,3304.2,3147.5,3303.4,3303.4,0,investing
2022-01-31,3332.1,3484.7,3304.9,3483.2,3483.2,0,investing
2022-02-01,3504.7,3515.5,3422.4,3510.9,3510.9,0,investing
2022-02-02,3578.4,3601.2,3527.0,3597.2,3597.2,0,investing
2022-02-03,3510.2,3559.2,3425.2,3432.5,3432.5,0,investing
2022-02-04,3420.4,3481.7,3374.5,3453.1,3453.1,0,investing
2022-02-07,3470.5,3507.5,3440.3,3452.3,3452.3,0,investing
2022-02-08,3443.2,3545.1,3433.8,3535.1,3535.1,0,investing
2022-02-09,3590.7,3655.3,3543.7,3653.7,3653.7,0,investing
2022-02-10,3569.1,3674.4,3520.5,3536.1,3536.1,0,investing
2022-02-11,3552.7,3568.8,3341.8,3365.2,3365.2,0,investing
2022-02-14,3376.1,3433.1,3324.6,3370.2,3370.2,0,investing
2022-02-15,3439.1,3559.8,3433.0,3554.5,3554.5,0,investing
2022-02-16,3511.2,3567.0,3480.9,3555.7,3555.7,0,investing
2022-02-17,3509.1,3512.0,3420.9,3422.6,3422.6,0,investing
2022-02-18,3429.4,3432.4,3336.0,3384.3,3384.3,0,investing
2022-02-22,3347.2,3436.3,3307.3,3356.1,3356.1,0,investing
2022-02-23,3402.8,3430.1,3273.1,3277.8,3277.8,0,investing
2022-02-24,3156.8,3404.2,3152.7,3399.2,3399.2,0,investing
2022-02-25,3391.0,3454.9,3351.9,3452.7,3452.7,0,investing
2022-02-28,3415.4,3460.8,3364.1,3429.5,3429.5,0,investing
2022-03-01,3419.5,3435.1,3274.3,3304.8,3304.8,0,investing
2022-03-02,3335.6,3436.1,3330.6,3416.2,3416.2,0,investing
2022-03-03,3424.0,3425.6,3322.7,3339.8,3339.8,0,investing
2022-03-04,3314.9,3337.7,3220.4,3258.9,3258.9,0,investing
2022-03-07,3273.1,3285.7,3097.8,3098.9,3098.9,0,investing
2022-03-08,3110.2,3268.5,3067.5,3156.9,3156.9,0,investing
2022-03-09,3261.2,3303.6,3223.4,3282.2,3282.2,0,investing
2022-03-10,3222.3,3223.3,3151.6,3211.1,3211.1,0,investing
2022-03-11,3259.7,3266.3,3139.6,3144.1,3144.1,0,investing
2022-03-14,3140.2,3150.0,3030.1,3047.5,3047.5,0,investing
2022-03-15,3073.8,3186.6,3057.8,3180.2,3180.2,0,investing
2022-03-16,3233.0,3340.9,3202.4,3340.1,3340.1,0,investing
2022-03-17,3298.5,3365.1,3280.7,3364.5,3364.5,0,investing
2022-03-18,3338.0,3443.7,3324.7,3432.3,3432.3,0,investing
2022-03-21,3413.7,3450.5,3365.2,3423.2,3423.2,0,investing
2022-03-22,3421.9,3485.2,3417.1,3445.9,3445.9,0,investing
2022-03-23,3411.7,3457.2,3359.4,3360.3,3360.3,0,investing
2022-03-24,3398.0,3533.6,3384.3,3532.7,3532.7,0,investing
2022-03-25,3526.0,3535.4,3467.0,3525.3,3525.3,0,investing
2022-03-28,3501.8,3548.5,3450.9,3547.2,3547.2,0,investing
2022-03-29,3601.4,3633.1,3557.7,3625.6,3625.6,0,investing
2022-03-30,3605.3,3611.2,3493.7,3508.6,3508.6,0,investing
2022-03-31,3503.7,3523.7,3427.5,3429.0,3429.0,0,investing
2022-04-01,3454.1,3455.8,3317.9,3366.6,3366.6,0,investing
2022-04-04,3380.6,3428.7,3368.3,3424.9,3424.9,0,investing
2022-04-05,3396.4,3400.6,3264.4,3269.8,3269.8,0,investing
2022-04-06,3198.0,3246.9,3165.0,3194.0,3194.0,0,investing
2022-04-07,3188.9,3226.8,3134.4,3197.4,3197.4,0,investing
2022-04-08,3164.9,3173.5,3116.7,3120.2,3120.2,0,investing
2022-04-11,3068.0,3099.4,3052.1,3055.1,3055.1,0,investing
2022-04-12,3124.3,3145.8,3035.9,3047.5,3047.5,0,investing
2022-04-13,3065.3,3136.6,3053.6,3119.3,3119.3,0,investing
2022-04-14,3131.4,3132.6,3026.8,3028.2,3028.2,0,investing
2022-04-18,3018.0,3110.0,3018.0,3085.2,3085.2,0,investing
2022-04-19,3073.3,3157.5,3057.4,3153.2,3153.2,0,investing
2022-04-20,3205.7,3227.2,3135.4,3142.2,3142.2,0,investing
2022-04-21,3185.8,3216.8,3046.7,3058.7,3058.7,0,investing
2022-04-22,3054.6,3069.5,2988.4,2989.8,2989.8,0,investing
2022-04-25,2964.6,3045.7,2964.6,3042.4,3042.4,0,investing
2022-04-26,3006.9,3006.9,2908.1,2909.1,2909.1,0,investing
2022-04-27,2879.8,2964.5,2875.4,2894.9,2894.9,0,investing
2022-04-28,2968.5,3087.0,2919.5,3056.4,3056.4,0,investing
2022-04-29,3006.5,3065.7,2916.1,2919.7,2919.7,0,investing
2022-05-02,2936.0,3024.8,2905.4,3022.2,3022.2,0,investing
2022-05-03,3012.2,3067.4,2994.9,3044.9,3044.9,0,investing
2022-05-04,3071.2,3166.7,2974.7,3163.8,3163.8,0,investing
2022-05-05,3103.6,3105.5,2965.7,3005.5,3005.5,0,investing
2022-05-06,2990.5,3044.8,2926.1,2982.1,2982.1,0,investing
2022-05-09,2918.4,2949.9,2817.2,2829.1,2829.1,0,investing
2022-05-10,2918.6,2948.6,2834.9,2900.1,2900.1,0,investing
2022-05-11,2872.9,2937.4,2807.0,2811.9,2811.9,0,investing
2022-05-12,2781.8,2851.8,2754.7,2827.2,2827.2,0,investing
2022-05-13,2880.0,2988.3,2863.4,2970.4,2970.4,0,investing
2022-05-16,2929.9,2967.8,2912.2,2920.1,2920.1,0,investing
2022-05-17,3007.5,3071.6,2990.3,3066.5,3066.5,0,investing
2022-05-18,3012.0,3054.8,2897.9,2908.0,2908.0,0,investing
2022-05-19,2901.1,2960.1,2867.1,2890.3,2890.3,0,investing
2022-05-20,2937.7,2939.5,2758.7,2882.7,2882.7,0,investing
2022-05-23,2861.3,2904.2,2844.1,2898.4,2898.4,0,investing
2022-05-24,2853.7,2863.5,2797.9,2827.0,2827.0,0,investing
2022-05-25,2812.1,2905.9,2809.7,2882.9,2882.9,0,investing
2022-05-26,2850.0,3006.2,2848.5,2994.6,2994.6,0,investing
2022-05-27,3048.1,3120.9,3046.7,3115.4,3115.4,0,investing
2022-05-31,3110.1,3126.9,3052.7,3098.7,3098.7,0,investing
2022-06-01,3117.3,3130.1,3011.2,3049.0,3049.0,0,investing
2022-06-02,3042.0,3158.6,3037.0,3158.0,3158.0,0,investing
2022-06-03,3080.5,3103.4,3047.9,3062.6,3062.6,0,investing
2022-06-06,3121.9,3132.4,3047.2,3062.7,3062.7,0,investing
2022-06-07,3025.9,3098.7,3008.0,3093.0,3093.0,0,investing
2022-06-08,3069.8,3082.4,3000.5,3019.1,3019.1,0,investing
2022-06-09,2995.8,3047.7,2937.4,2937.8,2937.8,0,investing
2022-06-10,2894.7,2911.8,2828.5,2832.0,2832.0,0,investing
2022-06-13,2742.1,2765.4,2665.6,2673.0,2673.0,0,investing
2022-06-14,2707.3,2713.5,2658.4,2689.9,2689.9,0,investing
2022-06-15,2726.1,2780.6,2674.0,2737.5,2737.5,0,investing
2022-06-16,2648.2,2655.1,2537.7,2566.9,2566.9,0,investing
2022-06-17,2581.7,2598.6,2523.2,2578.5,2578.5,0,investing
2022-06-21,2638.5,2685.0,2633.6,2649.4,2649.4,0,investing
2022-06-22,2603.6,2658.8,2602.9,2619.7,2619.7,0,investing
2022-06-23,2633.0,2636.8,2563.7,2602.7,2602.7,0,investing
2022-06-24,2639.8,2719.5,2639.4,2718.5,2718.5,0,investing
2022-06-27,2745.8,2749.7,2692.8,2713.5,2713.5,0,investing
2022-06-28,2724.5,2758.5,2640.8,2642.1,2642.1,0,investing
2022-06-29,2605.0,2610.7,2553.5,2584.0,2584.0,0,investing
2022-06-30,2548.6,2602.6,2514.4,2556.3,2556.3,0,investing
2022-07-01,2512.1,2524.0,2429.9,2458.5,2458.5,0,investing
2022-07-05,2391.8,2478.3,2386.7,2477.6,2477.6,0,investing
2022-07-06,2477.3,2520.8,2456.2,2494.1,2494.1,0,investing
2022-07-07,2560.2,2616.4,2555.4,2605.9,2605.9,0,investing
2022-07-08,2567.2,2632.3,2561.3,2618.0,2618.0,0,investing
2022-07-11,2575.7,2588.0,2539.0,2553.7,2553.7,0,investing
2022-07-12,2583.2,2588.4,2542.5,2558.2,2558.2,0,investing
2022-07-13,2507.9,2595.0,2505.0,2577.4,2577.4,0,investing
2022-07-14,2566.7,2636.6,2529.6,2626.9,2626.9,0,investing
2022-07-15,2658.2,2695.0,2626.0,2693.8,2693.8,0,investing
2022-07-18,2731.6,2755.0,2665.2,2679.6,2679.6,0,investing
2022-07-19,2724.3,2813.8,2717.8,2803.1,2803.1,0,investing
2022-07-20,2792.8,2883.5,2777.3,2873.0,2873.0,0,investing
2022-07-21,2884.2,2918.2,2845.6,2916.8,2916.8,0,investing
2022-07-22,2905.0,2906.5,2820.2,2842.4,2842.4,0,investing
2022-07-25,2822.2,2828.0,2781.7,2825.0,2825.0,0,investing
2022-07-26,2808.0,2822.8,2771.7,2779.0,2779.0,0,investing
2022-07-27,2835.1,2930.6,2823.0,2911.0,2911.0,0,investing
2022-07-28,2912.8,2950.3,2853.4,2944.5,2944.5,0,investing
2022-07-29,2895.3,2975.3,2892.5,2967.1,2967.1,0,investing
2022-08-01,2942.8,3006.7,2929.4,2978.3,2978.3,0,investing
2022-08-02,2951.1,3021.6,2936.4,2974.7,2974.7,0,investing
2022-08-03,2972.6,3060.5,2970.5,3053.5,3053.5,0,investing
2022-08-04,3041.0,3087.4,3038.0,3081.4,3081.4,0,investing
2022-08-05,3027.9,3077.5,3010.1,3053.4,3053.4,0,investing
2022-08-08,3002.5,3041.2,2961.3,3004.3,3004.3,0,investing
2022-08-09,2928.2,2937.6,2832.6,2866.9,2866.9,0,investing
2022-08-10,2942.8,2990.6,2905.4,2988.7,2988.7,0,investing
2022-08-11,3008.5,3067.0,2975.1,2978.7,2978.7,0,investing
2022-08-12,2998.8,3072.3,2992.5,3067.8,3067.8,0,investing
2022-08-15,3052.9,3084.9,3032.5,3077.3,3077.3,0,investing
2022-08-16,3059.3,3074.6,3013.3,3045.6,3045.6,0,investing
2022-08-17,2999.9,3000.4,2931.9,2970.1,2970.1,0,investing
2022-08-18,2974.2,3058.6,2967.1,3037.8,3037.8,0,investing
2022-08-19,2991.9,3008.7,2941.6,2953.3,2953.3,0,investing
2022-08-22,2891.7,2903.0,2833.6,2843.4,2843.4,0,investing
2022-08-23,2852.2,2901.9,2849.9,2864.3,2864.3,0,investing
2022-08-24,2855.4,2875.3,2833.6,2866.2,2866.2,0,investing
2022-08-25,2873.4,2973.1,2873.0,2971.1,2971.1,0,investing
2022-08-26,2958.5,2966.5,2797.6,2798.4,2798.4,0,investing
2022-08-29,2776.5,2801.6,2741.2,2744.5,2744.5,0,investing
2022-08-30,2770.0,2770.0,2678.8,2708.6,2708.6,0,investing
2022-08-31,2711.8,2718.1,2657.0,2677.4,2677.4,0,investing
2022-09-01,2608.2,2629.2,2548.2,2625.9,2625.9,0,investing
2022-09-02,2670.3,2686.0,2587.9,2599.3,2599.3,0,investing
2022-09-06,2596.1,2612.3,2551.0,2571.5,2571.5,0,investing
2022-09-07,2578.7,2631.4,2560.4,2611.5,2611.5,0,investing
2022-09-08,2579.8,2664.2,2571.1,2658.2,2658.2,0,investing
2022-09-09,2693.3,2732.5,2693.1,2721.8,2721.8,0,investing
2022-09-12,2725.4,2745.5,2701.5,2731.1,2731.1,0,investing
2022-09-13,2626.3,2648.0,2556.0,2562.3,2562.3,0,investing
2022-09-14,2583.1,2607.4,2554.0,2591.5,2591.5,0,investing
2022-09-15,2570.4,2601.1,2530.5,2549.5,2549.5,0,investing
2022-09-16,2524.7,2565.4,2504.9,2563.1,2563.1,0,investing
2022-09-19,2533.6,2586.9,2533.4,2577.9,2577.9,0,investing
2022-09-20,2557.0,2563.5,2523.0,2539.5,2539.5,0,investing
2022-09-21,2545.0,2625.5,2514.5,2515.0,2515.0,0,investing
2022-09-22,2500.1,2508.0,2431.8,2444.2,2444.2,0,investing
2022-09-23,2417.7,2423.1,2369.5,2408.9,2408.9,0,investing
2022-09-26,2407.7,2439.9,2372.2,2373.5,2373.5,0,investing
2022-09-27,2422.8,2435.3,2362.6,2398.0,2398.0,0,investing
2022-09-28,2376.2,2437.4,2369.2,2427.3,2427.3,0,investing
2022-09-29,2385.5,2386.1,2313.1,2347.4,2347.4,0,investing
2022-09-30,2324.6,2380.7,2306.6,2306.7,2306.7,0,investing
2022-10-03,2343.1,2415.6,2321.2,2393.3,2393.3,0,investing
2022-10-04,2472.2,2503.7,2460.5,2500.1,2500.1,0,investing
2022-10-05,2458.0,2543.9,2435.2,2523.6,2523.6,0,investing
2022-10-06,2520.2,2563.3,2502.9,2508.8,2508.8,0,investing
2022-10-07,2428.2,2440.1,2344.9,2356.7,2356.7,0,investing
2022-10-10,2346.8,2347.2,2247.6,2275.3,2275.3,0,investing
2022-10-11,2233.0,2262.3,2188.9,2218.5,2218.5,0,investing
2022-10-12,2218.4,2224.8,2190.1,2198.6,2198.6,0,investing
2022-10-13,2103.7,2299.7,2089.8,2263.2,2263.2,0,investing
2022-10-14,2281.7,2287.0,2158.8,2162.3,2162.3,0,investing
2022-10-17,2232.6,2241.6,2194.4,2211.7,2211.7,0,investing
2022-10-18,2288.8,2296.5,2183.2,2221.0,2221.0,0,investing
2022-10-19,2209.6,2258.7,2200.9,2237.7,2237.7,0,investing
2022-10-20,2251.1,2320.9,2240.9,2253.2,2253.2,0,investing
2022-10-21,2253.4,2339.9,2238.1,2336.7,2336.7,0,investing
2022-10-24,2343.5,2360.5,2294.3,2351.5,2351.5,0,investing
2022-10-25,2359.4,2420.5,2359.4,2404.7,2404.7,0,investing
2022-10-26,2351.1,2433.7,2343.7,2376.3,2376.3,0,investing
2022-10-27,2419.1,2430.8,2338.4,2340.6,2340.6,0,investing
2022-10-28,2347.4,2436.7,2338.0,2433.7,2433.7,0,investing
2022-10-31,2409.4,2416.0,2371.6,2384.5,2384.5,0,investing
2022-11-01,2436.7,2439.4,2390.3,2402.8,2402.8,0,investing
2022-11-02,2420.6,2462.1,2327.7,2328.5,2328.5,0,investing
2022-11-03,2283.3,2330.9,2259.9,2292.9,2292.9,0,investing
2022-11-04,2383.7,2401.2,2339.9,2398.2,2398.2,0,investing
2022-11-07,2413.2,2457.8,2386.6,2450.6,2450.6,0,investing
2022-11-08,2501.2,2535.6,2454.2,2503.4,2503.4,0,investing
2022-11-09,2466.0,2472.6,2424.0,2424.8,2424.8,0,investing
2022-11-10,2568.2,2675.8,2539.7,2672.5,2672.5,0,investing
2022-11-11,2677.6,2769.4,2655.2,2754.9,2754.9,0,investing
2022-11-14,2742.2,2779.5,2725.8,2728.1,2728.1,0,investing
2022-11-15,2833.5,2848.7,2771.7,2810.6,2810.6,0,investing
2022-11-16,2735.5,2747.8,2677.3,2690.8,2690.8,0,investing
2022-11-17,2633.9,2728.0,2633.9,2719.1,2719.1,0,investing
2022-11-18,2759.8,2760.0,2693.4,2724.0,2724.0,0,investing
2022-11-21,2684.3,2696.7,2669.3,2675.8,2675.8,0,investing
2022-11-22,2702.0,2757.7,2677.3,2756.8,2756.8,0,investing
2022-11-23,2756.7,2814.9,2756.4,2786.4,2786.4,0,investing
2022-11-25,2766.6,2780.5,2751.3,2751.3,2751.3,0,investing
2022-11-28,2714.4,2744.6,2664.6,2678.8,2678.8,0,investing
2022-11-29,2685.0,2704.7,2656.6,2670.7,2670.7,0,investing
2022-11-30,2678.6,2827.7,2655.1,2826.8,2826.8,0,investing
2022-12-01,2833.4,2841.9,2771.0,2804.7,2804.7,0,investing
2022-12-02,2729.7,2777.5,2723.4,2771.2,2771.2,0,investing
2022-12-05,2756.4,2777.2,2713.1,2738.0,2738.0,0,investing
2022-12-06,2732.9,2736.6,2650.6,2673.5,2673.5,0,investing
2022-12-07,2645.5,2689.0,2645.5,2673.2,2673.2,0,investing
2022-12-08,2684.9,2749.1,2668.3,2744.7,2744.7,0,investing
2022-12-09,2735.1,2771.9,2715.9,2721.0,2721.0,0,investing
2022-12-12,2710.1,2779.5,2699.5,2779.2,2779.2,0,investing
2022-12-13,2899.0,2913.1,2788.9,2821.5,2821.5,0,investing
2022-12-14,2818.6,2849.4,2751.2,2777.3,2777.3,0,investing
2022-12-15,2728.7,2731.9,2657.8,2661.4,2661.4,0,investing
2022-12-16,2646.3,2670.1,2612.4,2636.1,2636.1,0,investing
2022-12-19,2634.5,2638.4,2576.4,2599.9,2599.9,0,investing
2022-12-20,2568.3,2607.9,2565.5,2583.6,2583.6,0,investing
2022-12-21,2601.8,2652.2,2600.2,2644.5,2644.5,0,investing
2022-12-22,2589.1,2589.1,2482.4,2533.3,2533.3,0,investing
2022-12-23,2513.4,2536.8,2490.8,2535.5,2535.5,0,investing
2022-12-27,2515.8,2518.8,2482.2,2490.2,2490.2,0,investing
2022-12-28,2474.6,2504.4,2445.2,2453.5,2453.5,0,investing
2022-12-29,2493.5,2543.2,2485.0,2534.9,2534.9,0,investing
2022-12-30,2492.7,2534.0,2479.0,2532.1,2532.1,0,investing
2023-01-03,2574.7,2574.7,2489.3,2501.0,2501.0,0,investing
2023-01-04,2552.3,2582.3,2523.4,2569.5,2569.5,0,investing
2023-01-05,2538.5,2556.3,2517.1,2518.5,2518.5,0,investing
2023-01-06,2553.4,2649.4,2519.2,2636.1,2636.1,0,investing
2023-01-09,2683.1,2745.9,2667.8,2686.8,2686.8,0,investing
2023-01-10,2674.5,2722.1,2663.4,2721.3,2721.3,0,investing
2023-01-11,2720.8,2756.5,2700.3,2755.4,2755.4,0,investing
2023-01-12,2770.0,2807.7,2714.8,2789.7,2789.7,0,investing
2023-01-13,2763.0,2802.8,2753.9,2800.7,2800.7,0,investing
2023-01-17,2791.4,2830.9,2780.5,2807.5,2807.5,0,investing
2023-01-18,2837.4,2854.5,2788.3,2789.5,2789.5,0,investing
2023-01-19,2762.9,2763.8,2704.3,2710.4,2710.4,0,investing
2023-01-20,2734.2,2795.6,2710.2,2794.7,2794.7,0,investing
2023-01-23,2822.1,2943.7,2818.4,2934.8,2934.8,0,investing
2023-01-24,2900.4,2936.7,2897.4,2913.7,2913.7,0,investing
2023-01-25,2859.6,2923.1,2840.1,2919.0,2919.0,0,investing
2023-01-26,2954.4,2969.0,2905.3,2966.6,2966.6,0,investing
2023-01-27,2906.9,2971.0,2905.8,2945.3,2945.3,0,investing
2023-01-30,2903.6,2920.1,2865.0,2866.7,2866.7,0,investing
2023-01-31,2860.0,2922.7,2859.2,2921.9,2921.9,0,investing
2023-02-01,2935.9,3103.5,2935.9,3073.5,3073.5,0,investing
2023-02-02,3103.6,3168.7,3088.2,3141.8,3141.8,0,investing
2023-02-03,3069.9,3151.9,3064.7,3082.1,3082.1,0,investing
2023-02-06,3027.5,3075.8,3018.8,3029.7,3029.7,0,investing
2023-02-07,3042.9,3138.4,3033.0,3124.1,3124.1,0,investing
2023-02-08,3106.2,3128.5,3050.0,3055.6,3055.6,0,investing
2023-02-09,3112.7,3140.8,3039.0,3059.6,3059.6,0,investing
2023-02-10,3025.1,3033.7,2979.7,3011.2,3011.2,0,investing
2023-02-13,3022.8,3066.1,3001.3,3057.3,3057.3,0,investing
2023-02-14,3024.2,3131.4,3013.2,3121.6,3121.6,0,investing
2023-02-15,3092.7,3134.5,3063.2,3133.1,3133.1,0,investing
2023-02-16,3077.8,3108.6,3051.3,3055.2,3055.2,0,investing
2023-02-17,3032.8,3042.4,2980.1,3005.9,3005.9,0,investing
2023-02-21,2961.1,2992.0,2901.7,2906.3,2906.3,0,investing
2023-02-22,2910.8,2935.9,2875.6,2892.4,2892.4,0,investing
2023-02-23,3002.7,3003.0,2931.2,2988.8,2988.8,0,investing
2023-02-24,2936.9,2950.4,2913.1,2935.1,2935.1,0,investing
2023-02-27,2983.4,2986.8,2949.7,2951.2,2951.2,0,investing
2023-02-28,2945.9,2998.0,2937.0,2958.4,2958.4,0,investing
2023-03-01,2967.4,2993.2,2945.3,2955.8,2955.8,0,investing
2023-03-02,2909.7,2996.6,2892.2,2984.1,2984.1,0,investing
2023-03-03,2982.6,3031.9,2961.8,3028.3,3028.3,0,investing
2023-03-06,3036.6,3064.3,2988.8,2994.6,2994.6,0,investing
2023-03-07,2996.8,3011.1,2950.8,2962.4,2962.4,0,investing
2023-03-08,2981.8,3044.2,2979.4,3041.4,3041.4,0,investing
2023-03-09,3037.6,3083.7,2976.3,2980.2,2980.2,0,investing
2023-03-10,2995.9,3003.6,2909.5,2923.9,2923.9,0,investing
2023-03-13,2883.9,2957.7,2861.4,2921.7,2921.7,0,investing
2023-03-14,2977.6,3026.9,2960.6,3010.1,3010.1,0,investing
2023-03-15,2968.5,2985.5,2915.2,2977.4,2977.4,0,investing
2023-03-16,2963.3,3102.0,2955.1,3098.1,3098.1,0,investing
2023-03-17,3104.8,3127.4,3064.0,3083.5,3083.5,0,investing
2023-03-20,3083.9,3123.1,3060.3,3114.7,3114.7,0,investing
2023-03-21,3137.3,3169.9,3071.2,3116.9,3116.9,0,investing
2023-03-22,3119.0,3201.6,3089.9,3091.7,3091.7,0,investing
2023-03-23,3146.2,3216.3,3119.0,3174.4,3174.4,0,investing
2023-03-24,3150.9,3154.4,3090.0,3121.3,3121.3,0,investing
2023-03-27,3129.4,3141.8,3075.8,3083.6,3083.6,0,investing
2023-03-28,3077.0,3077.0,3015.8,3057.3,3057.3,0,investing
2023-03-29,3109.6,3176.8,3105.4,3157.1,3157.1,0,investing
2023-03-30,3198.2,3230.1,3186.3,3208.3,3208.3,0,investing
2023-03-31,3182.7,3233.9,3178.4,3230.9,3230.9,0,investing
2023-04-03,3209.7,3222.3,3162.4,3200.4,3200.4,0,investing
2023-04-04,3207.0,3209.3,3126.3,3142.5,3142.5,0,investing
2023-04-05,3107.1,3111.8,3055.4,3086.0,3086.0,0,investing
2023-04-06,3055.2,3093.8,3034.8,3071.8,3071.8,0,investing
2023-04-10,3047.9,3127.9,3042.3,3127.0,3127.0,0,investing
2023-04-11,3145.9,3146.0,3104.4,3109.4,3109.4,0,investing
2023-04-12,3133.9,3140.7,3049.9,3052.5,3052.5,0,investing
2023-04-13,3055.5,3092.2,3036.0,3074.9,3074.9,0,investing
2023-04-14,3070.9,3107.3,3037.0,3070.5,3070.5,0,investing
2023-04-17,3033.4,3067.9,3025.8,3066.7,3066.7,0,investing
2023-04-18,3097.9,3116.4,3054.3,3077.7,3077.7,0,investing
2023-04-19,3036.0,3053.3,3026.8,3046.4,3046.4,0,investing
2023-04-20,3015.8,3090.9,3015.8,3046.3,3046.3,0,investing
2023-04-21,3026.8,3032.0,2995.9,3021.4,3021.4,0,investing
2023-04-24,3017.9,3031.9,2987.9,3007.5,3007.5,0,investing
2023-04-25,2987.2,2987.6,2905.9,2906.3,2906.3,0,investing
2023-04-26,2906.3,2952.1,2908.4,2923.0,2923.0,0,investing
2023-04-27,2921.9,2945.0,2867.5,2941.6,2941.6,0,investing
2023-04-28,2958.2,2995.3,2945.4,2995.0,2995.0,0,investing
2023-05-01,3007.2,3026.9,2997.2,3019.1,3019.1,0,investing
2023-05-02,3020.2,3034.2,2969.1,2996.9,2996.9,0,investing
2023-05-03,2980.6,3009.1,2956.7,2957.4,2957.4,0,investing
2023-05-04,2932.6,2971.9,2913.1,2941.6,2941.6,0,investing
2023-05-05,2942.3,3019.4,2930.6,3007.7,3007.7,0,investing
2023-05-08,3009.8,3026.0,2979.9,3024.4,3024.4,0,investing
2023-05-09,2983.2,2983.7,2960.0,2967.8,2967.8,0,investing
2023-05-10,3003.6,3019.5,2968.4,2997.5,2997.5,0,investing
2023-05-11,3000.4,3005.0,2950.9,2978.7,2978.7,0,investing
2023-05-12,2988.6,2999.5,2944.1,2972.8,2972.8,0,investing
2023-05-15,2979.5,3052.9,2971.8,3052.6,3052.6,0,investing
2023-05-16,3044.4,3083.3,3044.0,3048.7,3048.7,0,investing
2023-05-17,3077.6,3135.3,3056.0,3124.7,3124.7,0,investing
2023-05-18,3139.7,3229.6,3136.8,3223.5,3223.5,0,investing
2023-05-19,3215.0,3217.9,3186.4,3203.5,3203.5,0,investing
2023-05-22,3180.6,3223.5,3173.9,3215.0,3215.0,0,investing
2023-05-23,3196.8,3217.0,3171.9,3177.4,3177.4,0,investing
2023-05-24,3111.6,3135.0,3091.3,3124.1,3124.1,0,investing
2023-05-25,3281.4,3347.4,3238.2,3336.7,3336.7,0,investing
2023-05-26,3387.4,3563.3,3386.3,3545.7,3545.7,0,investing
2023-05-30,3628.5,3643.9,3537.6,3549.4,3549.4,0,investing
2023-05-31,3484.3,3531.4,3451.9,3453.2,3453.2,0,investing
2023-06-01,3469.7,3537.8,3437.9,3506.7,3506.7,0,investing
2023-06-02,3537.7,3546.4,3478.0,3501.4,3501.4,0,investing
2023-06-05,3488.6,3489.1,3430.3,3444.1,3444.1,0,investing
2023-06-06,3426.9,3504.4,3417.5,3488.3,3488.3,0,investing
2023-06-07,3512.6,3557.0,3469.7,3477.2,3477.2,0,investing
2023-06-08,3484.1,3521.4,3469.4,3514.3,3514.3,0,investing
2023-06-09,3559.4,3580.4,3508.7,3525.0,3525.0,0,investing
2023-06-12,3567.8,3644.9,3566.0,3641.7,3641.7,0,investing
2023-06-13,3694.8,3711.8,3646.4,3683.7,3683.7,0,investing
2023-06-14,3670.3,3740.7,3653.7,3739.7,3739.7,0,investing
2023-06-15,3698.6,3736.5,3684.4,3708.1,3708.1,0,investing
2023-06-16,3738.7,3743.7,3671.3,3673.1,3673.1,0,investing
2023-06-20,3666.2,3693.4,3616.0,3647.6,3647.6,0,investing
2023-06-21,3624.1,3636.9,3548.4,3549.7,3549.7,0,investing
2023-06-22,3525.5,3580.7,3523.8,3569.9,3569.9,0,investing
2023-06-23,3508.0,3527.0,3489.1,3506.7,3506.7,0,investing
2023-06-26,3527.6,3582.3,3515.5,3515.8,3515.8,0,investing
2023-06-27,3527.2,3647.0,3517.5,3642.4,3642.4,0,investing
2023-06-28,3588.9,3645.0,3580.8,3609.5,3609.5,0,investing
2023-06-29,3627.0,3627.2,3583.5,3614.2,3614.2,0,investing
2023-06-30,3654.7,3685.8,3644.0,3673.1,3673.1,0,investing
2023-07-03,3691.3,3713.9,3663.5,3703.6,3703.6,0,investing
2023-07-05,3672.4,3683.7,3622.1,3622.3,3622.3,0,investing
2023-07-06,3559.4,3581.6,3532.7,3577.5,3577.5,0,investing
2023-07-07,3583.6,3633.8,3573.3,3577.7,3577.7,0,investing
2023-07-10,3587.1,3655.9,3586.4,3651.6,3651.6,0,investing
2023-07-11,3665.9,3669.4,3599.2,3653.5,3653.5,0,investing
2023-07-12,3704.7,3727.4,3684.9,3721.5,3721.5,0,investing
2023-07-13,3755.8,3803.2,3746.9,3797.1,3797.1,0,investing
2023-07-14,3798.5,3828.2,3735.5,3750.4,3750.4,0,investing
2023-07-17,3756.4,3855.5,3729.1,3837.3,3837.3,0,investing
2023-07-18,3821.1,3854.6,3790.3,3842.4,3842.4,0,investing
2023-07-19,3849.1,3849.8,3792.1,3801.7,3801.7,0,investing
2023-07-20,3727.5,3742.9,3648.0,3663.8,3663.8,0,investing
2023-07-21,3702.7,3730.3,3678.8,3698.8,3698.8,0,investing
2023-07-24,3702.4,3723.1,3679.7,3692.3,3692.3,0,investing
2023-07-25,3718.0,3774.3,3718.0,3755.3,3755.3,0,investing
2023-07-26,3702.8,3730.4,3662.0,3699.4,3699.4,0,investing
2023-07-27,3795.1,3845.0,3746.6,3768.3,3768.3,0,investing
2023-07-28,3840.1,3862.2,3803.8,3851.8,3851.8,0,investing
2023-07-31,3867.6,3875.2,3843.0,3861.6,3861.6,0,investing
2023-08-01,3825.4,3866.8,3818.1,3858.2,3858.2,0,investing
2023-08-02,3809.3,3809.8,3691.4,3711.6,3711.6,0,investing
2023-08-03,3665.5,3731.0,3658.4,3708.1,3708.1,0,investing
2023-08-04,3689.8,3751.3,3660.3,3699.2,3699.2,0,investing
2023-08-07,3730.9,3740.4,3705.0,3739.4,3739.4,0,investing
2023-08-08,3673.4,3685.0,3631.8,3679.4,3679.4,0,investing
2023-08-09,3677.4,3678.8,3606.1,3610.5,3610.5,0,investing
2023-08-10,3634.6,3680.3,3575.0,3597.0,3597.0,0,investing
2023-08-11,3545.7,3554.8,3504.6,3514.5,3514.5,0,investing
2023-08-14,3492.1,3616.0,3488.6,3615.4,3615.4,0,investing
2023-08-15,3600.6,3608.0,3552.1,3554.0,3554.0,0,investing
2023-08-16,3552.4,3552.4,3478.6,3480.1,3480.1,0,investing
2023-08-17,3492.8,3492.8,3437.9,3446.4,3446.4,0,investing
2023-08-18,3411.5,3475.9,3405.3,3462.7,3462.7,0,investing
2023-08-21,3481.2,3565.8,3475.6,3560.7,3560.7,0,investing
2023-08-22,3606.3,3610.1,3516.7,3527.7,3527.7,0,investing
2023-08-23,3508.1,3614.1,3507.0,3602.0,3602.0,0,investing
2023-08-24,3663.9,3663.9,3474.2,3481.3,3481.3,0,investing
2023-08-25,3476.3,3521.3,3425.8,3495.6,3495.6,0,investing
2023-08-28,3528.4,3546.8,3503.3,3537.9,3537.9,0,investing
2023-08-29,3518.3,3640.4,3515.8,3629.6,3629.6,0,investing
2023-08-30,3615.1,3658.6,3593.5,3643.9,3643.9,0,investing
2023-08-31,3637.0,3690.3,3636.5,3670.9,3670.9,0,investing
2023-09-01,3694.7,3705.6,3658.3,3682.8,3682.8,0,investing
2023-09-05,3669.7,3711.6,3651.9,3683.8,3683.8,0,investing
2023-09-06,3673.7,3693.9,3615.4,3654.5,3654.5,0,investing
2023-09-07,3570.0,3591.8,3536.6,3582.1,3582.1,0,investing
2023-09-08,3575.8,3601.5,3552.2,3566.0,3566.0,0,investing
2023-09-11,3605.6,3607.6,3521.7,3569.2,3569.2,0,investing
2023-09-12,3539.6,3599.3,3536.2,3541.1,3541.1,0,investing
2023-09-13,3536.7,3595.0,3536.7,3560.5,3560.5,0,investing
2023-09-14,3594.6,3598.2,3549.1,3584.2,3584.2,0,investing
2023-09-15,3555.6,3560.9,3461.2,3476.4,3476.4,0,investing
2023-09-18,3446.8,3504.0,3446.2,3492.5,3492.5,0,investing
2023-09-19,3475.5,3482.5,3441.9,3459.0,3459.0,0,investing
2023-09-20,3471.7,3485.7,3398.0,3398.8,3398.8,0,investing
2023-09-21,3356.2,3381.6,3337.9,3338.9,3338.9,0,investing
2023-09-22,3369.3,3398.4,3354.0,3365.3,3365.3,0,investing
2023-09-25,3349.5,3390.5,3337.4,3389.5,3389.5,0,investing
2023-09-26,3362.2,3370.0,3314.5,3329.6,3329.6,0,investing
2023-09-27,3356.7,3385.6,3310.1,3361.4,3361.4,0,investing
2023-09-28,3351.9,3457.5,3343.6,3421.0,3421.0,0,investing
2023-09-29,3474.4,3481.8,3421.5,3434.3,3434.3,0,investing
2023-10-02,3440.1,3475.0,3408.3,3448.9,3448.9,0,investing
2023-10-03,3424.1,3464.7,3355.4,3376.6,3376.6,0,investing
2023-10-04,3397.7,3432.4,3370.7,3424.9,3424.9,0,investing
2023-10-05,3425.7,3433.0,3376.9,3407.0,3407.0,0,investing
2023-10-06,3392.8,3492.0,3365.9,3475.2,3475.2,0,investing
2023-10-09,3441.9,3475.4,3414.3,3467.4,3467.4,0,investing
2023-10-10,3481.5,3543.9,3466.0,3512.1,3512.1,0,investing
2023-10-11,3526.7,3544.3,3497.9,3537.8,3537.8,0,investing
2023-10-12,3550.0,3596.8,3515.5,3548.6,3548.6,0,investing
2023-10-13,3556.4,3557.2,3446.8,3453.0,3453.0,0,investing
2023-10-16,3462.0,3513.0,3459.7,3502.5,3502.5,0,investing
2023-10-17,3429.7,3500.2,3393.5,3474.7,3474.7,0,investing
2023-10-18,3414.8,3443.7,3397.6,3413.4,3413.4,0,investing
2023-10-19,3444.7,3449.0,3356.4,3367.8,3367.8,0,investing
2023-10-20,3364.3,3391.0,3312.2,3316.1,3316.1,0,investing
2023-10-23,3300.4,3357.0,3264.8,3298.5,3298.5,0,investing
2023-10-24,3316.4,3349.1,3303.5,3343.9,3343.9,0,investing
2023-10-25,3305.4,3309.3,3190.8,3205.8,3205.8,0,investing
2023-10-26,3217.6,3254.3,3173.6,3188.4,3188.4,0,investing
2023-10-27,3238.1,3258.4,3213.1,3227.1,3227.1,0,investing
2023-10-30,3204.8,3225.1,3152.5,3185.2,3185.2,0,investing
2023-10-31,3183.6,3223.4,3151.0,3215.9,3215.9,0,investing
2023-11-01,3224.9,3293.1,3218.2,3290.9,3290.9,0,investing
2023-11-02,3355.8,3388.9,3320.6,3368.5,3368.5,0,investing
2023-11-03,3406.0,3477.4,3398.8,3454.6,3454.6,0,investing
2023-11-06,3459.4,3467.4,3413.3,3444.9,3444.9,0,investing
2023-11-07,3445.7,3489.7,3439.1,3471.5,3471.5,0,investing
2023-11-08,3473.9,3492.0,3450.6,3472.7,3472.7,0,investing
2023-11-09,3499.7,3534.4,3448.0,3452.3,3452.3,0,investing
2023-11-10,3496.7,3600.4,3487.2,3591.7,3591.7,0,investing
2023-11-13,3562.5,3568.7,3535.1,3556.7,3556.7,0,investing
2023-11-14,3653.4,3696.1,3639.7,3685.6,3685.6,0,investing
2023-11-15,3710.1,3739.3,3687.4,3712.1,3712.1,0,investing
2023-11-16,3691.2,3733.5,3689.7,3724.1,3724.1,0,investing
2023-11-17,3707.1,3754.7,3707.1,3748.6,3748.6,0,investing
2023-11-20,3747.5,3817.8,3747.3,3805.8,3805.8,0,investing
2023-11-21,3772.3,3774.5,3714.8,3732.8,3732.8,0,investing
2023-11-22,3762.7,3804.9,3736.3,3745.0,3745.0,0,investing
2023-11-24,3739.6,3750.4,3734.2,3747.9,3747.9,0,investing
2023-11-27,3734.5,3771.7,3723.0,3739.3,3739.3,0,investing
2023-11-28,3713.3,3735.6,3688.6,3718.3,3718.3,0,investing
2023-11-29,3769.6,3809.7,3747.5,3753.4,3753.4,0,investing
2023-11-30,3760.4,3760.7,3695.0,3724.6,3724.6,0,investing
2023-12-01,3696.5,3744.7,3675.3,3738.3,3738.3,0,investing
2023-12-04,3699.6,3701.7,3638.7,3693.4,3693.4,0,investing
2023-12-05,3657.5,3680.5,3641.9,3672.4,3672.4,0,investing
2023-12-06,3726.2,3727.4,3642.1,3645.8,3645.8,0,investing
2023-12-07,3674.5,3756.8,3669.4,3747.5,3747.5,0,investing
2023-12-08,3745.0,3791.6,3740.6,3774.2,3774.2,0,investing
2023-12-11,3812.5,3917.4,3809.3,3902.4,3902.4,0,investing
2023-12-12,3882.5,3931.0,3880.8,3930.2,3930.2,0,investing
2023-12-13,3932.2,4011.7,3918.0,3991.0,3991.0,0,investing
2023-12-14,4034.4,4113.9,4034.4,4097.5,4097.5,0,investing
2023-12-15,4121.2,4161.9,4107.0,4117.0,4117.0,0,investing
2023-12-18,4114.1,4122.4,4069.5,4103.8,4103.8,0,investing
2023-12-19,4101.7,4130.9,4101.7,4125.6,4125.6,0,investing
2023-12-20,4093.9,4117.6,4006.7,4007.7,4007.7,0,investing
2023-12-21,4094.3,4124.5,4073.8,4118.6,4118.6,0,investing
2023-12-22,4134.6,4153.3,4104.7,4132.9,4132.9,0,investing
2023-12-26,4155.7,4222.3,4155.2,4207.5,4207.5,0,investing
2023-12-27,4222.2,4230.9,4195.0,4214.6,4214.6,0,investing
2023-12-28,4228.5,4233.7,4205.7,4208.7,4208.7,0,investing
2023-12-29,4205.1,4215.7,4155.3,4175.5,4175.5,0,investing
2024-01-02,4100.2,4105.8,3990.7,4023.0,4023.0,0,investing
2024-01-03,3938.9,3976.8,3926.9,3941.2,3941.2,0,investing
2024-01-04,3877.0,3947.3,3875.2,3908.9,3908.9,0,investing
2024-01-05,3914.2,3965.9,3908.7,3933.5,3933.5,0,investing
2024-01-08,3956.2,4071.6,3956.0,4062.5,4062.5,0,investing
2024-01-09,4023.5,4094.8,4015.4,4064.7,4064.7,0,investing
2024-01-10,4065.8,4066.7,4000.4,4048.8,4048.8,0,investing
2024-01-11,4057.2,4089.1,3987.6,4067.9,4067.9,0,investing
2024-01-12,4073.4,4089.3,4031.0,4052.4,4052.4,0,investing
2024-01-16,4050.0,4133.0,4035.9,4105.9,4105.9,0,investing
2024-01-17,4065.1,4075.2,4001.3,4069.9,4069.9,0,investing
2024-01-18,4194.5,4213.0,4139.8,4206.5,4206.5,0,investing
2024-01-19,4258.3,4380.8,4240.8,4375.7,4375.7,0,investing
2024-01-22,4410.1,4439.6,4347.2,4386.6,4386.6,0,investing
2024-01-23,4384.0,4419.2,4347.9,4415.3,4415.3,0,investing
2024-01-24,4475.5,4541.8,4435.6,4483.3,4483.3,0,investing
2024-01-25,4562.2,4566.6,4450.0,4472.3,4472.3,0,investing
2024-01-26,4366.9,4405.4,4331.0,4342.1,4342.1,0,investing
2024-01-29,4355.0,4388.4,4323.6,4388.3,4388.3,0,investing
2024-01-30,4363.6,4384.1,4301.9,4320.0,4320.0,0,investing
2024-01-31,4239.9,4334.8,4221.0,4260.9,4260.9,0,investing
2024-02-01,4270.6,4291.3,4226.6,4280.5,4280.5,0,investing
2024-02-02,4273.1,4346.0,4270.8,4336.7,4336.7,0,investing
2024-02-05,4370.8,4407.0,4320.1,4388.1,4388.1,0,investing
2024-02-06,4388.7,4396.4,4291.9,4338.3,4338.3,0,investing
2024-02-07,4364.3,4412.6,4329.9,4408.7,4408.7,0,investing
2024-02-08,4425.0,4510.2,4417.8,4478.0,4478.0,0,investing
2024-02-09,4505.8,4574.9,4479.1,4567.3,4567.3,0,investing
2024-02-12,4566.2,4644.0,4543.0,4560.0,4560.0,0,investing
2024-02-13,4412.9,4515.0,4408.5,4468.2,4468.2,0,investing
2024-02-14,4533.3,4568.1,4503.3,4565.4,4565.4,0,investing
2024-02-15,4591.6,4599.9,4540.1,4558.1,4558.1,0,investing
2024-02-16,4585.3,4624.5,4515.0,4527.7,4527.7,0,investing
2024-02-20,4489.9,4507.5,4389.8,4456.9,4456.9,0,investing
2024-02-21,4403.0,4446.8,4383.9,4446.4,4446.4,0,investing
2024-02-22,4632.6,4687.3,4604.2,4667.4,4667.4,0,investing
2024-02-23,4688.6,4709.5,4593.0,4615.0,4615.0,0,investing
2024-02-26,4658.9,4683.9,4634.8,4663.5,4663.5,0,investing
2024-02-27,4680.2,4697.2,4651.4,4654.9,4654.9,0,investing
2024-02-28,4602.1,4627.2,4583.8,4602.6,4602.6,0,investing
2024-02-29,4663.9,4737.1,4645.5,4726.9,4726.9,0,investing
2024-03-01,4781.0,4950.3,4781.0,4929.6,4929.6,0,investing
2024-03-04,4973.5,5037.6,4956.1,4982.0,4982.0,0,investing
2024-03-05,4921.7,4954.0,4829.4,4879.8,4879.8,0,investing
2024-03-06,4976.6,5052.0,4947.1,4997.9,4997.9,0,investing
2024-03-07,5063.5,5187.6,5062.7,5165.8,5165.8,0,investing
2024-03-08,5185.3,5217.8,4957.2,4957.8,4957.8,0,investing
2024-03-11,4888.4,4926.4,4835.9,4890.2,4890.2,0,investing
2024-03-12,4946.8,4993.0,4868.4,4992.5,4992.5,0,investing
2024-03-13,4926.7,4932.1,4841.7,4869.0,4869.0,0,investing
2024-03-14,4859.7,4880.0,4741.6,4783.6,4783.6,0,investing
2024-03-15,4745.7,4808.7,4719.7,4757.7,4757.7,0,investing
2024-03-18,4834.1,4856.4,4751.4,4757.6,4757.6,0,investing
2024-03-19,4683.7,4734.5,4620.5,4712.8,4712.8,0,investing
2024-03-20,4718.2,4798.3,4682.5,4788.2,4788.2,0,investing
2024-03-21,4949.1,4983.5,4890.5,4897.9,4897.9,0,investing
2024-03-22,4876.0,4945.6,4869.0,4908.3,4908.3,0,investing
2024-03-25,4838.3,4937.3,4836.4,4891.5,4891.5,0,investing
2024-03-26,4920.2,4943.3,4849.8,4851.9,4851.9,0,investing
2024-03-27,4902.3,4903.2,4815.1,4899.9,4899.9,0,investing
2024-03-28,4892.5,4926.8,4887.1,4905.2,4905.2,0,investing
2024-04-01,4921.5,5030.5,4920.0,4962.1,4962.1,0,investing
2024-04-02,4883.6,4898.1,4834.2,4886.9,4886.9,0,investing
2024-04-03,4838.1,4938.3,4831.5,4903.5,4903.5,0,investing
2024-04-04,4973.3,4984.9,4751.0,4756.1,4756.1,0,investing
2024-04-05,4784.2,4847.5,4751.0,4819.1,4819.1,0,investing
2024-04-08,4848.7,4868.9,4808.8,4825.4,4825.4,0,investing
2024-04-09,4869.4,4890.9,4785.6,4870.8,4870.8,0,investing
2024-04-10,4789.9,4847.5,4761.1,4790.3,4790.3,0,investing
2024-04-11,4816.1,4911.5,4784.4,4906.4,4906.4,0,investing
2024-04-12,4810.7,4819.8,4735.5,4745.0,4745.0,0,investing
2024-04-15,4804.2,4827.9,4658.9,4679.1,4679.1,0,investing
2024-04-16,4682.8,4744.2,4670.4,4720.5,4720.5,0,investing
2024-04-17,4725.8,4733.4,4561.6,4567.3,4567.3,0,investing
2024-04-18,4541.5,4567.6,4474.9,4491.7,4491.7,0,investing
2024-04-19,4444.9,4480.1,4288.0,4306.9,4306.9,0,investing
2024-04-22,4351.2,4411.6,4299.7,4381.9,4381.9,0,investing
2024-04-23,4415.6,4500.3,4407.2,4478.8,4478.8,0,investing
2024-04-24,4608.0,4616.9,4490.5,4526.2,4526.2,0,investing
2024-04-25,4515.9,4645.6,4492.9,4615.0,4615.0,0,investing
2024-04-26,4619.8,4756.9,4616.4,4735.3,4735.3,0,investing
2024-04-29,4735.4,4772.1,4690.8,4765.8,4765.8,0,investing
2024-04-30,4756.7,4803.0,4671.8,4673.3,4673.3,0,investing
2024-05-01,4588.4,4660.0,4482.1,4507.7,4507.7,0,investing
2024-05-02,4586.6,4620.7,4498.5,4605.3,4605.3,0,investing
2024-05-03,4696.0,4740.5,4675.7,4716.2,4716.2,0,investing
2024-05-06,4749.9,4820.5,4739.4,4820.4,4820.4,0,investing
2024-05-07,4825.7,4840.6,4783.9,4784.9,4784.9,0,investing
2024-05-08,4741.7,4794.3,4737.3,4790.4,4790.4,0,investing
2024-05-09,4786.5,4789.4,4737.5,4759.8,4759.8,0,investing
2024-05-10,4814.9,4857.8,4787.8,4808.0,4808.0,0,investing
2024-05-13,4828.6,4846.8,4811.0,4823.1,4823.1,0,investing
2024-05-14,4817.4,4908.5,4811.8,4903.9,4903.9,0,investing
2024-05-15,4946.2,5046.3,4930.7,5045.1,5045.1,0,investing
2024-05-16,5045.0,5084.6,5017.3,5017.5,5017.5,0,investing
2024-05-17,5048.9,5056.0,4947.2,4983.0,4983.0,0,investing
2024-05-20,5002.1,5119.2,4999.4,5090.4,5090.4,0,investing
2024-05-21,5031.0,5080.9,5020.6,5074.4,5074.4,0,investing
2024-05-22,5115.0,5140.8,5074.4,5126.8,5126.8,0,investing
2024-05-23,5243.7,5255.6,5082.0,5126.0,5126.0,0,investing
2024-05-24,5167.0,5232.3,5149.3,5220.9,5220.9,0,investing
2024-05-28,5286.0,5343.7,5235.9,5317.9,5317.9,0,investing
2024-05-29,5234.4,5249.7,5206.9,5219.3,5219.3,0,investing
2024-05-30,5208.8,5228.2,5145.9,5173.3,5173.3,0,investing
2024-05-31,5180.6,5204.5,4988.0,5123.4,5123.4,0,investing
2024-06-03,5215.1,5215.1,5059.9,5152.5,5152.5,0,investing
2024-06-04,5144.5,5149.0,5074.4,5116.3,5116.3,0,investing
2024-06-05,5208.1,5348.9,5193.7,5347.4,5347.4,0,investing
2024-06-06,5344.0,5353.5,5260.6,5301.7,5301.7,0,investing
2024-06-07,5288.1,5322.1,5254.9,5287.2,5287.2,0,investing
2024-06-10,5243.7,5379.5,5238.8,5362.4,5362.4,0,investing
2024-06-11,5343.3,5374.2,5287.0,5365.4,5365.4,0,investing
2024-06-12,5456.2,5543.6,5452.8,5520.9,5520.9,0,investing
2024-06-13,5590.6,5624.0,5527.2,5602.4,5602.4,0,investing
2024-06-14,5558.6,5613.3,5540.9,5598.3,5598.3,0,investing
2024-06-17,5640.0,5699.2,5571.4,5688.1,5688.1,0,investing
2024-06-18,5705.5,5792.9,5696.0,5765.1,5765.1,0,investing
2024-06-20,5787.9,5789.6,5577.6,5610.0,5610.0,0,investing
2024-06-21,5538.2,5613.5,5482.5,5538.5,5538.5,0,investing
2024-06-24,5485.2,5519.4,5369.6,5371.5,5371.5,0,investing
2024-06-25,5413.0,5470.3,5361.8,5467.7,5467.7,0,investing
2024-06-26,5469.6,5499.4,5389.5,5452.3,5452.3,0,investing
2024-06-27,5435.3,5477.5,5389.3,5421.1,5421.1,0,investing
2024-06-28,5454.4,5583.1,5431.3,5472.3,5472.3,0,investing
2024-07-01,5472.0,5481.6,5371.1,5477.1,5477.1,0,investing
2024-07-02,5443.3,5546.0,5442.1,5545.0,5545.0,0,investing
2024-07-03,5555.5,5673.6,5537.0,5651.7,5651.7,0,investing
2024-07-05,5684.0,5703.5,5625.5,5656.3,5656.3,0,investing
2024-07-08,5701.3,5772.5,5700.9,5765.2,5765.2,0,investing
2024-07-09,5798.6,5826.2,5713.9,5765.2,5765.2,0,investing
2024-07-10,5818.3,5913.9,5799.4,5904.5,5904.5,0,investing
2024-07-11,5930.0,5931.8,5682.1,5699.7,5699.7,0,investing
2024-07-12,5727.0,5871.0,5705.9,5775.2,5775.2,0,investing
2024-07-15,5802.6,5854.1,5743.8,5777.7,5777.7,0,investing
2024-07-16,5797.6,5812.7,5714.7,5804.0,5804.0,0,investing
2024-07-17,5596.0,5636.1,5402.9,5408.7,5408.7,0,investing
2024-07-18,5499.8,5511.5,5341.3,5436.4,5436.4,0,investing
2024-07-19,5424.5,5429.2,5261.6,5267.2,5267.2,0,investing
2024-07-22,5382.5,5482.0,5344.3,5477.8,5477.8,0,investing
2024-07-23,5407.6,5453.6,5386.0,5397.9,5397.9,0,investing
2024-07-24,5320.1,5330.9,5098.4,5105.7,5105.7,0,investing
2024-07-25,5052.3,5168.1,4906.7,5005.4,5005.4,0,investing
2024-07-26,5110.6,5147.9,5056.2,5103.1,5103.1,0,investing
2024-07-29,5156.0,5226.4,5074.3,5087.6,5087.6,0,investing
2024-07-30,5108.0,5119.3,4874.6,4890.2,4890.2,0,investing
2024-07-31,5127.6,5240.6,5088.4,5233.2,5233.2,0,investing
2024-08-01,5143.8,5201.3,4801.1,4859.6,4859.6,0,investing
2024-08-02,4644.5,4698.9,4540.7,4607.8,4607.8,0,investing
2024-08-05,4330.3,4635.1,4290.4,4519.5,4519.5,0,investing
2024-08-06,4558.7,4683.1,4493.7,4567.6,4567.6,0,investing
2024-08-07,4709.6,4738.9,4418.6,4426.3,4426.3,0,investing
2024-08-08,4552.2,4736.7,4472.3,4730.0,4730.0,0,investing
2024-08-09,4703.0,4746.3,4643.9,4709.5,4709.5,0,investing
2024-08-12,4729.3,4800.2,4690.2,4743.8,4743.8,0,investing
2024-08-13,4807.7,4945.8,4788.3,4942.3,4942.3,0,investing
2024-08-14,4981.8,5000.1,4852.4,4933.3,4933.3,0,investing
2024-08-15,5035.6,5190.2,5022.0,5173.4,5173.4,0,investing
2024-08-16,5108.7,5186.1,5100.1,5170.2,5170.2,0,investing
2024-08-19,5159.5,5267.0,5096.4,5266.6,5266.6,0,investing
2024-08-20,5237.3,5273.3,5159.1,5196.3,5196.3,0,investing
2024-08-21,5232.3,5288.5,5205.1,5267.9,5267.9,0,investing
2024-08-22,5303.8,5315.7,5072.4,5086.9,5086.9,0,investing
2024-08-23,5163.1,5259.3,5149.0,5228.7,5228.7,0,investing
2024-08-26,5199.0,5229.1,5080.0,5097.3,5097.3,0,investing
2024-08-27,5063.5,5171.1,5018.8,5153.6,5153.6,0,investing
2024-08-28,5138.6,5163.7,5005.5,5059.6,5059.6,0,investing
2024-08-29,5068.7,5157.7,5010.0,5029.3,5029.3,0,investing
2024-08-30,5154.6,5176.8,5075.4,5158.8,5158.8,0,investing
2024-09-03,5058.7,5058.7,4735.9,4759.0,4759.0,0,investing
2024-09-04,4707.0,4844.3,4695.2,4770.8,4770.8,0,investing
2024-09-05,4708.6,4821.6,4698.0,4742.4,4742.4,0,investing
2024-09-06,4698.8,4701.1,4507.7,4528.2,4528.2,0,investing
2024-09-09,4598.3,4636.6,4547.2,4625.8,4625.8,0,investing
2024-09-10,4625.0,4684.6,4561.9,4680.7,4680.7,0,investing
2024-09-11,4712.1,4918.9,4616.6,4910.2,4910.2,0,investing
2024-09-12,4878.2,4944.4,4824.3,4898.4,4898.4,0,investing
2024-09-13,4940.2,4991.3,4929.6,4980.5,4980.5,0,investing
2024-09-16,4905.7,4935.8,4850.4,4910.4,4910.4,0,investing
2024-09-17,4971.4,4980.9,4874.3,4912.1,4912.1,0,investing
2024-09-18,4935.5,5006.4,4854.9,4859.3,4859.3,0,investing
2024-09-19,5049.8,5135.9,5005.0,5066.6,5066.6,0,investing
2024-09-20,5016.4,5034.6,4928.8,5000.1,5000.1,0,investing
2024-09-23,5027.4,5044.0,4984.7,5025.8,5025.8,0,investing
2024-09-24,5071.5,5119.8,5009.7,5091.8,5091.8,0,investing
2024-09-25,5078.3,5167.8,5078.3,5132.5,5132.5,0,investing
2024-09-26,5352.3,5356.0,5182.5,5310.5,5310.5,0,investing
2024-09-27,5318.0,5318.1,5190.7,5217.2,5217.2,0,investing
2024-09-30,5154.5,5201.8,5101.9,5173.1,5173.1,0,investing
2024-10-01,5178.5,5188.4,4987.7,5024.9,5024.9,0,investing
2024-10-02,5031.9,5151.0,5008.1,5099.2,5099.2,0,investing
2024-10-03,5071.5,5189.0,5070.6,5125.2,5125.2,0,investing
2024-10-04,5237.0,5237.0,5141.1,5206.8,5206.8,0,investing
2024-10-07,5169.5,5243.4,5162.7,5196.8,5196.8,0,investing
2024-10-08,5208.8,5282.6,5177.3,5266.1,5266.1,0,investing
2024-10-09,5267.6,5327.2,5219.5,5321.9,5321.9,0,investing
2024-10-10,5252.7,5322.1,5224.5,5293.9,5293.9,0,investing
2024-10-11,5261.4,5351.7,5261.2,5335.9,5335.9,0,investing
2024-10-14,5377.9,5445.1,5376.2,5432.2,5432.2,0,investing
2024-10-15,5421.7,5442.0,5112.3,5145.2,5145.2,0,investing
2024-10-16,5193.1,5206.7,5125.9,5155.9,5155.9,0,investing
2024-10-17,5292.7,5302.2,5204.3,5204.8,5204.8,0,investing
2024-10-18,5238.3,5244.1,5190.2,5208.6,5208.6,0,investing
2024-10-21,5195.2,5222.9,5145.1,5215.2,5215.2,0,investing
2024-10-22,5182.3,5207.7,5152.0,5190.7,5190.7,0,investing
2024-10-23,5174.8,5190.6,5061.4,5131.4,5131.4,0,investing
2024-10-24,5170.3,5175.0,5116.4,5157.6,5157.6,0,investing
2024-10-25,5212.4,5287.8,5210.8,5212.8,5212.8,0,investing
2024-10-28,5199.6,5246.9,5190.0,5211.7,5211.7,0,investing
2024-10-29,5211.1,5358.0,5187.8,5332.2,5332.2,0,investing
2024-10-30,5192.6,5228.5,5151.8,5153.5,5153.5,0,investing
2024-10-31,5085.6,5085.6,4911.6,4946.7,4946.7,0,investing
2024-11-01,4985.0,5054.1,4975.7,5001.4,5001.4,0,investing
2024-11-04,4997.0,5051.8,4960.6,4974.0,4974.0,0,investing
2024-11-05,4999.4,5059.3,4999.2,5057.8,5057.8,0,investing
2024-11-06,5163.6,5233.7,5118.7,5215.6,5215.6,0,investing
2024-11-07,5294.6,5337.9,5280.3,5334.0,5334.0,0,investing
2024-11-08,5311.9,5333.3,5262.0,5290.5,5290.5,0,investing
2024-11-11,5240.6,5242.6,5097.8,5156.4,5156.4,0,investing
2024-11-12,5145.7,5153.3,5043.8,5108.6,5108.6,0,investing
2024-11-13,5077.3,5086.4,4999.7,5006.3,5006.3,0,investing
2024-11-14,5062.8,5075.8,4992.5,5004.6,5004.6,0,investing
2024-11-15,4914.1,4936.2,4816.5,4833.6,4833.6,0,investing
2024-11-18,4833.5,4896.8,4806.0,4888.8,4888.8,0,investing
2024-11-19,4874.2,4925.1,4860.7,4919.2,4919.2,0,investing
2024-11-20,4902.4,4902.8,4813.3,4884.2,4884.2,0,investing
2024-11-21,4949.4,4989.9,4842.2,4963.1,4963.1,0,investing
2024-11-22,4956.3,4973.6,4921.6,4955.8,4955.8,0,investing
2024-11-25,5001.1,5031.2,4955.1,4987.9,4987.9,0,investing
2024-11-26,5027.7,5036.3,4892.0,4927.6,4927.6,0,investing
2024-11-27,4897.3,4899.5,4770.3,4853.0,4853.0,0,investing
2024-11-29,4895.0,4975.6,4887.9,4926.6,4926.6,0,investing
2024-12-02,4957.0,5084.3,4956.4,5055.3,5055.3,0,investing
2024-12-03,5027.7,5059.8,5014.8,5035.9,5035.9,0,investing
2024-12-04,5140.8,5143.9,5076.3,5121.8,5121.8,0,investing
2024-12-05,5104.2,5114.2,5015.2,5026.4,5026.4,0,investing
2024-12-06,5029.6,5073.1,5019.0,5061.3,5061.3,0,investing
2024-12-09,5023.7,5085.5,4998.6,5018.8,5018.8,0,investing
2024-12-10,5032.6,5032.7,4863.4,4894.7,4894.7,0,investing
2024-12-11,4968.8,5055.2,4940.1,5027.8,5027.8,0,investing
2024-12-12,4979.1,5005.8,4946.6,4982.2,4982.2,0,investing
2024-12-13,5126.6,5184.8,5070.8,5149.8,5149.8,0,investing
2024-12-16,5175.8,5280.8,5135.2,5256.1,5256.1,0,investing
2024-12-17,5193.0,5213.2,5135.7,5169.8,5169.8,0,investing
2024-12-18,5207.2,5247.7,4935.5,4971.0,4971.0,0,investing
2024-12-19,4984.0,4996.9,4881.6,4893.5,4893.5,0,investing
2024-12-20,4862.5,5033.0,4853.2,4964.9,4964.9,0,investing
2024-12-23,5013.7,5124.2,5013.7,5118.7,5118.7,0,investing
2024-12-24,5151.0,5173.8,5123.3,5173.6,5173.6,0,investing
2024-12-26,5140.6,5207.4,5128.8,5175.3,5175.3,0,investing
2024-12-27,5149.5,5153.8,5058.8,5123.0,5123.0,0,investing
2024-12-30,5032.4,5075.6,4988.6,5026.5,5026.5,0,investing
2024-12-31,5041.1,5059.5,4962.4,4979.9,4979.9,0,investing
2025-01-02,5024.6,5094.1,4976.3,5021.5,5021.5,0,investing
2025-01-03,5061.5,5173.4,5059.8,5163.6,5163.6,0,investing
2025-01-06,5284.5,5381.0,5283.4,5310.1,5310.1,0,investing
2025-01-07,5368.4,5370.8,5186.1,5212.2,5212.2,0,investing
2025-01-08,5204.2,5207.0,5104.6,5162.3,5162.3,0,investing
2025-01-10,5090.0,5091.5,5001.3,5037.5,5037.5,0,investing
2025-01-13,4946.0,5026.5,4929.9,5020.0,5020.0,0,investing
2025-01-14,5064.9,5097.5,4987.4,5046.0,5046.0,0,investing
2025-01-15,5128.2,5179.3,5107.2,5153.7,5153.7,0,investing
2025-01-16,5246.8,5262.0,5161.9,5163.0,5163.0,0,investing
2025-01-17,5289.6,5319.7,5252.4,5309.7,5309.7,0,investing
2025-01-21,5356.9,5425.3,5307.5,5378.5,5378.5,0,investing
2025-01-22,5436.8,5525.2,5433.8,5469.3,5469.3,0,investing
2025-01-23,5367.5,5444.7,5350.9,5444.7,5444.7,0,investing
2025-01-24,5447.3,5449.8,5320.6,5341.9,5341.9,0,investing
2025-01-27,5007.8,5045.4,4785.4,4853.2,4853.2,0,investing
2025-01-28,4896.3,4928.2,4776.8,4907.0,4907.0,0,investing
2025-01-29,4949.4,4964.7,4862.3,4918.1,4918.1,0,investing
2025-01-30,4996.6,5054.4,4959.7,5030.5,5030.5,0,investing
2025-01-31,5058.5,5161.9,5000.2,5015.9,5015.9,0,investing
2025-02-03,4866.5,4983.2,4848.7,4924.8,4924.8,0,investing
2025-02-04,4917.6,4999.7,4907.4,4976.6,4976.6,0,investing
2025-02-05,4988.1,5102.4,4945.7,5091.5,5091.5,0,investing
2025-02-06,5062.3,5106.5,5041.9,5092.6,5092.6,0,investing
2025-02-07,5115.4,5129.6,4978.6,5009.3,5009.3,0,investing
2025-02-10,5058.0,5097.4,5056.0,5082.7,5082.7,0,investing
2025-02-11,5043.1,5110.4,5042.5,5080.0,5080.0,0,investing
2025-02-12,5003.2,5093.1,4992.5,5090.8,5090.8,0,investing
2025-02-13,5087.7,5158.5,5086.3,5156.4,5156.4,0,investing
2025-02-14,5149.2,5176.3,5132.9,5160.9,5160.9,0,investing
2025-02-18,5210.0,5259.2,5168.5,5247.9,5247.9,0,investing
2025-02-19,5246.4,5332.0,5223.1,5309.7,5309.7,0,investing
2025-02-20,5337.0,5366.3,5254.6,5310.6,5310.6,0,investing
2025-02-21,5318.5,5321.2,5120.0,5136.6,5136.6,0,investing
2025-02-24,5155.4,5167.4,4999.6,5003.5,5003.5,0,investing
2025-02-25,4993.5,5009.2,4876.4,4888.9,4888.9,0,investing
2025-02-26,4960.0,5032.6,4935.3,4990.8,4990.8,0,investing
2025-02-27,5032.9,5041.2,4684.8,4686.8,4686.8,0,investing
2025-02-28,4684.2,4795.9,4634.9,4766.7,4766.7,0,investing
2025-03-03,4817.7,4827.6,4533.8,4575.4,4575.4,0,investing
2025-03-04,4564.7,4726.8,4469.7,4604.5,4604.5,0,investing
2025-03-05,4646.8,4714.5,4565.9,4700.8,4700.8,0,investing
2025-03-06,4519.1,4623.0,4474.9,4487.8,4487.8,0,investing
2025-03-07,4533.4,4642.6,4455.8,4629.6,4629.6,0,investing
2025-03-10,4508.6,4548.7,4343.3,4405.1,4405.1,0,investing
2025-03-11,4418.1,4470.3,4300.5,4374.1,4374.1,0,investing
2025-03-12,4488.1,4537.1,4436.7,4481.0,4481.0,0,investing
2025-03-13,4485.8,4548.5,4413.7,4453.2,4453.2,0,investing
2025-03-14,4542.7,4608.7,4534.7,4598.8,4598.8,0,investing
2025-03-17,4587.1,4703.8,4587.1,4664.0,4664.0,0,investing
2025-03-18,4618.0,4628.6,4562.0,4589.0,4589.0,0,investing
2025-03-19,4598.9,4709.4,4558.6,4634.5,4634.5,0,investing
2025-03-20,4579.1,4648.5,4575.4,4601.4,4601.4,0,investing
2025-03-21,4514.4,4570.4,4484.5,4557.9,4557.9,0,investing
2025-03-24,4662.9,4722.5,4657.3,4694.2,4694.2,0,investing
2025-03-25,4679.9,4693.2,4648.8,4661.3,4661.3,0,investing
2025-03-26,4639.9,4649.5,4467.7,4508.7,4508.7,0,investing
2025-03-27,4452.5,4476.4,4394.8,4415.3,4415.3,0,investing
2025-03-28,4387.8,4411.7,4259.9,4284.9,4284.9,0,investing
2025-03-31,4193.5,4277.2,4129.6,4270.4,4270.4,0,investing
2025-04-01,4253.5,4286.0,4179.4,4282.5,4282.5,0,investing
2025-04-02,4216.2,4374.5,4206.7,4320.8,4320.8,0,investing
2025-04-03,4115.1,4131.8,3889.6,3893.7,3893.7,0,investing
2025-04-04,3760.1,3778.8,3529.6,3597.7,3597.7,0,investing
2025-04-07,3460.4,3896.1,3388.6,3694.9,3694.9,0,investing
2025-04-08,3863.7,3902.5,3484.3,3562.9,3562.9,0,investing
2025-04-09,3609.2,4265.0,3572.5,4230.5,4230.5,0,investing
2025-04-10,4020.1,4036.9,3757.5,3893.3,3893.3,0,investing
2025-04-11,3881.2,4000.4,3822.3,3990.9,3990.9,0,investing
2025-04-14,4094.6,4098.4,3944.9,4003.2,4003.2,0,investing
2025-04-15,4019.8,4074.9,4000.9,4021.9,4021.9,0,investing
2025-04-16,3836.9,3905.9,3734.0,3857.2,3857.2,0,investing
2025-04-17,3886.8,3888.0,3796.5,3832.5,3832.5,0,investing
2025-04-21,3761.9,3765.1,3681.2,3751.9,3751.9,0,investing
2025-04-22,3787.5,3858.3,3777.0,3832.0,3832.0,0,investing
2025-04-23,4035.0,4070.9,3963.8,3983.9,3983.9,0,investing
2025-04-24,4071.4,4212.4,4054.7,4208.2,4208.2,0,investing
2025-04-25,4167.1,4279.6,4152.7,4251.6,4251.6,0,investing
2025-04-28,4227.3,4264.6,4144.6,4235.6,4235.6,0,investing
2025-04-29,4184.5,4241.4,4172.8,4196.7,4196.7,0,investing
2025-04-30,4085.2,4238.0,4066.8,4230.1,4230.1,0,investing
2025-05-01,4288.0,4332.1,4243.1,4247.7,4247.7,0,investing
2025-05-02,4363.4,4431.0,4352.6,4397.1,4397.1,0,investing
2025-05-05,4351.4,4399.6,4348.7,4356.2,4356.2,0,investing
2025-05-06,4281.1,4346.3,4252.7,4311.2,4311.2,0,investing
2025-05-07,4304.4,4400.2,4268.9,4386.4,4386.4,0,investing
2025-05-08,4444.2,4494.9,4393.0,4430.4,4430.4,0,investing
2025-05-09,4509.3,4515.8,4433.3,4466.5,4466.5,0,investing
2025-05-12,4769.8,4807.0,4708.1,4780.9,4780.9,0,investing
2025-05-13,4799.6,4952.9,4798.0,4931.4,4931.4,0,investing
2025-05-14,4968.9,4996.1,4918.9,4960.7,4960.7,0,investing
2025-05-15,4909.7,4968.7,4873.5,4932.5,4932.5,0,investing
2025-05-16,4927.7,4927.8,4868.8,4922.2,4922.2,0,investing
2025-05-19,4812.8,4907.5,4810.5,4897.7,4897.7,0,investing
2025-05-20,4854.8,4892.6,4841.8,4890.8,4890.8,0,investing
2025-05-21,4857.1,4949.3,4775.2,4802.7,4802.7,0,investing
2025-05-22,4798.7,4846.8,4772.5,4775.5,4775.5,0,investing
2025-05-23,4659.7,4728.4,4647.3,4702.4,4702.4,0,investing
2025-05-27,4795.0,4878.8,4767.8,4861.1,4861.1,0,investing
2025-05-28,4868.6,4889.2,4825.7,4834.4,4834.4,0,investing
2025-05-29,4956.2,4956.2,4832.4,4860.5,4860.5,0,investing
2025-05-30,4828.2,4828.2,4673.4,4758.1,4758.1,0,investing
2025-06-02,4762.7,4848.3,4759.0,4832.8,4832.8,0,investing
2025-06-03,4836.3,4970.4,4815.3,4964.4,4964.4,0,investing
2025-06-04,5004.3,5049.6,4959.5,5033.4,5033.4,0,investing
2025-06-05,5079.4,5112.2,4980.2,5010.9,5010.9,0,investing
2025-06-06,5066.2,5101.5,5034.8,5038.1,5038.1,0,investing
2025-06-09,5083.7,5185.9,5083.3,5136.7,5136.7,0,investing
2025-06-10,5169.2,5253.0,5149.8,5242.5,5242.5,0,investing
2025-06-11,5270.0,5302.6,5186.8,5232.5,5232.5,0,investing
2025-06-12,5201.2,5269.5,5200.9,5249.1,5249.1,0,investing
2025-06-13,5140.9,5193.9,5101.0,5112.2,5112.2,0,investing
2025-06-16,5178.4,5293.2,5178.3,5267.3,5267.3,0,investing
2025-06-17,5243.4,5311.8,5222.4,5223.6,5223.6,0,investing
2025-06-18,5248.3,5305.2,5219.6,5251.0,5251.0,0,investing
2025-06-20,5296.1,5304.6,5143.7,5211.5,5211.5,0,investing
2025-06-23,5209.3,5267.4,5140.4,5244.3,5244.3,0,investing
2025-06-24,5335.3,5444.4,5335.3,5441.9,5441.9,0,investing
2025-06-25,5461.2,5494.8,5443.4,5493.3,5493.3,0,investing
2025-06-26,5530.5,5553.3,5495.2,5541.5,5541.5,0,investing
2025-06-27,5549.5,5588.5,5488.7,5545.0,5545.0,0,investing
2025-06-30,5564.2,5571.4,5520.3,5546.5,5546.5,0,investing
2025-07-01,5512.1,5543.9,5429.2,5507.5,5507.5,0,investing
2025-07-02,5503.3,5627.6,5490.6,5611.0,5611.0,0,investing
2025-07-03,5633.1,5668.1,5630.2,5647.1,5647.1,0,investing
2025-07-07,5596.5,5613.9,5519.5,5541.2,5541.2,0,investing
2025-07-08,5591.4,5676.7,5572.9,5641.2,5641.2,0,investing
2025-07-09,5665.9,5722.4,5619.0,5666.0,5666.0,0,investing
2025-07-10,5712.3,5724.1,5657.9,5708.3,5708.3,0,investing
2025-07-11,5677.9,5718.8,5659.1,5696.3,5696.3,0,investing
2025-07-14,5651.8,5671.2,5568.5,5646.7,5646.7,0,investing
2025-07-15,5778.0,5791.8,5714.4,5718.6,5718.6,0,investing
2025-07-16,5659.3,5698.1,5560.1,5696.2,5696.2,0,investing
2025-07-17,5696.8,5755.1,5670.1,5737.6,5737.6,0,investing
2025-07-18,5754.9,5776.3,5695.1,5732.6,5732.6,0,investing
2025-07-21,5754.7,5808.6,5737.8,5739.4,5739.4,0,investing
2025-07-22,5717.7,5721.0,5580.3,5638.7,5638.7,0,investing
2025-07-23,5613.7,5642.1,5564.6,5637.8,5637.8,0,investing
2025-07-24,5645.3,5657.6,5595.2,5644.4,5644.4,0,investing
2025-07-25,5601.5,5650.2,5590.0,5645.9,5645.9,0,investing
2025-07-28,5704.9,5738.9,5695.9,5737.1,5737.1,0,investing
2025-07-29,5784.0,5819.9,5706.0,5739.8,5739.8,0,investing
2025-07-30,5788.8,5820.5,5738.7,5787.3,5787.3,0,investing
2025-07-31,5721.6,5730.4,5558.1,5607.9,5607.9,0,investing
2025-08-01,5501.9,5583.4,5418.3,5527.6,5527.6,0,investing
2025-08-04,5575.8,5624.9,5550.1,5624.4,5624.4,0,investing
2025-08-05,5633.1,5651.0,5501.4,5561.7,5561.7,0,investing
2025-08-06,5525.6,5561.4,5474.5,5550.3,5550.3,0,investing
2025-08-07,5675.1,5701.5,5588.4,5633.7,5633.7,0,investing
2025-08-08,5629.5,5682.1,5617.0,5678.0,5678.0,0,investing
2025-08-11,5722.1,5763.3,5660.2,5670.4,5670.4,0,investing
2025-08-12,5710.1,5842.5,5682.5,5840.1,5840.1,0,investing
2025-08-13,5875.4,5908.0,5835.6,5892.6,5892.6,0,investing
2025-08-14,5828.1,5904.6,5787.2,5885.5,5885.5,0,investing
2025-08-15,5830.2,5832.6,5737.0,5752.7,5752.7,0,investing
2025-08-18,5742.5,5781.0,5738.5,5776.3,5776.3,0,investing
2025-08-19,5777.7,5798.0,5664.9,5671.5,5671.5,0,investing
2025-08-20,5642.9,5644.3,5480.0,5630.8,5630.8,0,investing
2025-08-21,5607.6,5643.4,5574.3,5603.3,5603.3,0,investing
2025-08-22,5612.3,5818.2,5598.9,5754.5,5754.5,0,investing
2025-08-25,5758.8,5784.6,5724.3,5756.3,5756.3,0,investing
2025-08-26,5780.1,5824.1,5777.5,5807.9,5807.9,0,investing
2025-08-27,5789.7,5831.5,5766.8,5824.6,5824.6,0,investing
2025-08-28,5859.2,5889.1,5808.9,5853.1,5853.1,0,investing
2025-08-29,5758.0,5758.7,5646.2,5668.9,5668.9,0,investing
2025-09-02,5509.4,5609.4,5503.1,5605.5,5605.5,0,investing
2025-09-03,5619.1,5624.8,5538.2,5592.8,5592.8,0,investing
2025-09-04,5566.7,5672.6,5545.6,5667.9,5667.9,0,investing
2025-09-05,5775.4,5793.0,5687.1,5761.4,5761.4,0,investing
2025-09-08,5804.0,5835.8,5786.3,5809.6,5809.6,0,investing
2025-09-09,5825.0,5830.2,5776.0,5819.8,5819.8,0,investing
2025-09-10,5922.0,5977.6,5911.5,5958.1,5958.1,0,investing
2025-09-11,6008.4,6033.5,5987.5,5995.4,5995.4,0,investing
2025-09-12,6018.4,6021.8,5974.6,6001.7,6001.7,0,investing
2025-09-15,5993.9,6062.3,5980.0,6059.8,6059.8,0,investing
2025-09-16,6086.0,6098.1,6034.4,6079.2,6079.2,0,investing
2025-09-17,6067.0,6109.1,5980.2,6060.2,6060.2,0,investing
2025-09-18,6220.0,6311.6,6201.1,6278.2,6278.2,0,investing
2025-09-19,6248.4,6249.1,6184.7,6232.2,6232.2,0,investing
2025-09-22,6247.8,6347.6,6246.7,6330.1,6330.1,0,investing
2025-09-23,6336.5,6374.6,6274.5,6308.2,6308.2,0,investing
2025-09-24,6282.2,6313.9,6216.4,6297.0,6297.0,0,investing
2025-09-25,6176.6,6298.7,6125.0,6284.7,6284.7,0,investing
2025-09-26,6279.6,6313.0,6229.7,6305.1,6305.1,0,investing
2025-09-29,6380.0,6408.3,6313.7,6315.1,6315.1,0,investing
2025-09-30,6322.6,6374.1,6289.4,6369.8,6369.8,0,investing
2025-10-01,6321.8,6507.0,6317.8,6500.3,6500.3,0,investing
2025-10-02,6633.4,6643.7,6573.1,6626.4,6626.4,0,investing
2025-10-03,6655.1,6683.4,6547.4,6583.7,6583.7,0,investing
2025-10-06,6852.7,6881.9,6773.3,6774.1,6774.1,0,investing
2025-10-07,6837.7,6847.5,6622.6,6634.8,6634.8,0,investing
2025-10-08,6625.3,6867.1,6624.1,6860.2,6860.2,0,investing
2025-10-09,6845.4,6869.1,6776.8,6840.2,6840.2,0,investing
2025-10-10,6853.4,6867.9,6403.2,6407.6,6407.6,0,investing
2025-10-13,6662.9,6742.4,6612.9,6723.5,6723.5,0,investing
2025-10-14,6582.3,6706.4,6532.7,6570.3,6570.3,0,investing
2025-10-15,6723.0,6780.7,6632.1,6767.1,6767.1,0,investing
2025-10-16,6848.2,6880.6,6728.0,6800.0,6800.0,0,investing
2025-10-17,6742.0,6812.3,6673.6,6778.0,6778.0,0,investing
2025-10-20,6858.6,6935.6,6855.2,6885.0,6885.0,0,investing
2025-10-21,6864.2,6875.7,6793.1,6839.3,6839.3,0,investing
2025-10-22,6764.4,6819.8,6547.4,6677.6,6677.6,0,investing
2025-10-23,6648.3,6861.5,6648.3,6847.4,6847.4,0,investing
2025-10-24,6970.2,7021.4,6961.2,6976.9,6976.9,0,investing
2025-10-27,7103.6,7175.5,7083.1,7168.0,7168.0,0,investing
2025-10-28,7158.2,7223.8,7136.4,7194.7,7194.7,0,investing
2025-10-29,7342.5,7392.6,7257.8,7327.9,7327.9,0,investing
2025-10-30,7283.1,7351.1,7213.4,7216.0,7216.0,0,investing
2025-10-31,7284.3,7345.9,7171.7,7228.7,7228.7,0,investing
2025-11-03,7342.8,7353.6,7248.7,7271.0,7271.0,0,investing
2025-11-04,7074.4,7190.6,6972.4,6979.6,6979.6,0,investing
2025-11-05,7024.3,7277.8,7023.0,7190.3,7190.3,0,investing
2025-11-06,7195.2,7226.1,6974.1,7018.4,7018.4,0,investing
2025-11-07,6917.8,6949.2,6688.8,6947.4,6947.4,0,investing
2025-11-10,7136.7,7178.3,7066.5,7157.0,7157.0,0,investing
2025-11-11,7077.4,7099.8,6965.8,6979.7,6979.7,0,investing
2025-11-12,7112.2,7130.5,7035.3,7082.1,7082.1,0,investing
2025-11-13,7003.2,7008.4,6750.1,6818.7,6818.7,0,investing
2025-11-14,6634.9,6911.9,6587.8,6811.2,6811.2,0,investing
2025-11-17,6756.6,6886.6,6631.3,6705.7,6705.7,0,investing
2025-11-18,6622.0,6651.6,6479.7,6551.0,6551.0,0,investing
2025-11-19,6577.3,6751.8,6553.0,6670.0,6670.0,0,investing
2025-11-20,6863.1,6883.0,6327.8,6352.1,6352.1,0,investing
2025-11-21,6351.1,6505.9,6160.0,6406.4,6406.4,0,investing
2025-11-24,6494.9,6733.0,6475.4,6703.2,6703.2,0,investing
2025-11-25,6617.1,6731.0,6457.3,6714.2,6714.2,0,investing
2025-11-26,6801.6,6958.9,6790.3,6899.5,6899.5,0,investing
2025-11-28,6926.9,7028.1,6907.8,7025.1,7025.1,0,investing
2025-12-01,6945.2,7081.1,6920.7,7020.5,7020.5,0,investing
2025-12-02,7098.6,7211.1,7057.3,7149.5,7149.5,0,investing
2025-12-03,7164.8,7284.4,7099.8,7280.5,7280.5,0,investing
2025-12-04,7238.7,7267.4,7180.8,7216.0,7216.0,0,investing
2025-12-05,7303.1,7377.3,7282.3,7294.8,7294.8,0,investing
2025-12-08,7358.2,7410.5,7302.7,7375.2,7375.2,0,investing
2025-12-09,7325.8,7386.4,7300.0,7372.5,7372.5,0,investing
2025-12-10,7369.7,7490.3,7333.5,7467.5,7467.5,0,investing
2025-12-11,7353.1,7419.6,7208.2,7411.5,7411.5,0,investing
2025-12-12,7297.8,7331.4,7003.4,7033.6,7033.6,0,investing
2025-12-15,7096.3,7126.0,6971.4,6990.4,6990.4,0,investing
2025-12-16,6977.9,7019.1,6888.6,6958.4,6958.4,0,investing
2025-12-17,6993.1,7005.1,6680.7,6695.3,6695.3,0,investing
2025-12-18,6938.9,6970.2,6831.7,6863.6,6863.6,0,investing
2025-12-19,6942.5,7095.0,6942.5,7067.9,7067.9,0,investing
2025-12-22,7204.0,7206.4,7120.0,7145.6,7145.6,0,investing
2025-12-23,7118.4,7186.4,7091.5,7184.5,7184.5,0,investing
2025-12-24,7191.7,7212.5,7173.3,7204.4,7204.4,0,investing
2025-12-26,7229.7,7233.1,7188.6,7207.6,7207.6,0,investing
2025-12-29,7116.2,7205.2,7098.8,7178.3,7178.3,0,investing
2025-12-30,7206.0,7229.8,7167.0,7169.1,7169.1,0,investing
2025-12-31,7184.9,7193.5,7082.6,7083.1,7083.1,0,investing
2026-01-02,7288.7,7418.3,7286.3,7367.5,7367.5,0,investing
2026-01-05,7570.4,7577.3,7415.7,7446.5,7446.5,0,investing
2026-01-06,7542.6,7665.8,7521.9,7650.9,7650.9,0,investing
2026-01-07,7554.8,7601.1,7512.9,7574.9,7574.9,0,investing
2026-01-08,7543.2,7548.3,7372.8,7436.1,7436.1,0,investing
2026-01-09,7471.3,7678.9,7467.8,7638.8,7638.8,0,investing
2026-01-12,7574.2,7703.1,7568.1,7674.8,7674.8,0,investing
2026-01-13,7725.1,7825.9,7715.9,7748.0,7748.0,0,investing
2026-01-14,7688.5,7707.4,7598.5,7701.5,7701.5,0,investing
2026-01-15,7961.0,7998.1,7834.0,7837.3,7837.3,0,investing
2026-01-16,7927.4,7927.4,7927.4,7927.4,7927.4,0,investing
2026-01-20,7807.9,7931.9,7767.5,7794.2,7794.2,0,investing
2026-01-21,7909.6,8113.7,7869.7,8042.1,8042.1,0,investing
2026-01-22,8187.0,8188.2,8032.4,8055.2,8055.2,0,investing
2026-01-23,8024.2,8032.2,7905.1,7957.9,7957.9,0,investing
2026-01-26,7917.2,7982.9,7881.4,7927.0,7927.0,0,investing
2026-01-27,8030.4,8157.3,8009.5,8117.2,8117.2,0,investing
2026-01-28,8287.5,8341.8,8227.5,8306.7,8306.7,0,investing
2026-01-29,8340.0,8387.0,8020.9,8320.4,8320.4,0,investing
2026-01-30,8206.3,8310.0,7947.9,7998.5,7998.5,0,investing
2026-02-02,7955.1,8215.4,7954.7,8134.5,8134.5,0,investing
2026-02-03,8203.0,8239.6,7796.5,7966.3,7966.3,0,investing
2026-02-04,7863.1,7955.5,7461.7,7619.2,7619.2,0,investing
2026-02-05,7531.9,7727.3,7473.8,7614.6,7614.6,0,investing
2026-02-06,7762.1,8071.5,7752.5,8048.6,8048.6,0,investing
2026-02-09,7991.2,8209.6,7948.5,8162.6,8162.6,0,investing
2026-02-10,8191.6,8197.9,8051.9,8107.1,8107.1,0,investing
2026-02-11,8263.2,8345.7,8100.6,8291.9,8291.9,0,investing
2026-02-12,8358.1,8400.0,8079.8,8084.7,8084.7,0,investing
2026-02-13,8137.9,8137.9,8137.9,8137.9,8137.9,0,investing
2026-02-17,8022.0,8210.5,7927.0,8136.0,8136.0,0,investing
2026-02-18,8170.3,8303.3,8137.5,8214.4,8214.4,0,investing
2026-02-19,8133.2,8182.4,8076.8,8173.3,8173.3,0,investing
2026-02-20,8109.0,8308.3,8106.0,8260.4,8260.4,0,investing
2026-02-23,8248.4,8291.4,8124.3,8213.5,8213.5,0,investing
2026-02-24,8314.7,8387.6,8225.7,8332.3,8332.3,0,investing
2026-02-25,8442.8,8498.1,8418.5,8467.4,8467.4,0,investing
2026-02-26,8403.0,8422.1,8062.1,8197.3,8197.3,0,investing
2026-02-27,8036.8,8140.0,8009.3,8098.4,8098.4,0,investing
2026-03-02,7919.9,8144.3,7908.8,8137.4,8137.4,0,investing
2026-03-03,7806.3,7855.9,7673.1,7764.9,7764.9,0,investing
2026-03-04,7891.3,7959.9,7807.3,7914.5,7914.5,0,investing
2026-03-05,7875.9,7965.3,7660.7,7821.8,7821.8,0,investing
2026-03-06,7627.7,7776.7,7466.5,7514.7,7514.7,0,investing
2026-03-09,7388.3,7826.5,7363.2,7810.4,7810.4,0,investing
2026-03-10,7846.5,8017.1,7831.1,7865.1,7865.1,0,investing
2026-03-11,7918.3,8002.9,7881.2,7914.6,7914.6,0,investing
2026-03-12,7771.5,7805.3,7612.9,7643.2,7643.2,0,investing
2026-03-13,7744.0,7819.0,7618.0,7646.6,7646.6,0,investing
2026-03-16,7846.3,7896.8,7762.1,7796.2,7796.2,0,investing
2026-03-17,7828.8,7866.6,7763.9,7836.8,7836.8,0,investing
2026-03-18,7883.1,7913.7,7794.3,7795.1,7795.1,0,investing
2026-03-19,7561.8,7913.4,7548.5,7863.3,7863.3,0,investing
2026-03-20,7862.7,7880.8,7572.1,7670.6,7670.6,0,investing
2026-03-23,7825.8,7958.0,7734.4,7773.1,7773.1,0,investing
2026-03-24,7732.8,7924.4,7709.5,7872.7,7872.7,0,investing
2026-03-25,7935.7,8025.7,7896.2,7967.7,7967.7,0,investing
2026-03-26,7823.8,7831.8,7582.9,7585.9,7585.9,0,investing
2026-03-27,7545.4,7611.6,7427.1,7457.7,7457.7,0,investing
2026-03-30,7517.5,7546.7,7084.1,7142.3,7142.3,0,investing
2026-03-31,7277.9,7591.3,7274.1,7588.2,7588.2,0,investing
2026-04-01,7680.6,7893.7,7677.5,7802.3,7802.3,0,investing
2026-04-02,7544.9,7843.7,7506.0,7833.4,7833.4,0,investing
2026-04-06,7917.9,7963.6,7821.8,7916.1,7916.1,0,investing
2026-04-07,7915.2,8006.3,7790.1,8003.9,8003.9,0,investing
2026-04-08,8497.9,8526.4,8320.9,8510.9,8510.9,0,investing
2026-04-09,8561.2,8699.5,8543.6,8689.5,8689.5,0,investing
2026-04-10,8812.2,8963.0,8795.6,8889.8,8889.8,0,investing
2026-04-13,8873.3,9044.8,8838.0,9039.5,9039.5,0,investing
2026-04-14,9133.3,9225.5,9042.2,9224.1,9224.1,0,investing
2026-04-15,9189.2,9250.0,9035.1,9239.3,9239.3,0,investing
2026-04-16,9215.9,9356.2,9145.0,9329.3,9329.3,0,investing
2026-04-17,9477.9,9556.4,9419.1,9555.9,9555.9,0,investing
2026-04-20,9604.9,9612.1,9462.9,9599.2,9599.2,0,investing
2026-04-21,9676.8,9721.4,9569.7,9647.2,9647.2,0,investing
2026-04-22,9817.1,9914.1,9698.9,9909.3,9909.3,0,investing
2026-04-23,9984.7,10206.2,9923.4,10078.6,10078.6,0,investing
2026-04-24,10463.8,10564.0,10271.0,10513.7,10513.7,0,investing
2026-04-27,10533.3,10536.9,10251.7,10408.0,10408.0,0,investing
2026-04-28,9979.2,10185.0,9865.4,10035.6,10035.6,0,investing
2026-04-29,10192.3,10273.0,10113.2,10271.3,10271.3,0,investing
2026-04-30,10387.8,10516.4,10229.9,10503.7,10503.7,0,investing
2026-05-01,10388.8,10624.2,10364.4,10595.3,10595.3,0,investing
2026-05-04,10656.1,10690.5,10430.2,10534.7,10534.7,0,investing
2026-05-05,10759.2,11058.2,10718.5,10980.6,10980.6,0,investing
2026-05-06,11243.8,11477.4,11063.0,11472.8,11472.8,0,investing
2026-05-07,11332.2,11404.4,11075.1,11161.0,11161.0,0,investing
2026-05-08,11408.0,11776.7,11388.4,11775.5,11775.5,0,investing
2026-05-11,11875.3,12108.7,11822.5,12081.0,12081.0,0,investing
2026-05-12,11741.5,11919.0,11263.6,11717.3,11717.3,0,investing
2026-05-13,11988.8,12106.6,11739.2,12018.0,12018.0,0,investing
2026-05-14,11950.1,12141.5,11892.4,12073.8,12073.8,0,investing
2026-05-15,11672.5,11810.7,11522.3,11588.5,11588.5,0,investing
2026-05-18,11825.9,11825.9,11097.8,11302.5,11302.5,0,investing
2026-05-19,11054.0,11514.0,10895.7,11305.5,11305.5,0,investing
2026-05-20,11580.1,11818.4,11528.1,11813.3,11813.3,0,investing
2026-05-21,11826.1,12003.0,11739.8,11964.1,11964.1,0,investing
2026-05-22,12070.2,12304.5,12069.0,12202.5,12202.5,0,investing
2026-05-26,12616.6,12932.8,12548.2,12876.9,12876.9,0,investing
2026-05-27,13029.8,13037.9,12452.4,12702.2,12702.2,0,investing
2026-05-28,12748.6,12961.2,12528.7,12829.1,12829.1,0,investing
2026-05-29,12973.8,13115.3,12737.2,12829.4,12829.4,0,investing
2026-06-01,12706.6,13088.0,12631.0,12965.6,12965.6,0,investing
2026-06-02,13242.7,13733.7,13202.2,13726.3,13726.3,0,investing
2026-06-03,13971.1,13998.1,13554.4,13917.0,13917.0,0,investing
2026-06-04,13243.7,13819.6,13041.3,13617.5,13617.5,0,investing
2026-06-05,13062.6,13111.4,12217.3,12220.8,12220.8,0,investing
2026-06-08,12838.9,13129.0,12676.7,12906.7,12906.7,0,investing
2026-06-09,13143.0,13264.1,11794.2,12657.8,12657.8,0,investing
2026-06-10,12501.8,12870.5,12157.7,12206.5,12206.5,0,investing
2026-06-11,12506.6,13194.3,12475.2,13171.4,13171.4,0,investing
2026-06-12,13053.9,13513.4,12986.1,13371.5,13371.5,0,investing
2026-06-15,13901.2,14134.6,13860.3,14099.6,14099.6,0,investing
2026-06-16,13968.3,14133.6,13291.8,13294.2,13294.2,0,investing
2026-06-17,13694.0,13965.6,13471.2,13477.1,13477.1,0,investing
2026-06-18,14084.8,14461.8,14062.3,14341.8,14341.8,0,investing
2026-06-22,14607.1,14655.3,14393.9,14634.7,14634.7,0,investing
2026-06-23,13586.3,13857.2,13374.4,13482.5,13482.5,0,investing
2026-06-24,13484.2,13597.4,13115.8,13458.2,13458.2,0,investing
2026-06-25,14156.4,14194.7,13379.9,13940.9,13940.9,0,investing
2026-06-26,13419.1,13519.6,13159.2,13203.6,13203.6,0,investing
2026-06-29,13242.0,13733.4,12782.5,13709.7,13709.7,0,investing
2026-06-30,13787.9,14332.8,13750.7,14247.0,14247.0,0,investing
2026-07-01,13718.1,13844.4,13322.6,13353.3,13353.3,0,investing
2026-07-02,13268.2,13526.7,12374.4,12626.2,12626.2,0,investing
2026-07-06,12914.5,13252.5,12890.6,12900.1,12900.1,0,investing
2026-07-07,12375.9,12417.5,11960.8,12300.5,12300.5,0,investing
2026-07-08,12277.3,12615.4,12215.2,12575.0,12575.0,0,investing
2026-07-09,13119.4,13249.1,12915.5,12960.0,12960.0,0,investing
2026-07-10,12779.2,13065.0,12656.9,12967.2,12967.2,0,investing
2026-07-13,12563.6,12646.8,12289.1,12347.8,12347.8,0,investing
2026-07-14,12837.4,12846.3,12489.5,12661.9,12661.9,0,investing
2026-07-15,12774.4,12785.4,12022.9,12398.9,12398.9,0,investing
2026-07-16,12115.0,12191.4,11769.0,11867.5,11867.5,0,investing
2026-07-17,11485.9,11939.4,11194.6,11673.9,11673.9,0,investing
2026-07-20,11952.7,12071.8,11718.2,11743.8,11743.8,0,investing
2026-07-21,12311.3,12404.1,12086.0,12356.2,12356.2,0,investing
2026-07-22,12123.3,12525.7,12113.9,12410.7,12410.7,0,investing
2026-07-23,12235.8,12480.9,12188.1,12343.8,12343.8,0,investing
2026-07-24,12131.3,12261.5,11711.4,11818.9,11818.9,0,investing
2026-07-27,11888.9,11949.5,11217.4,11554.9,11554.9,0,investing
2026-07-28,11150.0,11187.4,10799.8,11035.7,11035.7,0,investing
2026-07-29,11011.8701171875,11125.0498046875,10445.4404296875,10447.490234375,10447.490234375,0,yahoo
2026-07-30,11085.9599609375,11406.8203125,10963.8896484375,11302.990234375,11302.990234375,0,yahoo
2026-07-31,11715.4599609375,11885.740234375,11231.7900390625,11311.080078125,11311.080078125,0,yahoo
2026-08-03,11046.087890625,11495.2783203125,10922.30859375,11430.3515625,11430.3515625,0,yahoo
2026-08-04,11834.7724609375,12258.0791015625,11834.7724609375,12179.2626953125,12179.2626953125,0,yahoo
2026-08-05,12141.6904296875,12361.248046875,11979.935546875,12008.8828125,12008.8828125,0,yahoo
2026-08-06,11825.8603515625,12288.5634765625,11707.7763671875,12048.693359375,12048.693359375,0,yahoo
2026-08-07,12299.978515625,12425.7431640625,12082.625,12356.787109375,12356.787109375,0,yahoo
2026-08-10,12424.666015625,12432.9404296875,11992.9453125,11993.861328125,11993.861328125,0,yahoo
2026-08-11,12135.40625,12204.4580078125,12006.505859375,12098.4716796875,12098.4716796875,0,yahoo
2026-08-12,12518.9375,12531.7646484375,12386.3125,12399.3759765625,12399.3759765625,0,yahoo
2026-08-13,12413.966796875,12704.375,12398.814453125,12455.998046875,12455.998046875,0,yahoo
2026-08-14,12440.498046875,12495.1513671875,12269.4384765625,12417.0498046875,12417.0498046875,0,yahoo
2026-08-17,12615.7138671875,12770.7099609375,12548.7607421875,12621.0048828125,12621.0048828125,0,yahoo
2026-08-18,12166.1181640625,12228.0634765625,11828.4560546875,11992.462890625,11992.462890625,0,yahoo
