date,open,high,low,close,adj_close,volume,source
2010-03-01,15.55,15.87,15.55,15.84,15.84,220130.0,investing
2010-03-02,15.89,16.03,15.78,15.84,15.84,404080.0,investing
2010-03-03,15.91,16.01,15.69,15.76,15.76,236810.0,investing
2010-03-04,15.77,15.81,15.55,15.75,15.75,492660.0,investing
2010-03-05,15.85,16.01,15.75,15.92,15.92,344840.0,investing
2010-03-08,15.98,16.0,15.89,15.92,15.92,354500.0,investing
2010-03-09,15.84,16.0,15.79,15.87,15.87,714450.0,investing
2010-03-10,15.94,16.24,15.91,16.18,16.18,315370.0,investing
2010-03-11,16.14,16.14,15.93,16.08,16.08,664340.0,investing
2010-03-12,16.17,16.17,16.01,16.05,16.05,219050.0,investing
2010-03-15,15.99,15.99,15.77,15.88,15.88,181140.0,investing
2010-03-16,15.92,16.35,15.91,16.32,16.32,229710.0,investing
2010-03-17,16.37,16.66,16.37,16.58,16.58,358700.0,investing
2010-03-18,16.59,16.59,16.31,16.43,16.43,264270.0,investing
2010-03-19,16.48,16.48,16.1,16.2,16.2,284140.0,investing
2010-03-22,16.09,16.56,16.03,16.52,16.52,526770.0,investing
2010-03-23,16.59,16.87,16.57,16.85,16.85,424020.0,investing
2010-03-24,16.74,16.75,16.42,16.46,16.46,530190.0,investing
2010-03-25,16.63,16.74,16.44,16.45,16.45,498140.0,investing
2010-03-26,16.55,16.62,16.24,16.38,16.38,418030.0,investing
2010-03-29,16.46,16.57,16.44,16.49,16.49,459580.0,investing
2010-03-30,16.51,16.64,16.39,16.59,16.59,283510.0,investing
2010-03-31,16.51,16.67,16.44,16.47,16.47,250430.0,investing
2010-04-01,16.62,16.82,16.34,16.47,16.47,302090.0,investing
2010-04-05,16.59,16.96,16.57,16.94,16.94,331940.0,investing
2010-04-06,16.85,16.9,16.73,16.83,16.83,288370.0,investing
2010-04-07,16.79,17.02,16.68,16.9,16.9,157480.0,investing
2010-04-08,16.82,16.82,16.56,16.67,16.67,188290.0,investing
2010-04-09,16.68,16.85,16.66,16.85,16.85,81740.0,investing
2010-04-12,16.92,17.11,16.85,16.99,16.99,178340.0,investing
2010-04-13,17.0,17.17,16.97,17.15,17.15,165660.0,investing
2010-04-14,17.5,17.88,17.46,17.85,17.85,477870.0,investing
2010-04-15,17.85,18.0,17.79,17.93,17.93,255980.0,investing
2010-04-16,17.82,17.82,17.43,17.67,17.67,600030.0,investing
2010-04-19,17.6,17.67,17.16,17.51,17.51,642280.0,investing
2010-04-20,17.67,17.79,17.53,17.74,17.74,198520.0,investing
2010-04-21,17.85,17.89,17.28,17.51,17.51,196130.0,investing
2010-04-22,17.3,17.77,17.02,17.75,17.75,452800.0,investing
2010-04-23,17.78,17.78,17.48,17.76,17.76,266730.0,investing
2010-04-26,17.74,17.96,17.74,17.84,17.84,191050.0,investing
2010-04-27,17.71,17.81,17.22,17.27,17.27,402920.0,investing
2010-04-28,17.37,17.53,17.09,17.35,17.35,459530.0,investing
2010-04-29,17.43,17.57,17.28,17.57,17.57,384810.0,investing
2010-04-30,17.58,17.58,16.81,16.81,16.81,364470.0,investing
2010-05-03,16.91,17.24,16.88,17.16,17.16,1290000.0,investing
2010-05-04,16.89,16.9,16.3,16.5,16.5,671910.0,investing
2010-05-05,16.33,16.58,16.05,16.33,16.33,1180000.0,investing
2010-05-06,16.21,16.45,7.75,15.74,15.74,1380000.0,investing
2010-05-07,15.6,15.89,15.0,15.54,15.54,3520000.0,investing
2010-05-10,16.37,16.37,16.08,16.35,16.35,517910.0,investing
2010-05-11,16.23,16.53,16.01,16.26,16.26,851530.0,investing
2010-05-12,16.38,16.74,16.32,16.7,16.7,668020.0,investing
2010-05-13,16.63,16.78,16.23,16.31,16.31,664960.0,investing
2010-05-14,16.15,16.15,15.52,15.81,15.81,697990.0,investing
2010-05-17,15.81,16.04,15.52,16.02,16.02,853380.0,investing
2010-05-18,16.15,16.21,15.49,15.58,15.58,1390000.0,investing
2010-05-19,15.53,15.82,15.31,15.67,15.67,1430000.0,investing
2010-05-20,15.28,15.54,14.96,15.2,15.2,1050000.0,investing
2010-05-21,14.9,15.69,14.85,15.43,15.43,910430.0,investing
2010-05-24,15.42,15.56,15.2,15.2,15.2,765630.0,investing
2010-05-25,14.8,15.27,14.6,15.25,15.25,1070000.0,investing
2010-05-26,15.41,15.7,15.21,15.28,15.28,954350.0,investing
2010-05-27,15.53,15.96,15.53,15.96,15.96,1030000.0,investing
2010-05-28,15.9,15.94,15.52,15.71,15.71,560300.0,investing
2010-06-01,15.62,15.85,15.37,15.37,15.37,988430.0,investing
2010-06-02,15.45,15.87,15.38,15.87,15.87,120780.0,investing
2010-06-03,15.92,16.08,15.78,16.06,16.06,465060.0,investing
2010-06-04,15.73,15.92,15.28,15.34,15.34,268690.0,investing
2010-06-07,15.39,15.52,14.77,14.78,14.78,518170.0,investing
2010-06-08,14.8,14.84,14.39,14.78,14.78,301180.0,investing
2010-06-09,14.93,15.19,14.57,14.61,14.61,321590.0,investing
2010-06-10,14.84,15.13,14.84,15.12,15.12,252470.0,investing
2010-06-11,14.89,15.36,14.89,15.34,15.34,471260.0,investing
2010-06-14,15.58,15.69,15.37,15.38,15.38,485290.0,investing
2010-06-15,15.47,16.19,15.47,16.14,16.14,401640.0,investing
2010-06-16,16.0,16.31,15.9,16.2,16.2,349030.0,investing
2010-06-17,16.27,16.34,15.96,16.22,16.22,140180.0,investing
2010-06-18,16.27,16.35,16.13,16.19,16.19,159200.0,investing
2010-06-21,16.33,16.4,15.89,15.99,15.99,422420.0,investing
2010-06-22,16.02,16.24,15.67,15.68,15.68,324890.0,investing
2010-06-23,15.74,15.94,15.48,15.74,15.74,353950.0,investing
2010-06-24,15.67,15.67,15.28,15.33,15.33,404280.0,investing
2010-06-25,15.41,15.43,15.1,15.37,15.37,241310.0,investing
2010-06-28,15.35,15.63,15.27,15.48,15.48,887450.0,investing
2010-06-29,15.16,15.16,14.73,14.82,14.82,576210.0,investing
2010-06-30,14.85,14.99,14.53,14.57,14.57,321350.0,investing
2010-07-01,14.54,14.7,14.17,14.54,14.54,753820.0,investing
2010-07-02,14.55,14.6,14.29,14.47,14.47,434970.0,investing
2010-07-06,14.66,14.8,14.31,14.43,14.43,223640.0,investing
2010-07-07,14.45,15.21,14.45,15.19,15.19,165440.0,investing
2010-07-08,15.37,15.37,14.93,15.18,15.18,405300.0,investing
2010-07-09,15.12,15.39,15.12,15.39,15.39,293770.0,investing
2010-07-12,15.31,15.58,15.31,15.49,15.49,762730.0,investing
2010-07-13,15.67,15.91,15.59,15.83,15.83,301880.0,investing
2010-07-14,16.04,16.15,15.73,15.81,15.81,656710.0,investing
2010-07-15,15.83,15.83,15.5,15.78,15.78,255540.0,investing
2010-07-16,15.64,15.7,15.32,15.32,15.32,166310.0,investing
2010-07-19,15.37,15.74,15.37,15.73,15.73,237470.0,investing
2010-07-20,15.27,15.73,15.15,15.71,15.71,501260.0,investing
2010-07-21,15.73,15.73,15.35,15.39,15.39,417250.0,investing
2010-07-22,15.51,15.96,15.51,15.91,15.91,169910.0,investing
2010-07-23,15.84,16.06,15.7,16.03,16.03,292920.0,investing
2010-07-26,16.01,16.29,15.87,16.29,16.29,221540.0,investing
2010-07-27,16.34,16.36,16.12,16.15,16.15,316610.0,investing
2010-07-28,16.11,16.21,15.8,15.88,15.88,336010.0,investing
2010-07-29,15.97,15.97,15.33,15.49,15.49,351450.0,investing
2010-07-30,15.24,15.43,15.09,15.33,15.33,263460.0,investing
2010-08-02,15.51,15.65,15.37,15.56,15.56,1020000.0,investing
2010-08-03,15.48,15.49,15.33,15.42,15.42,170460.0,investing
2010-08-04,15.47,15.58,15.3,15.57,15.57,767060.0,investing
2010-08-05,15.49,15.64,15.43,15.53,15.53,164320.0,investing
2010-08-06,15.35,15.62,15.33,15.53,15.53,662420.0,investing
2010-08-09,15.68,15.69,15.45,15.63,15.63,136330.0,investing
2010-08-10,15.47,15.47,15.11,15.25,15.25,798520.0,investing
2010-08-11,14.93,14.93,14.56,14.65,14.65,641890.0,investing
2010-08-12,14.35,14.52,14.19,14.43,14.43,688670.0,investing
2010-08-13,14.38,14.58,14.32,14.33,14.33,187980.0,investing
2010-08-16,14.27,14.49,14.18,14.37,14.37,225550.0,investing
2010-08-17,14.49,14.71,14.44,14.57,14.57,173990.0,investing
2010-08-18,14.59,14.82,14.52,14.74,14.74,988810.0,investing
2010-08-19,14.66,14.77,14.45,14.53,14.53,316950.0,investing
2010-08-20,14.48,14.65,14.41,14.53,14.53,357500.0,investing
2010-08-23,14.59,14.68,14.36,14.38,14.38,438180.0,investing
2010-08-24,14.19,14.3,14.0,14.16,14.16,458740.0,investing
2010-08-25,14.03,14.3,13.91,14.27,14.27,161810.0,investing
2010-08-26,14.34,14.35,14.0,14.06,14.06,212110.0,investing
2010-08-27,14.16,14.4,13.77,14.37,14.37,551180.0,investing
2010-08-30,14.3,14.3,13.98,13.98,13.98,510520.0,investing
2010-08-31,13.9,14.06,13.65,13.72,13.72,563820.0,investing
2010-09-01,13.94,14.26,13.94,14.12,14.12,245100.0,investing
2010-09-02,14.13,14.42,14.13,14.4,14.4,200950.0,investing
2010-09-03,14.61,14.74,14.41,14.68,14.68,133720.0,investing
2010-09-07,14.58,14.63,14.31,14.34,14.34,73450.0,investing
2010-09-08,14.36,14.36,14.14,14.27,14.27,98940.0,investing
2010-09-09,14.43,14.47,14.27,14.3,14.3,1470000.0,investing
2010-09-10,14.29,14.32,13.92,14.12,14.12,294090.0,investing
2010-09-13,14.26,14.6,14.24,14.57,14.57,401840.0,investing
2010-09-14,14.56,14.92,14.42,14.84,14.84,945020.0,investing
2010-09-15,14.76,14.85,14.61,14.82,14.82,255790.0,investing
2010-09-16,14.79,14.97,14.71,14.94,14.94,1180000.0,investing
2010-09-17,15.04,15.04,14.88,14.95,14.95,668790.0,investing
2010-09-20,15.01,15.11,14.84,15.08,15.08,1080000.0,investing
2010-09-21,15.08,15.23,15.01,15.11,15.11,802150.0,investing
2010-09-22,15.0,15.08,14.78,14.87,14.87,261910.00000000003,investing
2010-09-23,14.74,15.23,14.67,14.96,14.96,550430.0,investing
2010-09-24,15.17,15.63,15.17,15.63,15.63,770470.0,investing
2010-09-27,15.59,15.67,15.47,15.55,15.55,1870000.0,investing
2010-09-28,15.62,15.86,15.39,15.82,15.82,688210.0,investing
2010-09-29,15.73,16.0,15.73,15.86,15.86,835610.0,investing
2010-09-30,15.94,16.05,15.61,15.77,15.77,3000000.0,investing
2010-10-01,15.87,15.92,15.6,15.75,15.75,338730.0,investing
2010-10-04,15.66,15.73,15.36,15.54,15.54,577510.0,investing
2010-10-05,15.69,15.97,15.66,15.93,15.93,2150000.0,investing
2010-10-06,15.89,15.9,15.56,15.69,15.69,664660.0,investing
2010-10-07,15.76,15.8,15.57,15.75,15.75,1090000.0,investing
2010-10-08,15.75,15.93,15.53,15.9,15.9,1110000.0,investing
2010-10-11,15.89,16.14,15.89,16.02,16.02,1360000.0,investing
2010-10-12,15.97,16.19,15.86,16.14,16.14,937360.0,investing
2010-10-13,16.19,16.19,15.96,16.11,16.11,944160.0,investing
2010-10-14,16.07,16.24,15.99,16.07,16.07,708590.0,investing
2010-10-15,15.03,16.3,15.02,16.13,16.13,822490.0,investing
2010-10-18,16.05,16.1,15.9,16.02,16.02,1510000.0,investing
2010-10-19,15.79,16.08,15.64,15.8,15.8,771290.0,investing
2010-10-20,15.84,15.97,15.7,15.91,15.91,1120000.0,investing
2010-10-21,15.91,15.93,15.68,15.81,15.81,1240000.0,investing
2010-10-22,15.82,16.16,15.82,16.12,16.12,936020.0,investing
2010-10-25,16.22,16.41,16.22,16.31,16.31,969240.0,investing
2010-10-26,16.22,16.31,16.08,16.24,16.24,749650.0,investing
2010-10-27,16.26,16.76,16.26,16.75,16.75,2360000.0,investing
2010-10-28,16.77,16.79,16.55,16.76,16.76,3500000.0,investing
2010-10-29,16.71,16.9,16.71,16.86,16.86,561880.0,investing
2010-11-01,16.97,16.97,16.67,16.81,16.81,750710.0,investing
2010-11-02,16.91,17.0,16.82,16.92,16.92,1860000.0,investing
2010-11-03,16.95,17.1,16.84,17.09,17.09,413260.0,investing
2010-11-04,17.31,17.64,17.31,17.63,17.63,448090.0,investing
2010-11-05,17.61,17.82,17.6,17.74,17.74,446410.0,investing
2010-11-08,17.7,17.87,17.66,17.74,17.74,847460.0,investing
2010-11-09,17.76,17.76,17.47,17.55,17.55,225650.0,investing
2010-11-10,17.53,17.55,17.31,17.53,17.53,1400000.0,investing
2010-11-11,17.04,17.37,16.89,17.34,17.34,483620.0,investing
2010-11-12,17.27,17.59,17.14,17.33,17.33,1610000.0,investing
2010-11-15,17.43,17.48,17.19,17.2,17.2,172790.0,investing
2010-11-16,17.08,17.21,16.86,16.95,16.95,916320.0,investing
2010-11-17,16.88,17.12,16.88,16.94,16.94,175360.0,investing
2010-11-18,17.11,17.31,17.11,17.25,17.25,305310.0,investing
2010-11-19,17.21,17.57,17.21,17.51,17.51,194820.0,investing
2010-11-22,17.51,17.74,17.48,17.74,17.74,343670.0,investing
2010-11-23,17.55,17.69,17.52,17.61,17.61,689610.0,investing
2010-11-24,17.72,18.08,17.72,18.05,18.05,524510.0,investing
2010-11-26,17.96,18.05,17.9,17.94,17.94,165970.0,investing
2010-11-29,17.84,17.94,17.69,17.91,17.91,420970.0,investing
2010-11-30,17.73,17.78,17.64,17.68,17.68,1420000.0,investing
2010-12-01,17.97,18.28,17.97,18.22,18.22,473920.0,investing
2010-12-02,18.31,18.6,18.31,18.58,18.58,695240.0,investing
2010-12-03,18.45,18.72,18.45,18.67,18.67,656430.0,investing
2010-12-06,18.71,18.71,18.52,18.66,18.66,703070.0,investing
2010-12-07,18.84,18.93,18.64,18.64,18.64,292380.0,investing
2010-12-08,18.62,18.83,18.6,18.8,18.8,219000.0,investing
2010-12-09,18.91,18.92,18.79,18.86,18.86,100150.0,investing
2010-12-10,18.89,18.93,18.8,18.86,18.86,57530.0,investing
2010-12-13,18.97,18.98,18.72,18.73,18.73,682380.0,investing
2010-12-14,18.77,18.78,18.55,18.61,18.61,365270.0,investing
2010-12-15,18.55,18.65,18.38,18.41,18.41,203450.0,investing
2010-12-16,18.42,18.58,18.41,18.51,18.51,1240000.0,investing
2010-12-17,18.54,18.68,18.54,18.63,18.63,485570.0,investing
2010-12-20,18.6,18.6,18.4,18.47,18.47,177500.0,investing
2010-12-21,18.55,18.65,18.55,18.59,18.59,117550.0,investing
2010-12-22,18.51,18.61,18.41,18.61,18.61,1720000.0,investing
2010-12-23,18.59,18.6,18.51,18.56,18.56,251780.0,investing
2010-12-27,18.52,18.6,18.33,18.58,18.58,149880.0,investing
2010-12-28,18.62,18.62,18.43,18.5,18.5,121080.0,investing
2010-12-29,18.57,18.57,18.48,18.51,18.51,53190.0,investing
2010-12-30,18.49,18.6,18.49,18.56,18.56,125600.0,investing
2010-12-31,18.48,18.57,18.45,18.57,18.57,53750.0,investing
2011-01-03,18.66,18.89,18.62,18.67,18.67,343520.0,investing
2011-01-04,18.76,18.84,18.53,18.71,18.71,273980.0,investing
2011-01-05,18.6,18.79,18.56,18.77,18.77,137750.0,investing
2011-01-06,18.88,19.14,18.84,19.11,19.11,978560.0,investing
2011-01-07,19.16,19.25,18.86,19.16,19.16,4040000.0,investing
2011-01-10,19.11,19.4,19.08,19.37,19.37,768860.0,investing
2011-01-11,19.48,19.48,19.32,19.42,19.42,132470.0,investing
2011-01-12,19.55,19.81,19.44,19.8,19.8,459140.0,investing
2011-01-13,19.82,19.88,19.7,19.81,19.81,687940.0,investing
2011-01-14,19.87,20.34,19.87,20.34,20.34,1650000.0,investing
2011-01-18,20.26,20.34,20.16,20.28,20.28,741840.0,investing
2011-01-19,20.1,20.12,19.74,19.79,19.79,2770000.0,investing
2011-01-20,19.63,19.63,19.31,19.59,19.59,1370000.0,investing
2011-01-21,19.74,19.77,19.41,19.45,19.45,276110.0,investing
2011-01-24,19.52,19.91,19.5,19.9,19.9,1880000.0,investing
2011-01-25,19.85,19.88,19.63,19.76,19.76,382070.0,investing
2011-01-26,19.84,19.98,19.72,19.92,19.92,422370.0,investing
2011-01-27,20.06,20.36,20.06,20.31,20.31,294190.0,investing
2011-01-28,20.36,20.4,19.65,19.75,19.75,464140.0,investing
2011-01-31,19.76,19.92,19.39,19.83,19.83,179320.0,investing
2011-02-01,20.01,20.42,20.01,20.32,20.32,1030000.0,investing
2011-02-02,20.25,20.52,20.21,20.43,20.43,446290.0,investing
2011-02-03,20.47,20.49,20.26,20.45,20.45,414510.0,investing
2011-02-04,20.51,20.88,20.49,20.88,20.88,1150000.0,investing
2011-02-07,20.94,21.0,20.72,20.79,20.79,509030.0,investing
2011-02-08,20.79,20.8,20.62,20.79,20.79,297190.0,investing
2011-02-09,20.71,20.78,20.57,20.65,20.65,135350.0,investing
2011-02-10,20.41,20.71,20.34,20.67,20.67,1100000.0,investing
2011-02-11,20.56,20.91,20.53,20.84,20.84,267150.0,investing
2011-02-14,20.87,21.17,20.87,21.01,21.01,210310.0,investing
2011-02-15,20.98,20.98,20.72,20.8,20.8,219670.0,investing
2011-02-16,20.96,21.08,20.89,21.01,21.01,264630.0,investing
2011-02-17,20.93,21.38,20.93,21.33,21.33,621880.0,investing
2011-02-18,21.36,21.4,21.18,21.28,21.28,243120.0,investing
2011-02-22,20.87,20.92,20.38,20.45,20.45,488570.0,investing
2011-02-23,20.49,20.49,19.78,20.05,20.05,405530.0,investing
2011-02-24,20.05,20.42,20.03,20.37,20.37,459880.0,investing
2011-02-25,20.63,20.92,20.6,20.89,20.89,1690000.0,investing
2011-02-28,20.97,21.03,20.48,20.69,20.69,253760.0,investing
2011-03-01,20.73,20.77,20.27,20.29,20.29,844530.0,investing
2011-03-02,20.27,20.81,20.27,20.55,20.55,3920000.0,investing
2011-03-03,20.76,21.03,20.76,20.94,20.94,592130.0,investing
2011-03-04,20.92,20.92,20.61,20.77,20.77,4840000.0,investing
2011-03-07,20.84,20.84,19.97,20.2,20.2,867200.0,investing
2011-03-08,20.18,20.39,19.99,20.22,20.22,1840000.0,investing
2011-03-09,20.12,20.12,19.57,19.59,19.59,1840000.0,investing
2011-03-10,19.31,19.39,19.08,19.1,19.1,1760000.0,investing
2011-03-11,18.97,19.34,18.97,19.31,19.31,626580.0,investing
2011-03-14,19.22,19.51,19.14,19.27,19.27,4030000.000000001,investing
2011-03-15,18.66,19.15,18.44,19.02,19.02,1570000.0,investing
2011-03-16,18.91,19.23,18.48,18.62,18.62,6730000.0,investing
2011-03-17,18.97,19.07,18.77,18.84,18.84,4530000.0,investing
2011-03-18,19.13,19.15,18.84,18.92,18.92,1270000.0,investing
2011-03-21,19.19,19.37,19.14,19.26,19.26,754230.0,investing
2011-03-22,19.25,19.25,19.05,19.08,19.08,689610.0,investing
2011-03-23,19.01,19.29,18.89,19.26,19.26,1660000.0,investing
2011-03-24,19.44,19.77,19.4,19.73,19.73,905000.0,investing
2011-03-25,19.77,19.86,19.64,19.66,19.66,1090000.0,investing
2011-03-28,19.78,19.84,19.65,19.66,19.66,1280000.0,investing
2011-03-29,19.66,19.86,19.48,19.86,19.86,633900.0,investing
2011-03-30,20.06,20.06,19.72,19.88,19.88,238460.0,investing
2011-03-31,19.85,19.91,19.64,19.7,19.7,183430.0,investing
2011-04-01,19.81,19.81,19.42,19.48,19.48,555160.0,investing
2011-04-04,19.55,19.55,19.2,19.31,19.31,677660.0,investing
2011-04-05,19.64,19.9,19.61,19.74,19.74,814440.0,investing
2011-04-06,19.94,20.07,19.86,20.04,20.04,268890.0,investing
2011-04-07,20.06,20.06,19.77,19.98,19.98,2370000.0,investing
2011-04-08,20.07,20.12,19.71,19.81,19.81,289250.0,investing
2011-04-11,19.81,19.84,19.57,19.64,19.64,371190.0,investing
2011-04-12,19.51,19.51,19.12,19.23,19.23,692660.0,investing
2011-04-13,19.34,19.4,19.16,19.27,19.27,1280000.0,investing
2011-04-14,19.12,19.31,19.01,19.3,19.3,337360.0,investing
2011-04-15,19.25,19.47,19.15,19.4,19.4,558560.0,investing
2011-04-18,19.17,19.17,18.92,19.06,19.06,352740.0,investing
2011-04-19,19.03,19.16,18.99,19.14,19.14,242360.0,investing
2011-04-20,19.68,19.97,19.67,19.95,19.95,838760.0,investing
2011-04-21,20.11,20.11,19.87,19.97,19.97,204800.0,investing
2011-04-25,19.98,20.06,19.91,19.98,19.98,527360.0,investing
2011-04-26,20.0,20.34,20.0,20.31,20.31,282590.0,investing
2011-04-27,20.17,20.33,20.07,20.29,20.29,230820.0,investing
2011-04-28,20.24,20.3,20.06,20.19,20.19,136290.0,investing
2011-04-29,20.16,20.29,20.16,20.26,20.26,127960.0,investing
2011-05-02,20.33,20.33,20.03,20.08,20.08,228660.0,investing
2011-05-03,19.98,20.03,19.69,19.83,19.83,347030.0,investing
2011-05-04,19.91,19.99,19.59,19.82,19.82,794470.0,investing
2011-05-05,19.72,20.07,19.69,19.88,19.88,258270.0,investing
2011-05-06,20.12,20.24,19.95,20.03,20.03,282690.0,investing
2011-05-09,20.05,20.05,19.83,19.95,19.95,516940.00000000006,investing
2011-05-10,19.99,20.11,19.96,20.05,20.05,146810.0,investing
2011-05-11,20.1,20.14,19.78,19.9,19.9,200380.0,investing
2011-05-12,19.81,20.24,19.79,20.16,20.16,341640.0,investing
2011-05-13,20.13,20.19,19.9,19.91,19.91,130670.0,investing
2011-05-16,19.84,20.04,19.6,19.63,19.63,735970.0,investing
2011-05-17,19.53,19.54,19.2,19.39,19.39,1130000.0,investing
2011-05-18,19.4,19.79,19.4,19.74,19.74,151080.0,investing
2011-05-19,19.7,19.7,19.41,19.58,19.58,602760.0,investing
2011-05-20,19.58,19.64,19.43,19.54,19.54,322650.0,investing
2011-05-23,19.3,19.3,19.12,19.14,19.14,274200.0,investing
2011-05-24,19.23,19.24,18.97,18.97,18.97,1470000.0,investing
2011-05-25,18.9,19.21,18.89,19.14,19.14,872280.0,investing
2011-05-26,19.12,19.35,19.06,19.32,19.32,372770.0,investing
2011-05-27,19.46,19.63,19.46,19.55,19.55,1220000.0,investing
2011-05-31,19.76,19.87,19.67,19.85,19.85,696460.0,investing
2011-06-01,19.83,19.83,19.25,19.27,19.27,756860.0,investing
2011-06-02,19.32,19.45,19.17,19.25,19.25,489820.0,investing
2011-06-03,19.02,19.19,18.89,18.91,18.91,531640.0,investing
2011-06-06,18.87,18.96,18.75,18.77,18.77,1010000.0,investing
2011-06-07,18.88,19.05,18.85,18.85,18.85,891710.0,investing
2011-06-08,18.76,18.76,18.42,18.48,18.48,778600.0,investing
2011-06-09,18.49,18.61,18.4,18.5,18.5,1510000.0,investing
2011-06-10,18.42,18.43,18.07,18.2,18.2,408130.0,investing
2011-06-13,18.23,18.3,17.97,18.04,18.04,450230.0,investing
2011-06-14,18.32,18.47,18.3,18.36,18.36,871710.0,investing
2011-06-15,18.19,18.3,17.99,18.02,18.02,468450.0,investing
2011-06-16,18.0,18.04,17.66,17.81,17.81,580420.0,investing
2011-06-17,17.99,17.99,17.49,17.55,17.55,938950.0,investing
2011-06-20,17.49,17.64,17.48,17.57,17.57,1500000.0,investing
2011-06-21,17.69,18.04,17.57,17.99,17.99,1040000.0,investing
2011-06-22,17.95,18.1,17.87,17.92,17.92,590390.0,investing
2011-06-23,17.71,18.16,17.58,18.14,18.14,533370.0,investing
2011-06-24,18.1,18.1,17.67,17.72,17.72,346860.0,investing
2011-06-27,17.76,17.89,17.56,17.81,17.81,253500.0,investing
2011-06-28,17.86,18.06,17.85,18.05,18.05,272560.0,investing
2011-06-29,18.11,18.17,17.94,18.08,18.08,470650.0,investing
2011-06-30,18.11,18.56,18.11,18.5,18.5,378840.0,investing
2011-07-01,18.51,18.94,18.48,18.9,18.9,305650.0,investing
2011-07-05,18.9,18.94,18.66,18.75,18.75,503150.0,investing
2011-07-06,18.64,18.65,18.44,18.6,18.6,870770.0,investing
2011-07-07,18.76,19.06,18.72,18.95,18.95,512900.0,investing
2011-07-08,18.75,18.75,18.5,18.69,18.69,508280.0,investing
2011-07-11,18.48,18.7,18.3,18.37,18.37,352860.0,investing
2011-07-12,18.2,18.2,17.74,17.84,17.84,861620.0,investing
2011-07-13,17.93,18.05,17.7,17.78,17.78,1170000.0,investing
2011-07-14,17.8,18.0,17.48,17.52,17.52,502900.0,investing
2011-07-15,17.63,17.63,17.38,17.59,17.59,603120.0,investing
2011-07-18,17.5,17.58,17.21,17.38,17.38,967230.0,investing
2011-07-19,17.54,17.96,17.54,17.92,17.92,1460000.0,investing
2011-07-20,17.98,18.03,17.75,17.85,17.85,1190000.0,investing
2011-07-21,17.82,18.05,17.57,17.98,17.98,890120.0,investing
2011-07-22,18.06,18.48,18.06,18.42,18.42,542080.0,investing
2011-07-25,18.23,18.3,18.12,18.2,18.2,523190.00000000006,investing
2011-07-26,18.29,18.55,18.29,18.33,18.33,767620.0,investing
2011-07-27,18.16,18.16,17.63,17.67,17.67,1830000.0,investing
2011-07-28,17.66,17.91,17.45,17.64,17.64,579420.0,investing
2011-07-29,17.37,17.64,17.24,17.49,17.49,453710.0,investing
2011-08-01,17.73,17.8,17.23,17.47,17.47,960520.0,investing
2011-08-02,17.34,17.43,16.93,16.96,16.96,1720000.0,investing
2011-08-03,16.95,17.17,16.6,17.16,17.16,977890.0,investing
2011-08-04,16.9,16.93,16.15,16.17,16.17,2030000.0,investing
2011-08-05,16.3,16.53,15.37,15.85,15.85,4280000.0,investing
2011-08-08,15.39,15.6,14.91,15.0,15.0,3100000.0,investing
2011-08-09,15.22,15.7,14.78,15.67,15.67,1930000.0,investing
2011-08-10,15.31,15.85,15.15,15.37,15.37,2520000.0,investing
2011-08-11,15.59,16.33,15.54,16.13,16.13,1650000.0,investing
2011-08-12,16.38,16.41,15.97,16.06,16.06,1020000.0,investing
2011-08-15,16.14,16.38,16.11,16.37,16.37,726680.0,investing
2011-08-16,16.25,16.35,15.87,16.08,16.08,841020.0,investing
2011-08-17,16.02,16.32,15.82,15.97,15.97,627390.0,investing
2011-08-18,15.53,15.53,14.93,15.05,15.05,2020000.0,investing
2011-08-19,14.89,15.36,14.72,14.77,14.77,1560000.0,investing
2011-08-22,15.06,15.18,14.78,14.86,14.86,982590.0,investing
2011-08-23,14.94,15.65,14.92,15.63,15.63,1770000.0,investing
2011-08-24,15.64,15.78,15.33,15.64,15.64,1240000.0,investing
2011-08-25,15.53,15.73,15.19,15.23,15.23,768290.0,investing
2011-08-26,15.23,15.71,15.01,15.65,15.65,600060.0,investing
2011-08-29,15.88,16.22,15.86,16.2,16.2,412340.0,investing
2011-08-30,16.1,16.31,16.01,16.2,16.2,287820.0,investing
2011-08-31,16.3,16.46,15.99,16.11,16.11,510260.0,investing
2011-09-01,16.11,16.32,15.82,15.85,15.85,735050.0,investing
2011-09-02,15.58,15.62,15.38,15.47,15.47,600040.0,investing
2011-09-06,14.95,15.38,14.95,15.37,15.37,948030.0,investing
2011-09-07,15.63,16.04,15.63,16.02,16.02,2770000.0,investing
2011-09-08,15.92,16.33,15.87,15.95,15.95,474470.0,investing
2011-09-09,15.87,16.19,15.68,15.78,15.78,1070000.0,investing
2011-09-12,15.6,16.26,15.6,16.24,16.24,4080000.0,investing
2011-09-13,16.36,16.62,16.23,16.56,16.56,1590000.0,investing
2011-09-14,16.71,17.18,16.6,16.99,16.99,2480000.0,investing
2011-09-15,17.24,17.29,17.03,17.26,17.26,1670000.0,investing
2011-09-16,16.95,17.46,16.95,17.28,17.28,2790000.0,investing
2011-09-19,16.97,17.19,16.81,17.1,17.1,1190000.0,investing
2011-09-20,17.17,17.22,16.86,16.88,16.88,1480000.0,investing
2011-09-21,16.94,17.07,16.54,16.54,16.54,1730000.0,investing
2011-09-22,16.07,16.12,15.7,15.98,15.98,3060000.0,investing
2011-09-23,15.87,16.36,15.78,16.27,16.27,2550000.0,investing
2011-09-26,16.37,16.37,15.85,16.22,16.22,1650000.0,investing
2011-09-27,16.53,16.85,16.43,16.52,16.52,1400000.0,investing
2011-09-28,16.54,16.6,16.04,16.06,16.06,1130000.0,investing
2011-09-29,16.29,16.31,15.53,15.85,15.85,1040000.0,investing
2011-09-30,15.6,15.73,15.3,15.31,15.31,1600000.0,investing
2011-10-03,15.19,15.36,14.73,14.74,14.74,1120000.0,investing
2011-10-04,14.52,15.36,14.51,15.33,15.33,3470000.0,investing
2011-10-05,15.33,15.87,15.14,15.81,15.81,1380000.0,investing
2011-10-06,15.81,16.03,15.63,16.01,16.01,575470.0,investing
2011-10-07,16.06,16.29,15.94,16.08,16.08,871320.0,investing
2011-10-10,16.33,16.63,16.33,16.53,16.53,897050.0,investing
2011-10-11,16.5,16.58,16.4,16.52,16.52,543820.0,investing
2011-10-12,16.69,16.82,16.63,16.64,16.64,562850.0,investing
2011-10-13,16.56,17.04,16.56,16.98,16.98,729530.0,investing
2011-10-14,17.17,17.2,16.89,17.17,17.17,1630000.0,investing
2011-10-17,17.1,17.1,16.66,16.72,16.72,1390000.0,investing
2011-10-18,16.74,17.12,16.53,17.06,17.06,507060.0,investing
2011-10-19,16.97,17.03,16.68,16.72,16.72,1260000.0,investing
2011-10-20,16.63,16.63,16.11,16.43,16.43,598540.0,investing
2011-10-21,16.66,17.01,16.66,16.78,16.78,1670000.0,investing
2011-10-24,16.82,17.37,16.82,17.34,17.34,631290.0,investing
2011-10-25,17.18,17.35,17.01,17.05,17.05,618180.0,investing
2011-10-26,17.16,17.3,16.77,17.11,17.11,610420.0,investing
2011-10-27,17.64,17.96,17.5,17.83,17.83,916960.0,investing
2011-10-28,17.84,17.9,17.72,17.9,17.9,359500.0,investing
2011-10-31,17.66,17.72,17.44,17.47,17.47,457810.0,investing
2011-11-01,16.95,17.08,16.78,16.91,16.91,988050.0,investing
2011-11-02,17.04,17.13,16.84,16.97,16.97,591030.0,investing
2011-11-03,17.14,17.51,16.81,17.48,17.48,574070.0,investing
2011-11-04,17.38,17.75,17.35,17.68,17.68,432300.0,investing
2011-11-07,17.64,17.7,17.37,17.67,17.67,435080.0,investing
2011-11-08,17.8,17.84,17.48,17.75,17.75,302600.0,investing
2011-11-09,17.37,17.37,16.92,16.97,16.97,586510.0,investing
2011-11-10,17.16,17.21,16.84,17.08,17.08,482590.0,investing
2011-11-11,17.32,17.76,17.31,17.68,17.68,389110.0,investing
2011-11-14,17.66,17.77,17.38,17.49,17.49,661930.0,investing
2011-11-15,17.39,17.81,17.39,17.71,17.71,674300.0,investing
2011-11-16,17.57,17.91,17.57,17.65,17.65,912710.0,investing
2011-11-17,17.58,17.58,16.75,16.96,16.96,721370.0,investing
2011-11-18,17.01,17.03,16.71,16.8,16.8,333000.0,investing
2011-11-21,16.53,16.57,16.24,16.49,16.49,538570.0,investing
2011-11-22,16.42,16.54,16.18,16.28,16.28,1080000.0,investing
2011-11-23,16.09,16.11,15.75,15.77,15.77,580760.0,investing
2011-11-25,15.68,15.89,15.57,15.57,15.57,118040.0,investing
2011-11-28,16.09,16.18,15.92,16.05,16.05,726930.0,investing
2011-11-29,16.12,16.2,15.91,15.95,15.95,495530.0,investing
2011-11-30,16.41,16.89,16.41,16.84,16.84,696470.0,investing
2011-12-01,16.84,17.02,16.76,16.96,16.96,436770.0,investing
2011-12-02,17.2,17.24,16.94,16.96,16.96,602060.0,investing
2011-12-05,17.14,17.29,17.03,17.1,17.1,240800.0,investing
2011-12-06,17.13,17.15,16.96,17.06,17.06,277570.0,investing
2011-12-07,16.98,17.32,16.88,17.28,17.28,396250.0,investing
2011-12-08,17.15,17.3,16.76,16.77,16.77,162890.0,investing
2011-12-09,16.6,17.07,16.51,17.0,17.0,426630.0,investing
2011-12-12,16.73,16.73,16.33,16.54,16.54,653630.0,investing
2011-12-13,16.68,16.71,16.08,16.15,16.15,1080000.0,investing
2011-12-14,16.15,16.19,15.85,15.9,15.9,1390000.0,investing
2011-12-15,16.14,16.21,15.8,15.86,15.86,438560.0,investing
2011-12-16,15.99,16.21,15.93,16.01,16.01,907760.0,investing
2011-12-19,16.02,16.05,15.54,15.55,15.55,1340000.0,investing
2011-12-20,15.97,16.29,15.97,16.24,16.24,1980000.0,investing
2011-12-21,16.27,16.27,15.85,16.07,16.07,295980.0,investing
2011-12-22,16.09,16.63,16.09,16.58,16.58,1200000.0,investing
2011-12-23,16.61,16.67,16.51,16.65,16.65,134040.0,investing
2011-12-27,16.61,16.77,16.57,16.63,16.63,983650.0,investing
2011-12-28,16.65,16.65,16.37,16.38,16.38,214820.0,investing
2011-12-29,16.46,16.55,16.37,16.53,16.53,275650.0,investing
2011-12-30,16.49,16.6,16.47,16.47,16.47,440250.0,investing
2012-01-03,16.84,16.94,16.65,16.67,16.67,371220.0,investing
2012-01-04,16.6,16.71,16.47,16.67,16.67,1190000.0,investing
2012-01-05,16.62,16.93,16.61,16.9,16.9,1150000.0,investing
2012-01-06,16.89,16.98,16.79,16.94,16.94,304840.0,investing
2012-01-09,17.04,17.32,17.02,17.29,17.29,1070000.0,investing
2012-01-10,17.51,17.55,17.39,17.46,17.46,700360.0,investing
2012-01-11,17.39,17.57,17.34,17.52,17.52,1200000.0,investing
2012-01-12,17.58,17.74,17.47,17.71,17.71,361470.0,investing
2012-01-13,17.54,17.55,17.3,17.35,17.35,1170000.0,investing
2012-01-17,17.51,17.59,17.39,17.4,17.4,202930.0,investing
2012-01-18,17.59,18.32,17.59,18.28,18.28,1420000.0,investing
2012-01-19,18.45,18.66,18.41,18.64,18.64,1750000.0,investing
2012-01-20,18.56,18.75,18.54,18.73,18.73,4800000.0,investing
2012-01-23,18.72,18.8,18.54,18.67,18.67,4480000.0,investing
2012-01-24,18.61,18.8,18.54,18.74,18.74,1460000.0,investing
2012-01-25,18.79,18.86,18.53,18.82,18.82,1190000.0,investing
2012-01-26,18.89,18.98,18.52,18.62,18.62,777600.0,investing
2012-01-27,18.57,18.75,18.51,18.68,18.68,414030.0,investing
2012-01-30,18.56,18.56,18.28,18.49,18.49,944670.0,investing
2012-01-31,18.62,18.67,18.37,18.5,18.5,326180.0,investing
2012-02-01,18.75,19.05,18.68,18.92,18.92,1960000.0,investing
2012-02-02,18.98,19.15,18.92,19.02,19.02,1210000.0,investing
2012-02-03,19.26,19.4,19.18,19.32,19.32,832060.0,investing
2012-02-06,19.26,19.26,18.99,19.1,19.1,448480.0,investing
2012-02-07,19.03,19.16,18.89,19.11,19.11,1610000.0,investing
2012-02-08,19.14,19.48,19.14,19.34,19.34,696950.0,investing
2012-02-09,19.42,19.45,19.25,19.4,19.4,412000.0,investing
2012-02-10,19.18,19.25,18.94,19.02,19.02,460610.0,investing
2012-02-13,19.15,19.22,18.83,19.08,19.08,158090.0,investing
2012-02-14,19.03,19.15,18.98,19.15,19.15,1030000.0,investing
2012-02-15,19.3,19.47,19.23,19.25,19.25,786790.0,investing
2012-02-16,19.3,19.76,19.22,19.73,19.73,773990.0,investing
2012-02-17,19.84,19.88,19.54,19.55,19.55,475190.0,investing
2012-02-21,19.62,19.62,19.22,19.28,19.28,462270.0,investing
2012-02-22,19.27,19.39,19.15,19.21,19.21,358320.0,investing
2012-02-23,19.2,19.28,18.97,19.25,19.25,352910.0,investing
2012-02-24,19.28,19.37,19.17,19.19,19.19,835130.0,investing
2012-02-27,19.08,19.35,18.96,19.21,19.21,619750.0,investing
2012-02-28,19.24,19.62,19.24,19.52,19.52,797250.0,investing
2012-02-29,19.56,19.56,19.19,19.23,19.23,626990.0,investing
2012-03-01,19.29,19.42,19.16,19.24,19.24,486270.0,investing
2012-03-02,19.21,19.33,19.02,19.02,19.02,474870.0,investing
2012-03-05,18.97,18.98,18.5,18.57,18.57,1150000.0,investing
2012-03-06,18.29,18.43,18.18,18.4,18.4,771250.0,investing
2012-03-07,18.43,18.74,18.43,18.67,18.67,1200000.0,investing
2012-03-08,18.84,18.99,18.75,18.94,18.94,1530000.0,investing
2012-03-09,18.93,19.16,18.93,19.15,19.15,701950.0,investing
2012-03-12,19.14,19.14,18.9,18.97,18.97,518760.0,investing
2012-03-13,19.12,19.38,19.1,19.38,19.38,1190000.0,investing
2012-03-14,19.43,19.64,19.29,19.32,19.32,670930.0,investing
2012-03-15,19.41,19.72,19.41,19.7,19.7,2070000.0,investing
2012-03-16,19.77,19.77,19.62,19.73,19.73,733340.0,investing
2012-03-19,19.74,19.95,19.65,19.87,19.87,535450.0,investing
2012-03-20,19.74,19.79,19.56,19.72,19.72,716450.0,investing
2012-03-21,19.77,19.89,19.68,19.8,19.8,365720.0,investing
2012-03-22,19.63,19.74,19.53,19.69,19.69,619490.0,investing
2012-03-23,19.67,19.74,19.5,19.73,19.73,806830.0,investing
2012-03-26,19.85,19.97,19.74,19.97,19.97,799880.0,investing
2012-03-27,19.98,20.11,19.96,19.96,19.96,635180.0,investing
2012-03-28,19.99,20.01,19.59,19.73,19.73,1060000.0,investing
2012-03-29,19.55,19.77,19.48,19.73,19.73,1300000.0,investing
2012-03-30,19.87,19.93,19.67,19.82,19.82,585770.0,investing
2012-04-02,19.73,19.88,19.53,19.83,19.83,378950.0,investing
2012-04-03,19.73,19.76,19.44,19.52,19.52,1300000.0,investing
2012-04-04,19.25,19.27,18.9,19.09,19.09,1060000.0,investing
2012-04-05,18.99,19.18,18.99,19.12,19.12,1390000.0,investing
2012-04-09,18.83,18.91,18.74,18.86,18.86,745210.0,investing
2012-04-10,18.82,18.97,18.47,18.51,18.51,849190.0,investing
2012-04-11,18.75,18.95,18.72,18.82,18.82,650570.0,investing
2012-04-12,18.89,19.24,18.86,19.17,19.17,436410.0,investing
2012-04-13,19.11,19.16,18.82,18.83,18.83,665690.0,investing
2012-04-16,19.0,19.02,18.66,18.83,18.83,726140.0,investing
2012-04-17,18.97,19.21,18.97,19.12,19.12,1010000.0,investing
2012-04-18,18.92,19.05,18.78,18.98,18.98,517820.00000000006,investing
2012-04-19,18.9,19.2,18.65,18.75,18.75,767250.0,investing
2012-04-20,18.77,18.77,18.3,18.31,18.31,1370000.0,investing
2012-04-23,18.09,18.11,17.92,18.09,18.09,960560.0,investing
2012-04-24,18.13,18.18,17.9,17.96,17.96,527900.0,investing
2012-04-25,18.26,18.4,18.15,18.36,18.36,660440.0,investing
2012-04-26,18.42,18.81,18.42,18.78,18.78,1090000.0,investing
2012-04-27,18.82,18.84,18.6,18.78,18.78,682200.0,investing
2012-04-30,18.8,18.8,18.68,18.7,18.7,1090000.0,investing
2012-05-01,18.65,18.9,18.63,18.76,18.76,457180.0,investing
2012-05-02,18.61,18.88,18.59,18.85,18.85,405830.0,investing
2012-05-03,18.83,18.94,18.36,18.38,18.38,618220.0,investing
2012-05-04,18.3,18.39,17.97,18.01,18.01,1110000.0,investing
2012-05-07,17.94,18.08,17.93,17.96,17.96,504410.0,investing
2012-05-08,17.82,17.88,17.48,17.85,17.85,887270.0,investing
2012-05-09,17.6,17.87,17.42,17.79,17.79,711270.0,investing
2012-05-10,17.92,17.93,17.59,17.72,17.72,568180.0,investing
2012-05-11,17.68,18.06,17.67,17.85,17.85,452450.0,investing
2012-05-14,17.67,17.79,17.59,17.67,17.67,447640.0,investing
2012-05-15,17.63,17.81,17.45,17.49,17.49,515460.00000000006,investing
2012-05-16,17.53,17.59,17.19,17.22,17.22,473850.0,investing
2012-05-17,17.23,17.28,16.83,16.84,16.84,578200.0,investing
2012-05-18,16.94,16.94,16.47,16.51,16.51,879890.0,investing
2012-05-21,16.55,16.94,16.51,16.93,16.93,739680.0,investing
2012-05-22,16.92,16.93,16.69,16.8,16.8,569300.0,investing
2012-05-23,16.57,16.89,16.47,16.87,16.87,1330000.0,investing
2012-05-24,16.92,16.92,16.54,16.63,16.63,593840.0,investing
2012-05-25,16.66,16.92,16.66,16.8,16.8,606450.0,investing
2012-05-29,17.02,17.26,17.01,17.16,17.16,394930.0,investing
2012-05-30,16.98,17.02,16.82,16.92,16.92,477630.0,investing
2012-05-31,16.88,16.88,16.51,16.74,16.74,1120000.0,investing
2012-06-01,16.42,16.42,16.0,16.02,16.02,1230000.0,investing
2012-06-04,16.05,16.22,15.82,16.0,16.0,1010000.0,investing
2012-06-05,16.0,16.37,16.0,16.3,16.3,713350.0,investing
2012-06-06,16.46,16.9,16.46,16.82,16.82,821930.0,investing
2012-06-07,17.08,17.13,16.63,16.67,16.67,850920.0,investing
2012-06-08,16.61,16.92,16.54,16.84,16.84,565800.0,investing
2012-06-11,17.11,17.15,16.55,16.6,16.6,1070000.0,investing
2012-06-12,16.65,16.95,16.61,16.9,16.9,573390.0,investing
2012-06-13,16.91,17.01,16.7,16.77,16.77,805910.0,investing
2012-06-14,16.77,16.8,16.54,16.73,16.73,386600.0,investing
2012-06-15,16.73,17.01,16.73,16.99,16.99,427310.0,investing
2012-06-18,16.89,17.33,16.89,17.23,17.23,635530.0,investing
2012-06-19,17.36,17.48,17.25,17.42,17.42,478870.0,investing
2012-06-20,17.43,17.64,17.39,17.57,17.57,628610.0,investing
2012-06-21,17.52,17.52,16.84,16.85,16.85,855820.0,investing
2012-06-22,16.98,17.15,16.93,17.1,17.1,617920.0,investing
2012-06-25,16.95,16.95,16.51,16.54,16.54,649820.0,investing
2012-06-26,16.57,16.68,16.42,16.61,16.61,316740.0,investing
2012-06-27,16.63,16.86,16.62,16.82,16.82,493020.0,investing
2012-06-28,16.72,16.77,16.49,16.71,16.71,584710.0,investing
2012-06-29,17.11,17.44,17.09,17.44,17.44,1010000.0,investing
2012-07-02,17.53,17.54,17.28,17.41,17.41,484940.0,investing
2012-07-03,17.44,17.64,17.39,17.63,17.63,587020.0,investing
2012-07-05,17.5,17.57,17.33,17.49,17.49,229040.0,investing
2012-07-06,17.32,17.32,16.9,17.05,17.05,707250.0,investing
2012-07-09,17.02,17.07,16.77,16.83,16.83,2310000.0,investing
2012-07-10,16.71,16.92,16.36,16.48,16.48,1210000.0,investing
2012-07-11,16.5,16.55,16.22,16.3,16.3,595110.0,investing
2012-07-12,16.16,16.16,15.89,16.04,16.04,803690.0,investing
2012-07-13,16.09,16.22,16.05,16.15,16.15,632820.0,investing
2012-07-16,16.11,16.11,15.89,16.0,16.0,568050.0,investing
2012-07-17,16.08,16.08,15.67,15.94,15.94,979720.0,investing
2012-07-18,15.89,16.58,15.85,16.48,16.48,1990000.0,investing
2012-07-19,16.71,16.95,16.71,16.81,16.81,1440000.0,investing
2012-07-20,16.79,16.85,16.53,16.53,16.53,1430000.0,investing
2012-07-23,16.22,16.46,16.0,16.39,16.39,1780000.0,investing
2012-07-24,16.48,16.48,16.15,16.32,16.32,712210.0,investing
2012-07-25,16.45,16.84,16.45,16.64,16.64,1100000.0,investing
2012-07-26,16.97,17.14,16.84,17.01,17.01,1390000.0,investing
2012-07-27,17.06,17.47,17.02,17.43,17.43,1870000.0,investing
2012-07-30,17.39,17.53,17.16,17.27,17.27,680060.0,investing
2012-07-31,17.33,17.59,17.33,17.4,17.4,1240000.0,investing
2012-08-01,17.49,17.55,17.28,17.39,17.39,1050000.0,investing
2012-08-02,17.21,17.57,17.15,17.29,17.29,656880.0,investing
2012-08-03,17.55,17.78,17.47,17.68,17.68,812060.0,investing
2012-08-06,17.72,17.88,17.72,17.74,17.74,288480.0,investing
2012-08-07,17.88,18.28,17.88,18.15,18.15,1020000.0,investing
2012-08-08,18.08,18.24,18.04,18.19,18.19,1240000.0,investing
2012-08-09,18.2,18.36,18.17,18.33,18.33,899670.0,investing
2012-08-10,18.26,18.43,18.26,18.43,18.43,636970.0,investing
2012-08-13,18.38,18.38,18.08,18.27,18.27,383460.0,investing
2012-08-14,18.41,18.41,18.05,18.13,18.13,1320000.0,investing
2012-08-15,18.06,18.31,18.01,18.23,18.23,418910.0,investing
2012-08-16,18.22,18.55,18.22,18.52,18.52,758830.0,investing
2012-08-17,18.5,18.5,18.33,18.38,18.38,238230.0,investing
2012-08-20,18.33,18.33,18.14,18.26,18.26,1310000.0,investing
2012-08-21,18.32,18.51,18.21,18.27,18.27,556290.0,investing
2012-08-22,18.25,18.25,18.03,18.14,18.14,1070000.0,investing
2012-08-23,18.07,18.1,17.92,18.03,18.03,320230.0,investing
2012-08-24,18.05,18.18,17.91,18.12,18.12,307530.0,investing
2012-08-27,18.18,18.21,17.99,18.05,18.05,390460.0,investing
2012-08-28,18.03,18.13,17.97,18.03,18.03,381290.0,investing
2012-08-29,18.03,18.12,17.92,18.05,18.05,483580.0,investing
2012-08-30,17.93,17.96,17.74,17.77,17.77,670360.0,investing
2012-08-31,17.92,18.07,17.75,17.98,17.98,691790.0,investing
2012-09-04,18.01,18.01,17.66,17.84,17.84,320570.0,investing
2012-09-05,17.84,17.94,17.69,17.75,17.75,226520.0,investing
2012-09-06,17.88,18.38,17.87,18.29,18.29,1040000.0,investing
2012-09-07,18.25,18.27,18.13,18.24,18.24,1990000.0,investing
2012-09-10,18.12,18.18,17.9,17.92,17.92,711160.0,investing
2012-09-11,17.96,18.11,17.91,18.04,18.04,377770.0,investing
2012-09-12,18.11,18.2,17.99,18.08,18.08,381490.0,investing
2012-09-13,18.05,18.31,17.91,18.24,18.24,1680000.0,investing
2012-09-14,18.36,18.67,18.33,18.48,18.48,512370.0,investing
2012-09-17,18.41,18.44,18.22,18.29,18.29,323750.0,investing
2012-09-18,18.22,18.27,18.17,18.21,18.21,513140.0,investing
2012-09-19,18.13,18.22,18.08,18.1,18.1,589650.0,investing
2012-09-20,18.0,18.04,17.83,17.92,17.92,1040000.0,investing
2012-09-21,18.06,18.13,17.94,17.94,17.94,210350.0,investing
2012-09-24,17.8,17.82,17.61,17.69,17.69,675740.0,investing
2012-09-25,17.71,17.71,17.15,17.17,17.17,732560.0,investing
2012-09-26,17.02,17.08,16.82,17.05,17.05,1370000.0,investing
2012-09-27,17.19,17.47,17.07,17.43,17.43,854170.0,investing
2012-09-28,17.34,17.41,17.26,17.29,17.29,350780.0,investing
2012-10-01,17.39,17.47,17.18,17.23,17.23,254540.0,investing
2012-10-02,17.32,17.34,17.2,17.31,17.31,429280.0,investing
2012-10-03,17.35,17.36,17.19,17.26,17.26,568560.0,investing
2012-10-04,17.3,17.37,17.17,17.35,17.35,440310.0,investing
2012-10-05,17.41,17.62,17.3,17.33,17.33,751180.0,investing
2012-10-08,17.21,17.25,17.1,17.14,17.14,803420.0,investing
2012-10-09,17.13,17.13,16.82,16.87,16.87,819430.0,investing
2012-10-10,16.87,16.87,16.62,16.64,16.64,781910.0,investing
2012-10-11,16.84,16.84,16.67,16.69,16.69,514780.0,investing
2012-10-12,16.68,16.73,16.57,16.59,16.59,758370.0,investing
2012-10-15,16.66,16.86,16.66,16.82,16.82,577720.0,investing
2012-10-16,16.86,17.21,16.86,17.2,17.2,622660.0,investing
2012-10-17,17.04,17.26,17.01,17.17,17.17,432470.0,investing
2012-10-18,17.07,17.15,16.92,17.0,17.0,648770.0,investing
2012-10-19,17.0,17.0,16.49,16.49,16.49,918070.0,investing
2012-10-22,16.59,16.66,16.43,16.53,16.53,455440.0,investing
2012-10-23,16.35,16.6,16.28,16.57,16.57,508810.0,investing
2012-10-24,16.75,16.75,16.29,16.31,16.31,663320.0,investing
2012-10-25,16.49,16.56,16.36,16.55,16.55,387480.0,investing
2012-10-26,16.54,16.7,16.5,16.6,16.6,399380.0,investing
2012-10-31,16.6,16.75,16.54,16.63,16.63,785520.0,investing
2012-11-01,16.64,17.19,16.63,17.15,17.15,949300.0,investing
2012-11-02,17.15,17.21,16.83,16.83,16.83,707780.0,investing
2012-11-05,16.84,17.18,16.8,17.13,17.13,278720.0,investing
2012-11-06,17.17,17.42,17.14,17.38,17.38,663330.0,investing
2012-11-07,17.15,17.2,16.83,16.91,16.91,1220000.0,investing
2012-11-08,17.0,17.01,16.72,16.72,16.72,653290.0,investing
2012-11-09,16.69,16.95,16.68,16.74,16.74,426940.0,investing
2012-11-12,16.82,16.86,16.65,16.75,16.75,517960.00000000006,investing
2012-11-13,16.65,16.77,16.6,16.62,16.62,417270.0,investing
2012-11-14,16.73,16.79,16.32,16.35,16.35,809430.0,investing
2012-11-15,16.4,16.43,16.1,16.15,16.15,899380.0,investing
2012-11-16,16.2,16.24,15.86,16.15,16.15,760760.0,investing
2012-11-19,16.38,16.48,16.29,16.48,16.48,401790.0,investing
2012-11-20,16.4,16.44,16.25,16.41,16.41,967000.0,investing
2012-11-21,16.43,16.48,16.38,16.47,16.47,398540.0,investing
2012-11-23,16.58,16.83,16.52,16.74,16.74,302050.0,investing
2012-11-26,16.72,16.85,16.69,16.81,16.81,231970.0,investing
2012-11-27,16.83,16.93,16.75,16.77,16.77,381040.0,investing
2012-11-28,16.69,16.98,16.53,16.95,16.95,464060.0,investing
2012-11-29,17.02,17.08,16.9,17.0,17.0,584420.0,investing
2012-11-30,17.02,17.07,16.93,16.98,16.98,308600.0,investing
2012-12-03,17.1,17.13,16.89,16.9,16.9,425450.0,investing
2012-12-04,16.89,17.06,16.84,17.0,17.0,680020.0,investing
2012-12-05,17.06,17.06,16.87,17.0,17.0,235530.0,investing
2012-12-06,16.97,17.19,16.97,17.17,17.17,677670.0,investing
2012-12-07,17.24,17.25,17.1,17.21,17.21,321440.0,investing
2012-12-10,17.2,17.36,17.2,17.32,17.32,436280.0,investing
2012-12-11,17.42,17.7,17.39,17.65,17.65,791670.0,investing
2012-12-12,17.69,17.74,17.56,17.58,17.58,1000000.0,investing
2012-12-13,17.55,17.72,17.36,17.42,17.42,304220.0,investing
2012-12-14,17.4,17.44,17.22,17.28,17.28,441620.0,investing
2012-12-17,17.32,17.45,17.23,17.36,17.36,705150.0,investing
2012-12-18,17.43,17.69,17.37,17.68,17.68,992610.0,investing
2012-12-19,17.6,17.78,17.6,17.64,17.64,1380000.0,investing
2012-12-20,17.65,17.65,17.48,17.61,17.61,543850.0,investing
2012-12-21,17.25,17.46,17.09,17.45,17.45,459080.0,investing
2012-12-24,17.42,17.45,17.31,17.37,17.37,238700.0,investing
2012-12-26,17.43,17.53,17.23,17.25,17.25,250310.0,investing
2012-12-27,17.24,17.24,16.97,17.16,17.16,485790.0,investing
2012-12-28,17.06,17.23,17.04,17.05,17.05,395840.0,investing
2012-12-31,17.05,17.39,17.02,17.35,17.35,470110.0,investing
2013-01-02,17.78,18.1,17.77,18.1,18.1,2020000.0,investing
2013-01-03,18.09,18.12,17.92,17.98,17.98,502890.0,investing
2013-01-04,18.02,18.02,17.87,17.97,17.97,403910.0,investing
2013-01-07,17.92,17.98,17.79,17.91,17.91,642470.0,investing
2013-01-08,17.88,17.92,17.68,17.7,17.7,914090.0,investing
2013-01-09,17.79,17.88,17.76,17.87,17.87,256760.0,investing
2013-01-10,18.07,18.15,17.99,18.13,18.13,572240.0,investing
2013-01-11,18.1,18.24,18.1,18.22,18.22,577840.0,investing
2013-01-14,18.13,18.23,18.04,18.19,18.19,839010.0,investing
2013-01-15,18.13,18.13,18.0,18.09,18.09,437000.0,investing
2013-01-16,18.06,18.34,18.06,18.3,18.3,797410.0,investing
2013-01-17,18.42,18.69,18.37,18.65,18.65,1740000.0,investing
2013-01-18,18.55,18.63,18.49,18.57,18.57,974230.0,investing
2013-01-22,18.58,18.58,18.41,18.51,18.51,456220.0,investing
2013-01-23,18.6,18.73,18.54,18.71,18.71,853630.0,investing
2013-01-24,18.46,18.71,18.41,18.54,18.54,597450.0,investing
2013-01-25,18.67,18.87,18.65,18.77,18.77,835720.0,investing
2013-01-28,18.79,18.89,18.76,18.82,18.82,534130.0,investing
2013-01-29,18.79,18.79,18.64,18.7,18.7,616860.0,investing
2013-01-30,18.68,18.83,18.66,18.72,18.72,469930.0,investing
2013-01-31,18.76,18.83,18.64,18.67,18.67,565820.0,investing
2013-02-01,18.77,19.05,18.76,19.04,19.04,762030.0,investing
2013-02-04,18.89,19.07,18.74,18.74,18.74,1050000.0,investing
2013-02-05,18.85,19.08,18.83,19.04,19.04,485430.0,investing
2013-02-06,18.92,19.1,18.92,19.08,19.08,402690.0,investing
2013-02-07,19.06,19.1,18.82,18.98,18.98,558570.0,investing
2013-02-08,19.02,19.25,19.02,19.21,19.21,745120.0,investing
2013-02-11,19.25,19.31,19.16,19.26,19.26,437920.0,investing
2013-02-12,19.23,19.33,19.21,19.29,19.29,989480.0,investing
2013-02-13,19.33,19.43,19.25,19.33,19.33,368850.0,investing
2013-02-14,19.27,19.54,19.25,19.53,19.53,556490.0,investing
2013-02-15,19.54,19.59,19.34,19.43,19.43,232650.0,investing
2013-02-19,19.45,19.66,19.44,19.65,19.65,530550.0,investing
2013-02-20,19.67,19.67,19.22,19.23,19.23,914930.0,investing
2013-02-21,19.17,19.17,18.74,18.87,18.87,527990.0,investing
2013-02-22,19.05,19.28,18.99,19.27,19.27,624290.0,investing
2013-02-25,19.37,19.44,18.9,18.9,18.9,836330.0,investing
2013-02-26,19.02,19.07,18.87,19.03,19.03,403650.0,investing
2013-02-27,19.14,19.43,19.04,19.34,19.34,688670.0,investing
2013-02-28,19.35,19.49,19.31,19.35,19.35,536200.0,investing
2013-03-01,19.22,19.34,19.02,19.27,19.27,521480.0,investing
2013-03-04,19.22,19.26,19.08,19.22,19.22,468030.0,investing
2013-03-05,19.38,19.64,19.38,19.6,19.6,457840.0,investing
2013-03-06,19.66,19.73,19.57,19.62,19.62,528240.0,investing
2013-03-07,19.67,19.8,19.65,19.71,19.71,411560.0,investing
2013-03-08,19.78,19.83,19.57,19.74,19.74,555060.0,investing
2013-03-11,19.72,19.78,19.57,19.76,19.76,529110.0,investing
2013-03-12,19.73,19.86,19.68,19.84,19.84,1020000.0,investing
2013-03-13,19.84,19.96,19.73,19.9,19.9,722500.0,investing
2013-03-14,20.02,20.1,19.98,20.0,20.0,601400.0,investing
2013-03-15,20.02,20.02,19.63,19.68,19.68,742880.0,investing
2013-03-18,19.47,19.6,19.33,19.43,19.43,379330.0,investing
2013-03-19,19.51,19.54,19.18,19.35,19.35,1110000.0,investing
2013-03-20,19.46,19.61,19.43,19.6,19.6,973500.0,investing
2013-03-21,19.49,19.49,19.26,19.29,19.29,1680000.0,investing
2013-03-22,19.44,19.58,19.38,19.5,19.5,282310.0,investing
2013-03-25,19.5,19.57,19.29,19.41,19.41,426910.0,investing
2013-03-26,19.51,19.58,19.43,19.56,19.56,155010.0,investing
2013-03-27,19.46,19.63,19.34,19.6,19.6,264380.0,investing
2013-03-28,19.58,19.75,19.52,19.74,19.74,405010.0,investing
2013-04-01,19.78,19.78,19.28,19.33,19.33,281790.0,investing
2013-04-02,19.44,19.44,19.09,19.16,19.16,392300.0,investing
2013-04-03,19.17,19.22,18.71,18.78,18.78,1170000.0,investing
2013-04-04,18.79,19.03,18.69,19.02,19.02,350510.0,investing
2013-04-05,18.68,18.95,18.58,18.92,18.92,570790.0,investing
2013-04-08,18.95,19.16,18.77,19.15,19.15,303200.0,investing
2013-04-09,19.09,19.47,19.06,19.34,19.34,197780.0,investing
2013-04-10,19.39,19.78,19.39,19.77,19.77,531570.0,investing
2013-04-11,19.64,19.8,19.56,19.68,19.68,382400.0,investing
2013-04-12,19.54,19.63,19.37,19.6,19.6,226610.0,investing
2013-04-15,19.42,19.52,19.09,19.12,19.12,498700.0,investing
2013-04-16,19.27,19.53,19.21,19.51,19.51,211750.0,investing
2013-04-17,19.28,19.28,18.79,18.86,18.86,599450.0,investing
2013-04-18,19.07,19.18,18.64,18.7,18.7,1370000.0,investing
2013-04-19,18.71,18.89,18.55,18.84,18.84,565000.0,investing
2013-04-22,18.96,19.11,18.66,19.04,19.04,298720.0,investing
2013-04-23,19.21,19.48,19.17,19.44,19.44,365160.0,investing
2013-04-24,19.42,19.74,19.38,19.69,19.69,685820.0,investing
2013-04-25,19.8,20.0,19.75,19.88,19.88,503360.0,investing
2013-04-26,19.77,19.77,19.62,19.69,19.69,1920000.0,investing
2013-04-29,19.73,19.98,19.7,19.93,19.93,397730.0,investing
2013-04-30,19.96,20.09,19.82,20.08,20.08,1950000.0,investing
2013-05-01,20.08,20.11,19.9,19.93,19.93,608790.0,investing
2013-05-02,20.09,20.23,19.94,20.19,20.19,827990.0,investing
2013-05-03,20.39,20.52,20.35,20.35,20.35,1020000.0,investing
2013-05-06,20.49,20.61,20.42,20.51,20.51,738210.0,investing
2013-05-07,20.61,20.61,20.42,20.52,20.52,638750.0,investing
2013-05-08,20.54,20.8,20.54,20.74,20.74,747380.0,investing
2013-05-09,20.77,20.99,20.71,20.9,20.9,957020.0,investing
2013-05-10,20.92,21.09,20.92,21.08,21.08,349290.0,investing
2013-05-13,20.98,21.05,20.85,20.88,20.88,507050.0,investing
2013-05-14,20.94,21.01,20.85,20.97,20.97,153660.0,investing
2013-05-15,20.96,21.25,20.96,21.18,21.18,151950.0,investing
2013-05-16,21.21,21.28,21.01,21.03,21.03,318100.0,investing
2013-05-17,21.13,21.31,21.09,21.3,21.3,195080.0,investing
2013-05-20,21.3,21.37,21.22,21.26,21.26,962590.0,investing
2013-05-21,21.27,21.32,21.22,21.25,21.25,886270.0,investing
2013-05-22,21.33,21.47,20.82,20.92,20.92,1500000.0,investing
2013-05-23,20.62,20.95,20.56,20.92,20.92,1570000.0,investing
2013-05-24,20.86,20.91,20.71,20.91,20.91,746890.0,investing
2013-05-28,21.14,21.27,21.05,21.1,21.1,457230.0,investing
2013-05-29,20.99,21.25,20.97,21.18,21.18,215670.0,investing
2013-05-30,21.28,21.59,21.25,21.51,21.51,1000000.0,investing
2013-05-31,21.41,21.55,21.23,21.23,21.23,1760000.0,investing
2013-06-03,21.33,21.49,21.07,21.3,21.3,531380.0,investing
2013-06-04,21.39,21.62,21.33,21.4,21.4,562790.0,investing
2013-06-05,21.34,21.37,21.06,21.07,21.07,350060.0,investing
2013-06-06,21.09,21.22,20.86,21.04,21.04,230410.0,investing
2013-06-07,21.16,21.38,21.03,21.36,21.36,298850.0,investing
2013-06-10,21.4,21.52,21.31,21.49,21.49,129410.0,investing
2013-06-11,21.31,21.32,20.99,21.0,21.0,1290000.0,investing
2013-06-12,21.2,21.24,20.74,20.76,20.76,351420.0,investing
2013-06-13,20.75,21.21,20.71,21.18,21.18,386510.0,investing
2013-06-14,21.23,21.29,21.06,21.1,21.1,168170.0,investing
2013-06-17,21.35,21.54,21.3,21.4,21.4,244060.0,investing
2013-06-18,21.5,21.77,21.5,21.76,21.76,670720.0,investing
2013-06-19,21.78,21.85,21.49,21.5,21.5,2560000.0,investing
2013-06-20,21.23,21.24,20.78,20.82,20.82,386420.0,investing
2013-06-21,21.04,21.04,20.65,20.91,20.91,307780.0,investing
2013-06-24,20.76,20.76,20.31,20.46,20.46,693420.0,investing
2013-06-25,20.72,21.01,20.64,20.96,20.96,313120.0,investing
2013-06-26,21.2,21.23,20.9,21.03,21.03,250520.0,investing
2013-06-27,21.18,21.28,21.1,21.1,21.1,1720000.0,investing
2013-06-28,21.13,21.31,20.94,21.17,21.17,600740.0,investing
2013-07-01,21.27,21.38,21.14,21.15,21.15,332100.0,investing
2013-07-02,21.13,21.39,21.04,21.18,21.18,1410000.0,investing
2013-07-03,21.11,21.37,21.11,21.27,21.27,212730.0,investing
2013-07-05,21.46,21.57,21.32,21.55,21.55,359020.0,investing
2013-07-08,21.63,21.64,21.06,21.12,21.12,1790000.0,investing
2013-07-09,21.33,21.4,21.26,21.35,21.35,232610.0,investing
2013-07-10,21.33,21.61,21.33,21.57,21.57,324940.0,investing
2013-07-11,21.92,22.05,21.81,22.03,22.03,431640.0,investing
2013-07-12,22.11,22.2,22.06,22.16,22.16,310780.0,investing
2013-07-15,22.21,22.21,22.12,22.16,22.16,977410.0,investing
2013-07-16,22.19,22.32,22.14,22.24,22.24,157190.0,investing
2013-07-17,22.24,22.34,22.19,22.25,22.25,314910.0,investing
2013-07-18,22.17,22.25,21.99,22.06,22.06,385510.0,investing
2013-07-19,21.97,22.02,21.84,22.01,22.01,226520.0,investing
2013-07-22,22.04,22.04,21.89,21.96,21.96,273810.0,investing
2013-07-23,22.05,22.19,21.86,21.9,21.9,1030000.0,investing
2013-07-24,21.96,21.99,21.47,21.49,21.49,880550.0,investing
2013-07-25,21.48,21.62,21.36,21.6,21.6,1030000.0,investing
2013-07-26,21.44,21.44,21.32,21.43,21.43,281390.0,investing
2013-07-29,21.36,21.46,21.25,21.29,21.29,198870.0,investing
2013-07-30,21.36,21.6,21.36,21.55,21.55,138730.0,investing
2013-07-31,21.56,21.77,21.56,21.66,21.66,538810.0,investing
2013-08-01,21.86,22.05,21.82,22.03,22.03,181550.0,investing
2013-08-02,21.98,21.98,21.77,21.91,21.91,89970.0,investing
2013-08-05,21.84,21.9,21.81,21.87,21.87,94260.0,investing
2013-08-06,21.8,21.8,21.63,21.73,21.73,783890.0,investing
2013-08-07,21.67,21.67,21.41,21.5,21.5,372260.0,investing
2013-08-08,21.59,21.62,21.39,21.51,21.51,172090.0,investing
2013-08-09,21.47,21.51,21.37,21.4,21.4,103340.0,investing
2013-08-12,21.32,21.54,21.27,21.48,21.48,137560.0,investing
2013-08-13,21.62,21.76,21.41,21.73,21.73,231610.0,investing
2013-08-14,21.55,21.59,21.37,21.4,21.4,245900.0,investing
2013-08-15,21.12,21.18,20.9,20.92,20.92,300220.0,investing
2013-08-16,20.95,21.17,20.87,20.99,20.99,135130.0,investing
2013-08-19,20.94,21.05,20.83,20.84,20.84,607940.0,investing
2013-08-20,20.85,21.04,20.85,20.99,20.99,125310.0,investing
2013-08-21,20.9,21.0,20.82,20.83,20.83,218340.0,investing
2013-08-22,20.89,21.1,20.89,21.06,21.06,276520.0,investing
2013-08-23,21.09,21.16,20.96,21.06,21.06,170830.0,investing
2013-08-26,21.05,21.15,21.01,21.02,21.02,112190.0,investing
2013-08-27,20.82,20.82,20.46,20.5,20.5,624240.0,investing
2013-08-28,20.56,20.83,20.56,20.77,20.77,132930.0,investing
2013-08-29,20.79,21.02,20.76,20.98,20.98,319520.0,investing
2013-08-30,20.99,20.99,20.73,20.8,20.8,256910.00000000003,investing
2013-09-03,21.05,21.24,20.88,20.98,20.98,878260.0,investing
2013-09-04,21.11,21.55,21.07,21.51,21.51,1050000.0,investing
2013-09-05,21.57,21.71,21.57,21.67,21.67,165520.0,investing
2013-09-06,21.73,21.75,21.42,21.57,21.57,282090.0,investing
2013-09-09,21.63,21.92,21.63,21.86,21.86,277790.0,investing
2013-09-10,21.98,22.29,21.98,22.28,22.28,157130.0,investing
2013-09-11,22.18,22.28,22.03,22.22,22.22,844460.0,investing
2013-09-12,22.22,22.25,22.06,22.08,22.08,121260.0,investing
2013-09-13,22.07,22.18,21.98,22.18,22.18,102500.0,investing
2013-09-16,22.35,22.46,22.24,22.25,22.25,238570.0,investing
2013-09-17,22.39,22.46,22.33,22.41,22.41,231480.0,investing
2013-09-18,22.44,22.64,22.32,22.61,22.61,323780.0,investing
2013-09-19,22.66,22.68,22.47,22.54,22.54,109160.0,investing
2013-09-20,22.59,22.66,22.39,22.42,22.42,93090.0,investing
2013-09-23,22.57,22.57,22.23,22.32,22.32,673660.0,investing
2013-09-24,22.3,22.46,22.21,22.36,22.36,173370.0,investing
2013-09-25,22.38,22.51,22.25,22.39,22.39,100550.0,investing
2013-09-26,22.44,22.51,22.3,22.37,22.37,91420.0,investing
2013-09-27,22.26,22.28,22.15,22.19,22.19,170350.0,investing
2013-09-30,22.01,22.28,21.92,22.22,22.22,408840.0,investing
2013-10-01,22.25,22.47,22.21,22.43,22.43,156240.0,investing
2013-10-02,22.27,22.39,22.24,22.39,22.39,97690.0,investing
2013-10-03,22.41,22.51,22.12,22.33,22.33,164460.0,investing
2013-10-04,22.39,22.56,22.36,22.5,22.5,180230.0,investing
2013-10-07,22.3,22.53,22.25,22.39,22.39,273490.0,investing
2013-10-08,22.42,22.46,21.95,22.03,22.03,934830.0,investing
2013-10-09,22.07,22.07,21.73,21.95,21.95,974160.0,investing
2013-10-10,22.17,22.48,22.17,22.44,22.44,1050000.0,investing
2013-10-11,22.35,22.56,22.28,22.49,22.49,198750.0,investing
2013-10-14,22.35,22.69,22.33,22.66,22.66,279270.0,investing
2013-10-15,22.63,22.71,22.44,22.46,22.46,278410.0,investing
2013-10-16,22.49,22.7,22.49,22.67,22.67,349650.0,investing
2013-10-17,22.53,22.84,22.45,22.84,22.84,116240.0,investing
2013-10-18,22.86,22.92,22.71,22.9,22.9,199030.0,investing
2013-10-21,22.93,22.99,22.88,22.96,22.96,189250.0,investing
2013-10-22,23.0,23.0,22.8,22.91,22.91,215640.0,investing
2013-10-23,22.55,22.56,22.05,22.15,22.15,336940.0,investing
2013-10-24,22.35,22.44,22.29,22.35,22.35,252510.0,investing
2013-10-25,22.43,22.46,22.35,22.42,22.42,1080000.0,investing
2013-10-28,22.47,22.6,22.41,22.57,22.57,116050.0,investing
2013-10-29,22.64,22.93,22.64,22.93,22.93,831010.0,investing
2013-10-30,22.94,22.97,22.74,22.81,22.81,108290.0,investing
2013-10-31,22.85,23.07,22.84,22.96,22.96,416690.0,investing
2013-11-01,23.02,23.04,22.78,22.86,22.86,209760.0,investing
2013-11-04,22.92,22.92,22.8,22.84,22.84,232470.0,investing
2013-11-05,22.69,22.86,22.59,22.79,22.79,441690.0,investing
2013-11-06,22.88,22.93,22.74,22.83,22.83,156220.0,investing
2013-11-07,22.85,22.85,22.4,22.43,22.43,244740.0,investing
2013-11-08,22.46,22.68,22.42,22.67,22.67,181530.0,investing
2013-11-11,22.74,22.74,22.57,22.67,22.67,41870.0,investing
2013-11-12,22.58,22.81,22.58,22.81,22.81,362070.0,investing
2013-11-13,22.68,23.02,22.68,23.0,23.0,174910.0,investing
2013-11-14,22.95,22.98,22.86,22.9,22.9,110380.0,investing
2013-11-15,22.95,23.08,22.83,23.05,23.05,105760.0,investing
2013-11-18,23.08,23.08,22.8,22.84,22.84,200930.0,investing
2013-11-19,22.87,22.89,22.56,22.58,22.58,162150.0,investing
2013-11-20,22.59,22.64,22.43,22.46,22.46,178420.0,investing
2013-11-21,22.53,22.88,22.53,22.86,22.86,124430.0,investing
2013-11-22,22.83,22.91,22.77,22.89,22.89,81960.0,investing
2013-11-25,22.9,22.91,22.7,22.86,22.86,74840.0,investing
2013-11-26,22.88,23.1,22.88,23.06,23.06,166240.0,investing
2013-11-27,22.98,23.15,22.92,23.12,23.12,1220000.0,investing
2013-11-29,23.13,23.23,23.12,23.16,23.16,117550.0,investing
2013-12-02,23.15,23.22,23.07,23.1,23.1,175150.0,investing
2013-12-03,23.04,23.26,23.04,23.18,23.18,682540.0,investing
2013-12-04,23.13,23.23,22.92,23.07,23.07,844600.0,investing
2013-12-05,23.1,23.23,23.08,23.12,23.12,149830.0,investing
2013-12-06,23.36,23.44,23.35,23.39,23.39,279130.0,investing
2013-12-09,23.49,23.54,23.42,23.44,23.44,190810.0,investing
2013-12-10,23.43,23.49,23.34,23.38,23.38,130880.0,investing
2013-12-11,23.4,23.44,23.13,23.18,23.18,322740.0,investing
2013-12-12,23.17,23.19,22.94,22.99,22.99,168730.0,investing
2013-12-13,23.06,23.06,22.89,22.94,22.94,137620.0,investing
2013-12-16,23.22,23.37,23.09,23.22,23.22,281830.0,investing
2013-12-17,23.24,23.52,23.24,23.47,23.47,166460.0,investing
2013-12-18,23.48,23.65,23.13,23.59,23.59,380900.0,investing
2013-12-19,23.6,23.6,23.4,23.49,23.49,191990.0,investing
2013-12-20,23.51,23.75,23.51,23.7,23.7,908480.0,investing
2013-12-23,23.72,23.83,23.7,23.8,23.8,435280.0,investing
2013-12-24,23.84,23.94,23.83,23.86,23.86,77220.0,investing
2013-12-26,23.96,24.0,23.91,23.95,23.95,252500.0,investing
2013-12-27,23.97,24.03,23.96,23.97,23.97,1480000.0,investing
2013-12-30,23.98,24.08,23.96,24.01,24.01,270790.0,investing
2013-12-31,24.1,24.24,24.1,24.24,24.24,887180.0,investing
2014-01-02,24.09,24.09,23.8,23.9,23.9,865780.0,investing
2014-01-03,23.9,23.9,23.74,23.83,23.83,427680.0,investing
2014-01-06,23.84,23.84,23.67,23.72,23.72,737320.0,investing
2014-01-07,23.76,23.92,23.73,23.88,23.88,394720.0,investing
2014-01-08,24.07,24.26,24.0,24.24,24.24,342650.0,investing
2014-01-09,24.29,24.29,23.97,24.06,24.06,213230.0,investing
2014-01-10,24.07,24.2,24.05,24.17,24.17,155890.0,investing
2014-01-13,24.13,24.2,23.82,23.89,23.89,542900.0,investing
2014-01-14,23.95,24.45,23.95,24.41,24.41,383010.0,investing
2014-01-15,24.54,24.71,24.5,24.62,24.62,758880.0,investing
2014-01-16,24.55,24.63,24.45,24.5,24.5,625430.0,investing
2014-01-17,24.37,24.52,24.31,24.36,24.36,545330.0,investing
2014-01-21,24.46,24.51,24.31,24.5,24.5,511000.0,investing
2014-01-22,24.49,24.8,24.45,24.76,24.76,448300.0,investing
2014-01-23,24.63,24.64,24.38,24.51,24.51,285520.0,investing
2014-01-24,24.37,24.41,23.93,23.94,23.94,1130000.0,investing
2014-01-27,23.99,24.04,23.63,23.78,23.78,825510.0,investing
2014-01-28,23.78,23.92,23.65,23.87,23.87,497450.0,investing
2014-01-29,23.72,23.99,23.72,23.78,23.78,921700.0,investing
2014-01-30,23.99,24.15,23.92,24.08,24.08,1310000.0,investing
2014-01-31,23.78,24.06,23.76,23.97,23.97,524700.0,investing
2014-02-03,23.95,23.95,23.39,23.44,23.44,1740000.0,investing
2014-02-04,23.51,23.52,23.34,23.48,23.48,949650.0,investing
2014-02-05,23.38,23.6,23.24,23.51,23.51,606230.0,investing
2014-02-06,23.55,23.92,23.55,23.88,23.88,455820.0,investing
2014-02-07,23.97,24.28,23.89,24.26,24.26,399170.0,investing
2014-02-10,24.29,24.41,24.27,24.38,24.38,346770.0,investing
2014-02-11,24.42,24.76,24.42,24.7,24.7,823790.0,investing
2014-02-12,24.77,24.94,24.77,24.92,24.92,407880.0,investing
2014-02-13,24.8,25.21,24.76,25.2,25.2,347400.0,investing
2014-02-14,25.17,25.39,25.11,25.36,25.36,1170000.0,investing
2014-02-18,25.4,25.45,25.24,25.43,25.43,169550.0,investing
2014-02-19,25.36,25.52,25.34,25.41,25.41,139730.0,investing
2014-02-20,25.42,25.61,25.37,25.58,25.58,285090.0,investing
2014-02-21,25.63,25.68,25.4,25.47,25.47,390390.0,investing
2014-02-24,25.6,25.73,25.57,25.57,25.57,167080.0,investing
2014-02-25,25.51,25.59,25.31,25.43,25.43,243190.0,investing
2014-02-26,25.52,25.79,25.5,25.61,25.61,164380.0,investing
2014-02-27,25.6,25.65,25.43,25.6,25.6,196730.0,investing
2014-02-28,25.61,25.68,25.41,25.58,25.58,163720.0,investing
2014-03-03,25.38,25.47,25.2,25.42,25.42,269550.0,investing
2014-03-04,25.75,25.92,25.75,25.87,25.87,889760.0,investing
2014-03-05,25.91,25.99,25.83,25.92,25.92,289080.0,investing
2014-03-06,26.0,26.13,25.91,26.1,26.1,427850.0,investing
2014-03-07,26.27,26.27,25.99,26.07,26.07,672040.0,investing
2014-03-10,26.08,26.13,25.91,26.03,26.03,150160.0,investing
2014-03-11,26.08,26.15,25.81,25.89,25.89,178610.0,investing
2014-03-12,25.77,26.1,25.72,26.09,26.09,145680.0,investing
2014-03-13,26.17,26.21,25.54,25.67,25.67,778260.0,investing
2014-03-14,25.64,25.74,25.52,25.52,25.52,178490.0,investing
2014-03-17,25.69,25.93,25.69,25.84,25.84,150430.0,investing
2014-03-18,25.94,26.22,25.84,26.21,26.21,538330.0,investing
2014-03-19,26.22,26.37,26.04,26.19,26.19,785060.0,investing
2014-03-20,26.13,26.69,26.08,26.67,26.67,533730.0,investing
2014-03-21,26.76,26.79,26.38,26.44,26.44,395980.0,investing
2014-03-24,26.57,26.59,26.12,26.33,26.33,727750.0,investing
2014-03-25,26.39,26.61,26.32,26.46,26.46,309170.0,investing
2014-03-26,26.74,26.77,26.16,26.16,26.16,384200.0,investing
2014-03-27,26.17,26.25,25.9,25.97,25.97,543560.0,investing
2014-03-28,26.05,26.34,26.03,26.14,26.14,214270.0,investing
2014-03-31,26.36,26.65,26.31,26.56,26.56,696330.0,investing
2014-04-01,26.69,26.99,26.68,26.99,26.99,620990.0,investing
2014-04-02,27.04,27.04,26.81,26.95,26.95,542790.0,investing
2014-04-03,26.99,27.23,26.88,26.99,26.99,354530.0,investing
2014-04-04,27.2,27.2,26.19,26.22,26.22,977720.0,investing
2014-04-07,26.16,26.37,25.84,25.99,25.99,797190.0,investing
2014-04-08,26.03,26.34,26.02,26.33,26.33,181170.0,investing
2014-04-09,26.45,26.62,26.32,26.6,26.6,173960.0,investing
2014-04-10,26.64,26.64,25.75,25.78,25.78,1300000.0,investing
2014-04-11,25.49,25.85,25.31,25.38,25.38,1170000.0,investing
2014-04-14,25.58,25.72,25.34,25.58,25.58,1280000.0,investing
2014-04-15,25.63,25.82,25.3,25.75,25.75,477770.0,investing
2014-04-16,25.82,25.83,25.33,25.7,25.7,590830.0,investing
2014-04-17,25.86,26.29,25.83,26.19,26.19,354650.0,investing
2014-04-21,26.37,26.43,26.09,26.42,26.42,447180.0,investing
2014-04-22,26.48,26.73,26.43,26.66,26.66,621000.0,investing
2014-04-23,26.69,26.75,26.57,26.64,26.64,602090.0,investing
2014-04-24,26.84,26.86,26.45,26.79,26.79,247690.0,investing
2014-04-25,26.52,26.52,25.86,25.91,25.91,261830.0,investing
2014-04-28,26.06,26.11,25.39,25.76,25.76,882770.0,investing
2014-04-29,25.89,26.0,25.77,25.94,25.94,215050.0,investing
2014-04-30,25.87,26.08,25.83,26.07,26.07,155600.0,investing
2014-05-01,26.04,26.32,25.93,25.99,25.99,85560.0,investing
2014-05-02,25.99,26.19,25.95,26.08,26.08,66170.0,investing
2014-05-05,25.92,26.17,25.85,26.1,26.1,258770.0,investing
2014-05-06,26.1,26.23,25.97,26.0,26.0,222660.0,investing
2014-05-07,26.12,26.12,25.8,26.01,26.01,105530.0,investing
2014-05-08,26.01,26.55,25.92,26.19,26.19,139120.0,investing
2014-05-09,26.21,26.21,25.93,26.11,26.11,199860.0,investing
2014-05-12,26.25,26.61,26.25,26.58,26.58,169620.0,investing
2014-05-13,26.69,26.69,26.37,26.37,26.37,322140.0,investing
2014-05-14,26.38,26.38,26.14,26.15,26.15,103080.0,investing
2014-05-15,26.12,26.16,25.66,25.85,25.85,708890.0,investing
2014-05-16,25.95,26.15,25.89,26.13,26.13,204230.0,investing
2014-05-19,26.11,26.46,26.11,26.4,26.4,384530.0,investing
2014-05-20,26.39,26.48,26.13,26.27,26.27,238240.0,investing
2014-05-21,26.37,26.47,26.27,26.4,26.4,137020.0,investing
2014-05-22,26.46,26.62,26.44,26.52,26.52,264210.0,investing
2014-05-23,26.54,26.78,26.48,26.77,26.77,233760.0,investing
2014-05-27,26.95,27.1,26.88,27.1,27.1,579800.0,investing
2014-05-28,27.14,27.2,27.0,27.14,27.14,254970.0,investing
2014-05-29,27.22,27.28,27.14,27.19,27.19,150840.0,investing
2014-05-30,27.24,27.26,27.12,27.22,27.22,219530.0,investing
2014-06-02,27.4,27.45,27.17,27.37,27.37,379550.0,investing
2014-06-03,27.39,27.65,27.31,27.63,27.63,336990.0,investing
2014-06-04,27.59,27.79,27.54,27.75,27.75,636570.0,investing
2014-06-05,27.8,27.95,27.66,27.89,27.89,260640.0,investing
2014-06-06,27.99,28.08,27.96,28.05,28.05,332620.0,investing
2014-06-09,28.14,28.24,28.05,28.08,28.08,235220.0,investing
2014-06-10,28.1,28.18,27.98,28.16,28.16,199180.0,investing
2014-06-11,28.15,28.42,28.15,28.31,28.31,343980.0,investing
2014-06-12,28.29,28.41,28.11,28.21,28.21,872020.0,investing
2014-06-13,28.47,28.57,28.34,28.49,28.49,391550.0,investing
2014-06-16,28.46,28.71,28.45,28.66,28.66,760990.0,investing
2014-06-17,28.61,28.91,28.61,28.87,28.87,330670.0,investing
2014-06-18,28.91,28.91,28.54,28.75,28.75,698190.0,investing
2014-06-19,28.82,28.82,28.61,28.79,28.79,905220.0,investing
2014-06-20,28.85,28.88,28.74,28.88,28.88,685810.0,investing
2014-06-23,28.91,28.91,28.74,28.77,28.77,1430000.0,investing
2014-06-24,28.76,28.88,28.4,28.46,28.46,1130000.0,investing
2014-06-25,28.4,28.61,28.28,28.58,28.58,435320.0,investing
2014-06-26,28.6,28.6,28.24,28.45,28.45,247890.0,investing
2014-06-27,28.38,28.5,28.35,28.49,28.49,476690.0,investing
2014-06-30,28.56,28.82,28.51,28.8,28.8,297000.0,investing
2014-07-01,28.91,29.31,28.89,29.19,29.19,307040.0,investing
2014-07-02,29.29,29.31,29.18,29.27,29.27,445920.0,investing
2014-07-03,29.37,29.5,29.37,29.45,29.45,316770.0,investing
2014-07-07,29.47,29.47,29.21,29.26,29.26,468000.0,investing
2014-07-08,29.22,29.25,28.82,29.1,29.1,525800.0,investing
2014-07-09,29.08,29.29,28.96,29.28,29.28,382940.0,investing
2014-07-10,28.85,29.25,28.76,29.14,29.14,470950.0,investing
2014-07-11,29.15,29.2,29.02,29.14,29.14,347660.0,investing
2014-07-14,29.3,29.39,29.2,29.28,29.28,937410.0,investing
2014-07-15,29.3,29.38,28.93,29.2,29.2,434570.0,investing
2014-07-16,29.42,29.55,29.37,29.54,29.54,308150.0,investing
2014-07-17,29.23,29.24,28.73,28.77,28.77,1110000.0,investing
2014-07-18,28.89,29.18,28.85,29.15,29.15,605440.0,investing
2014-07-21,29.09,29.3,29.04,29.24,29.24,355390.0,investing
2014-07-22,29.35,29.48,29.29,29.43,29.43,342230.0,investing
2014-07-23,29.28,29.28,28.74,28.75,28.75,797510.0,investing
2014-07-24,28.74,28.74,28.47,28.49,28.49,921550.0,investing
2014-07-25,28.28,28.31,27.86,27.92,27.92,2210000.0,investing
2014-07-28,27.93,27.95,27.56,27.9,27.9,1800000.0,investing
2014-07-29,27.99,28.12,27.84,27.85,27.85,577760.0,investing
2014-07-30,28.09,28.2,27.95,28.12,28.12,1720000.0,investing
2014-07-31,27.8,27.89,27.43,27.55,27.55,2460000.0,investing
2014-08-01,27.5,27.79,27.4,27.64,27.64,587490.0,investing
2014-08-04,27.71,27.84,27.49,27.76,27.76,720740.0,investing
2014-08-05,27.67,27.77,27.37,27.46,27.46,1240000.0,investing
2014-08-06,27.36,27.75,27.32,27.55,27.55,859930.0,investing
2014-08-07,27.72,27.74,27.12,27.18,27.18,879110.0,investing
2014-08-08,27.29,27.53,27.25,27.52,27.52,652420.0,investing
2014-08-11,27.65,27.92,27.64,27.77,27.77,1440000.0,investing
2014-08-12,27.75,27.81,27.51,27.75,27.75,196820.0,investing
2014-08-13,27.79,28.01,27.79,28.01,28.01,407300.0,investing
2014-08-14,28.01,28.11,27.96,28.07,28.07,469120.0,investing
2014-08-15,28.29,28.46,28.04,28.36,28.36,622600.0,investing
2014-08-18,28.46,28.48,28.27,28.47,28.47,488530.0,investing
2014-08-19,28.55,28.72,28.52,28.68,28.68,712260.0,investing
2014-08-20,28.64,28.95,28.64,28.92,28.92,262680.0,investing
2014-08-21,28.9,29.04,28.85,29.03,29.03,409580.0,investing
2014-08-22,29.01,29.17,28.93,29.05,29.05,467430.0,investing
2014-08-25,29.23,29.23,28.89,28.94,28.94,247790.0,investing
2014-08-26,28.97,29.05,28.92,28.95,28.95,153090.0,investing
2014-08-27,28.96,29.02,28.83,29.0,29.0,356610.0,investing
2014-08-28,28.85,29.11,28.81,29.09,29.09,207580.0,investing
2014-08-29,29.26,29.4,29.2,29.31,29.31,241010.0,investing
2014-09-02,29.36,29.42,29.05,29.18,29.18,214310.0,investing
2014-09-03,29.29,29.38,29.2,29.26,29.26,238210.0,investing
2014-09-04,29.34,29.55,29.27,29.34,29.34,270560.0,investing
2014-09-05,29.36,29.59,29.31,29.59,29.59,445240.0,investing
2014-09-08,29.55,29.82,29.55,29.66,29.66,474360.0,investing
2014-09-09,29.67,29.69,29.35,29.39,29.39,190640.0,investing
2014-09-10,29.36,29.43,29.2,29.38,29.38,162150.0,investing
2014-09-11,29.28,29.45,29.16,29.45,29.45,250850.0,investing
2014-09-12,29.42,29.42,29.03,29.09,29.09,624710.0,investing
2014-09-15,29.15,29.16,28.72,28.73,28.73,652530.0,investing
2014-09-16,28.68,29.27,28.67,29.23,29.23,1660000.0,investing
2014-09-17,29.28,29.6,29.25,29.44,29.44,443870.0,investing
2014-09-18,29.56,29.89,29.54,29.89,29.89,355500.0,investing
2014-09-19,30.03,30.04,29.46,29.52,29.52,339100.0,investing
2014-09-22,29.41,29.48,29.1,29.16,29.16,315720.0,investing
2014-09-23,29.02,29.29,28.95,29.07,29.07,632660.0,investing
2014-09-24,29.04,29.36,29.04,29.35,29.35,328990.0,investing
2014-09-25,29.29,29.31,28.72,28.81,28.81,508020.0,investing
2014-09-26,29.04,29.22,28.94,29.15,29.15,828380.0,investing
2014-09-29,28.86,29.28,28.8,29.19,29.19,325720.0,investing
2014-09-30,29.23,29.23,28.84,28.95,28.95,370710.0,investing
2014-10-01,28.89,28.89,28.17,28.24,28.24,1680000.0,investing
2014-10-02,28.24,28.24,27.57,28.07,28.07,584520.0,investing
2014-10-03,28.31,28.44,28.1,28.25,28.25,489580.0,investing
2014-10-06,28.3,28.35,27.82,28.0,28.0,429950.0,investing
2014-10-07,27.91,27.96,27.47,27.47,27.47,1260000.0,investing
2014-10-08,27.53,28.15,27.24,28.09,28.09,439350.0,investing
2014-10-09,28.03,28.03,27.31,27.33,27.33,1310000.0,investing
2014-10-10,26.57,26.57,25.21,25.44,25.44,3950000.0,investing
2014-10-13,25.46,25.77,24.89,24.9,24.9,4430000.0,investing
2014-10-14,25.35,25.83,25.14,25.35,25.35,3030000.0,investing
2014-10-15,24.87,25.67,24.72,25.47,25.47,1980000.0,investing
2014-10-16,25.12,26.04,25.12,25.87,25.87,990370.0,investing
2014-10-17,26.33,26.5,26.02,26.06,26.06,1560000.0,investing
2014-10-20,26.07,26.5,25.88,26.47,26.47,592000.0,investing
2014-10-21,26.78,27.46,26.76,27.45,27.45,1090000.0,investing
2014-10-22,27.66,27.69,27.04,27.05,27.05,2010000.0,investing
2014-10-23,27.41,27.59,27.33,27.44,27.44,709480.0,investing
2014-10-24,27.45,27.79,27.43,27.72,27.72,625040.0,investing
2014-10-27,27.7,27.89,27.49,27.85,27.85,1350000.0,investing
2014-10-28,27.99,28.25,27.9,28.24,28.24,1290000.0,investing
2014-10-29,28.2,28.37,27.98,28.3,28.3,1860000.0,investing
2014-10-30,28.17,28.2,27.61,27.96,27.96,1150000.0,investing
2014-10-31,28.73,29.19,28.73,29.05,29.05,2240000.0,investing
2014-11-03,29.09,29.41,29.05,29.25,29.25,1670000.0,investing
2014-11-04,29.14,29.32,28.93,29.14,29.14,539560.0,investing
2014-11-05,29.36,29.47,29.11,29.44,29.44,762770.0,investing
2014-11-06,29.26,29.37,29.0,29.18,29.18,978120.0,investing
2014-11-07,29.15,29.24,28.69,28.92,28.92,445220.0,investing
2014-11-10,29.0,29.18,28.88,29.13,29.13,326160.0,investing
2014-11-11,29.18,29.18,28.95,29.08,29.08,533590.0,investing
2014-11-12,28.96,29.06,28.88,29.03,29.03,254800.0,investing
2014-11-13,29.13,29.33,28.93,29.04,29.04,186510.0,investing
2014-11-14,28.99,29.31,28.83,29.29,29.29,277600.0,investing
2014-11-17,29.15,29.24,28.92,29.16,29.16,864810.0,investing
2014-11-18,29.21,29.81,29.21,29.73,29.73,456840.0,investing
2014-11-19,29.78,29.78,29.39,29.52,29.52,725750.0,investing
2014-11-20,29.39,29.83,29.26,29.79,29.79,651380.0,investing
2014-11-21,30.11,30.21,29.88,30.12,30.12,1090000.0,investing
2014-11-24,30.18,30.43,30.13,30.41,30.41,533120.0,investing
2014-11-25,30.5,30.51,30.35,30.42,30.42,610360.0,investing
2014-11-26,30.43,31.07,30.43,31.06,31.06,552300.0,investing
2014-11-28,31.12,31.23,30.96,31.15,31.15,333880.0,investing
2014-12-01,31.01,31.17,30.64,30.75,30.75,930330.0,investing
2014-12-02,30.68,30.96,30.56,30.95,30.95,538670.0,investing
2014-12-03,31.1,31.63,31.08,31.6,31.6,1060000.0,investing
2014-12-04,31.69,31.82,31.45,31.62,31.62,741060.0,investing
2014-12-05,31.72,31.95,31.66,31.94,31.94,362060.0,investing
2014-12-08,31.88,32.01,31.3,31.49,31.49,1210000.0,investing
2014-12-09,31.04,31.55,30.96,31.49,31.49,645870.0,investing
2014-12-10,31.32,31.49,30.83,30.89,30.89,667460.0,investing
2014-12-11,31.02,31.41,30.96,31.03,31.03,1840000.0,investing
2014-12-12,30.76,30.96,30.49,30.52,30.52,1190000.0,investing
2014-12-15,30.67,30.97,30.14,30.24,30.24,1100000.0,investing
2014-12-16,30.11,30.67,29.99,30.03,30.03,856020.0,investing
2014-12-17,30.08,30.75,29.88,30.68,30.68,812180.0,investing
2014-12-18,31.18,31.26,30.97,31.26,31.26,627540.0,investing
2014-12-19,31.43,31.43,31.04,31.26,31.26,577460.0,investing
2014-12-22,31.34,31.68,31.3,31.65,31.65,377730.0,investing
2014-12-23,31.78,31.91,31.57,31.58,31.58,982380.0,investing
2014-12-24,31.43,31.5,31.36,31.37,31.37,203470.0,investing
2014-12-26,31.45,31.54,31.37,31.41,31.41,201010.0,investing
2014-12-29,31.39,31.4,31.21,31.32,31.32,204610.0,investing
2014-12-30,31.11,31.27,31.11,31.12,31.12,362790.0,investing
2014-12-31,31.17,31.39,30.94,30.96,30.96,290010.0,investing
2015-01-02,31.1,31.28,30.65,30.94,30.94,663050.0,investing
2015-01-05,30.81,30.86,30.34,30.35,30.35,619440.0,investing
2015-01-06,30.37,30.4,29.59,29.68,29.68,1120000.0,investing
2015-01-07,29.85,30.1,29.67,29.97,29.97,721250.0,investing
2015-01-08,30.27,30.91,30.27,30.86,30.86,633000.0,investing
2015-01-09,30.98,31.0,30.51,30.88,30.88,420940.0,investing
2015-01-12,30.74,30.74,30.14,30.28,30.28,572360.0,investing
2015-01-13,30.5,30.88,29.83,29.99,29.99,520730.0,investing
2015-01-14,29.7,30.11,29.51,29.82,29.82,1240000.0,investing
2015-01-15,30.05,30.21,29.56,29.58,29.58,663030.0,investing
2015-01-16,29.48,29.94,29.35,29.9,29.9,876820.0,investing
2015-01-20,30.06,30.32,29.83,30.21,30.21,395390.0,investing
2015-01-21,30.16,30.69,30.03,30.56,30.56,433630.0,investing
2015-01-22,30.53,30.77,29.96,30.74,30.74,1370000.0,investing
2015-01-23,30.6,30.8,30.51,30.66,30.66,564710.0,investing
2015-01-26,30.59,30.79,30.37,30.72,30.72,353760.0,investing
2015-01-27,30.32,30.45,29.98,30.17,30.17,1060000.0,investing
2015-01-28,30.59,30.83,30.01,30.03,30.03,945860.0,investing
2015-01-29,29.93,30.14,29.49,30.05,30.05,658150.0,investing
2015-01-30,29.71,30.1,29.41,29.46,29.46,1460000.0,investing
2015-02-02,29.51,29.63,28.92,29.53,29.53,927440.0,investing
2015-02-03,29.66,30.07,29.62,30.06,30.06,631070.0,investing
2015-02-04,29.98,30.38,29.97,30.17,30.17,1010000.0,investing
2015-02-05,30.29,30.48,30.13,30.46,30.46,699090.0,investing
2015-02-06,30.51,30.76,30.22,30.3,30.3,1010000.0,investing
2015-02-09,30.25,30.25,29.9,29.98,29.98,1520000.0,investing
2015-02-10,30.35,31.0,30.26,30.99,30.99,1260000.0,investing
2015-02-11,30.99,31.2,30.89,31.09,31.09,965590.0,investing
2015-02-12,31.18,31.6,31.18,31.59,31.59,935510.0,investing
2015-02-13,31.73,31.9,31.54,31.81,31.81,737200.0,investing
2015-02-17,31.8,31.95,31.7,31.91,31.91,2390000.0,investing
2015-02-18,31.87,31.92,31.7,31.83,31.83,458570.0,investing
2015-02-19,31.78,32.01,31.73,31.91,31.91,651640.0,investing
2015-02-20,31.83,32.13,31.75,32.1,32.1,1900000.0,investing
2015-02-23,32.07,32.07,31.79,31.9,31.9,673060.0,investing
2015-02-24,31.9,32.34,31.69,32.33,32.33,842400.0,investing
2015-02-25,32.26,32.34,32.07,32.16,32.16,387960.0,investing
2015-02-26,32.32,32.45,32.21,32.38,32.38,295650.0,investing
2015-02-27,32.38,32.45,32.19,32.29,32.29,350190.0,investing
2015-03-02,32.56,33.19,32.56,33.17,33.17,865770.0,investing
2015-03-03,33.06,33.06,32.52,32.56,32.56,1190000.0,investing
2015-03-04,32.47,32.53,32.15,32.52,32.52,569760.0,investing
2015-03-05,32.63,32.72,32.4,32.54,32.54,733380.0,investing
2015-03-06,32.43,32.48,32.11,32.2,32.2,642730.0,investing
2015-03-09,32.17,32.38,32.14,32.3,32.3,520040.0,investing
2015-03-10,32.09,32.17,31.7,31.7,31.7,1150000.0,investing
2015-03-11,31.86,32.1,31.76,31.77,31.77,356030.0,investing
2015-03-12,31.44,31.77,31.42,31.76,31.76,1170000.0,investing
2015-03-13,31.84,32.03,31.63,31.98,31.98,539180.0,investing
2015-03-16,32.15,32.47,32.11,32.46,32.46,657570.0,investing
2015-03-17,32.23,32.28,32.05,32.23,32.23,439740.0,investing
2015-03-18,32.22,32.62,31.81,32.47,32.47,466380.0,investing
2015-03-19,32.43,32.62,32.39,32.54,32.54,283150.0,investing
2015-03-20,32.78,33.1,32.73,33.0,33.0,462450.0,investing
2015-03-23,33.01,33.05,32.71,32.73,32.73,401230.0,investing
2015-03-24,32.75,32.75,32.43,32.45,32.45,580150.0,investing
2015-03-25,32.34,32.37,30.82,30.86,30.86,1160000.0,investing
2015-03-26,30.14,30.63,29.76,30.43,30.43,1420000.0,investing
2015-03-27,30.45,31.41,30.38,31.3,31.3,1170000.0,investing
2015-03-30,31.5,31.78,31.32,31.7,31.7,1280000.0,investing
2015-03-31,31.56,31.62,31.29,31.34,31.34,409010.0,investing
2015-04-01,31.25,31.27,30.89,31.14,31.14,625350.0,investing
2015-04-02,31.26,31.35,31.04,31.07,31.07,643790.0,investing
2015-04-06,30.77,31.27,30.61,31.2,31.2,1060000.0,investing
2015-04-07,31.21,31.48,31.16,31.22,31.22,1040000.0,investing
2015-04-08,31.15,31.5,31.14,31.4,31.4,876250.0,investing
2015-04-09,31.25,31.85,31.25,31.81,31.81,597620.0,investing
2015-04-10,31.83,31.94,31.79,31.94,31.94,264890.0,investing
2015-04-13,31.98,32.1,31.71,31.75,31.75,436610.0,investing
2015-04-14,31.75,31.75,31.33,31.43,31.43,664160.0,investing
2015-04-15,31.67,32.04,31.63,31.95,31.95,444240.0,investing
2015-04-16,31.64,31.86,31.64,31.81,31.81,523170.0,investing
2015-04-17,31.56,31.56,31.21,31.36,31.36,497700.0,investing
2015-04-20,31.52,31.75,31.51,31.63,31.63,398220.0,investing
2015-04-21,31.98,32.07,31.73,31.84,31.84,454500.0,investing
2015-04-22,32.04,32.3,31.79,32.29,32.29,450760.0,investing
2015-04-23,31.72,31.9,31.55,31.79,31.79,589040.0,investing
2015-04-24,31.73,31.75,31.07,31.27,31.27,630680.0,investing
2015-04-27,31.31,31.68,31.27,31.35,31.35,595080.0,investing
2015-04-28,31.37,31.45,30.94,31.38,31.38,1200000.0,investing
2015-04-29,31.14,31.3,30.88,31.21,31.21,784390.0,investing
2015-04-30,31.15,31.27,30.74,30.94,30.94,2320000.0,investing
2015-05-01,31.22,31.87,31.21,31.8,31.8,1520000.0,investing
2015-05-04,31.87,31.94,31.65,31.73,31.73,662340.0,investing
2015-05-05,31.51,31.59,31.01,31.04,31.04,748050.0,investing
2015-05-06,31.16,31.3,30.78,31.01,31.01,1400000.0,investing
2015-05-07,31.13,31.39,31.13,31.35,31.35,928500.0,investing
2015-05-08,31.6,31.79,31.57,31.66,31.66,656920.0,investing
2015-05-11,31.66,31.8,31.55,31.68,31.68,494960.0,investing
2015-05-12,31.54,31.58,31.25,31.39,31.39,996110.0,investing
2015-05-13,31.56,31.81,31.5,31.59,31.59,393890.0,investing
2015-05-14,31.81,32.08,31.69,31.96,31.96,876260.0,investing
2015-05-15,32.02,32.14,31.88,32.02,32.02,379200.0,investing
2015-05-18,32.06,32.35,31.97,32.33,32.33,625520.0,investing
2015-05-19,32.41,32.57,32.1,32.21,32.21,457150.0,investing
2015-05-20,32.25,32.51,32.14,32.28,32.28,858600.0,investing
2015-05-21,32.26,32.5,32.12,32.45,32.45,460290.0,investing
2015-05-22,32.41,32.63,32.41,32.51,32.51,411130.0,investing
2015-05-26,32.46,32.49,32.12,32.26,32.26,785500.0,investing
2015-05-27,32.36,33.64,32.35,33.53,33.53,1320000.0,investing
2015-05-28,33.56,33.72,33.34,33.56,33.56,1230000.0,investing
2015-05-29,33.67,33.83,33.53,33.69,33.69,1810000.0,investing
2015-06-01,33.8,33.93,33.53,33.71,33.71,1320000.0,investing
2015-06-02,33.61,33.61,33.28,33.33,33.33,938840.0,investing
2015-06-03,33.5,33.53,33.08,33.11,33.11,3600000.0,investing
2015-06-04,32.97,33.08,32.71,32.81,32.81,1790000.0,investing
2015-06-05,32.77,32.91,32.51,32.81,32.81,1310000.0,investing
2015-06-08,32.84,32.84,32.11,32.19,32.19,1370000.0,investing
2015-06-09,32.21,32.26,31.85,32.17,32.17,1650000.0,investing
2015-06-10,32.32,32.69,32.31,32.57,32.57,1310000.0,investing
2015-06-11,32.71,32.73,32.53,32.56,32.56,1610000.0,investing
2015-06-12,32.43,32.43,32.23,32.27,32.27,656950.0,investing
2015-06-15,31.94,32.23,31.78,32.2,32.2,828170.0,investing
2015-06-16,32.14,32.37,32.07,32.29,32.29,679200.0,investing
2015-06-17,32.33,32.45,32.2,32.32,32.32,727150.0,investing
2015-06-18,32.41,32.93,32.41,32.78,32.78,796790.0,investing
2015-06-19,32.86,32.95,32.51,32.61,32.61,1070000.0,investing
2015-06-22,32.88,32.97,32.73,32.89,32.89,899610.0,investing
2015-06-23,32.95,33.0,32.62,32.73,32.73,976610.0,investing
2015-06-24,32.59,32.67,32.29,32.3,32.3,742310.0,investing
2015-06-25,32.38,32.49,32.19,32.27,32.27,973340.0,investing
2015-06-26,31.98,31.98,31.34,31.47,31.47,1830000.0,investing
2015-06-29,31.06,31.28,30.56,30.59,30.59,1570000.0,investing
2015-06-30,30.87,30.93,30.56,30.7,30.7,4370000.0,investing
2015-07-01,31.13,31.18,30.71,30.77,30.77,1440000.0,investing
2015-07-02,30.83,31.01,30.78,30.91,30.91,1000000.0,investing
2015-07-06,30.63,30.91,30.33,30.46,30.46,3060000.0,investing
2015-07-07,30.48,30.48,29.45,30.37,30.37,2890000.0,investing
2015-07-08,29.96,30.04,29.47,29.55,29.55,1990000.0,investing
2015-07-09,30.08,30.15,29.16,29.17,29.17,3780000.0,investing
2015-07-10,29.52,29.81,29.49,29.71,29.71,1490000.0,investing
2015-07-13,29.97,30.02,29.75,29.96,29.96,1100000.0,investing
2015-07-14,30.11,30.35,30.07,30.27,30.27,1010000.0,investing
2015-07-15,30.34,30.34,29.96,30.09,30.09,1080000.0,investing
2015-07-16,30.32,30.32,29.87,30.15,30.15,1660000.0,investing
2015-07-17,30.13,30.13,29.85,30.09,30.09,1540000.0,investing
2015-07-20,30.2,30.25,29.86,29.88,29.88,1100000.0,investing
2015-07-21,29.89,30.15,29.84,29.89,29.89,678680.0,investing
2015-07-22,29.1,29.22,28.82,29.14,29.14,3500000.0,investing
2015-07-23,29.31,29.93,29.31,29.58,29.58,1140000.0,investing
2015-07-24,29.66,29.72,28.95,28.98,28.98,2120000.0,investing
2015-07-27,28.81,28.97,28.47,28.77,28.77,1570000.0,investing
2015-07-28,28.92,29.55,28.69,29.37,29.37,2150000.0,investing
2015-07-29,29.35,29.46,29.09,29.41,29.41,1400000.0,investing
2015-07-30,29.25,29.62,29.17,29.52,29.52,3400000.0,investing
2015-07-31,29.57,29.57,29.13,29.18,29.18,1690000.0,investing
2015-08-03,29.15,29.21,28.93,29.09,29.09,1100000.0,investing
2015-08-04,28.99,29.05,28.58,28.76,28.76,2780000.0,investing
2015-08-05,28.93,29.33,28.92,29.13,29.13,1430000.0,investing
2015-08-06,29.18,29.18,28.39,28.61,28.61,2950000.0,investing
2015-08-07,28.49,28.8,28.46,28.77,28.77,946910.0,investing
2015-08-10,29.02,29.53,28.99,29.48,29.48,1440000.0,investing
2015-08-11,29.19,29.19,28.7,28.82,28.82,2170000.0,investing
2015-08-12,28.47,29.13,28.24,28.99,28.99,2570000.0,investing
2015-08-13,28.98,29.1,28.69,28.75,28.75,903320.0,investing
2015-08-14,28.65,28.65,28.34,28.52,28.52,1230000.0,investing
2015-08-17,28.4,28.81,28.25,28.76,28.76,794330.0,investing
2015-08-18,28.72,28.72,28.17,28.22,28.22,1220000.0,investing
2015-08-19,28.28,28.28,27.78,27.96,27.96,1460000.0,investing
2015-08-20,27.66,27.67,26.9,26.91,26.91,2680000.0,investing
2015-08-21,26.57,26.98,26.18,26.18,26.18,4140000.0,investing
2015-08-24,24.66,26.73,24.29,25.59,25.59,5370000.0,investing
2015-08-25,26.6,26.65,25.34,25.34,25.34,2750000.0,investing
2015-08-26,26.13,26.63,25.63,26.6,26.6,3390000.0,investing
2015-08-27,27.06,27.63,27.03,27.59,27.59,3910000.0,investing
2015-08-28,27.49,27.81,27.49,27.75,27.75,2060000.0,investing
2015-08-31,27.54,27.95,27.4,27.67,27.67,1640000.0,investing
2015-09-01,26.84,27.39,26.57,26.7,26.7,2040000.0,investing
2015-09-02,27.15,27.33,26.85,27.33,27.33,1450000.0,investing
2015-09-03,27.54,27.91,27.46,27.55,27.55,952430.0,investing
2015-09-04,27.17,27.4,26.96,27.07,27.07,998040.0,investing
2015-09-08,27.67,28.28,27.66,28.27,28.27,2250000.0,investing
2015-09-09,28.52,28.72,27.69,27.75,27.75,2600000.0,investing
2015-09-10,27.74,28.13,27.48,27.87,27.87,1710000.0,investing
2015-09-11,27.63,27.91,27.51,27.89,27.89,1900000.0,investing
2015-09-14,28.03,28.1,27.87,27.95,27.95,1590000.0,investing
2015-09-15,28.08,28.39,28.07,28.31,28.31,1240000.0,investing
2015-09-16,28.24,28.4,28.08,28.37,28.37,1430000.0,investing
2015-09-17,28.32,28.6,28.08,28.14,28.14,1960000.0,investing
2015-09-18,27.72,28.01,27.55,27.65,27.65,1840000.0,investing
2015-09-21,27.83,27.92,27.44,27.57,27.57,2060000.0,investing
2015-09-22,27.1,27.18,26.85,26.96,26.96,2840000.0,investing
2015-09-23,26.98,27.12,26.73,26.76,26.76,1440000.0,investing
2015-09-24,26.51,26.88,26.0,26.71,26.71,4150000.000000001,investing
2015-09-25,26.92,27.1,26.45,26.71,26.71,1760000.0,investing
2015-09-28,26.54,26.68,25.96,25.97,25.97,5700000.0,investing
2015-09-29,26.04,26.39,25.86,26.14,26.14,1280000.0,investing
2015-09-30,26.6,27.18,26.56,27.15,27.15,1390000.0,investing
2015-10-01,27.14,27.14,26.36,26.83,26.83,2110000.0,investing
2015-10-02,26.47,27.41,26.46,27.39,27.39,2050000.0,investing
2015-10-05,27.66,28.06,27.57,27.92,27.92,2510000.0,investing
2015-10-06,27.86,28.09,27.51,28.01,28.01,3110000.0,investing
2015-10-07,28.25,28.56,27.91,28.38,28.38,1990000.0,investing
2015-10-08,28.37,28.62,28.12,28.57,28.57,1840000.0,investing
2015-10-09,28.62,28.66,28.22,28.39,28.39,1390000.0,investing
2015-10-12,28.37,28.45,28.24,28.39,28.39,1980000.0,investing
2015-10-13,28.19,28.35,28.02,28.04,28.04,1440000.0,investing
2015-10-14,28.18,29.32,28.11,29.06,29.06,3420000.0,investing
2015-10-15,29.28,29.56,29.09,29.34,29.34,2240000.0,investing
2015-10-16,29.35,29.44,29.16,29.4,29.4,1430000.0,investing
2015-10-19,29.31,29.59,29.17,29.39,29.39,1390000.0,investing
2015-10-20,29.38,29.46,29.2,29.37,29.37,996960.0,investing
2015-10-21,29.66,29.97,29.4,29.41,29.41,1580000.0,investing
2015-10-22,29.89,30.48,29.83,30.43,30.43,2400000.0,investing
2015-10-23,30.7,30.88,30.39,30.8,30.8,3200000.0,investing
2015-10-26,30.66,30.66,30.1,30.25,30.25,3100000.0,investing
2015-10-27,29.98,30.19,29.9,29.98,29.98,3170000.0,investing
2015-10-28,30.2,30.51,30.07,30.43,30.43,3310000.0,investing
2015-10-29,29.84,29.92,29.52,29.61,29.61,1950000.0,investing
2015-10-30,29.72,29.95,29.67,29.85,29.85,1510000.0,investing
2015-11-02,29.93,30.15,29.9,30.11,30.11,1120000.0,investing
2015-11-03,30.01,30.39,30.01,30.27,30.27,1030000.0,investing
2015-11-04,30.29,30.42,30.14,30.35,30.35,1470000.0,investing
2015-11-05,30.22,30.26,29.67,29.72,29.72,2100000.0,investing
2015-11-06,29.96,30.52,29.92,30.5,30.5,1910000.0,investing
2015-11-09,30.43,30.43,30.05,30.21,30.21,1820000.0,investing
2015-11-10,29.88,29.88,29.57,29.66,29.66,2520000.0,investing
2015-11-11,29.73,29.99,29.65,29.68,29.68,1610000.0,investing
2015-11-12,29.52,29.7,29.3,29.3,29.3,2420000.0,investing
2015-11-13,29.29,29.4,28.92,29.03,29.03,1490000.0,investing
2015-11-16,29.02,29.41,29.01,29.39,29.39,1820000.0,investing
2015-11-17,29.43,29.82,29.39,29.59,29.59,2050000.0,investing
2015-11-18,29.63,29.91,29.43,29.88,29.88,2260000.0,investing
2015-11-19,29.95,30.22,29.79,29.95,29.95,1170000.0,investing
2015-11-20,30.08,30.21,29.97,30.05,30.05,598150.0,investing
2015-11-23,29.99,30.0,29.65,29.69,29.69,1170000.0,investing
2015-11-24,29.62,30.1,29.5,30.04,30.04,1680000.0,investing
2015-11-25,30.06,30.21,29.95,30.08,30.08,462270.0,investing
2015-11-27,30.1,30.32,30.1,30.21,30.21,588550.0,investing
2015-11-30,30.25,30.62,30.24,30.54,30.54,1130000.0,investing
2015-12-01,30.73,31.01,30.66,31.01,31.01,1730000.0,investing
2015-12-02,31.12,31.2,30.8,30.86,30.86,999050.0,investing
2015-12-03,31.27,31.31,30.52,30.68,30.68,1850000.0,investing
2015-12-04,30.64,31.29,30.59,31.21,31.21,1250000.0,investing
2015-12-07,31.18,31.18,30.89,30.95,30.95,1500000.0,investing
2015-12-08,30.54,30.78,30.4,30.69,30.69,1610000.0,investing
2015-12-09,30.69,30.72,30.14,30.29,30.29,1360000.0,investing
2015-12-10,30.26,30.69,30.24,30.44,30.44,1130000.0,investing
2015-12-11,30.13,30.23,29.82,29.87,29.87,2220000.0,investing
2015-12-14,29.85,29.97,29.37,29.67,29.67,2590000.0,investing
2015-12-15,29.9,30.24,29.8,30.12,30.12,1520000.0,investing
2015-12-16,30.3,30.41,29.87,30.35,30.35,1260000.0,investing
2015-12-17,30.52,30.6,29.9,29.93,29.93,1060000.0,investing
2015-12-18,29.75,29.84,29.52,29.58,29.58,1940000.0,investing
2015-12-21,29.76,30.12,29.74,30.09,30.09,953030.0,investing
2015-12-22,30.19,30.24,29.9,30.14,30.14,796550.0,investing
2015-12-23,30.17,30.37,30.13,30.35,30.35,1290000.0,investing
2015-12-24,30.25,30.52,30.23,30.4,30.4,506650.0,investing
2015-12-28,30.26,30.28,29.98,30.28,30.28,342890.0,investing
2015-12-29,30.47,30.78,30.38,30.64,30.64,596530.0,investing
2015-12-30,30.63,30.69,30.34,30.36,30.36,1170000.0,investing
2015-12-31,30.24,30.25,29.93,29.95,29.95,776660.0,investing
2016-01-04,29.34,29.6,29.17,29.6,29.6,1020000.0,investing
2016-01-05,29.66,29.72,29.26,29.32,29.32,1330000.0,investing
2016-01-06,28.69,28.82,28.24,28.31,28.31,1540000.0,investing
2016-01-07,27.76,28.16,27.45,27.51,27.51,2030000.0,investing
2016-01-08,27.7,27.81,27.05,27.12,27.12,1470000.0,investing
2016-01-11,27.29,27.46,26.84,27.21,27.21,1000000.0,investing
2016-01-12,27.51,27.7,27.06,27.44,27.44,1070000.0,investing
2016-01-13,27.44,27.65,26.56,26.56,26.56,1760000.0,investing
2016-01-14,26.7,27.25,26.33,27.11,27.11,1290000.0,investing
2016-01-15,26.04,26.23,25.54,25.89,25.89,1660000.0,investing
2016-01-19,26.27,26.49,25.7,25.93,25.93,986070.0,investing
2016-01-20,25.6,26.36,25.38,26.1,26.1,1720000.0,investing
2016-01-21,26.36,26.81,26.12,26.49,26.49,1160000.0,investing
2016-01-22,26.99,27.16,26.81,26.97,26.97,1640000.0,investing
2016-01-25,26.91,26.97,26.54,26.6,26.6,1260000.0,investing
2016-01-26,26.67,27.05,26.59,26.84,26.84,1680000.0,investing
2016-01-27,26.76,27.04,26.43,26.54,26.54,1650000.0,investing
2016-01-28,26.65,26.79,26.26,26.48,26.48,524970.0,investing
2016-01-29,26.7,27.68,26.7,27.68,27.68,1770000.0,investing
2016-02-01,27.46,27.94,27.39,27.8,27.8,1920000.0,investing
2016-02-02,27.5,27.5,26.81,26.88,26.88,1210000.0,investing
2016-02-03,27.24,27.24,26.4,26.95,26.95,1510000.0,investing
2016-02-04,26.95,27.58,26.92,27.41,27.41,1120000.0,investing
2016-02-05,27.29,27.29,26.36,26.47,26.47,2380000.0,investing
2016-02-08,26.03,26.04,25.4,25.81,25.81,3250000.0,investing
2016-02-09,25.49,26.11,25.44,25.66,25.66,859280.0,investing
2016-02-10,25.87,26.09,25.43,25.46,25.46,2620000.0,investing
2016-02-11,25.06,25.41,24.93,25.26,25.26,1260000.0,investing
2016-02-12,25.54,25.85,25.19,25.82,25.82,1210000.0,investing
2016-02-16,26.16,26.86,26.08,26.72,26.72,1280000.0,investing
2016-02-17,26.9,27.41,26.86,27.36,27.36,1130000.0,investing
2016-02-18,27.57,27.59,27.2,27.23,27.23,1020000.0,investing
2016-02-19,27.28,27.51,27.16,27.35,27.35,545540.0,investing
2016-02-22,27.62,27.92,27.62,27.78,27.78,1790000.0,investing
2016-02-23,27.64,27.69,27.29,27.34,27.34,764080.0,investing
2016-02-24,27.02,27.77,26.85,27.71,27.71,1030000.0,investing
2016-02-25,27.8,28.07,27.49,28.04,28.04,1240000.0,investing
2016-02-26,28.29,28.33,28.1,28.22,28.22,921370.0,investing
2016-02-29,28.28,28.65,28.16,28.16,28.16,1170000.0,investing
2016-03-01,28.36,28.95,28.35,28.92,28.92,1160000.0,investing
2016-03-02,28.87,29.11,28.87,29.1,29.1,1030000.0,investing
2016-03-03,29.11,29.2,28.92,29.13,29.13,871380.0,investing
2016-03-04,29.33,29.67,29.11,29.43,29.43,1380000.0,investing
2016-03-07,29.25,29.67,29.15,29.56,29.56,1110000.0,investing
2016-03-08,29.33,29.35,28.85,28.89,28.89,1030000.0,investing
2016-03-09,28.97,29.17,28.88,29.1,29.1,578630.0,investing
2016-03-10,29.28,29.53,28.85,29.24,29.24,2480000.0,investing
2016-03-11,29.56,29.83,29.5,29.8,29.8,656020.0,investing
2016-03-14,29.69,29.83,29.6,29.73,29.73,752320.0,investing
2016-03-15,29.63,29.66,29.41,29.65,29.65,2060000.0,investing
2016-03-16,29.47,29.96,29.47,29.92,29.92,1460000.0,investing
2016-03-17,29.83,30.2,29.78,30.13,30.13,940260.0,investing
2016-03-18,30.17,30.56,30.09,30.52,30.52,1720000.0,investing
2016-03-21,30.42,30.6,30.3,30.56,30.56,671990.0,investing
2016-03-22,30.41,30.67,30.34,30.56,30.56,653050.0,investing
2016-03-23,30.42,30.45,30.06,30.07,30.07,735680.0,investing
2016-03-24,29.88,30.06,29.72,30.05,30.05,602280.0,investing
2016-03-28,30.11,30.15,29.9,30.03,30.03,476140.0,investing
2016-03-29,29.9,30.47,29.76,30.44,30.44,1200000.0,investing
2016-03-30,30.6,30.9,30.59,30.71,30.71,688710.0,investing
2016-03-31,30.67,30.69,30.53,30.54,30.54,536630.0,investing
2016-04-01,30.28,30.76,30.24,30.75,30.75,452960.0,investing
2016-04-04,30.73,30.75,30.42,30.48,30.48,653730.0,investing
2016-04-05,30.29,30.51,30.17,30.31,30.31,541550.0,investing
2016-04-06,30.27,30.62,30.02,30.6,30.6,5240000.0,investing
2016-04-07,30.48,30.48,30.02,30.13,30.13,1110000.0,investing
2016-04-08,30.47,30.55,30.16,30.27,30.27,1180000.0,investing
2016-04-11,30.41,30.71,30.25,30.26,30.26,789210.0,investing
2016-04-12,30.3,30.34,29.83,30.22,30.22,1230000.0,investing
2016-04-13,30.43,30.92,30.41,30.9,30.9,1010000.0,investing
2016-04-14,30.63,30.71,30.35,30.66,30.66,725550.0,investing
2016-04-15,30.59,30.64,30.36,30.4,30.4,1100000.0,investing
2016-04-18,30.29,30.47,30.23,30.4,30.4,980040.0,investing
2016-04-19,30.47,30.5,29.9,30.03,30.03,1290000.0,investing
2016-04-20,29.95,30.45,29.95,30.32,30.32,1110000.0,investing
2016-04-21,30.31,30.31,29.99,30.14,30.14,825200.0,investing
2016-04-22,30.16,30.46,29.95,30.19,30.19,731350.0,investing
2016-04-25,30.1,30.27,29.92,30.01,30.01,1800000.0,investing
2016-04-26,30.24,30.69,30.23,30.41,30.41,1360000.0,investing
2016-04-27,30.11,30.77,30.08,30.72,30.72,1520000.0,investing
2016-04-28,30.56,30.72,29.84,29.92,29.92,1490000.0,investing
2016-04-29,29.8,29.8,28.9,29.13,29.13,2600000.0,investing
2016-05-02,29.2,29.39,28.98,29.35,29.35,1140000.0,investing
2016-05-03,29.05,29.19,28.88,29.01,29.01,3290000.0,investing
2016-05-04,28.8,29.01,28.58,28.68,28.68,2540000.0,investing
2016-05-05,28.85,29.03,28.65,28.75,28.75,1180000.0,investing
2016-05-06,28.63,28.81,28.4,28.79,28.79,1240000.0,investing
2016-05-09,28.85,29.0,28.67,28.76,28.76,974980.0,investing
2016-05-10,28.84,29.11,28.66,29.1,29.1,830200.0,investing
2016-05-11,28.99,29.29,28.99,29.03,29.03,2680000.0,investing
2016-05-12,29.09,29.15,28.28,28.51,28.51,1210000.0,investing
2016-05-13,28.59,28.85,28.53,28.61,28.61,1600000.0,investing
2016-05-16,28.63,29.27,28.53,29.07,29.07,712720.0,investing
2016-05-17,29.03,29.19,28.79,28.88,28.88,623870.0,investing
2016-05-18,28.76,29.58,28.76,29.33,29.33,2000000.0,investing
2016-05-19,29.14,29.39,28.91,29.17,29.17,1390000.0,investing
2016-05-20,29.52,30.08,29.52,30.05,30.05,1680000.0,investing
2016-05-23,30.25,30.53,30.25,30.26,30.26,735910.0,investing
2016-05-24,30.51,31.03,30.47,30.99,30.99,1590000.0,investing
2016-05-25,31.18,31.26,30.93,31.17,31.17,1250000.0,investing
2016-05-26,31.22,31.35,31.14,31.28,31.28,912240.0,investing
2016-05-27,31.25,31.53,31.25,31.47,31.47,861520.0,investing
2016-05-31,31.53,31.69,31.45,31.66,31.66,2140000.0,investing
2016-06-01,31.63,31.86,31.51,31.82,31.82,1310000.0,investing
2016-06-02,31.77,31.83,31.63,31.83,31.83,740730.0,investing
2016-06-03,32.11,32.12,31.74,31.92,31.92,1320000.0,investing
2016-06-06,31.94,32.11,31.8,31.85,31.85,1890000.0,investing
2016-06-07,31.99,32.22,31.98,32.15,32.15,1400000.0,investing
2016-06-08,32.15,32.22,32.04,32.14,32.14,418890.0,investing
2016-06-09,31.93,32.19,31.82,32.18,32.18,1090000.0,investing
2016-06-10,31.85,31.85,31.54,31.65,31.65,1040000.0,investing
2016-06-13,31.45,31.84,31.42,31.49,31.49,1660000.0,investing
2016-06-14,31.38,31.56,31.18,31.48,31.48,1270000.0,investing
2016-06-15,31.64,31.69,31.42,31.47,31.47,706650.0,investing
2016-06-16,31.16,31.49,30.93,31.47,31.47,4070000.000000001,investing
2016-06-17,31.42,31.42,30.98,31.2,31.2,1820000.0,investing
2016-06-20,31.66,31.93,31.53,31.55,31.55,1110000.0,investing
2016-06-21,31.58,31.64,31.44,31.55,31.55,966580.0,investing
2016-06-22,31.6,31.85,31.48,31.52,31.52,919040.0,investing
2016-06-23,31.93,32.34,31.84,32.31,32.31,1100000.0,investing
2016-06-24,30.94,31.44,30.44,30.55,30.55,2660000.0,investing
2016-06-27,30.14,30.14,29.11,29.31,29.31,5310000.0,investing
2016-06-28,29.77,30.14,29.69,30.08,30.08,2740000.0,investing
2016-06-29,30.43,30.78,30.32,30.69,30.69,2350000.0,investing
2016-06-30,30.73,31.25,30.67,31.21,31.21,1580000.0,investing
2016-07-01,30.98,31.06,30.89,30.96,30.96,1340000.0,investing
2016-07-05,30.71,30.71,30.21,30.39,30.39,2580000.0,investing
2016-07-06,30.17,30.48,29.88,30.43,30.43,1730000.0,investing
2016-07-07,30.48,31.03,30.48,30.8,30.8,1180000.0,investing
2016-07-08,31.12,31.68,31.1,31.66,31.66,1080000.0,investing
2016-07-11,31.9,32.15,31.87,32.01,32.01,960830.0,investing
2016-07-12,32.31,32.54,32.25,32.43,32.43,3080000.0,investing
2016-07-13,32.55,32.67,32.42,32.47,32.47,1430000.0,investing
2016-07-14,32.76,32.8,32.5,32.71,32.71,1400000.0,investing
2016-07-15,32.71,32.75,32.57,32.7,32.7,1150000.0,investing
2016-07-18,33.11,33.24,33.02,33.18,33.18,1430000.0,investing
2016-07-19,33.12,33.15,32.96,33.06,33.06,845490.0,investing
2016-07-20,33.25,33.67,33.14,33.59,33.59,1970000.0,investing
2016-07-21,33.62,33.64,33.21,33.35,33.35,1460000.0,investing
2016-07-22,33.24,33.54,33.03,33.52,33.52,1400000.0,investing
2016-07-25,33.51,33.77,33.51,33.71,33.71,710050.0,investing
2016-07-26,34.03,35.17,34.03,35.02,35.02,4410000.0,investing
2016-07-27,35.33,35.34,34.81,35.01,35.01,3430000.0,investing
2016-07-28,34.86,35.05,34.67,34.82,34.82,2500000.0,investing
2016-07-29,34.81,34.93,34.51,34.67,34.67,1020000.0,investing
2016-08-01,34.74,34.82,34.57,34.69,34.69,1480000.0,investing
2016-08-02,34.63,34.63,33.95,34.16,34.16,4520000.0,investing
2016-08-03,33.98,34.21,33.97,34.2,34.2,1250000.0,investing
2016-08-04,34.29,34.54,34.23,34.52,34.52,1220000.0,investing
2016-08-05,34.73,35.0,34.68,34.96,34.96,1240000.0,investing
2016-08-08,35.08,35.17,34.86,34.92,34.92,695710.0,investing
2016-08-09,35.12,35.32,35.06,35.21,35.21,1130000.0,investing
2016-08-10,35.24,35.28,34.82,34.97,34.97,2450000.0,investing
2016-08-11,35.12,35.15,34.92,35.1,35.1,1130000.0,investing
2016-08-12,35.17,35.34,35.13,35.26,35.26,575100.0,investing
2016-08-15,35.34,35.83,35.34,35.74,35.74,683220.0,investing
2016-08-16,35.69,35.69,35.45,35.49,35.49,1880000.0,investing
2016-08-17,35.51,35.51,35.3,35.49,35.49,1780000.0,investing
2016-08-18,35.5,35.75,35.47,35.74,35.74,692900.0,investing
2016-08-19,35.78,36.14,35.78,36.05,36.05,1470000.0,investing
2016-08-22,35.99,36.15,35.91,36.07,36.07,770580.0,investing
2016-08-23,36.23,36.4,36.23,36.24,36.24,825580.0,investing
2016-08-24,36.29,36.32,35.85,35.94,35.94,917710.0,investing
2016-08-25,35.83,36.26,35.83,36.09,36.09,940100.0,investing
2016-08-26,36.15,36.52,36.01,36.25,36.25,932110.0,investing
2016-08-29,36.4,36.53,36.35,36.39,36.39,810750.0,investing
2016-08-30,36.4,36.6,36.19,36.32,36.32,3180000.0,investing
2016-08-31,36.31,36.35,36.1,36.3,36.3,1450000.0,investing
2016-09-01,36.4,36.61,36.12,36.59,36.59,1390000.0,investing
2016-09-02,36.75,36.78,36.38,36.55,36.55,1660000.0,investing
2016-09-06,36.61,36.66,36.28,36.47,36.47,1090000.0,investing
2016-09-07,36.52,36.53,36.12,36.19,36.19,3810000.0,investing
2016-09-08,36.07,36.22,35.91,36.13,36.13,1350000.0,investing
2016-09-09,35.84,35.84,34.74,34.84,34.84,2550000.0,investing
2016-09-12,34.56,35.53,34.44,35.49,35.49,2160000.0,investing
2016-09-13,35.32,35.62,35.0,35.18,35.18,1200000.0,investing
2016-09-14,35.09,35.58,35.04,35.49,35.49,1090000.0,investing
2016-09-15,35.47,36.38,35.43,36.31,36.31,1800000.0,investing
2016-09-16,36.58,36.69,36.04,36.32,36.32,1920000.0,investing
2016-09-19,36.55,36.9,36.24,36.36,36.36,1180000.0,investing
2016-09-20,36.57,36.6,36.11,36.2,36.2,1080000.0,investing
2016-09-21,36.38,36.76,36.22,36.7,36.7,1300000.0,investing
2016-09-22,36.94,37.05,36.71,36.82,36.82,1060000.0,investing
2016-09-23,36.77,36.78,36.4,36.44,36.44,818000.0,investing
2016-09-26,36.03,36.15,35.78,35.93,35.93,1150000.0,investing
2016-09-27,35.85,36.56,35.83,36.55,36.55,1030000.0,investing
2016-09-28,36.69,36.81,36.4,36.63,36.63,840550.0,investing
2016-09-29,36.64,37.31,36.24,37.08,37.08,2580000.0,investing
2016-09-30,37.3,37.91,37.3,37.66,37.66,1370000.0,investing
2016-10-03,37.75,37.92,37.34,37.41,37.41,3630000.0,investing
2016-10-04,37.57,37.68,37.17,37.31,37.31,1020000.0,investing
2016-10-05,37.43,37.85,37.34,37.59,37.59,3850000.0,investing
2016-10-06,37.56,37.84,37.33,37.81,37.81,2600000.0,investing
2016-10-07,37.87,37.87,37.41,37.75,37.75,1380000.0,investing
2016-10-10,37.93,38.07,37.55,37.56,37.56,1210000.0,investing
2016-10-11,37.51,37.51,36.45,36.77,36.77,1870000.0,investing
2016-10-12,36.75,36.76,36.32,36.65,36.65,1570000.0,investing
2016-10-13,36.32,36.32,35.63,36.22,36.22,2080000.0,investing
2016-10-14,36.55,36.92,36.46,36.49,36.49,1370000.0,investing
2016-10-17,36.45,36.65,36.28,36.3,36.3,701080.0,investing
2016-10-18,36.75,36.87,36.65,36.72,36.72,891660.0,investing
2016-10-19,36.4,36.61,36.22,36.57,36.57,1190000.0,investing
2016-10-20,36.5,36.96,36.28,36.82,36.82,2060000.0,investing
2016-10-21,36.53,36.77,36.38,36.73,36.73,1100000.0,investing
2016-10-24,36.92,37.43,36.92,37.4,37.4,711030.0,investing
2016-10-25,37.42,37.54,37.3,37.37,37.37,823440.0,investing
2016-10-26,37.08,37.54,37.05,37.32,37.32,1120000.0,investing
2016-10-27,37.68,37.77,37.09,37.14,37.14,1390000.0,investing
2016-10-28,37.29,37.52,36.88,36.92,36.92,1800000.0,investing
2016-10-31,37.05,37.3,37.05,37.12,37.12,913310.0,investing
2016-11-01,37.13,37.42,36.39,36.79,36.79,1670000.0,investing
2016-11-02,36.81,37.02,36.43,36.55,36.55,2460000.0,investing
2016-11-03,36.56,36.8,36.35,36.48,36.48,1510000.0,investing
2016-11-04,36.27,36.57,36.0,36.25,36.25,1260000.0,investing
2016-11-07,36.93,37.3,36.78,37.27,37.27,4800000.0,investing
2016-11-08,37.26,37.59,37.05,37.35,37.35,1230000.0,investing
2016-11-09,36.51,37.29,36.33,37.17,37.17,3110000.0,investing
2016-11-10,37.39,37.63,36.03,36.37,36.37,6670000.0,investing
2016-11-11,36.78,37.82,36.78,37.76,37.76,2600000.0,investing
2016-11-14,37.95,37.95,37.47,37.57,37.57,1340000.0,investing
2016-11-15,37.72,38.37,37.63,38.27,38.27,1410000.0,investing
2016-11-16,38.2,38.74,38.19,38.71,38.71,1210000.0,investing
2016-11-17,38.86,39.32,38.62,39.13,39.13,1080000.0,investing
2016-11-18,39.01,39.46,39.01,39.41,39.41,1060000.0,investing
2016-11-21,39.53,39.73,39.39,39.67,39.67,1140000.0,investing
2016-11-22,39.88,40.13,39.85,40.1,40.1,1420000.0,investing
2016-11-23,40.11,40.23,39.9,40.15,40.15,1040000.0,investing
2016-11-25,40.22,40.24,40.04,40.22,40.22,412040.0,investing
2016-11-28,40.12,40.28,40.03,40.1,40.1,661480.0,investing
2016-11-29,40.07,40.26,39.83,40.02,40.02,1170000.0,investing
2016-11-30,40.0,40.11,39.78,39.79,39.79,591930.0,investing
2016-12-01,39.76,39.76,37.62,37.85,37.85,3490000.0,investing
2016-12-02,37.8,38.38,37.67,38.32,38.32,3000000.0,investing
2016-12-05,38.65,38.91,38.4,38.78,38.78,1120000.0,investing
2016-12-06,38.89,39.36,38.89,39.32,39.32,1450000.0,investing
2016-12-07,39.3,40.23,39.17,40.13,40.13,1300000.0,investing
2016-12-08,40.24,40.72,40.19,40.48,40.48,1260000.0,investing
2016-12-09,40.81,40.89,40.06,40.34,40.34,1000000.0,investing
2016-12-12,40.18,40.25,39.71,40.03,40.03,2090000.0,investing
2016-12-13,40.17,40.76,40.11,40.49,40.49,1000000.0,investing
2016-12-14,40.51,40.72,40.32,40.46,40.46,1990000.0,investing
2016-12-15,40.62,41.32,40.55,41.15,41.15,2220000.0,investing
2016-12-16,41.39,41.47,40.55,40.73,40.73,1470000.0,investing
2016-12-19,40.84,41.29,40.79,41.13,41.13,1250000.0,investing
2016-12-20,41.55,41.61,41.35,41.53,41.53,2160000.0,investing
2016-12-21,41.52,41.62,41.36,41.43,41.43,787130.0,investing
2016-12-22,41.89,41.9,41.47,41.63,41.63,869560.0,investing
2016-12-23,41.59,41.87,41.52,41.84,41.84,480140.0,investing
2016-12-27,41.93,42.42,41.91,42.36,42.36,1410000.0,investing
2016-12-28,42.6,42.64,41.53,41.56,41.56,1740000.0,investing
2016-12-29,41.37,41.55,41.11,41.55,41.55,1050000.0,investing
2016-12-30,41.7,41.89,40.77,40.91,40.91,3400000.0,investing
2017-01-03,41.05,41.49,40.56,40.91,40.91,2650000.0,investing
2017-01-04,41.11,41.22,40.83,41.02,41.02,1350000.0,investing
2017-01-05,41.04,41.26,40.59,40.67,40.67,941860.0,investing
2017-01-06,40.77,41.11,40.51,40.99,40.99,874970.0,investing
2017-01-09,41.14,41.59,41.11,41.43,41.43,884030.0,investing
2017-01-10,41.46,41.72,41.4,41.63,41.63,690900.0,investing
2017-01-11,41.67,41.78,41.47,41.77,41.77,1630000.0,investing
2017-01-12,41.54,41.65,40.79,41.42,41.42,1350000.0,investing
2017-01-13,41.48,41.79,41.43,41.69,41.69,849460.0,investing
2017-01-17,41.54,41.56,40.88,41.02,41.02,1090000.0,investing
2017-01-18,41.07,41.61,41.03,41.58,41.58,1160000.0,investing
2017-01-19,41.52,41.86,41.37,41.39,41.39,2730000.0,investing
2017-01-20,41.81,42.18,41.76,41.93,41.93,1930000.0,investing
2017-01-23,41.77,41.86,41.35,41.67,41.67,1050000.0,investing
2017-01-24,41.85,42.56,41.79,42.48,42.48,3730000.0,investing
2017-01-25,43.05,43.21,42.71,43.11,43.11,2030000.0,investing
2017-01-26,43.19,43.19,42.68,42.86,42.86,1260000.0,investing
2017-01-27,43.08,43.41,43.08,43.4,43.4,977500.0,investing
2017-01-30,43.2,43.2,42.64,43.18,43.18,1520000.0,investing
2017-01-31,42.93,42.96,42.36,42.62,42.62,1450000.0,investing
2017-02-01,43.08,43.32,42.86,43.3,43.3,1790000.0,investing
2017-02-02,43.0,43.41,42.79,43.28,43.28,1420000.0,investing
2017-02-03,43.52,43.58,43.35,43.5,43.5,869480.0,investing
2017-02-06,43.59,43.69,43.31,43.65,43.65,923130.0,investing
2017-02-07,43.91,43.98,43.59,43.81,43.81,594840.0,investing
2017-02-08,43.94,44.07,43.67,43.9,43.9,771660.0,investing
2017-02-09,44.01,44.02,43.46,43.51,43.51,1360000.0,investing
2017-02-10,43.81,43.81,43.06,43.49,43.49,1550000.0,investing
2017-02-13,43.61,43.87,43.51,43.58,43.58,929340.0,investing
2017-02-14,43.59,43.59,43.19,43.46,43.46,608360.0,investing
2017-02-15,43.58,43.84,43.36,43.79,43.79,703850.0,investing
2017-02-16,43.84,43.94,43.58,43.86,43.86,930560.0,investing
2017-02-17,43.64,44.1,43.49,44.09,44.09,996390.0,investing
2017-02-21,44.24,44.73,44.24,44.71,44.71,2010000.0,investing
2017-02-22,44.63,44.78,44.54,44.72,44.72,674830.0,investing
2017-02-23,44.67,44.67,43.71,44.0,44.0,1780000.0,investing
2017-02-24,43.29,43.97,43.13,43.97,43.97,1570000.0,investing
2017-02-27,43.99,44.4,43.89,44.39,44.39,3660000.0,investing
2017-02-28,44.47,44.47,43.73,43.82,43.82,1300000.0,investing
2017-03-01,44.35,44.56,43.92,44.5,44.5,1320000.0,investing
2017-03-02,44.61,44.72,44.0,44.05,44.05,1290000.0,investing
2017-03-03,44.1,44.13,43.77,44.02,44.02,1290000.0,investing
2017-03-06,43.9,44.12,43.54,44.05,44.05,1600000.0,investing
2017-03-07,43.97,44.43,43.84,44.14,44.14,1620000.0,investing
2017-03-08,44.32,44.61,44.16,44.25,44.25,1760000.0,investing
2017-03-09,44.22,44.41,43.98,44.33,44.33,1020000.0,investing
2017-03-10,44.6,44.93,44.6,44.84,44.84,2140000.0,investing
2017-03-13,44.98,45.19,44.89,45.18,45.18,1150000.0,investing
2017-03-14,45.06,45.09,44.67,45.04,45.04,1070000.0,investing
2017-03-15,45.1,45.48,44.88,45.4,45.4,1110000.0,investing
2017-03-16,45.55,45.56,45.27,45.35,45.35,932700.0,investing
2017-03-17,45.51,45.51,45.3,45.45,45.45,1830000.0,investing
2017-03-20,45.56,45.94,45.41,45.78,45.78,1140000.0,investing
2017-03-21,45.9,45.99,44.62,44.71,44.71,1960000.0,investing
2017-03-22,44.75,45.23,44.6,45.18,45.18,1680000.0,investing
2017-03-23,45.18,45.28,44.95,45.08,45.08,1530000.0,investing
2017-03-24,45.54,45.86,45.12,45.29,45.29,1600000.0,investing
2017-03-27,44.86,45.47,44.67,45.36,45.36,1450000.0,investing
2017-03-28,45.45,45.68,45.23,45.5,45.5,851460.0,investing
2017-03-29,45.52,45.52,45.26,45.39,45.39,1060000.0,investing
2017-03-30,45.42,45.73,45.35,45.63,45.63,831080.0,investing
2017-03-31,45.67,45.86,45.48,45.63,45.63,616540.0,investing
2017-04-03,45.65,45.76,45.05,45.34,45.34,2160000.0,investing
2017-04-04,45.06,45.41,44.98,45.11,45.11,1370000.0,investing
2017-04-05,45.24,45.55,44.77,44.8,44.8,1260000.0,investing
2017-04-06,44.77,44.97,44.41,44.87,44.87,1170000.0,investing
2017-04-07,44.89,45.2,44.76,45.06,45.06,757220.0,investing
2017-04-10,45.07,45.11,44.61,44.72,44.72,810440.0,investing
2017-04-11,44.5,44.51,43.7,44.36,44.36,1600000.0,investing
2017-04-12,44.23,44.29,43.49,43.59,43.59,1700000.0,investing
2017-04-13,43.33,43.96,43.29,43.3,43.3,1310000.0,investing
2017-04-17,43.47,43.87,43.47,43.84,43.84,1330000.0,investing
2017-04-18,43.6,44.07,43.57,44.05,44.05,1330000.0,investing
2017-04-19,44.41,44.68,44.21,44.28,44.28,1700000.0,investing
2017-04-20,44.6,45.06,44.38,44.98,44.98,1670000.0,investing
2017-04-21,44.83,44.88,44.41,44.79,44.79,1920000.0,investing
2017-04-24,45.44,45.58,45.27,45.43,45.43,1480000.0,investing
2017-04-25,45.65,45.96,45.54,45.89,45.89,1270000.0,investing
2017-04-26,45.83,45.92,45.35,45.52,45.52,3500000.0,investing
2017-04-27,45.84,46.22,45.75,46.16,46.16,1100000.0,investing
2017-04-28,46.05,46.05,45.25,45.37,45.37,3130000.0,investing
2017-05-01,45.48,45.83,45.25,45.82,45.82,2070000.0,investing
2017-05-02,45.7,45.7,45.1,45.34,45.34,3400000.0,investing
2017-05-03,45.1,45.56,45.08,45.49,45.49,1140000.0,investing
2017-05-04,45.65,45.65,45.27,45.46,45.46,1220000.0,investing
2017-05-05,45.58,45.64,45.21,45.64,45.64,902200.0,investing
2017-05-08,45.62,45.7,45.37,45.46,45.46,801760.0,investing
2017-05-09,45.52,46.04,45.46,45.91,45.91,1280000.0,investing
2017-05-10,46.48,46.97,46.46,46.88,46.88,2500000.0,investing
2017-05-11,46.85,47.27,46.46,47.05,47.05,2090000.0,investing
2017-05-12,47.12,47.24,46.92,47.19,47.19,573210.0,investing
2017-05-15,47.39,47.95,47.25,47.92,47.92,1120000.0,investing
2017-05-16,48.14,48.62,47.92,48.6,48.6,1070000.0,investing
2017-05-17,48.03,48.13,46.47,46.51,46.51,3090000.0,investing
2017-05-18,46.53,47.51,46.39,47.37,47.37,2100000.0,investing
2017-05-19,47.82,48.06,47.77,47.9,47.9,2680000.0,investing
2017-05-22,48.21,48.44,48.1,48.42,48.42,2000000.0,investing
2017-05-23,48.46,48.47,47.86,48.23,48.23,760090.0,investing
2017-05-24,48.55,48.63,48.32,48.54,48.54,1020000.0,investing
2017-05-25,48.69,48.96,48.47,48.79,48.79,1010000.0,investing
2017-05-26,48.75,49.03,48.47,49.01,49.01,789610.0,investing
2017-05-30,49.01,49.46,48.95,49.34,49.34,1180000.0,investing
2017-05-31,49.69,49.79,49.09,49.33,49.33,1610000.0,investing
2017-06-01,49.52,49.52,49.1,49.38,49.38,1060000.0,investing
2017-06-02,49.69,49.94,49.32,49.88,49.88,1300000.0,investing
2017-06-05,49.87,50.27,49.85,50.0,50.0,986630.0,investing
2017-06-06,49.82,50.51,49.74,50.17,50.17,1240000.0,investing
2017-06-07,50.42,50.74,50.28,50.54,50.54,1260000.0,investing
2017-06-08,50.95,51.48,50.51,51.46,51.46,1620000.0,investing
2017-06-09,51.84,51.98,48.3,49.3,49.3,5100000.0,investing
2017-06-12,48.68,49.2,47.6,49.02,49.02,5280000.0,investing
2017-06-13,49.76,49.83,48.75,49.35,49.35,3220000.0,investing
2017-06-14,49.55,49.55,48.29,48.83,48.83,2110000.0,investing
2017-06-15,48.02,48.6,47.95,48.45,48.45,3530000.0,investing
2017-06-16,48.57,48.81,48.1,48.25,48.25,1590000.0,investing
2017-06-19,48.79,49.25,48.75,49.17,49.17,1460000.0,investing
2017-06-20,49.43,49.49,48.61,48.62,48.62,1190000.0,investing
2017-06-21,48.84,49.2,48.65,49.18,49.18,1390000.0,investing
2017-06-22,49.17,49.29,48.83,49.07,49.07,1300000.0,investing
2017-06-23,49.15,49.49,48.92,49.21,49.21,973080.0,investing
2017-06-26,49.49,49.76,48.53,48.79,48.79,1880000.0,investing
2017-06-27,48.5,48.5,47.35,47.37,47.37,1920000.0,investing
2017-06-28,47.64,48.24,47.19,48.19,48.19,2290000.0,investing
2017-06-29,48.0,48.0,46.35,46.99,46.99,2950000.0,investing
2017-06-30,47.14,47.38,46.53,46.73,46.73,1490000.0,investing
2017-07-03,47.11,47.17,46.08,46.09,46.09,1770000.0,investing
2017-07-05,46.24,47.11,46.24,47.04,47.04,1920000.0,investing
2017-07-06,46.6,47.23,46.38,46.83,46.83,2060000.0,investing
2017-07-07,47.06,47.81,47.06,47.62,47.62,3370000.0,investing
2017-07-10,47.8,48.29,47.5,48.17,48.17,978360.0,investing
2017-07-11,48.04,48.59,48.01,48.57,48.57,965460.0,investing
2017-07-12,49.06,49.45,48.88,49.35,49.35,1680000.0,investing
2017-07-13,49.4,49.72,49.05,49.19,49.19,1530000.0,investing
2017-07-14,49.46,49.88,49.35,49.85,49.85,1230000.0,investing
2017-07-17,50.02,50.04,49.48,49.65,49.65,693400.0,investing
2017-07-18,49.35,49.81,49.17,49.8,49.8,1020000.0,investing
2017-07-19,50.09,50.28,49.92,50.26,50.26,1410000.0,investing
2017-07-20,50.28,50.48,49.87,50.41,50.41,1530000.0,investing
2017-07-21,50.08,50.08,49.73,49.98,49.98,983910.0,investing
2017-07-24,50.05,50.05,49.73,49.83,49.83,1210000.0,investing
2017-07-25,49.73,49.91,49.27,49.79,49.79,1200000.0,investing
2017-07-26,50.23,50.55,50.05,50.33,50.33,2000000.0,investing
2017-07-27,50.48,50.55,48.98,49.57,49.57,2830000.0,investing
2017-07-28,49.34,49.58,49.13,49.38,49.38,1210000.0,investing
2017-07-31,49.38,49.64,48.86,48.99,48.99,1520000.0,investing
2017-08-01,49.14,49.3,48.9,49.3,49.3,1000000.0,investing
2017-08-02,49.58,49.69,48.6,48.94,48.94,1740000.0,investing
2017-08-03,48.91,49.07,48.52,48.76,48.76,1350000.0,investing
2017-08-04,48.79,49.17,48.63,48.78,48.78,1280000.0,investing
2017-08-07,48.9,49.64,48.9,49.62,49.62,949280.0,investing
2017-08-08,49.66,50.05,49.31,49.47,49.47,818680.0,investing
2017-08-09,49.08,49.35,48.86,49.31,49.31,706400.0,investing
2017-08-10,48.99,49.01,47.89,47.93,47.93,1630000.0,investing
2017-08-11,47.71,48.28,47.59,48.2,48.2,1040000.0,investing
2017-08-14,48.78,49.48,48.78,49.43,49.43,1610000.0,investing
2017-08-15,49.64,49.65,49.2,49.55,49.55,531350.0,investing
2017-08-16,49.65,49.84,49.39,49.63,49.63,777930.0,investing
2017-08-17,49.39,49.52,48.35,48.38,48.38,1210000.0,investing
2017-08-18,48.66,48.81,48.21,48.45,48.45,1030000.0,investing
2017-08-21,48.52,48.6,47.79,48.09,48.09,945910.0,investing
2017-08-22,48.51,48.98,48.45,48.88,48.88,1050000.0,investing
2017-08-23,48.42,49.23,48.37,49.09,49.09,1980000.0,investing
2017-08-24,49.29,49.36,48.82,49.1,49.1,1290000.0,investing
2017-08-25,49.28,49.37,48.78,48.86,48.86,684800.0,investing
2017-08-28,48.93,49.02,48.74,49.01,49.01,552540.0,investing
2017-08-29,48.39,49.21,48.37,49.08,49.08,1070000.0,investing
2017-08-30,49.35,50.0,49.17,49.92,49.92,2000000.0,investing
2017-08-31,50.09,50.48,50.02,50.42,50.42,1070000.0,investing
2017-09-01,50.51,50.9,50.51,50.64,50.64,1590000.0,investing
2017-09-05,50.46,50.52,49.52,49.95,49.95,2810000.0,investing
2017-09-06,50.22,50.25,49.79,50.02,50.02,1040000.0,investing
2017-09-07,50.12,50.31,49.89,50.11,50.11,873290.0,investing
2017-09-08,50.08,50.11,49.34,49.52,49.52,1450000.0,investing
2017-09-11,49.9,50.58,49.9,50.46,50.46,1310000.0,investing
2017-09-12,50.53,50.84,50.41,50.69,50.69,742300.0,investing
2017-09-13,50.67,50.91,50.41,50.79,50.79,773990.0,investing
2017-09-14,50.58,51.29,50.57,50.99,50.99,1660000.0,investing
2017-09-15,51.23,51.94,51.13,51.88,51.88,1420000.0,investing
2017-09-18,52.18,52.88,52.18,52.56,52.56,1480000.0,investing
2017-09-19,52.68,52.93,52.4,52.73,52.73,1380000.0,investing
2017-09-20,52.79,52.79,51.3,52.0,52.0,2280000.0,investing
2017-09-21,51.9,51.96,51.33,51.78,51.78,864400.0,investing
2017-09-22,51.64,52.11,51.63,52.04,52.04,742060.0,investing
2017-09-25,51.85,51.85,50.8,51.04,51.04,1800000.0,investing
2017-09-26,51.4,51.4,50.64,50.79,50.79,1470000.0,investing
2017-09-27,51.4,52.23,51.34,52.02,52.02,1170000.0,investing
2017-09-28,51.97,52.43,51.83,52.4,52.4,819920.0,investing
2017-09-29,52.61,52.93,52.35,52.86,52.86,919000.0,investing
2017-10-02,53.09,53.42,52.81,53.21,53.21,1240000.0,investing
2017-10-03,53.27,53.48,53.1,53.36,53.36,536250.0,investing
2017-10-04,53.29,53.48,52.98,53.48,53.48,873860.0,investing
2017-10-05,53.71,53.71,53.22,53.53,53.53,538100.0,investing
2017-10-06,53.33,53.75,53.33,53.74,53.74,742850.0,investing
2017-10-09,53.95,54.19,53.89,54.15,54.15,835390.0,investing
2017-10-10,54.63,54.63,53.91,54.45,54.45,756710.0,investing
2017-10-11,54.42,54.84,54.34,54.82,54.82,859240.0,investing
2017-10-12,54.8,55.01,54.61,54.65,54.65,584530.0,investing
2017-10-13,54.91,55.19,54.76,55.0,55.0,531820.0,investing
2017-10-16,55.17,55.27,54.89,55.26,55.26,543320.0,investing
2017-10-17,55.29,55.29,54.95,55.21,55.21,558950.0,investing
2017-10-18,55.42,55.5,54.67,55.4,55.4,712210.0,investing
2017-10-19,54.97,55.27,54.41,55.26,55.26,1060000.0,investing
2017-10-20,55.69,55.82,55.46,55.54,55.54,1080000.0,investing
2017-10-23,55.81,56.11,55.55,55.82,55.82,899780.0,investing
2017-10-24,55.97,56.26,55.76,56.21,56.21,643430.0,investing
2017-10-25,55.9,56.05,54.9,55.47,55.47,1570000.0,investing
2017-10-26,55.57,55.91,55.49,55.8,55.8,1150000.0,investing
2017-10-27,56.17,57.04,55.93,56.96,56.96,1060000.0,investing
2017-10-30,56.78,57.36,56.78,57.12,57.12,1580000.0,investing
2017-10-31,57.26,57.74,57.1,57.57,57.57,1030000.0,investing
2017-11-01,58.04,58.08,56.86,57.36,57.36,1520000.0,investing
2017-11-02,57.47,57.8,57.03,57.65,57.65,4100000.0,investing
2017-11-03,57.93,58.67,57.45,58.67,58.67,2680000.0,investing
2017-11-06,59.24,59.52,58.81,59.5,59.5,3060000.0,investing
2017-11-07,59.43,59.58,59.04,59.44,59.44,1300000.0,investing
2017-11-08,59.39,59.68,59.15,59.63,59.63,1200000.0,investing
2017-11-09,59.12,59.12,57.72,58.44,58.44,3300000.0,investing
2017-11-10,58.64,58.86,58.48,58.83,58.83,1170000.0,investing
2017-11-13,58.6,59.06,58.52,59.0,59.0,1310000.0,investing
2017-11-14,58.89,59.11,58.51,58.94,58.94,801800.0,investing
2017-11-15,58.53,58.66,57.94,58.41,58.41,1180000.0,investing
2017-11-16,58.66,59.53,58.66,59.28,59.28,1090000.0,investing
2017-11-17,59.63,59.64,58.92,59.02,59.02,1890000.0,investing
2017-11-20,59.36,59.82,59.2,59.73,59.73,1790000.0,investing
2017-11-21,60.12,60.49,60.0,60.41,60.41,3600000.0,investing
2017-11-22,60.62,60.63,59.95,60.04,60.04,1200000.0,investing
2017-11-24,60.3,60.62,60.22,60.58,60.58,557040.0,investing
2017-11-27,60.22,60.22,59.72,59.82,59.82,1690000.0,investing
2017-11-28,60.06,60.06,59.48,59.85,59.85,1970000.0,investing
2017-11-29,59.78,59.8,56.63,57.21,57.21,5580000.0,investing
2017-11-30,57.84,58.12,57.16,57.52,57.52,4290000.0,investing
2017-12-01,56.98,57.24,55.5,56.9,56.9,4880000.0,investing
2017-12-04,57.57,57.64,55.18,55.53,55.53,4890000.0,investing
2017-12-05,55.25,56.59,54.85,55.57,55.57,5340000.0,investing
2017-12-06,55.03,55.85,54.79,55.75,55.75,2170000.0,investing
2017-12-07,56.16,56.47,55.93,56.3,56.3,2920000.0,investing
2017-12-08,56.94,56.97,55.96,56.01,56.01,1970000.0,investing
2017-12-11,56.1,56.49,55.94,56.34,56.34,5250000.0,investing
2017-12-12,56.22,56.22,55.72,55.79,55.79,1310000.0,investing
2017-12-13,55.99,56.28,55.75,55.78,55.78,980250.0,investing
2017-12-14,55.82,56.1,55.59,55.73,55.73,889130.0,investing
2017-12-15,56.02,56.75,55.71,56.6,56.6,3380000.0,investing
2017-12-18,57.29,57.84,57.0,57.81,57.81,3490000.0,investing
2017-12-19,57.7,57.86,57.35,57.65,57.65,2280000.0,investing
2017-12-20,58.25,58.32,57.57,58.07,58.07,1340000.0,investing
2017-12-21,58.26,58.26,57.37,57.45,57.45,1750000.0,investing
2017-12-22,57.25,57.45,57.03,57.42,57.42,877920.0,investing
2017-12-26,56.7,56.9,56.37,56.85,56.85,680030.0,investing
2017-12-27,56.85,57.32,56.78,57.03,57.03,794440.0,investing
2017-12-28,57.21,57.33,57.09,57.19,57.19,788970.0,investing
2017-12-29,57.28,57.28,56.6,56.6,56.6,760610.0,investing
2018-01-02,56.91,58.16,56.84,58.14,58.14,2860000.0,investing
2018-01-03,58.46,59.17,58.32,59.16,59.16,1330000.0,investing
2018-01-04,59.59,59.69,59.01,59.49,59.49,1330000.0,investing
2018-01-05,59.76,60.08,59.41,59.83,59.83,1170000.0,investing
2018-01-08,59.87,60.49,59.68,60.3,60.3,1620000.0,investing
2018-01-09,60.46,60.46,59.64,59.71,59.71,1460000.0,investing
2018-01-10,59.03,59.27,58.52,58.99,58.99,2030000.0,investing
2018-01-11,59.18,59.37,58.94,59.34,59.34,1050000.0,investing
2018-01-12,59.41,59.79,59.19,59.66,59.66,1100000.0,investing
2018-01-16,60.17,60.56,59.51,59.86,59.86,1460000.0,investing
2018-01-17,60.42,61.68,60.36,61.6,61.6,1140000.0,investing
2018-01-18,61.58,62.18,61.5,61.87,61.87,3160000.0,investing
2018-01-19,62.15,62.25,61.57,61.94,61.94,1190000.0,investing
2018-01-22,62.05,62.41,61.76,62.4,62.4,1250000.0,investing
2018-01-23,62.69,62.9,62.46,62.9,62.9,1470000.0,investing
2018-01-24,62.25,62.46,61.02,61.46,61.46,3010000.0,investing
2018-01-25,62.13,62.28,60.39,60.39,60.39,2250000.0,investing
2018-01-26,61.21,62.33,61.18,62.32,62.32,1670000.0,investing
2018-01-29,62.09,62.67,61.49,62.23,62.23,1630000.0,investing
2018-01-30,61.33,61.69,60.91,60.99,60.99,1950000.0,investing
2018-01-31,61.71,61.93,61.15,61.49,61.49,1160000.0,investing
2018-02-01,61.0,62.09,60.91,61.19,61.19,1260000.0,investing
2018-02-02,60.68,60.73,59.51,59.54,59.54,3240000.0,investing
2018-02-05,58.66,59.97,56.57,56.74,56.74,3920000.0,investing
2018-02-06,55.87,58.86,55.74,58.79,58.79,4050000.0,investing
2018-02-07,58.41,58.93,57.52,57.53,57.53,3260000.0,investing
2018-02-08,57.8,57.96,55.07,55.11,55.11,4160000.0,investing
2018-02-09,56.37,57.1,54.39,56.7,56.7,5950000.0,investing
2018-02-12,57.45,58.17,56.92,57.79,57.79,2960000.0,investing
2018-02-13,57.43,57.84,57.24,57.72,57.72,1480000.0,investing
2018-02-14,57.27,59.17,57.16,59.08,59.08,1200000.0,investing
2018-02-15,59.63,59.79,58.39,59.78,59.78,1730000.0,investing
2018-02-16,59.48,60.31,59.48,59.57,59.57,929640.0,investing
2018-02-20,59.38,61.17,59.32,60.62,60.62,2510000.0,investing
2018-02-21,60.95,61.0,59.88,59.92,59.92,1440000.0,investing
2018-02-22,60.27,60.41,59.59,59.79,59.79,1460000.0,investing
2018-02-23,60.43,61.07,60.23,61.07,61.07,1420000.0,investing
2018-02-26,61.43,62.4,61.43,62.39,62.39,1090000.0,investing
2018-02-27,62.41,63.24,62.18,62.18,62.18,1370000.0,investing
2018-02-28,62.62,62.74,61.57,61.63,61.63,1270000.0,investing
2018-03-01,61.84,61.88,59.95,60.65,60.65,2850000.0,investing
2018-03-02,59.97,61.8,59.83,61.68,61.68,1390000.0,investing
2018-03-05,61.35,62.54,61.08,62.24,62.24,1250000.0,investing
2018-03-06,62.83,63.35,62.5,63.17,63.17,1780000.0,investing
2018-03-07,62.52,63.46,62.52,63.38,63.38,1170000.0,investing
2018-03-08,63.75,63.79,63.08,63.43,63.43,1150000.0,investing
2018-03-09,63.94,64.78,63.79,64.75,64.75,1590000.0,investing
2018-03-12,65.23,65.77,65.02,65.44,65.44,1860000.0,investing
2018-03-13,65.84,66.28,64.15,64.43,64.43,4230000.0,investing
2018-03-14,64.78,64.78,63.83,64.42,64.42,1640000.0,investing
2018-03-15,64.59,64.79,64.04,64.37,64.37,1070000.0,investing
2018-03-16,64.46,64.73,64.27,64.34,64.34,1040000.0,investing
2018-03-19,63.76,64.06,62.22,63.12,63.12,2780000.0,investing
2018-03-20,63.25,63.79,63.17,63.58,63.58,760910.0,investing
2018-03-21,63.51,64.52,63.43,63.7,63.7,1380000.0,investing
2018-03-22,62.59,63.24,61.85,61.9,61.9,1750000.0,investing
2018-03-23,61.79,61.92,59.82,59.84,59.84,3850000.0,investing
2018-03-26,61.24,62.35,60.46,62.34,62.34,2400000.0,investing
2018-03-27,62.82,62.99,59.53,60.04,60.04,3220000.0,investing
2018-03-28,59.63,60.18,58.48,58.74,58.74,2980000.0,investing
2018-03-29,59.14,60.59,58.71,60.02,60.02,2500000.0,investing
2018-04-02,59.49,59.93,57.15,57.72,57.72,2380000.0,investing
2018-04-03,58.44,58.98,57.81,58.82,58.82,1670000.0,investing
2018-04-04,57.12,59.73,57.11,59.57,59.57,2020000.0,investing
2018-04-05,59.95,60.02,58.58,58.96,58.96,1730000.0,investing
2018-04-06,58.16,58.79,56.92,57.18,57.18,1180000.0,investing
2018-04-09,57.85,59.2,57.51,57.54,57.54,1110000.0,investing
2018-04-10,58.86,59.73,58.49,59.38,59.38,1980000.0,investing
2018-04-11,59.05,59.93,58.94,59.4,59.4,1230000.0,investing
2018-04-12,59.88,60.69,59.82,60.52,60.52,1910000.0,investing
2018-04-13,61.23,61.34,59.86,60.08,60.08,1290000.0,investing
2018-04-16,60.43,60.51,59.68,60.18,60.18,849430.0,investing
2018-04-17,60.66,61.47,60.54,61.32,61.32,1100000.0,investing
2018-04-18,60.93,61.07,60.18,60.72,60.72,1450000.0,investing
2018-04-19,59.55,59.62,57.89,58.09,58.09,5530000.0,investing
2018-04-20,58.08,58.38,57.15,57.41,57.41,3550000.0,investing
2018-04-23,57.62,57.75,56.5,56.64,56.64,2050000.0,investing
2018-04-24,57.14,57.66,55.69,56.19,56.19,3480000.0,investing
2018-04-25,56.44,56.52,55.23,56.12,56.12,4430000.0,investing
2018-04-26,57.0,57.32,56.64,57.26,57.26,4610000.0,investing
2018-04-27,57.99,58.05,56.58,56.86,56.86,3310000.0,investing
2018-04-30,56.77,57.2,56.0,56.24,56.24,1800000.0,investing
2018-05-01,56.1,57.23,56.03,57.16,57.16,3130000.0,investing
2018-05-02,57.22,57.4,56.67,56.91,56.91,1540000.0,investing
2018-05-03,56.46,57.5,56.03,57.25,57.25,2400000.0,investing
2018-05-04,56.94,58.7,56.68,58.59,58.59,1980000.0,investing
2018-05-07,59.07,59.44,58.86,59.16,59.16,1180000.0,investing
2018-05-08,59.12,59.59,58.89,59.51,59.51,1210000.0,investing
2018-05-09,59.73,60.46,59.6,60.42,60.42,1040000.0,investing
2018-05-10,60.76,61.54,60.72,61.52,61.52,1240000.0,investing
2018-05-11,61.17,61.64,60.96,61.07,61.07,1860000.0,investing
2018-05-14,61.83,62.56,61.7,61.81,61.81,1650000.0,investing
2018-05-15,61.41,61.58,60.7,61.14,61.14,1260000.0,investing
2018-05-16,61.11,62.06,61.11,61.93,61.93,1220000.0,investing
2018-05-17,61.79,62.25,61.29,61.75,61.75,1300000.0,investing
2018-05-18,61.2,61.29,60.65,60.87,60.87,2070000.0,investing
2018-05-21,61.76,62.08,60.94,61.48,61.48,1470000.0,investing
2018-05-22,62.0,62.29,61.61,61.82,61.82,1500000.0,investing
2018-05-23,61.34,62.17,61.08,62.15,62.15,1040000.0,investing
2018-05-24,62.2,62.54,61.63,62.4,62.4,1140000.0,investing
2018-05-25,62.4,63.0,62.3,62.91,62.91,1400000.0,investing
2018-05-29,62.64,63.05,62.09,62.53,62.53,1540000.0,investing
2018-05-30,62.87,63.4,62.62,62.93,62.93,2140000.0,investing
2018-05-31,62.83,63.12,62.38,62.48,62.48,1610000.0,investing
2018-06-01,63.04,63.9,62.81,63.9,63.9,1060000.0,investing
2018-06-04,64.07,64.48,63.83,64.41,64.41,1170000.0,investing
2018-06-05,64.58,64.89,64.33,64.71,64.71,641500.0,investing
2018-06-06,64.79,65.12,64.44,65.12,65.12,1270000.0,investing
2018-06-07,65.19,65.26,64.08,64.54,64.54,2080000.0,investing
2018-06-08,63.81,64.09,63.45,63.97,63.97,2430000.0,investing
2018-06-11,63.87,64.17,63.63,63.84,63.84,1280000.0,investing
2018-06-12,64.01,64.22,63.6,64.17,64.17,932440.0,investing
2018-06-13,64.21,64.76,64.01,64.08,64.08,9160000.0,investing
2018-06-14,64.45,64.77,64.07,64.46,64.46,1640000.0,investing
2018-06-15,64.04,64.48,63.82,64.4,64.4,1120000.0,investing
2018-06-18,63.99,63.99,63.19,63.78,63.78,1680000.0,investing
2018-06-19,62.83,63.13,62.12,63.08,63.08,2630000.0,investing
2018-06-20,63.44,63.71,63.1,63.39,63.39,2010000.0,investing
2018-06-21,63.81,63.84,62.51,62.6,62.6,1250000.0,investing
2018-06-22,62.9,62.94,61.98,62.1,62.1,1120000.0,investing
2018-06-25,61.44,61.44,59.5,60.28,60.28,5440000.0,investing
2018-06-26,60.27,60.58,59.98,60.28,60.28,11000000.0,investing
2018-06-27,60.6,60.74,58.81,58.84,58.84,2360000.0,investing
2018-06-28,58.67,59.42,58.59,59.29,59.29,4070000.000000001,investing
2018-06-29,59.83,60.14,59.41,59.41,59.41,1280000.0,investing
2018-07-02,58.9,59.8,58.45,59.79,59.79,2100000.0,investing
2018-07-03,60.04,60.13,58.64,58.7,58.7,1140000.0,investing
2018-07-05,59.22,60.28,59.22,60.27,60.27,1340000.0,investing
2018-07-06,60.26,61.11,59.94,61.01,61.01,2260000.0,investing
2018-07-09,61.62,61.64,60.68,61.4,61.4,1360000.0,investing
2018-07-10,61.51,62.18,61.42,62.05,62.05,1400000.0,investing
2018-07-11,61.05,61.41,60.4,60.45,60.45,2000000.0,investing
2018-07-12,60.3,60.94,59.92,60.86,60.86,2270000.0,investing
2018-07-13,61.03,61.03,60.55,60.64,60.64,803140.0,investing
2018-07-16,60.73,60.96,60.51,60.56,60.56,612700.0,investing
2018-07-17,60.15,61.45,60.05,61.43,61.43,4140000.0,investing
2018-07-18,61.7,62.01,61.5,61.9,61.9,923420.0,investing
2018-07-19,61.78,62.01,61.36,61.76,61.76,871350.0,investing
2018-07-20,61.7,61.82,61.16,61.47,61.47,871930.0,investing
2018-07-23,61.16,61.66,60.36,61.56,61.56,1000000.0,investing
2018-07-24,61.94,62.24,60.8,60.89,60.89,1880000.0,investing
2018-07-25,60.86,61.17,60.08,61.12,61.12,16250000.0,investing
2018-07-26,61.52,62.35,61.52,62.31,62.31,7300000.0,investing
2018-07-27,62.35,62.91,61.58,62.03,62.03,5190000.0,investing
2018-07-30,62.01,62.18,61.12,61.43,61.43,2500000.0,investing
2018-07-31,61.84,62.7,61.72,61.83,61.83,2270000.0,investing
2018-08-01,61.89,62.39,61.48,61.74,61.74,3730000.0,investing
2018-08-02,61.19,62.43,60.97,62.35,62.35,2250000.0,investing
2018-08-03,62.39,62.54,62.1,62.48,62.48,1340000.0,investing
2018-08-06,62.36,62.87,62.02,62.86,62.86,778200.0,investing
2018-08-07,63.16,63.4,62.92,63.36,63.36,9880000.0,investing
2018-08-08,63.37,63.63,63.12,63.5,63.5,1120000.0,investing
2018-08-09,63.22,63.31,62.86,62.88,62.88,2220000.0,investing
2018-08-10,61.57,61.84,61.03,61.32,61.32,3250000.0,investing
2018-08-13,61.43,61.94,61.33,61.41,61.41,1690000.0,investing
2018-08-14,61.77,61.86,61.23,61.28,61.28,1610000.0,investing
2018-08-15,60.76,61.01,59.81,60.43,60.43,3070000.0,investing
2018-08-16,60.83,60.92,60.19,60.36,60.36,1420000.0,investing
2018-08-17,59.82,60.07,59.01,59.91,59.91,2200000.0,investing
2018-08-20,59.99,60.21,59.18,59.85,59.85,957150.0,investing
2018-08-21,60.04,61.18,60.03,61.02,61.02,2550000.0,investing
2018-08-22,60.89,61.39,60.52,61.31,61.31,1440000.0,investing
2018-08-23,61.28,61.83,61.28,61.38,61.38,1850000.0,investing
2018-08-24,61.65,62.3,61.64,62.27,62.27,1690000.0,investing
2018-08-27,62.77,63.73,62.64,63.26,63.26,17870000.0,investing
2018-08-28,63.59,63.77,62.89,63.5,63.5,1620000.0,investing
2018-08-29,63.5,63.86,63.28,63.67,63.67,4280000.0,investing
2018-08-30,63.52,63.76,63.01,63.1,63.1,1810000.0,investing
2018-08-31,63.01,63.54,63.01,63.44,63.44,1100000.0,investing
2018-09-04,63.21,63.98,63.07,63.95,63.95,1290000.0,investing
2018-09-05,63.89,64.06,63.1,63.64,63.64,1580000.0,investing
2018-09-06,63.4,63.45,61.89,61.95,61.95,1490000.0,investing
2018-09-07,61.84,62.59,61.55,61.7,61.7,8400000.0,investing
2018-09-10,62.14,62.37,61.77,62.35,62.35,951130.0,investing
2018-09-11,62.1,62.18,61.42,61.75,61.75,1740000.0,investing
2018-09-12,60.95,61.06,59.7,61.03,61.03,2110000.0,investing
2018-09-13,61.71,62.5,61.51,61.73,61.73,2160000.0,investing
2018-09-14,62.09,62.67,61.91,62.42,62.42,1980000.0,investing
2018-09-17,62.19,62.36,61.48,61.55,61.55,1530000.0,investing
2018-09-18,61.8,62.46,61.8,62.08,62.08,1310000.0,investing
2018-09-19,62.11,62.48,61.92,62.18,62.18,1110000.0,investing
2018-09-20,62.67,63.17,62.58,62.93,62.93,1450000.0,investing
2018-09-21,62.99,63.23,62.6,62.76,62.76,1710000.0,investing
2018-09-24,62.26,63.01,62.13,62.98,62.98,833370.0,investing
2018-09-25,62.83,62.83,61.81,61.98,61.98,1470000.0,investing
2018-09-26,61.42,61.79,61.0,61.07,61.07,1050000.0,investing
2018-09-27,61.26,61.54,61.08,61.3,61.3,1060000.0,investing
2018-09-28,61.23,61.9,61.04,61.68,61.68,2380000.0,investing
2018-10-01,62.0,62.4,61.75,61.9,61.9,1030000.0,investing
2018-10-02,61.73,62.75,61.73,61.9,61.9,2020000.0,investing
2018-10-03,62.17,62.39,61.4,61.95,61.95,1990000.0,investing
2018-10-04,61.53,61.63,60.33,60.86,60.86,1920000.0,investing
2018-10-05,60.87,60.93,58.86,59.42,59.42,2440000.0,investing
2018-10-08,58.93,59.47,58.25,58.75,58.75,2150000.0,investing
2018-10-09,58.43,58.98,58.32,58.69,58.69,1610000.0,investing
2018-10-10,57.92,57.96,56.05,56.1,56.1,6060000.0,investing
2018-10-11,55.99,57.21,55.1,55.54,55.54,4370000.0,investing
2018-10-12,57.04,57.35,55.72,56.55,56.55,4860000.0,investing
2018-10-15,56.3,56.71,55.88,56.08,56.08,3880000.0,investing
2018-10-16,56.71,57.99,56.64,57.91,57.91,1960000.0,investing
2018-10-17,58.33,58.45,57.28,57.68,57.68,2430000.0,investing
2018-10-18,57.44,57.45,56.03,56.24,56.24,4060000.0,investing
2018-10-19,56.58,56.91,55.16,55.39,55.39,3380000.0,investing
2018-10-22,55.68,56.06,55.22,55.73,55.73,3920000.0,investing
2018-10-23,54.28,55.75,53.67,55.44,55.44,4300000.0,investing
2018-10-24,54.52,54.52,51.71,51.81,51.81,9220000.0,investing
2018-10-25,52.1,53.37,52.02,52.96,52.96,9230000.0,investing
2018-10-26,51.81,52.96,51.2,52.04,52.04,3910000.0,investing
2018-10-29,53.1,53.34,50.53,51.5,51.5,4420000.0,investing
2018-10-30,51.35,53.69,51.35,53.64,53.64,2500000.0,investing
2018-10-31,54.47,54.74,53.84,54.32,54.32,3500000.0,investing
2018-11-01,54.71,57.0,54.67,56.87,56.87,3510000.0,investing
2018-11-02,56.62,56.92,55.32,56.01,56.01,3240000.0,investing
2018-11-05,55.93,55.93,54.57,55.5,55.5,2410000.0,investing
2018-11-06,55.38,56.37,55.38,56.15,56.15,1180000.0,investing
2018-11-07,56.89,56.97,56.17,56.79,56.79,1830000.0,investing
2018-11-08,56.34,57.0,56.08,56.63,56.63,1710000.0,investing
2018-11-09,55.99,56.04,55.07,55.55,55.55,1690000.0,investing
2018-11-12,54.61,54.72,52.9,53.07,53.07,2250000.0,investing
2018-11-13,53.51,54.87,53.51,53.8,53.8,2410000.0,investing
2018-11-14,54.31,54.82,53.52,54.04,54.04,3720000.0,investing
2018-11-15,53.76,56.06,53.74,55.87,55.87,4990000.0,investing
2018-11-16,53.84,55.44,53.83,55.19,55.19,4490000.0,investing
2018-11-19,54.92,55.08,53.03,53.08,53.08,2580000.0,investing
2018-11-20,51.57,53.84,51.51,53.15,53.15,3120000.0,investing
2018-11-21,53.74,54.16,53.35,53.37,53.37,2260000.0,investing
2018-11-23,52.96,53.82,52.93,53.4,53.4,1490000.0,investing
2018-11-26,54.11,54.37,53.59,54.37,54.37,1910000.0,investing
2018-11-27,54.07,54.91,53.8,54.45,54.45,2010000.0,investing
2018-11-28,55.07,55.74,53.98,55.72,55.72,1680000.0,investing
2018-11-29,55.58,55.85,55.17,55.31,55.31,2870000.0,investing
2018-11-30,55.28,56.09,54.76,56.08,56.08,1840000.0,investing
2018-12-03,57.77,57.98,56.99,57.56,57.56,2340000.0,investing
2018-12-04,57.1,57.23,54.73,54.8,54.8,2080000.0,investing
2018-12-06,53.27,54.52,53.0,54.52,54.52,5350000.0,investing
2018-12-07,54.44,54.52,52.19,52.49,52.49,1960000.0,investing
2018-12-10,52.31,53.41,52.17,53.16,53.16,1610000.0,investing
2018-12-11,54.11,54.76,53.2,53.5,53.5,2490000.0,investing
2018-12-12,54.38,55.1,53.94,54.26,54.26,1400000.0,investing
2018-12-13,54.67,54.94,53.92,54.15,54.15,1340000.0,investing
2018-12-14,53.52,54.44,53.34,53.38,53.38,1360000.0,investing
2018-12-17,53.19,53.97,52.25,52.58,52.58,1180000.0,investing
2018-12-18,53.02,54.1,53.01,53.27,53.27,2520000.0,investing
2018-12-19,52.98,53.58,50.79,51.01,51.01,3020000.0,investing
2018-12-20,50.98,51.81,49.98,50.65,50.65,3260000.0,investing
2018-12-21,50.98,51.56,49.66,49.79,49.79,2780000.0,investing
2018-12-24,49.36,49.91,48.33,48.33,48.33,2640000.0,investing
2018-12-26,49.13,51.23,48.26,51.23,51.23,4230000.0,investing
2018-12-27,50.45,51.58,49.84,51.57,51.57,2700000.0,investing
2018-12-28,51.83,52.88,51.53,51.94,51.94,1010000.0,investing
2018-12-31,52.48,52.71,51.76,52.3,52.3,2210000.0,investing
2019-01-02,51.23,53.11,51.18,52.64,52.64,2290000.0,investing
2019-01-03,51.44,51.76,49.55,49.57,49.57,3070000.0,investing
2019-01-04,50.5,51.99,50.32,51.81,51.81,2540000.0,investing
2019-01-07,51.96,53.27,51.74,52.76,52.76,1680000.0,investing
2019-01-08,53.33,53.33,51.86,52.53,52.53,1530000.0,investing
2019-01-09,53.01,54.11,53.01,53.88,53.88,2300000.0,investing
2019-01-10,53.35,54.45,53.31,54.36,54.36,1260000.0,investing
2019-01-11,54.12,55.39,53.95,54.94,54.94,1290000.0,investing
2019-01-14,54.32,54.42,53.77,54.05,54.05,853670.0,investing
2019-01-15,54.19,54.79,53.98,54.21,54.21,881990.0,investing
2019-01-16,54.3,54.63,53.71,53.71,53.71,856650.0,investing
2019-01-17,53.34,54.63,53.04,54.21,54.21,3130000.0,investing
2019-01-18,54.78,55.95,54.61,55.62,55.62,1570000.0,investing
2019-01-22,55.08,55.08,53.62,54.02,54.02,2130000.0,investing
2019-01-23,54.32,54.54,53.16,53.64,53.64,2110000.0,investing
2019-01-24,54.86,56.95,54.84,56.75,56.75,5950000.0,investing
2019-01-25,56.98,58.17,56.58,57.93,57.93,3130000.0,investing
2019-01-28,55.82,57.24,55.64,56.79,56.79,2450000.0,investing
2019-01-29,56.79,56.97,55.87,55.97,55.97,4400000.0,investing
2019-01-30,56.97,57.79,56.32,57.59,57.59,3140000.0,investing
2019-01-31,57.47,58.08,57.03,57.56,57.56,1480000.0,investing
2019-02-01,57.63,58.53,57.6,58.25,58.25,1510000.0,investing
2019-02-04,58.22,58.55,57.8,58.55,58.55,627740.0,investing
2019-02-05,58.5,59.1,58.39,58.81,58.81,1300000.0,investing
2019-02-06,59.54,60.88,59.54,60.4,60.4,2580000.0,investing
2019-02-07,59.66,59.93,58.57,59.09,59.09,3460000.0,investing
2019-02-08,58.27,59.11,57.95,58.98,58.98,1880000.0,investing
2019-02-11,59.12,59.43,58.8,59.27,59.27,741540.0,investing
2019-02-12,60.0,60.68,59.92,60.53,60.53,2020000.0,investing
2019-02-13,60.83,61.19,60.54,60.72,60.72,906700.0,investing
2019-02-14,60.51,61.33,60.45,60.88,60.88,1000000.0,investing
2019-02-15,61.37,61.53,60.87,61.2,61.2,742470.0,investing
2019-02-19,60.92,61.51,60.84,61.11,61.11,1180000.0,investing
2019-02-20,61.26,62.02,61.26,61.63,61.63,1040000.0,investing
2019-02-21,61.64,61.78,61.0,61.18,61.18,1150000.0,investing
2019-02-22,61.66,61.92,61.42,61.83,61.83,880760.0,investing
2019-02-25,62.76,63.08,62.3,62.34,62.34,2360000.0,investing
2019-02-26,62.17,62.42,61.76,61.95,61.95,865490.0,investing
2019-02-27,61.7,61.7,60.54,61.21,61.21,2980000.0,investing
2019-02-28,60.95,61.42,60.75,61.25,61.25,1240000.0,investing
2019-03-01,61.83,62.09,61.15,61.79,61.79,1430000.0,investing
2019-03-04,62.22,62.43,61.03,61.8,61.8,1760000.0,investing
2019-03-05,61.63,61.91,61.28,61.56,61.56,1330000.0,investing
2019-03-06,61.39,61.54,60.5,60.54,60.54,1410000.0,investing
2019-03-07,60.3,60.3,59.48,59.89,59.89,2990000.0,investing
2019-03-08,58.85,59.89,58.64,59.84,59.84,1490000.0,investing
2019-03-11,60.14,61.52,60.07,61.23,61.23,1990000.0,investing
2019-03-12,61.45,61.82,60.93,61.46,61.46,1970000.0,investing
2019-03-13,61.88,62.23,61.66,61.71,61.71,1230000.0,investing
2019-03-14,61.74,62.03,61.37,61.37,61.37,1780000.0,investing
2019-03-15,62.11,63.64,62.09,63.15,63.15,3950000.0,investing
2019-03-18,63.29,63.61,62.65,63.05,63.05,2700000.0,investing
2019-03-19,63.48,64.06,63.48,63.87,63.87,1990000.0,investing
2019-03-20,63.73,64.06,62.71,63.1,63.1,2510000.0,investing
2019-03-21,63.16,65.71,63.16,65.28,65.28,2800000.0,investing
2019-03-22,65.01,65.1,63.39,63.44,63.44,4420000.0,investing
2019-03-25,62.99,63.58,62.12,62.65,62.65,2940000.0,investing
2019-03-26,63.53,63.81,62.77,63.25,63.25,3840000.0,investing
2019-03-27,63.32,63.53,61.88,62.36,62.36,3970000.0,investing
2019-03-28,62.46,63.02,61.82,62.26,62.26,1390000.0,investing
2019-03-29,63.0,63.33,62.82,63.18,63.18,1730000.0,investing
2019-04-01,64.11,64.83,63.88,64.76,64.76,1960000.0,investing
2019-04-02,64.79,65.01,64.47,64.85,64.85,1460000.0,investing
2019-04-03,65.64,66.88,65.62,66.29,66.29,3220000.0,investing
2019-04-04,66.2,66.84,66.07,66.43,66.43,1620000.0,investing
2019-04-05,66.83,66.94,66.43,66.91,66.91,1220000.0,investing
2019-04-08,66.62,67.14,66.48,67.07,67.07,1380000.0,investing
2019-04-09,66.68,66.68,66.02,66.37,66.37,1480000.0,investing
2019-04-10,66.29,67.1,66.24,66.88,66.88,1270000.0,investing
2019-04-11,67.06,67.31,66.66,66.83,66.83,935540.0,investing
2019-04-12,67.45,67.8,67.24,67.75,67.75,1030000.0,investing
2019-04-15,67.86,67.86,66.89,67.25,67.25,1770000.0,investing
2019-04-16,67.68,69.46,67.68,69.4,69.4,3220000.0,investing
2019-04-17,70.83,71.41,70.0,70.55,70.55,3280000.0,investing
2019-04-18,70.67,70.76,70.23,70.56,70.56,1080000.0,investing
2019-04-22,70.34,70.71,69.92,70.51,70.51,912200.0,investing
2019-04-23,70.9,71.5,70.74,71.24,71.24,2010000.0,investing
2019-04-24,71.28,72.67,71.25,71.9,71.9,2030000.0,investing
2019-04-25,71.66,71.76,70.04,70.63,70.63,2070000.0,investing
2019-04-26,69.29,70.08,68.61,70.05,70.05,3380000.0,investing
2019-04-29,70.08,70.23,69.63,69.97,69.97,2680000.0,investing
2019-04-30,69.81,70.64,69.81,70.52,70.52,3090000.0,investing
2019-05-01,71.1,71.53,69.88,69.96,69.96,4020000.0,investing
2019-05-02,69.92,71.41,69.75,70.63,70.63,3420000.0,investing
2019-05-03,71.06,71.2,70.33,71.18,71.18,2270000.0,investing
2019-05-06,68.7,70.05,68.55,70.02,70.02,2260000.0,investing
2019-05-07,69.1,69.26,67.52,68.3,68.3,3240000.0,investing
2019-05-08,67.74,68.78,67.59,67.72,67.72,3100000.0,investing
2019-05-09,66.67,67.27,65.45,66.97,66.97,2980000.0,investing
2019-05-10,66.36,67.43,65.45,67.07,67.07,3900000.0,investing
2019-05-13,64.83,65.23,63.63,63.93,63.93,4860000.0,investing
2019-05-14,64.73,65.75,64.42,65.4,65.4,2950000.0,investing
2019-05-15,64.73,66.36,64.66,65.91,65.91,5170000.0,investing
2019-05-16,64.99,65.56,64.46,64.87,64.87,7000000.0,investing
2019-05-17,63.83,65.11,63.33,63.6,63.6,5020000.0,investing
2019-05-20,61.53,62.04,60.63,61.07,61.07,4640000.0,investing
2019-05-21,62.29,62.65,61.8,62.32,62.32,5170000.0,investing
2019-05-22,61.12,61.63,60.81,61.0,61.0,3250000.0,investing
2019-05-23,59.93,60.08,59.07,60.05,60.05,3730000.0,investing
2019-05-24,60.34,60.79,59.47,59.53,59.53,2270000.0,investing
2019-05-28,59.87,60.07,58.88,59.02,59.02,2390000.0,investing
2019-05-29,58.53,59.51,58.36,59.23,59.23,4240000.0,investing
2019-05-30,59.38,60.21,59.25,59.73,59.73,2000000.0,investing
2019-05-31,58.98,59.81,58.8,58.84,58.84,3330000.0,investing
2019-06-03,59.51,60.14,58.68,58.98,58.98,2990000.0,investing
2019-06-04,60.1,61.56,59.59,61.56,61.56,3160000.0,investing
2019-06-05,62.08,62.24,60.32,61.12,61.12,3270000.0,investing
2019-06-06,61.21,62.18,60.99,61.96,61.96,957050.0,investing
2019-06-07,62.23,62.79,62.02,62.66,62.66,1470000.0,investing
2019-06-10,63.44,64.97,63.44,64.19,64.19,3910000.0,investing
2019-06-11,65.38,65.51,63.96,64.45,64.45,3400000.0,investing
2019-06-12,63.76,63.84,62.86,62.95,62.95,1450000.0,investing
2019-06-13,63.4,63.53,62.82,63.25,63.25,1140000.0,investing
2019-06-14,61.4,61.93,61.24,61.66,61.66,2080000.0,investing
2019-06-17,61.4,61.62,60.93,60.95,60.95,1070000.0,investing
2019-06-18,61.6,64.03,61.6,63.59,63.59,2850000.0,investing
2019-06-19,64.03,64.13,63.35,63.72,63.72,1430000.0,investing
2019-06-20,64.94,65.23,63.96,64.25,64.25,3370000.0,investing
2019-06-21,64.03,64.52,63.77,63.89,63.89,1330000.0,investing
2019-06-24,63.97,64.26,63.8,63.95,63.95,2120000.0,investing
2019-06-25,64.11,64.34,63.01,63.07,63.07,1420000.0,investing
2019-06-26,64.48,65.45,64.37,65.11,65.11,1760000.0,investing
2019-06-27,65.43,66.38,65.43,66.05,66.05,1560000.0,investing
2019-06-28,66.59,66.72,65.99,66.14,66.14,2530000.0,investing
2019-07-01,69.02,69.59,67.35,67.8,67.8,4800000.0,investing
2019-07-02,67.6,67.67,66.65,66.96,66.96,1380000.0,investing
2019-07-03,66.95,67.0,66.15,66.65,66.65,737850.0,investing
2019-07-05,65.78,66.32,65.52,66.27,66.27,934190.0,investing
2019-07-08,65.67,65.95,65.34,65.76,65.76,581380.0,investing
2019-07-09,65.38,66.27,65.21,66.17,66.17,1350000.0,investing
2019-07-10,66.89,67.63,66.59,66.7,66.7,1420000.0,investing
2019-07-11,67.0,67.14,66.48,66.89,66.89,2580000.0,investing
2019-07-12,67.06,68.17,67.06,68.1,68.1,1320000.0,investing
2019-07-15,68.42,68.96,68.31,68.7,68.7,684240.0,investing
2019-07-16,68.38,68.52,67.61,67.97,67.97,1130000.0,investing
2019-07-17,68.36,68.48,67.93,68.17,68.17,786990.0,investing
2019-07-18,68.15,69.32,68.15,69.16,69.16,1050000.0,investing
2019-07-19,69.42,69.72,69.01,69.08,69.08,1310000.0,investing
2019-07-22,69.38,70.5,69.38,70.4,70.4,2730000.0,investing
2019-07-23,70.81,71.3,70.5,71.3,71.3,1300000.0,investing
2019-07-24,71.8,73.61,71.8,73.48,73.48,2440000.0,investing
2019-07-25,72.95,72.99,72.03,72.24,72.24,1850000.0,investing
2019-07-26,72.76,72.76,72.17,72.22,72.22,626270.0,investing
2019-07-29,72.1,72.49,71.49,72.42,72.42,2040000.0,investing
2019-07-30,71.71,72.41,71.43,72.26,72.26,789620.0,investing
2019-07-31,71.71,71.82,69.16,69.86,69.86,1370000.0,investing
2019-08-01,69.56,71.56,67.89,68.48,68.48,2580000.0,investing
2019-08-02,67.79,68.38,66.87,67.47,67.47,2330000.0,investing
2019-08-05,65.49,65.55,63.97,64.56,64.56,2510000.0,investing
2019-08-06,65.63,66.21,64.65,65.38,65.38,1480000.0,investing
2019-08-07,64.34,66.0,64.34,65.79,65.79,2180000.0,investing
2019-08-08,66.41,67.64,65.97,67.62,67.62,2170000.0,investing
2019-08-09,66.9,67.18,65.98,66.44,66.44,1890000.0,investing
2019-08-12,65.75,66.33,65.28,65.57,65.57,1180000.0,investing
2019-08-13,65.57,68.08,65.13,67.5,67.5,2210000.0,investing
2019-08-14,65.94,66.46,65.09,65.43,65.43,2770000.0,investing
2019-08-15,65.79,65.97,64.74,65.31,65.31,968490.0,investing
2019-08-16,65.99,67.23,65.99,67.05,67.05,1510000.0,investing
2019-08-19,68.65,68.9,67.98,68.28,68.28,4560000.0,investing
2019-08-20,68.26,68.44,67.66,68.03,68.03,732890.0,investing
2019-08-21,68.59,68.93,68.29,68.58,68.58,700340.0,investing
2019-08-22,68.73,68.97,67.87,68.63,68.63,5990000.0,investing
2019-08-23,67.74,68.22,65.42,65.6,65.6,1700000.0,investing
2019-08-26,66.6,66.7,65.9,66.16,66.16,998540.0,investing
2019-08-27,66.64,66.97,65.6,65.91,65.91,1290000.0,investing
2019-08-28,65.67,66.48,65.2,66.33,66.33,726140.0,investing
2019-08-29,67.5,68.33,67.35,67.92,67.92,3750000.0,investing
2019-08-30,68.58,68.86,67.94,68.24,68.24,1010000.0,investing
2019-09-03,67.49,67.77,66.73,67.12,67.12,2830000.0,investing
2019-09-04,68.15,68.97,68.15,68.92,68.92,1390000.0,investing
2019-09-05,70.41,71.88,70.21,71.04,71.04,2040000.0,investing
2019-09-06,71.23,71.43,70.76,71.23,71.23,1270000.0,investing
2019-09-09,71.52,72.09,71.22,71.49,71.49,962360.0,investing
2019-09-10,71.27,71.81,70.71,71.81,71.81,1290000.0,investing
2019-09-11,72.23,72.93,71.77,72.89,72.89,1420000.0,investing
2019-09-12,73.62,73.77,72.63,73.05,73.05,1720000.0,investing
2019-09-13,73.15,73.26,72.57,72.91,72.91,1310000.0,investing
2019-09-16,72.36,72.74,71.75,72.44,72.44,840780.0,investing
2019-09-17,72.31,72.69,71.86,72.6,72.6,668480.0,investing
2019-09-18,72.68,72.73,71.66,72.73,72.73,655000.0,investing
2019-09-19,72.82,73.05,72.24,72.25,72.25,1060000.0,investing
2019-09-20,72.45,72.45,70.67,70.92,70.92,1950000.0,investing
2019-09-23,70.91,72.1,70.86,71.76,71.76,2120000.0,investing
2019-09-24,71.73,71.97,69.88,70.26,70.26,1180000.0,investing
2019-09-25,69.9,71.67,69.29,71.44,71.44,1030000.0,investing
2019-09-26,71.43,71.74,70.82,71.53,71.53,1080000.0,investing
2019-09-27,71.15,71.29,69.29,69.85,69.85,2080000.0,investing
2019-09-30,70.16,70.6,69.85,70.47,70.47,1080000.0,investing
2019-10-01,70.96,71.86,69.62,69.81,69.81,1820000.0,investing
2019-10-02,69.43,69.45,68.34,68.79,68.79,1330000.0,investing
2019-10-03,68.86,70.02,67.98,70.0,70.0,1610000.0,investing
2019-10-04,70.36,71.27,70.21,71.16,71.16,1220000.0,investing
2019-10-07,71.12,71.44,70.71,70.75,70.75,1220000.0,investing
2019-10-08,69.84,70.03,68.48,68.56,68.56,2050000.0,investing
2019-10-09,69.44,70.15,69.3,69.68,69.68,1410000.0,investing
2019-10-10,69.75,71.12,69.75,70.36,70.36,1120000.0,investing
2019-10-11,71.67,72.85,71.64,72.02,72.02,1950000.0,investing
2019-10-14,71.97,72.12,71.61,72.01,72.01,1110000.0,investing
2019-10-15,72.45,73.73,72.33,73.59,73.59,1330000.0,investing
2019-10-16,73.17,73.51,72.34,72.55,72.55,1760000.0,investing
2019-10-17,73.38,73.57,72.27,72.67,72.67,1290000.0,investing
2019-10-18,72.54,72.77,71.26,71.9,71.9,944350.0,investing
2019-10-21,72.6,73.32,72.42,73.32,73.32,1300000.0,investing
2019-10-22,73.53,73.57,72.68,72.68,72.68,1190000.0,investing
2019-10-23,71.34,71.96,70.84,71.28,71.28,1600000.0,investing
2019-10-24,72.24,73.11,72.15,73.04,73.04,1950000.0,investing
2019-10-25,73.28,74.64,73.24,74.57,74.57,1860000.0,investing
2019-10-28,75.12,75.98,75.01,75.92,75.92,1170000.0,investing
2019-10-29,75.99,76.5,75.14,75.14,75.14,1160000.0,investing
2019-10-30,75.71,75.73,74.67,75.16,75.16,1070000.0,investing
2019-10-31,75.04,75.04,73.81,74.78,74.78,866480.0,investing
2019-11-01,75.49,76.5,75.14,76.5,76.5,1990000.0,investing
2019-11-04,77.47,78.28,77.45,78.2,78.2,2000000.0,investing
2019-11-05,78.44,78.88,78.02,78.25,78.25,1100000.0,investing
2019-11-06,78.1,78.12,76.93,77.72,77.72,1640000.0,investing
2019-11-07,78.88,79.05,77.87,78.19,78.19,1490000.0,investing
2019-11-08,77.89,78.64,77.43,78.59,78.59,1050000.0,investing
2019-11-11,77.92,78.38,77.63,78.26,78.26,836370.0,investing
2019-11-12,78.46,79.03,78.12,78.42,78.42,1440000.0,investing
2019-11-13,77.99,78.7,77.61,78.51,78.51,929780.0,investing
2019-11-14,78.09,78.31,77.65,78.25,78.25,976990.0,investing
2019-11-15,79.28,79.63,78.6,78.96,78.96,977470.0,investing
2019-11-18,78.96,79.27,78.4,78.78,78.78,804700.0,investing
2019-11-19,79.15,79.27,77.96,78.39,78.39,732720.0,investing
2019-11-20,78.02,78.41,76.87,77.47,77.47,1420000.0,investing
2019-11-21,76.93,77.32,76.3,76.64,76.64,2090000.0,investing
2019-11-22,76.86,77.28,76.38,76.56,76.56,1030000.0,investing
2019-11-25,77.29,78.47,77.29,78.4,78.4,1230000.0,investing
2019-11-26,78.27,78.39,77.75,78.1,78.1,2140000.0,investing
2019-11-27,78.42,78.68,78.32,78.67,78.67,775230.0,investing
2019-11-29,78.4,78.4,77.72,77.82,77.82,614970.0,investing
2019-12-02,77.9,77.98,76.46,76.63,76.63,1640000.0,investing
2019-12-03,74.98,75.52,74.62,75.44,75.44,2040000.0,investing
2019-12-04,76.48,76.97,76.41,76.63,76.63,1080000.0,investing
2019-12-05,77.16,77.33,76.68,77.02,77.02,1480000.0,investing
2019-12-06,77.97,78.36,77.83,78.13,78.13,1000000.0,investing
2019-12-09,78.31,78.38,77.76,77.77,77.77,520340.00000000006,investing
2019-12-10,78.18,78.61,77.81,78.1,78.1,530490.0,investing
2019-12-11,78.31,79.82,78.25,79.7,79.7,1460000.0,investing
2019-12-12,79.58,82.0,79.58,81.86,81.86,2200000.0,investing
2019-12-13,81.91,82.75,81.13,81.5,81.5,1740000.0,investing
2019-12-16,82.11,82.7,81.93,81.99,81.99,2100000.0,investing
2019-12-17,82.44,82.52,81.93,82.36,82.36,974210.0,investing
2019-12-18,82.53,82.53,82.02,82.32,82.32,967750.0,investing
2019-12-19,82.65,82.98,82.25,82.98,82.98,1060000.0,investing
2019-12-20,83.56,83.97,83.17,83.77,83.77,1040000.0,investing
2019-12-23,84.43,84.47,83.93,84.04,84.04,1360000.0,investing
2019-12-24,84.23,84.25,83.75,84.18,84.18,504280.0,investing
2019-12-26,84.53,84.53,83.96,84.27,84.27,654070.0,investing
2019-12-27,84.62,84.62,83.82,84.11,84.11,1100000.0,investing
2019-12-30,84.09,84.09,82.9,83.47,83.47,1120000.0,investing
2019-12-31,83.04,83.74,83.0,83.7,83.7,604390.0,investing
2020-01-02,84.75,85.43,84.33,85.43,85.43,1280000.0,investing
2020-01-03,84.11,84.57,83.65,83.84,83.84,1230000.0,investing
2020-01-06,82.78,83.23,82.42,82.96,82.96,1620000.0,investing
2020-01-07,84.0,84.82,83.5,84.49,84.49,1190000.0,investing
2020-01-08,84.66,84.98,84.05,84.41,84.41,1300000.0,investing
2020-01-09,85.59,85.59,84.15,84.95,84.95,640090.0,investing
2020-01-10,85.49,85.49,84.21,84.45,84.45,1950000.0,investing
2020-01-13,85.04,85.56,84.78,85.44,85.44,951920.0,investing
2020-01-14,85.67,86.35,85.18,85.63,85.63,896830.0,investing
2020-01-15,85.75,85.79,84.37,84.72,84.72,1520000.0,investing
2020-01-16,85.37,86.09,85.31,86.06,86.06,1710000.0,investing
2020-01-17,86.58,86.71,86.03,86.71,86.71,1020000.0,investing
2020-01-21,86.37,86.96,86.29,86.66,86.66,1650000.0,investing
2020-01-22,87.29,88.21,87.04,87.24,87.24,1250000.0,investing
2020-01-23,87.57,87.98,86.78,87.9,87.9,1080000.0,investing
2020-01-24,89.18,89.31,86.36,86.97,86.97,1630000.0,investing
2020-01-27,84.5,84.67,83.48,83.65,83.65,3210000.0,investing
2020-01-28,84.59,85.89,84.12,85.59,85.59,2410000.0,investing
2020-01-29,85.28,85.5,83.96,84.01,84.01,1240000.0,investing
2020-01-30,83.55,84.26,82.37,84.02,84.02,1740000.0,investing
2020-01-31,83.25,83.31,80.63,81.02,81.02,2160000.0,investing
2020-02-03,81.27,82.13,81.21,81.93,81.93,1720000.0,investing
2020-02-04,84.11,84.61,83.69,84.49,84.49,2470000.0,investing
2020-02-05,86.1,86.58,85.16,86.43,86.43,2010000.0,investing
2020-02-06,86.4,86.53,85.44,86.48,86.48,1070000.0,investing
2020-02-07,85.47,85.62,84.34,84.44,84.44,1550000.0,investing
2020-02-10,83.66,85.67,83.66,85.63,85.63,1210000.0,investing
2020-02-11,86.46,87.86,86.46,87.36,87.36,1130000.0,investing
2020-02-12,88.33,88.83,88.25,88.7,88.7,1560000.0,investing
2020-02-13,87.97,89.37,87.86,88.8,88.8,1680000.0,investing
2020-02-14,89.49,89.79,88.06,88.5,88.5,1370000.0,investing
2020-02-18,87.16,87.5,86.7,87.36,87.36,2420000.0,investing
2020-02-19,88.47,89.73,88.47,89.57,89.57,1580000.0,investing
2020-02-20,89.29,89.52,86.97,88.27,88.27,2300000.0,investing
2020-02-21,87.65,87.73,85.3,85.64,85.64,2480000.0,investing
2020-02-24,81.62,82.79,81.0,81.54,81.54,3790000.0,investing
2020-02-25,82.63,82.76,78.64,79.11,79.11,5130000.0,investing
2020-02-26,79.76,80.96,78.73,79.22,79.22,4540000.0,investing
2020-02-27,76.86,78.44,75.42,75.56,75.56,4170000.0,investing
2020-02-28,72.93,77.77,72.71,77.26,77.26,4790000.0,investing
2020-03-02,78.63,80.0,76.1,80.0,80.0,4140000.0,investing
2020-03-03,80.36,81.4,76.67,77.18,77.18,2730000.0,investing
2020-03-04,78.89,81.13,77.73,81.13,81.13,3360000.0,investing
2020-03-05,79.12,80.72,78.03,78.68,78.68,3550000.0,investing
2020-03-06,76.29,77.69,75.11,76.96,76.96,4850000.0,investing
2020-03-09,70.82,74.26,70.0,70.39,70.39,6080000.0,investing
2020-03-10,73.33,75.08,70.7,75.01,75.01,3860000.0,investing
2020-03-11,72.64,73.69,70.03,70.81,70.81,2270000.0,investing
2020-03-12,65.86,68.56,62.94,63.04,63.04,5860000.0,investing
2020-03-13,66.8,70.06,63.05,69.81,69.81,4420000.0,investing
2020-03-16,62.67,65.62,58.55,59.18,59.18,4820000.0,investing
2020-03-17,60.75,65.0,58.11,64.38,64.38,4080000.0,investing
2020-03-18,60.1,62.26,55.93,59.09,59.09,4130000.0,investing
2020-03-19,58.01,62.5,56.79,60.61,60.61,2950000.0,investing
2020-03-20,62.82,63.92,58.59,58.89,58.89,2940000.0,investing
2020-03-23,59.54,61.97,58.1,60.99,60.99,2790000.0,investing
2020-03-24,64.82,67.78,64.62,67.59,67.59,5750000.0,investing
2020-03-25,67.95,70.17,65.52,66.48,66.48,2500000.0,investing
2020-03-26,68.22,71.24,67.6,70.95,70.95,3300000.0,investing
2020-03-27,68.71,69.71,67.2,67.43,67.43,2500000.0,investing
2020-03-30,68.13,69.98,67.63,69.77,69.77,3340000.0,investing
2020-03-31,69.78,70.96,67.81,68.4,68.4,4350000.0,investing
2020-04-01,66.15,67.74,63.97,64.66,64.66,2940000.0,investing
2020-04-02,64.1,66.74,63.97,66.59,66.59,3540000.0,investing
2020-04-03,66.48,67.33,64.47,65.33,65.33,3110000.0,investing
2020-04-06,68.16,72.32,68.16,71.99,71.99,5010000.0,investing
2020-04-07,74.51,74.79,71.65,71.73,71.73,6700000.0,investing
2020-04-08,72.94,74.41,71.92,74.13,74.13,3920000.0,investing
2020-04-09,75.19,75.77,71.82,72.53,72.53,6790000.0,investing
2020-04-13,72.25,73.57,71.67,73.35,73.35,3970000.0,investing
2020-04-14,75.13,76.73,74.95,76.73,76.73,5870000.0,investing
2020-04-15,75.12,75.12,73.75,74.45,74.45,3620000.0,investing
2020-04-16,75.8,76.7,74.79,76.54,76.54,3340000.0,investing
2020-04-17,77.89,78.04,76.18,77.13,77.13,2770000.0,investing
2020-04-20,75.97,77.1,75.36,75.46,75.46,2710000.0,investing
2020-04-21,74.28,74.66,71.53,71.76,71.76,3650000.0,investing
2020-04-22,74.1,76.46,73.72,76.1,76.1,3340000.0,investing
2020-04-23,76.11,76.89,75.08,75.34,75.34,2930000.0,investing
2020-04-24,75.29,77.08,74.66,76.91,76.91,2890000.0,investing
2020-04-27,77.9,78.71,77.58,77.94,77.94,3210000.0,investing
2020-04-28,79.39,79.79,77.45,77.53,77.53,4090000.0,investing
2020-04-29,78.91,81.54,78.76,81.21,81.21,3980000.0,investing
2020-04-30,80.87,80.97,78.21,78.35,78.35,5170000.0,investing
2020-05-01,76.29,76.7,74.17,74.53,74.53,6030000.0,investing
2020-05-04,73.82,75.24,73.52,75.15,75.15,3380000.0,investing
2020-05-05,76.55,77.83,75.95,76.41,76.41,4510000.0,investing
2020-05-06,77.24,78.54,77.12,77.35,77.35,4410000.0,investing
2020-05-07,78.71,79.01,77.65,78.04,78.04,2830000.0,investing
2020-05-08,78.86,80.43,78.64,80.35,80.35,3890000.0,investing
2020-05-11,79.59,80.99,79.45,80.27,80.27,3500000.0,investing
2020-05-12,80.81,81.08,78.07,78.14,78.14,3760000.0,investing
2020-05-13,78.52,78.88,75.47,76.63,76.63,6890000.0,investing
2020-05-14,75.98,78.76,74.7,78.68,78.68,6520000.0,investing
2020-05-15,76.05,77.32,75.58,77.06,77.06,5660000.0,investing
2020-05-18,78.89,81.03,78.89,80.6,80.6,4940000.0,investing
2020-05-19,80.61,82.19,80.3,80.33,80.33,4310000.0,investing
2020-05-20,81.99,83.84,81.99,83.29,83.29,3790000.0,investing
2020-05-21,83.32,83.38,81.06,81.2,81.2,3810000.0,investing
2020-05-22,81.28,81.69,80.27,81.56,81.56,2460000.0,investing
2020-05-26,83.74,84.14,82.3,82.41,82.41,4310000.0,investing
2020-05-27,82.67,83.68,80.33,83.68,83.68,5300000.0,investing
2020-05-28,83.07,84.19,81.41,81.86,81.86,4470000.0,investing
2020-05-29,82.13,84.18,81.87,83.95,83.95,6280000.0,investing
2020-06-01,83.52,83.89,82.76,83.5,83.5,2780000.0,investing
2020-06-02,83.74,85.37,83.35,85.3,85.3,3160000.0,investing
2020-06-03,86.57,88.17,86.55,87.77,87.77,1780000.0,investing
2020-06-04,87.43,89.22,87.16,88.57,88.57,1950000.0,investing
2020-06-05,90.68,92.05,90.26,90.74,90.74,2880000.0,investing
2020-06-08,91.28,91.42,89.66,90.55,90.55,2530000.0,investing
2020-06-09,89.64,90.94,89.24,90.62,90.62,1960000.0,investing
2020-06-10,91.22,91.8,90.57,90.94,90.94,2580000.0,investing
2020-06-11,88.63,88.92,85.07,85.16,85.16,3990000.0,investing
2020-06-12,87.34,88.06,84.4,86.32,86.32,4610000.0,investing
2020-06-15,84.24,87.43,83.95,87.3,87.3,2130000.0,investing
2020-06-16,89.86,90.43,87.41,89.0,89.0,3390000.0,investing
2020-06-17,89.85,90.5,89.16,89.69,89.69,1370000.0,investing
2020-06-18,89.57,90.01,89.13,89.53,89.53,1340000.0,investing
2020-06-19,90.65,90.93,88.85,89.09,89.09,2270000.0,investing
2020-06-22,89.0,89.96,88.14,89.75,89.75,1290000.0,investing
2020-06-23,90.62,91.01,89.91,90.07,90.07,1180000.0,investing
2020-06-24,89.58,90.05,87.41,88.09,88.09,1970000.0,investing
2020-06-25,87.99,88.9,86.64,88.72,88.72,1380000.0,investing
2020-06-26,88.83,88.92,86.84,87.06,87.06,1640000.0,investing
2020-06-29,87.08,88.04,85.99,88.01,88.01,2670000.0,investing
2020-06-30,88.41,90.63,88.34,90.29,90.29,4090000.0,investing
2020-07-01,90.37,90.41,89.05,89.13,89.13,1910000.0,investing
2020-07-02,90.51,91.06,89.95,90.22,90.22,1790000.0,investing
2020-07-06,92.0,92.96,91.71,92.61,92.61,2310000.0,investing
2020-07-07,92.41,92.98,91.37,91.51,91.51,1890000.0,investing
2020-07-08,92.21,92.83,91.49,92.75,92.75,1610000.0,investing
2020-07-09,93.2,94.55,91.78,93.98,93.98,2010000.0,investing
2020-07-10,94.23,94.35,92.76,93.67,93.67,965980.0,investing
2020-07-13,94.99,96.02,91.95,92.13,92.13,2950000.0,investing
2020-07-14,91.48,93.88,90.28,93.65,93.65,3120000.0,investing
2020-07-15,94.4,94.4,92.05,93.49,93.49,2250000.0,investing
2020-07-16,92.4,93.44,91.99,93.14,93.14,1340000.0,investing
2020-07-17,93.44,93.99,93.15,93.61,93.61,1340000.0,investing
2020-07-20,93.76,95.72,93.15,95.46,95.46,1780000.0,investing
2020-07-21,96.16,96.29,94.58,94.97,94.97,1600000.0,investing
2020-07-22,95.23,96.01,94.51,95.28,95.28,1240000.0,investing
2020-07-23,95.33,96.08,93.0,93.83,93.83,2010000.0,investing
2020-07-24,92.17,93.67,90.92,92.35,92.35,2720000.0,investing
2020-07-27,93.52,95.27,93.45,95.23,95.23,2320000.0,investing
2020-07-28,94.53,94.66,93.2,93.39,93.39,1820000.0,investing
2020-07-29,94.22,95.7,94.12,95.31,95.31,1450000.0,investing
2020-07-30,95.04,97.28,95.01,97.19,97.19,2720000.0,investing
2020-07-31,97.43,97.48,95.32,96.8,96.8,1920000.0,investing
2020-08-03,97.39,98.79,97.37,98.55,98.55,1650000.0,investing
2020-08-04,98.55,100.09,98.5,100.0,100.0,1450000.0,investing
2020-08-05,99.84,100.34,99.2,99.9,99.9,1740000.0,investing
2020-08-06,99.82,100.01,98.83,99.84,99.84,1100000.0,investing
2020-08-07,99.73,100.1,97.53,98.73,98.73,1360000.0,investing
2020-08-10,99.03,99.15,97.3,98.73,98.73,1330000.0,investing
2020-08-11,98.62,99.64,97.4,97.7,97.7,2120000.0,investing
2020-08-12,98.53,101.12,98.21,100.86,100.86,1950000.0,investing
2020-08-13,100.86,100.96,99.36,99.85,99.85,1520000.0,investing
2020-08-14,100.17,100.96,99.44,99.79,99.79,1090000.0,investing
2020-08-17,100.62,101.39,100.39,100.92,100.92,928570.0,investing
2020-08-18,101.49,101.56,100.1,100.38,100.38,1020000.0,investing
2020-08-19,100.51,100.69,99.51,99.81,99.81,1200000.0,investing
2020-08-20,98.67,99.38,98.19,98.93,98.93,1900000.0,investing
2020-08-21,98.73,99.67,98.36,99.6,99.6,1240000.0,investing
2020-08-24,100.75,100.99,99.85,100.63,100.63,1040000.0,investing
2020-08-25,100.83,101.69,100.63,101.61,101.61,1090000.0,investing
2020-08-26,101.84,102.3,101.42,101.94,101.94,1020000.0,investing
2020-08-27,102.38,102.38,100.14,100.78,100.78,1660000.0,investing
2020-08-28,100.9,102.68,100.72,102.64,102.64,1710000.0,investing
2020-08-31,102.57,103.27,101.75,102.41,102.41,1010000.0,investing
2020-09-01,103.23,104.51,102.69,104.44,104.44,1420000.0,investing
2020-09-02,106.09,108.09,105.07,107.47,107.47,2970000.0,investing
2020-09-03,105.74,105.98,100.77,101.47,101.47,3920000.0,investing
2020-09-04,100.8,102.15,96.84,100.42,100.42,3470000.0,investing
2020-09-08,96.81,98.59,95.59,95.73,95.73,3040000.0,investing
2020-09-09,98.15,99.15,96.86,98.33,98.33,1910000.0,investing
2020-09-10,99.66,99.96,96.43,97.0,97.0,1910000.0,investing
2020-09-11,97.68,98.69,95.92,96.97,96.97,1520000.0,investing
2020-09-14,98.92,99.53,98.15,98.91,98.91,1160000.0,investing
2020-09-15,100.27,101.31,100.09,100.62,100.62,1260000.0,investing
2020-09-16,101.34,101.46,99.52,99.68,99.68,1220000.0,investing
2020-09-17,97.14,99.79,96.8,99.63,99.63,1710000.0,investing
2020-09-18,100.08,100.34,96.79,98.07,98.07,1210000.0,investing
2020-09-21,96.22,97.89,95.39,97.89,97.89,2330000.0,investing
2020-09-22,98.52,99.04,96.8,98.9,98.9,1100000.0,investing
2020-09-23,98.57,99.1,95.91,96.27,96.27,1900000.0,investing
2020-09-24,95.47,98.43,95.4,97.08,97.08,2350000.0,investing
2020-09-25,97.25,98.73,95.8,98.42,98.42,1610000.0,investing
2020-09-28,99.81,101.23,99.17,101.13,101.13,1840000.0,investing
2020-09-29,101.21,102.31,101.06,101.36,101.36,1920000.0,investing
2020-09-30,101.3,102.54,100.94,101.54,101.54,1950000.0,investing
2020-10-01,102.92,103.91,102.44,103.71,103.71,2050000.0,investing
2020-10-02,101.03,102.7,100.46,100.6,100.6,2010000.0,investing
2020-10-05,101.52,103.84,101.38,103.74,103.74,1540000.0,investing
2020-10-06,103.83,105.74,102.83,103.25,103.25,1890000.0,investing
2020-10-07,104.72,105.55,104.7,105.23,105.23,1250000.0,investing
2020-10-08,106.19,106.75,105.86,106.53,106.53,979820.0,investing
2020-10-09,108.07,108.71,107.66,108.4,108.4,1970000.0,investing
2020-10-12,109.84,110.57,109.29,110.01,110.01,1590000.0,investing
2020-10-13,110.2,110.75,109.32,109.82,109.82,2300000.0,investing
2020-10-14,110.27,110.61,108.75,109.37,109.37,1560000.0,investing
2020-10-15,107.33,109.29,107.11,109.08,109.08,1210000.0,investing
2020-10-16,109.83,110.03,108.47,108.56,108.56,866010.0,investing
2020-10-19,109.45,110.1,107.6,108.01,108.01,1210000.0,investing
2020-10-20,108.5,108.79,107.58,107.84,107.84,1050000.0,investing
2020-10-21,108.09,108.31,107.03,107.11,107.11,1070000.0,investing
2020-10-22,107.25,107.71,105.86,107.16,107.16,912250.0,investing
2020-10-23,106.75,106.78,105.77,106.78,106.78,785900.0,investing
2020-10-26,105.87,106.25,103.1,104.47,104.47,1670000.0,investing
2020-10-27,105.19,105.45,103.7,104.06,104.06,890150.0,investing
2020-10-28,102.42,102.42,100.48,100.65,100.65,1480000.0,investing
2020-10-29,100.67,104.28,100.53,103.2,103.2,1510000.0,investing
2020-10-30,102.11,102.78,100.48,101.83,101.83,1340000.0,investing
2020-11-02,102.78,103.25,101.31,102.19,102.19,1460000.0,investing
2020-11-03,103.09,105.0,103.07,104.12,104.12,1390000.0,investing
2020-11-04,106.34,108.32,105.07,107.76,107.76,3030000.0,investing
2020-11-05,110.87,112.88,110.77,112.6,112.6,2810000.0,investing
2020-11-06,112.33,114.85,111.97,114.43,114.43,2020000.0,investing
2020-11-09,117.51,117.92,113.09,113.1,113.1,1920000.0,investing
2020-11-10,112.09,112.56,109.42,109.71,109.71,1860000.0,investing
2020-11-11,111.4,113.86,111.39,113.66,113.66,1670000.0,investing
2020-11-12,113.84,114.11,111.66,112.26,112.26,1200000.0,investing
2020-11-13,113.59,114.58,112.82,113.63,113.63,1070000.0,investing
2020-11-16,114.56,116.46,114.25,116.46,116.46,1460000.0,investing
2020-11-17,116.05,116.08,114.64,115.5,115.5,1370000.0,investing
2020-11-18,115.7,116.5,114.57,114.64,114.64,1360000.0,investing
2020-11-19,114.23,116.44,113.71,116.33,116.33,1060000.0,investing
2020-11-20,116.37,117.36,115.65,115.79,115.79,1370000.0,investing
2020-11-23,116.31,117.85,115.93,117.44,117.44,1390000.0,investing
2020-11-24,118.28,118.29,116.26,118.08,118.08,1830000.0,investing
2020-11-25,118.25,118.73,117.33,117.82,117.82,974070.0,investing
2020-11-27,118.57,119.92,118.57,119.22,119.22,1710000.0,investing
2020-11-30,119.42,120.74,117.91,120.6,120.6,1870000.0,investing
2020-12-01,121.67,123.37,121.27,122.59,122.59,2010000.0,investing
2020-12-02,122.25,123.56,122.13,122.95,122.95,2140000.0,investing
2020-12-03,123.67,124.39,122.95,123.11,123.11,1100000.0,investing
2020-12-04,123.67,126.55,123.47,126.47,126.47,1620000.0,investing
2020-12-07,127.19,127.2,125.9,127.11,127.11,1660000.0,investing
2020-12-08,127.02,128.02,126.4,127.52,127.52,1200000.0,investing
2020-12-09,127.04,127.88,123.17,123.93,123.93,1950000.0,investing
2020-12-10,122.87,124.82,122.45,123.75,123.75,1970000.0,investing
2020-12-11,122.88,123.41,121.2,122.55,122.55,1610000.0,investing
2020-12-14,123.44,124.41,123.17,123.67,123.67,1310000.0,investing
2020-12-15,125.33,125.81,124.51,125.39,125.39,1110000.0,investing
2020-12-16,125.98,125.98,124.47,125.46,125.46,1340000.0,investing
2020-12-17,126.29,126.29,125.14,125.69,125.69,1240000.0,investing
2020-12-18,125.86,126.09,124.3,124.95,124.95,1160000.0,investing
2020-12-21,123.37,124.5,122.32,124.39,124.39,1800000.0,investing
2020-12-22,124.42,124.5,123.17,124.21,124.21,674670.0,investing
2020-12-23,124.41,124.62,123.17,123.27,123.27,1260000.0,investing
2020-12-24,123.93,124.43,123.56,124.37,124.37,574320.0,investing
2020-12-28,125.83,125.9,124.05,124.24,124.24,1110000.0,investing
2020-12-29,124.88,124.88,122.54,123.92,123.92,1330000.0,investing
2020-12-30,124.6,126.2,124.49,125.99,125.99,1160000.0,investing
2020-12-31,126.12,126.59,125.21,126.39,126.39,1190000.0,investing
2021-01-04,127.21,129.93,124.95,125.86,125.86,2490000.0,investing
2021-01-05,125.76,128.44,125.67,128.44,128.44,1670000.0,investing
2021-01-06,127.03,130.54,126.86,128.02,128.02,3220000.0,investing
2021-01-07,129.89,133.18,129.89,132.85,132.85,1810000.0,investing
2021-01-08,134.75,135.37,131.36,132.92,132.92,2120000.0,investing
2021-01-11,131.77,135.33,131.67,134.27,134.27,1630000.0,investing
2021-01-12,135.13,136.39,133.9,135.08,135.08,4500000.0,investing
2021-01-13,136.33,136.63,134.77,135.3,135.3,1200000.0,investing
2021-01-14,136.98,139.75,136.98,138.17,138.17,1750000.0,investing
2021-01-15,138.01,138.17,134.58,135.36,135.36,2400000.0,investing
2021-01-19,137.58,140.09,137.26,140.0,140.0,2520000.0,investing
2021-01-20,141.52,142.0,139.17,139.5,139.5,1850000.0,investing
2021-01-21,140.82,142.08,139.37,141.52,141.52,2550000.0,investing
2021-01-22,140.37,140.97,139.04,139.12,139.12,1670000.0,investing
2021-01-25,140.28,140.64,136.63,139.32,139.32,1680000.0,investing
2021-01-26,139.39,139.39,137.04,137.05,137.05,1220000.0,investing
2021-01-27,134.67,134.68,129.41,129.94,129.94,5390000.0,investing
2021-01-28,132.56,134.7,131.51,132.79,132.79,3370000.0,investing
2021-01-29,133.24,133.71,130.04,130.47,130.47,2760000.0,investing
2021-02-01,132.7,136.04,132.26,135.63,135.63,1920000.0,investing
2021-02-02,137.89,138.0,135.97,137.83,137.83,2430000.0,investing
2021-02-03,138.35,138.75,134.67,135.03,135.03,2770000.0,investing
2021-02-04,134.6,136.24,133.65,136.13,136.13,1830000.0,investing
2021-02-05,137.15,137.15,135.0,135.2,135.2,1460000.0,investing
2021-02-08,136.11,139.36,136.11,139.26,139.26,1950000.0,investing
2021-02-09,138.86,139.83,138.08,138.85,138.85,1380000.0,investing
2021-02-10,140.0,140.73,137.34,139.12,139.12,2220000.0,investing
2021-02-11,140.27,144.04,140.27,143.94,143.94,2110000.0,investing
2021-02-12,143.52,146.0,142.78,145.72,145.72,1930000.0,investing
2021-02-16,147.46,147.99,145.83,146.45,146.45,3150000.0,investing
2021-02-17,145.2,145.73,141.97,143.94,143.94,2790000.0,investing
2021-02-18,142.16,143.12,140.68,142.46,142.46,2260000.0,investing
2021-02-19,144.62,146.76,144.33,145.9,145.9,2250000.0,investing
2021-02-22,144.0,145.01,140.12,140.61,140.61,2650000.0,investing
2021-02-23,138.03,140.61,134.03,139.55,139.55,4030000.000000001,investing
2021-02-24,138.68,144.23,137.43,144.08,144.08,3140000.0,investing
2021-02-25,142.4,143.34,135.31,135.87,135.87,5340000.0,investing
2021-02-26,138.1,140.25,135.35,138.97,138.97,4560000.0,investing
2021-03-01,141.08,143.55,140.01,143.4,143.4,2320000.0,investing
2021-03-02,143.98,143.98,138.94,139.1,139.1,3180000.0,investing
2021-03-03,139.25,139.55,133.58,134.84,134.84,4430000.0,investing
2021-03-04,134.41,135.04,126.45,128.35,128.35,7240000.0,investing
2021-03-05,131.31,132.65,125.18,132.2,132.2,6310000.0,investing
2021-03-08,132.03,132.57,125.02,125.07,125.07,7350000.0,investing
2021-03-09,129.6,133.73,129.22,132.84,132.84,4130000.0,investing
2021-03-10,135.13,135.17,130.33,130.33,130.33,4080000.0,investing
2021-03-11,134.21,136.59,133.5,135.82,135.82,3690000.0,investing
2021-03-12,133.33,134.63,132.37,134.39,134.39,3150000.0,investing
2021-03-15,135.11,137.41,134.13,137.22,137.22,3900000.0,investing
2021-03-16,138.84,141.2,138.18,138.99,138.99,6780000.0,investing
2021-03-17,137.07,141.85,136.03,140.74,140.74,5770000.0,investing
2021-03-18,138.79,139.06,134.76,134.92,134.92,6050000.0,investing
2021-03-19,135.19,137.79,133.47,136.59,136.59,6610000.0,investing
2021-03-22,138.26,141.11,137.74,139.48,139.48,3130000.0,investing
2021-03-23,140.02,140.26,135.18,135.81,135.81,5640000.0,investing
2021-03-24,138.07,138.63,133.88,133.95,133.95,6610000.0,investing
2021-03-25,131.63,134.49,130.27,133.84,133.84,5580000.0,investing
2021-03-26,133.94,140.7,133.85,140.44,140.44,6490000.0,investing
2021-03-29,139.13,139.66,136.63,138.29,138.29,6540000.0,investing
2021-03-30,137.2,138.25,136.33,137.96,137.96,4260000.0,investing
2021-03-31,139.26,142.4,138.99,141.33,141.33,5970000.0,investing
2021-04-01,143.79,146.61,143.74,146.53,146.53,7380000.0,investing
2021-04-05,148.94,149.92,147.15,149.48,149.48,6500000.0,investing
2021-04-06,148.6,149.52,146.34,147.81,147.81,5910000.0,investing
2021-04-07,147.97,148.47,146.6,147.72,147.72,3300000.0,investing
2021-04-08,149.3,149.57,148.03,149.4,149.4,4280000.0,investing
2021-04-09,148.19,149.08,147.57,148.93,148.93,2470000.0,investing
2021-04-12,148.15,148.15,146.07,147.33,147.33,2610000.0,investing
2021-04-13,148.46,148.67,145.63,147.1,147.1,3330000.0,investing
2021-04-14,146.82,147.93,144.69,145.48,145.48,5000000.0,investing
2021-04-15,146.98,148.23,145.85,147.92,147.92,5670000.0,investing
2021-04-16,147.92,148.22,146.9,147.23,147.23,2710000.0,investing
2021-04-19,146.14,146.63,142.04,143.36,143.36,8920000.0,investing
2021-04-20,142.89,143.48,140.48,141.31,141.31,5370000.0,investing
2021-04-21,141.42,145.07,140.84,145.02,145.02,4320000.0,investing
2021-04-22,144.72,144.91,141.0,141.86,141.86,5430000.0,investing
2021-04-23,142.44,145.05,142.27,144.45,144.45,4000000.0,investing
2021-04-26,144.64,147.28,144.38,147.1,147.1,3580000.0,investing
2021-04-27,147.67,147.78,145.55,145.99,145.99,4880000.0,investing
2021-04-28,145.18,145.25,143.61,143.78,143.78,2360000.0,investing
2021-04-29,145.82,145.91,142.61,144.71,144.71,3240000.0,investing
2021-04-30,142.59,143.43,140.34,140.68,140.68,3900000.0,investing
2021-05-03,141.68,141.82,138.44,139.21,139.21,3220000.0,investing
2021-05-04,137.4,137.45,134.34,136.87,136.87,6060000.0,investing
2021-05-05,138.58,139.43,136.69,137.72,137.72,4810000.0,investing
2021-05-06,137.47,138.89,135.9,138.85,138.85,3660000.0,investing
2021-05-07,140.27,141.72,139.6,140.76,140.76,2870000.0,investing
2021-05-10,139.53,139.53,134.26,134.5,134.5,6350000.0,investing
2021-05-11,130.4,135.05,129.93,134.68,134.68,6720000.0,investing
2021-05-12,131.86,132.64,128.67,129.19,129.19,7760000.0,investing
2021-05-13,131.43,132.87,129.53,130.84,130.84,4880000.0,investing
2021-05-14,132.75,136.11,131.46,134.89,134.89,4660000.0,investing
2021-05-17,133.64,133.83,131.48,133.71,133.71,3370000.0,investing
2021-05-18,134.97,135.23,132.56,132.64,132.64,2350000.0,investing
2021-05-19,130.07,135.36,129.52,135.22,135.22,4130000.0,investing
2021-05-20,136.23,139.35,136.13,138.78,138.78,5020000.0,investing
2021-05-21,139.76,139.81,137.78,138.01,138.01,5250000.0,investing
2021-05-24,139.46,142.26,139.33,141.5,141.5,3370000.0,investing
2021-05-25,142.54,142.99,141.12,141.92,141.92,4360000.0,investing
2021-05-26,142.02,142.92,141.01,142.3,142.3,2490000.0,investing
2021-05-27,142.04,143.62,141.67,142.9,142.9,3300000.0,investing
2021-05-28,143.44,144.92,143.19,144.23,144.23,2180000.0,investing
2021-06-01,145.32,146.46,143.08,143.82,143.82,3370000.0,investing
2021-06-02,143.71,145.29,143.26,144.7,144.7,2140000.0,investing
2021-06-03,143.08,143.7,141.55,142.21,142.21,3250000.0,investing
2021-06-04,143.43,145.96,143.43,145.67,145.67,2820000.0,investing
2021-06-07,144.98,145.24,143.69,144.53,144.53,2380000.0,investing
2021-06-08,145.66,145.91,142.62,143.71,143.71,2530000.0,investing
2021-06-09,144.18,144.6,143.0,143.0,143.0,2610000.0,investing
2021-06-10,143.06,145.03,142.76,144.47,144.47,2170000.0,investing
2021-06-11,144.9,145.2,144.09,145.2,145.2,1770000.0,investing
2021-06-14,145.57,147.26,144.71,147.26,147.26,3670000.0,investing
2021-06-15,146.87,147.77,145.58,146.06,146.06,2390000.0,investing
2021-06-16,146.51,146.93,143.53,144.68,144.68,3610000.0,investing
2021-06-17,144.29,147.31,144.18,146.24,146.24,3870000.0,investing
2021-06-18,145.24,145.35,141.96,142.74,142.74,2890000.0,investing
2021-06-21,142.91,143.52,141.69,143.27,143.27,2230000.0,investing
2021-06-22,143.48,144.36,142.68,143.95,143.95,1740000.0,investing
2021-06-23,144.31,145.36,144.26,144.55,144.55,1890000.0,investing
2021-06-24,145.95,147.39,145.8,147.0,147.0,1430000.0,investing
2021-06-25,147.63,147.86,146.19,146.6,146.6,1340000.0,investing
2021-06-28,147.51,150.73,147.51,150.1,150.1,2650000.0,investing
2021-06-29,149.93,151.5,149.43,151.28,151.28,1750000.0,investing
2021-06-30,151.14,151.7,150.4,151.41,151.41,1320000.0,investing
2021-07-01,151.25,151.25,148.73,149.24,149.24,2260000.0,investing
2021-07-02,150.16,150.51,148.97,150.15,150.15,1830000.0,investing
2021-07-06,150.55,151.04,147.98,149.89,149.89,2000000.0,investing
2021-07-07,150.83,150.85,147.0,147.62,147.62,1890000.0,investing
2021-07-08,144.51,146.42,143.4,145.72,145.72,2000000.0,investing
2021-07-09,146.2,148.38,145.15,148.1,148.1,1830000.0,investing
2021-07-12,148.73,150.0,148.17,150.0,150.0,3950000.0,investing
2021-07-13,149.37,150.05,148.61,149.4,149.4,2120000.0,investing
2021-07-14,150.42,151.7,148.28,148.71,148.71,2260000.0,investing
2021-07-15,147.99,148.31,144.31,145.41,145.41,2660000.0,investing
2021-07-16,145.86,146.6,141.91,142.25,142.25,2570000.0,investing
2021-07-19,140.31,142.34,139.5,142.11,142.11,4070000.000000001,investing
2021-07-20,142.79,145.14,141.0,144.04,144.04,3200000.0,investing
2021-07-21,144.59,148.54,144.59,148.47,148.47,2040000.0,investing
2021-07-22,147.72,148.4,146.5,147.59,147.59,1190000.0,investing
2021-07-23,148.28,148.49,146.51,148.34,148.34,1310000.0,investing
2021-07-26,147.77,148.72,147.41,148.39,148.39,1120000.0,investing
2021-07-27,147.97,147.97,142.59,145.67,145.67,2510000.0,investing
2021-07-28,146.2,148.67,145.49,148.05,148.05,2290000.0,investing
2021-07-29,148.61,151.53,148.55,151.07,151.07,2300000.0,investing
2021-07-30,149.7,152.61,149.7,152.3,152.3,2320000.0,investing
2021-08-02,153.76,155.17,152.89,153.27,153.27,2860000.0,investing
2021-08-03,153.61,154.43,151.81,154.43,154.43,1770000.0,investing
2021-08-04,154.73,156.76,154.5,156.01,156.01,1630000.0,investing
2021-08-05,156.76,157.13,155.15,156.03,156.03,1420000.0,investing
2021-08-06,155.12,156.04,154.85,155.26,155.26,1230000.0,investing
2021-08-09,155.88,155.97,154.08,154.73,154.73,1070000.0,investing
2021-08-10,154.96,155.23,151.82,152.93,152.93,2700000.0,investing
2021-08-11,153.35,153.56,150.62,152.41,152.41,1300000.0,investing
2021-08-12,151.91,151.91,149.52,150.77,150.77,1530000.0,investing
2021-08-13,150.43,151.74,150.3,151.72,151.72,1060000.0,investing
2021-08-16,151.15,151.55,149.89,151.16,151.16,1140000.0,investing
2021-08-17,149.9,149.9,146.84,148.23,148.23,1850000.0,investing
2021-08-18,148.02,148.93,146.08,146.27,146.27,1880000.0,investing
2021-08-19,145.35,148.28,144.23,147.47,147.47,2180000.0,investing
2021-08-20,147.86,148.84,146.81,148.58,148.58,1800000.0,investing
2021-08-23,150.12,152.96,150.12,152.76,152.76,2180000.0,investing
2021-08-24,153.2,153.67,152.5,152.76,152.76,1660000.0,investing
2021-08-25,153.36,155.06,153.28,153.92,153.92,2270000.0,investing
2021-08-26,153.74,154.67,152.81,154.07,154.07,2280000.0,investing
2021-08-27,154.15,157.19,153.94,157.01,157.01,2400000.0,investing
2021-08-30,157.65,158.84,156.76,157.32,157.32,2520000.0,investing
2021-08-31,157.49,157.7,154.85,156.06,156.06,2110000.0,investing
2021-09-01,156.85,157.0,155.21,155.21,155.21,1630000.0,investing
2021-09-02,155.95,156.27,155.19,155.79,155.79,1500000.0,investing
2021-09-03,155.82,157.57,155.47,156.96,156.96,1360000.0,investing
2021-09-07,157.04,157.05,155.46,156.38,156.38,1640000.0,investing
2021-09-08,155.67,155.83,153.03,154.38,154.38,3090000.0,investing
2021-09-09,154.28,155.84,154.18,154.92,154.92,3920000.0,investing
2021-09-10,156.2,158.53,156.14,156.15,156.15,2960000.0,investing
2021-09-13,157.73,157.98,155.52,157.65,157.65,2840000.0,investing
2021-09-14,158.05,158.85,156.94,157.66,157.66,2580000.0,investing
2021-09-15,157.78,158.57,156.44,158.56,158.56,3770000.0,investing
2021-09-16,157.42,159.4,156.76,158.87,158.87,1660000.0,investing
2021-09-17,158.45,158.45,155.63,156.33,156.33,2430000.0,investing
2021-09-20,153.0,153.59,150.22,152.46,152.46,3130000.0,investing
2021-09-21,153.6,154.06,151.52,152.91,152.91,2210000.0,investing
2021-09-22,154.12,156.45,153.55,156.09,156.09,1310000.0,investing
2021-09-23,156.83,158.67,156.26,158.17,158.17,2410000.0,investing
2021-09-24,156.58,157.94,156.33,157.6,157.6,1190000.0,investing
2021-09-27,155.91,157.83,154.99,157.22,157.22,1340000.0,investing
2021-09-28,154.25,155.14,151.07,151.07,151.07,5450000.0,investing
2021-09-29,151.4,151.85,148.39,148.68,148.68,6780000.0,investing
2021-09-30,150.09,151.07,148.58,148.62,148.62,4530000.0,investing
2021-10-01,149.21,149.49,146.28,148.72,148.72,3120000.0,investing
2021-10-04,147.95,148.04,144.45,144.89,144.89,4160000.0,investing
2021-10-05,145.58,148.1,145.34,147.08,147.08,3160000.0,investing
2021-10-06,145.45,147.77,144.94,147.66,147.66,3410000.0,investing
2021-10-07,149.56,151.36,149.19,149.38,149.38,1910000.0,investing
2021-10-08,149.92,150.11,147.73,147.85,147.85,1670000.0,investing
2021-10-11,147.27,149.35,146.81,146.86,146.86,1530000.0,investing
2021-10-12,147.79,148.01,144.42,145.03,145.03,3200000.0,investing
2021-10-13,146.08,146.77,145.39,145.87,145.87,1760000.0,investing
2021-10-14,148.55,150.41,148.14,150.39,150.39,2490000.0,investing
2021-10-15,151.5,151.85,150.63,151.4,151.4,1640000.0,investing
2021-10-18,150.5,152.67,149.63,152.62,152.62,1350000.0,investing
2021-10-19,152.97,154.49,152.27,154.49,154.49,1390000.0,investing
2021-10-20,153.93,154.77,153.5,154.17,154.17,1260000.0,investing
2021-10-21,153.18,155.92,153.11,155.72,155.72,1300000.0,investing
2021-10-22,154.9,156.5,153.71,153.97,153.97,3280000.0,investing
2021-10-25,154.76,155.92,154.2,155.03,155.03,1680000.0,investing
2021-10-26,156.24,156.8,154.6,155.15,155.15,1880000.0,investing
2021-10-27,154.2,155.84,153.49,154.03,154.03,3230000.0,investing
2021-10-28,156.09,157.63,155.81,157.51,157.51,3280000.0,investing
2021-10-29,156.18,158.23,156.0,158.21,158.21,2140000.0,investing
2021-11-01,158.4,160.83,158.0,160.79,160.79,2550000.0,investing
2021-11-02,160.7,162.8,160.7,162.79,162.79,2230000.0,investing
2021-11-03,163.0,164.87,162.37,164.67,164.67,2180000.0,investing
2021-11-04,166.53,170.97,165.62,170.21,170.21,4080000.0,investing
2021-11-05,171.27,173.42,170.39,172.1,172.1,4530000.0,investing
2021-11-08,173.16,175.56,172.54,174.42,174.42,2920000.0,investing
2021-11-09,176.16,176.36,172.54,174.42,174.42,2720000.0,investing
2021-11-10,171.15,173.49,168.54,169.28,169.28,3930000.0,investing
2021-11-11,172.08,173.27,170.75,172.86,172.86,2280000.0,investing
2021-11-12,173.46,175.37,172.5,174.55,174.55,1970000.0,investing
2021-11-15,175.86,175.86,172.63,174.42,174.42,2320000.0,investing
2021-11-16,173.63,177.35,173.42,177.03,177.03,2020000.0,investing
2021-11-17,177.12,177.12,174.94,175.8,175.8,1580000.0,investing
2021-11-18,179.0,179.64,177.03,178.74,178.74,2000000.0,investing
2021-11-19,178.77,180.45,177.88,179.24,179.24,3410000.0,investing
2021-11-22,180.27,182.71,176.4,176.64,176.64,4420000.0,investing
2021-11-23,176.45,177.64,172.97,175.93,175.93,2430000.0,investing
2021-11-24,174.55,177.95,172.8,177.86,177.86,2120000.0,investing
2021-11-26,174.51,176.09,171.64,172.91,172.91,2450000.0,investing
2021-11-29,175.48,179.96,174.82,179.56,179.56,2410000.0,investing
2021-11-30,178.85,180.53,174.91,176.41,176.41,3260000.0,investing
2021-12-01,179.0,182.16,174.99,175.0,175.0,3120000.0,investing
2021-12-02,173.2,176.48,171.88,175.26,175.26,3120000.0,investing
2021-12-03,177.74,179.5,172.85,174.81,174.81,2490000.0,investing
2021-12-06,174.47,175.12,169.13,174.59,174.59,2090000.0,investing
2021-12-07,178.49,183.76,178.49,183.4,183.4,2690000.0,investing
2021-12-08,182.43,182.58,180.33,182.21,182.21,1670000.0,investing
2021-12-09,181.13,182.94,177.86,178.02,178.02,1670000.0,investing
2021-12-10,181.34,182.2,177.47,179.7,179.7,2020000.0,investing
2021-12-13,180.11,180.19,174.32,174.63,174.63,2290000.0,investing
2021-12-14,172.48,174.7,171.52,173.79,173.79,2890000.0,investing
2021-12-15,174.14,180.33,171.8,180.17,180.17,2340000.0,investing
2021-12-16,180.9,181.41,171.27,172.31,172.31,2800000.0,investing
2021-12-17,170.61,174.64,170.04,171.9,171.9,2700000.0,investing
2021-12-20,169.4,171.88,168.69,170.55,170.55,2150000.0,investing
2021-12-21,174.4,176.79,172.01,176.71,176.71,1620000.0,investing
2021-12-22,175.8,178.54,174.88,178.54,178.54,2130000.0,investing
2021-12-23,178.9,181.44,178.9,180.27,180.27,2100000.0,investing
2021-12-27,180.93,185.25,180.89,185.21,185.21,2510000.0,investing
2021-12-28,186.07,186.09,182.32,183.17,183.17,1980000.0,investing
2021-12-29,183.1,184.59,182.32,183.45,183.45,1250000.0,investing
2021-12-30,183.0,183.76,180.76,181.32,181.32,1360000.0,investing
2021-12-31,181.51,182.71,180.75,180.77,180.77,1220000.0,investing
2022-01-03,181.99,184.55,181.27,184.37,184.37,1700000.0,investing
2022-01-04,185.19,186.34,179.37,183.8,183.8,3500000.0,investing
2022-01-05,182.39,183.96,177.4,177.56,177.56,3750000.0,investing
2022-01-06,177.53,179.77,175.61,178.94,178.94,2930000.0,investing
2022-01-07,178.76,179.42,173.2,173.75,173.75,2280000.0,investing
2022-01-10,171.6,174.19,168.0,173.81,173.81,5380000.0,investing
2022-01-11,173.23,177.29,171.95,177.08,177.08,3160000.0,investing
2022-01-12,178.79,180.02,176.6,178.38,178.38,3570000.0,investing
2022-01-13,181.11,182.62,173.77,174.22,174.22,3270000.0,investing
2022-01-14,172.84,178.55,172.81,178.39,178.39,3400000.0,investing
2022-01-18,175.54,175.56,170.04,170.41,170.41,7690000.0,investing
2022-01-19,171.8,172.85,165.28,165.4,165.4,9930000.0,investing
2022-01-20,166.68,168.0,160.0,160.21,160.21,8350000.0,investing
2022-01-21,159.09,163.62,157.2,157.55,157.55,13950000.0,investing
2022-01-24,154.25,159.64,148.98,159.35,159.35,15470000.0,investing
2022-01-25,155.25,157.16,152.52,153.4,153.4,10710000.0,investing
2022-01-26,157.71,162.26,153.4,155.76,155.76,8510000.0,investing
2022-01-27,157.3,157.49,148.32,148.82,148.82,8420000.0,investing
2022-01-28,148.7,151.68,144.43,151.68,151.68,7170000.0,investing
2022-01-31,152.44,160.07,151.6,159.82,159.82,7850000.0,investing
2022-02-01,161.39,161.65,157.13,161.15,161.15,4070000.000000001,investing
2022-02-02,164.41,165.64,162.09,165.22,165.22,5230000.0,investing
2022-02-03,161.07,163.73,157.43,158.03,158.03,6510000.0,investing
2022-02-04,157.3,160.3,155.17,158.94,158.94,5060000.0,investing
2022-02-07,159.33,161.5,158.25,158.85,158.85,3500000.0,investing
2022-02-08,158.18,163.2,157.91,162.87,162.87,2940000.0,investing
2022-02-09,165.01,168.23,162.95,168.21,168.21,5060000.0,investing
2022-02-10,164.11,169.29,162.04,162.97,162.97,4610000.0,investing
2022-02-11,163.24,164.43,153.56,154.67,154.67,7880000.0,investing
2022-02-14,155.2,157.95,152.8,154.82,154.82,5700000.0,investing
2022-02-15,158.17,163.79,157.75,163.36,163.36,4880000.0,investing
2022-02-16,161.36,164.02,159.93,163.42,163.42,2710000.0,investing
2022-02-17,161.25,161.47,157.04,157.28,157.28,6000000.0,investing
2022-02-18,157.35,157.93,153.36,155.52,155.52,5870000.0,investing
2022-02-22,153.84,158.29,152.12,154.58,154.58,8369999.999999999,investing
2022-02-23,156.37,158.0,150.41,150.89,150.89,6530000.0,investing
2022-02-24,145.03,156.66,144.68,156.41,156.41,8670000.0,investing
2022-02-25,156.4,159.02,154.19,159.02,159.02,7060000.0,investing
2022-02-28,156.95,159.46,154.87,158.05,158.05,4360000.0,investing
2022-03-01,157.41,158.33,150.65,152.32,152.32,4270000.0,investing
2022-03-02,153.59,158.26,153.23,157.17,157.17,2850000.0,investing
2022-03-03,158.13,158.17,152.93,153.87,153.87,4180000.0,investing
2022-03-04,152.37,153.71,148.1,149.79,149.79,4440000.0,investing
2022-03-07,150.23,151.3,142.24,142.27,142.27,5870000.0,investing
2022-03-08,143.24,150.3,140.85,145.0,145.0,7910000.0,investing
2022-03-09,149.88,152.22,148.17,151.08,151.08,4700000.0,investing
2022-03-10,148.4,148.55,145.07,147.98,147.98,4810000.0,investing
2022-03-11,150.12,150.4,144.51,144.8,144.8,6520000.0,investing
2022-03-14,144.37,145.12,139.45,140.11,140.11,5680000.0,investing
2022-03-15,141.52,146.9,140.63,146.55,146.55,3980000.0,investing
2022-03-16,149.04,154.12,147.42,154.1,154.1,4870000.0,investing
2022-03-17,152.35,155.05,151.18,155.05,155.05,4130000.0,investing
2022-03-18,153.97,158.72,153.02,158.08,158.08,5000000.0,investing
2022-03-21,157.47,159.06,154.94,157.76,157.76,4800000.0,investing
2022-03-22,157.48,160.51,157.32,158.64,158.64,2890000.0,investing
2022-03-23,157.19,159.11,154.6,154.64,154.64,3530000.0,investing
2022-03-24,155.94,162.27,155.3,162.14,162.14,5000000.0,investing
2022-03-25,161.96,162.4,159.09,161.77,161.77,3110000.0,investing
2022-03-28,160.8,163.03,158.49,163.03,163.03,2740000.0,investing
2022-03-29,165.63,167.03,163.4,166.77,166.77,3090000.0,investing
2022-03-30,165.48,166.06,160.58,161.43,161.43,3270000.0,investing
2022-03-31,161.31,162.03,157.34,157.76,157.76,3370000.0,investing
2022-04-01,158.43,158.8,152.39,154.7,154.7,5390000.0,investing
2022-04-04,155.11,157.44,154.52,157.22,157.22,2710000.0,investing
2022-04-05,155.93,156.06,149.58,149.98,149.98,4050000.0,investing
2022-04-06,146.67,148.91,145.0,146.25,146.25,4840000.0,investing
2022-04-07,146.05,147.88,143.5,146.57,146.57,3510000.0,investing
2022-04-08,145.35,145.41,142.7,142.93,142.93,4500000.0,investing
2022-04-11,140.82,142.0,139.67,140.0,140.0,4290000.0,investing
2022-04-12,142.96,144.01,138.84,139.57,139.57,5890000.0,investing
2022-04-13,140.47,143.56,139.61,142.57,142.57,3310000.0,investing
2022-04-14,143.5,143.54,138.45,138.63,138.63,5900000.0,investing
2022-04-18,137.94,142.28,137.77,141.03,141.03,3630000.0,investing
2022-04-19,140.47,144.42,139.75,144.12,144.12,3040000.0,investing
2022-04-20,146.4,147.67,143.29,143.8,143.8,3830000.0,investing
2022-04-21,145.57,147.19,139.24,139.96,139.96,3600000.0,investing
2022-04-22,139.74,140.52,136.62,136.85,136.85,4570000.0,investing
2022-04-25,135.73,139.2,135.33,139.16,139.16,6350000.0,investing
2022-04-26,137.28,137.52,132.84,132.99,132.99,5840000.0,investing
2022-04-27,131.53,135.57,131.23,132.27,132.27,4350000.0,investing
2022-04-28,134.92,141.05,133.22,139.56,139.56,4950000.0,investing
2022-04-29,137.6,140.27,133.21,133.59,133.59,4190000.000000001,investing
2022-05-02,133.72,138.21,132.67,138.05,138.05,4640000.0,investing
2022-05-03,137.69,140.29,136.73,139.2,139.2,2300000.0,investing
2022-05-04,140.23,144.84,135.9,144.6,144.6,4260000.0,investing
2022-05-05,142.0,142.22,135.54,137.59,137.59,4600000.0,investing
2022-05-06,136.33,139.4,133.79,136.37,136.37,3950000.0,investing
2022-05-09,133.42,135.05,128.66,129.42,129.42,5060000.0,investing
2022-05-10,133.33,134.81,129.48,132.37,132.37,4480000.0,investing
2022-05-11,131.24,134.33,128.08,128.46,128.46,5070000.0,investing
2022-05-12,126.87,130.31,125.78,129.24,129.24,5350000.0,investing
2022-05-13,131.5,136.78,130.81,135.83,135.83,4720000.0,investing
2022-05-16,134.45,135.87,133.26,133.77,133.77,2370000.0,investing
2022-05-17,137.26,140.62,136.74,140.26,140.26,3190000.0,investing
2022-05-18,137.95,139.86,132.63,133.19,133.19,3580000.0,investing
2022-05-19,132.54,135.79,131.23,132.39,132.39,3300000.0,investing
2022-05-20,134.99,135.0,126.39,132.32,132.32,4080000.0,investing
2022-05-23,131.29,133.24,130.28,132.89,132.89,3640000.0,investing
2022-05-24,130.75,131.19,128.17,129.65,129.65,2870000.0,investing
2022-05-25,128.77,133.22,128.65,131.98,131.98,2510000.0,investing
2022-05-26,130.75,137.75,130.54,137.14,137.14,2970000.0,investing
2022-05-27,139.3,143.02,139.3,142.78,142.78,3170000.0,investing
2022-05-31,142.53,143.31,139.87,142.05,142.05,2810000.0,investing
2022-06-01,142.77,143.49,137.86,139.79,139.79,2470000.0,investing
2022-06-02,139.31,144.81,139.04,144.66,144.66,2010000.0,investing
2022-06-03,141.53,142.33,139.69,140.34,140.34,2070000.0,investing
2022-06-06,143.29,143.76,139.65,140.58,140.58,2240000.0,investing
2022-06-07,138.91,142.1,137.84,141.7,141.7,1870000.0,investing
2022-06-08,140.93,141.5,137.64,138.69,138.69,3400000.0,investing
2022-06-09,137.28,139.68,134.54,134.55,134.55,2520000.0,investing
2022-06-10,132.33,133.48,129.5,129.77,129.77,3600000.0,investing
2022-06-13,125.0,126.64,121.81,122.28,122.28,4040000.0,investing
2022-06-14,123.62,124.17,121.52,122.96,122.96,2830000.0,investing
2022-06-15,124.41,127.27,122.27,125.07,125.07,3810000.0,investing
2022-06-16,121.42,121.54,116.06,117.54,117.54,3920000.0,investing
2022-06-17,117.8,118.87,115.31,118.01,118.01,3400000.0,investing
2022-06-21,120.5,122.92,120.42,121.1,121.1,2830000.0,investing
2022-06-22,119.02,121.55,118.84,119.84,119.84,4110000.000000001,investing
2022-06-23,120.55,120.65,117.15,119.03,119.03,2180000.0,investing
2022-06-24,120.89,124.3,120.63,124.3,124.3,3780000.0,investing
2022-06-27,125.42,125.73,123.01,123.96,123.96,2500000.0,investing
2022-06-28,124.69,126.15,120.75,120.94,120.94,3050000.0,investing
2022-06-29,119.28,119.42,116.62,118.08,118.08,3390000.0,investing
2022-06-30,116.43,118.86,114.7,116.54,116.54,3290000.0,investing
2022-07-01,114.6,115.22,110.96,112.41,112.41,3880000.0,investing
2022-07-05,109.57,113.3,108.9,113.3,113.3,3390000.0,investing
2022-07-06,113.41,115.19,112.17,113.85,113.85,2670000.0,investing
2022-07-07,116.53,119.55,116.53,118.95,118.95,2870000.0,investing
2022-07-08,117.23,120.33,116.87,119.52,119.52,2330000.0,investing
2022-07-11,117.71,118.29,116.0,116.76,116.76,2490000.0,investing
2022-07-12,117.52,118.39,116.24,117.09,117.09,4490000.0,investing
2022-07-13,114.7,118.69,114.47,117.75,117.75,3560000.0,investing
2022-07-14,117.44,120.76,115.72,120.25,120.25,3190000.0,investing
2022-07-15,122.08,123.31,120.17,123.12,123.12,2980000.0,investing
2022-07-18,125.16,126.12,121.94,122.72,122.72,2960000.0,investing
2022-07-19,124.66,128.82,124.3,128.13,128.13,3120000.0,investing
2022-07-20,127.94,132.02,127.15,131.4,131.4,4850000.0,investing
2022-07-21,132.08,133.63,130.2,133.55,133.55,2750000.0,investing
2022-07-22,133.12,133.17,129.08,130.26,130.26,4550000.0,investing
2022-07-25,129.26,129.53,127.27,129.43,129.43,2860000.0,investing
2022-07-26,128.57,129.22,126.8,127.28,127.28,2510000.0,investing
2022-07-27,129.56,134.17,129.17,133.1,133.1,3210000.0,investing
2022-07-28,133.39,135.03,130.49,134.74,134.74,3530000.0,investing
2022-07-29,132.79,136.16,132.33,135.78,135.78,3840000.0,investing
2022-08-01,134.81,137.48,133.93,136.3,136.3,3810000.0,investing
2022-08-02,134.76,138.11,134.19,136.04,136.04,2120000.0,investing
2022-08-03,136.02,140.09,135.93,139.82,139.82,2860000.0,investing
2022-08-04,139.5,141.25,139.09,140.83,140.83,1920000.0,investing
2022-08-05,138.36,140.94,137.73,139.73,139.73,3280000.0,investing
2022-08-08,137.81,139.34,135.5,137.62,137.62,3070000.0,investing
2022-08-09,134.44,134.58,129.51,131.31,131.31,4370000.0,investing
2022-08-10,134.81,137.02,133.02,136.76,136.76,3460000.0,investing
2022-08-11,137.92,140.62,136.29,136.59,136.59,2400000.0,investing
2022-08-12,137.5,140.96,137.0,140.58,140.58,2050000.0,investing
2022-08-15,139.96,141.5,139.0,141.11,141.11,1330000.0,investing
2022-08-16,140.38,141.0,138.1,139.66,139.66,1570000.0,investing
2022-08-17,137.52,137.59,134.38,136.29,136.29,2640000.0,investing
2022-08-18,136.66,140.33,136.17,139.4,139.4,1700000.0,investing
2022-08-19,137.48,138.17,134.94,135.63,135.63,2320000.0,investing
2022-08-22,132.88,133.13,129.9,130.53,130.53,2900000.0,investing
2022-08-23,130.62,133.18,130.47,131.18,131.18,2430000.0,investing
2022-08-24,131.03,131.96,129.99,131.51,131.51,1250000.0,investing
2022-08-25,131.64,136.49,131.56,136.33,136.33,2680000.0,investing
2022-08-26,136.02,136.34,128.39,128.6,128.6,2840000.0,investing
2022-08-29,127.23,128.7,125.79,126.0,126.0,2580000.0,investing
2022-08-30,127.36,127.41,123.0,124.53,124.53,3210000.0,investing
2022-08-31,125.08,125.09,122.15,123.23,123.23,2970000.0,investing
2022-09-01,120.09,120.96,117.19,120.94,120.94,4540000.0,investing
2022-09-02,122.81,123.66,119.09,119.62,119.62,3840000.0,investing
2022-09-06,119.6,120.25,117.33,118.24,118.24,2690000.0,investing
2022-09-07,118.71,121.25,117.82,120.24,120.24,1700000.0,investing
2022-09-08,119.07,122.72,118.33,122.26,122.26,2820000.0,investing
2022-09-09,123.87,125.84,123.87,125.2,125.2,2070000.0,investing
2022-09-12,125.74,126.43,124.3,125.81,125.81,2610000.0,investing
2022-09-13,121.02,122.06,117.64,117.99,117.99,4060000.0,investing
2022-09-14,118.88,120.16,117.55,119.33,119.33,2720000.0,investing
2022-09-15,118.53,119.92,116.56,117.35,117.35,2430000.0,investing
2022-09-16,116.06,118.18,115.18,118.06,118.06,3390000.0,investing
2022-09-19,116.55,119.3,116.5,118.68,118.68,2150000.0,investing
2022-09-20,117.53,118.1,116.17,117.1,117.1,2630000.0,investing
2022-09-21,117.32,121.12,115.92,115.92,115.92,3540000.0,investing
2022-09-22,115.25,115.74,112.1,112.76,112.76,2940000.0,investing
2022-09-23,111.43,111.73,109.24,111.25,111.25,3880000.0,investing
2022-09-26,110.27,111.96,108.8,108.99,108.99,2880000.0,investing
2022-09-27,110.97,111.79,108.43,110.01,110.01,2980000.0,investing
2022-09-28,109.1,112.0,108.64,111.57,111.57,4050000.0,investing
2022-09-29,109.53,109.73,106.37,108.1,108.1,3010000.0,investing
2022-09-30,106.7,109.45,106.08,106.24,106.24,2720000.0,investing
2022-10-03,107.45,111.15,106.68,109.92,109.92,3750000.0,investing
2022-10-04,113.46,115.21,113.17,115.07,115.07,3180000.0,investing
2022-10-05,113.17,117.19,112.16,116.01,116.01,2510000.0,investing
2022-10-06,115.89,118.03,115.12,115.55,115.55,2850000.0,investing
2022-10-07,112.11,112.42,107.97,108.62,108.62,3970000.0,investing
2022-10-10,108.19,108.32,103.42,104.92,104.92,4670000.0,investing
2022-10-11,103.05,104.01,100.54,101.97,101.97,4820000.0,investing
2022-10-12,101.84,102.38,100.66,100.98,100.98,3110000.0,investing
2022-10-13,97.03,105.8,95.94,103.89,103.89,4910000.0,investing
2022-10-14,105.34,105.34,99.24,99.56,99.56,3890000.0,investing
2022-10-17,102.21,103.07,100.87,101.67,101.67,3760000.0,investing
2022-10-18,104.85,105.54,100.22,102.02,102.02,3560000.0,investing
2022-10-19,101.29,103.65,100.98,102.67,102.67,3040000.0,investing
2022-10-20,103.24,106.46,102.72,103.31,103.31,3570000.0,investing
2022-10-21,103.04,107.42,102.59,107.15,107.15,3700000.0,investing
2022-10-24,107.51,108.08,105.1,107.61,107.61,3780000.0,investing
2022-10-25,108.07,110.81,107.89,110.07,110.07,2770000.0,investing
2022-10-26,107.8,111.57,107.27,108.99,108.99,4810000.0,investing
2022-10-27,109.7,110.73,106.91,107.05,107.05,3590000.0,investing
2022-10-28,107.25,111.41,106.97,111.25,111.25,4190000.000000001,investing
2022-10-31,110.25,110.55,108.27,108.83,108.83,2400000.0,investing
2022-11-01,111.01,111.38,109.05,109.7,109.7,2810000.0,investing
2022-11-02,110.4,112.33,106.1,106.24,106.24,3190000.0,investing
2022-11-03,104.25,106.44,103.16,104.82,104.82,3750000.0,investing
2022-11-04,108.6,109.95,107.09,109.67,109.67,4600000.0,investing
2022-11-07,110.68,112.47,109.24,112.04,112.04,3550000.0,investing
2022-11-08,114.13,115.85,112.18,114.5,114.5,3900000.0,investing
2022-11-09,112.56,113.01,110.67,110.84,110.84,3580000.0,investing
2022-11-10,117.18,122.62,116.21,122.31,122.31,5350000.0,investing
2022-11-11,122.91,126.8,121.5,126.06,126.06,6110000.0,investing
2022-11-14,125.37,127.13,124.63,124.68,124.68,3680000.0,investing
2022-11-15,129.84,130.2,126.55,128.29,128.29,4900000.0,investing
2022-11-16,125.37,125.62,122.22,122.99,122.99,4780000.0,investing
2022-11-17,120.44,124.51,120.22,123.96,123.96,3970000.0,investing
2022-11-18,126.03,126.06,122.89,124.23,124.23,3110000.0,investing
2022-11-21,122.88,123.32,121.79,122.17,122.17,1820000.0,investing
2022-11-22,123.22,125.91,122.19,125.81,125.81,3290000.0,investing
2022-11-23,125.68,128.56,125.66,127.33,127.33,3910000.0,investing
2022-11-25,126.56,127.0,125.64,125.64,125.64,1160000.0,investing
2022-11-28,124.08,125.39,121.65,122.5,122.5,3220000.0,investing
2022-11-29,122.86,123.55,121.28,122.02,122.02,1830000.0,investing
2022-11-30,122.48,129.43,121.34,129.34,129.34,4170000.0,investing
2022-12-01,130.11,130.24,126.62,128.41,128.41,4130000.0,investing
2022-12-02,125.19,127.16,124.55,126.96,126.96,3110000.0,investing
2022-12-05,126.1,127.32,124.22,125.36,125.36,2710000.0,investing
2022-12-06,125.34,125.47,121.48,122.72,122.72,2180000.0,investing
2022-12-07,121.41,123.32,121.18,122.46,122.46,2110000.0,investing
2022-12-08,123.2,126.09,122.38,126.0,126.0,2690000.0,investing
2022-12-09,125.44,127.04,124.38,124.83,124.83,1750000.0,investing
2022-12-12,124.22,127.18,123.58,127.04,127.04,2180000.0,investing
2022-12-13,132.4,132.98,127.25,128.86,128.86,4520000.0,investing
2022-12-14,128.55,130.09,125.45,126.93,126.93,3970000.0,investing
2022-12-15,124.26,124.8,121.39,121.56,121.56,3880000.0,investing
2022-12-16,120.91,121.96,119.45,120.64,120.64,2470000.0,investing
2022-12-19,120.51,120.79,117.92,119.15,119.15,2230000.0,investing
2022-12-20,117.66,119.51,117.39,118.42,118.42,2280000.0,investing
2022-12-21,119.25,121.49,119.02,121.09,121.09,2290000.0,investing
2022-12-22,118.73,118.92,113.75,116.19,116.19,5400000.0,investing
2022-12-23,115.19,116.3,114.01,116.29,116.29,2570000.0,investing
2022-12-27,115.37,115.48,113.67,114.19,114.19,3490000.0,investing
2022-12-28,113.46,114.85,112.05,112.51,112.51,2680000.0,investing
2022-12-29,114.34,116.64,113.92,116.1,116.1,3260000.0,investing
2022-12-30,114.44,116.19,113.61,115.99,115.99,2010000.0,investing
2023-01-03,117.96,118.17,114.17,114.86,114.86,2850000.0,investing
2023-01-04,117.05,118.47,115.7,117.82,117.82,3260000.0,investing
2023-01-05,116.66,117.49,115.64,115.83,115.83,2670000.0,investing
2023-01-06,117.4,121.86,115.81,121.22,121.22,4900000.0,investing
2023-01-09,123.45,126.26,122.66,123.46,123.46,4580000.0,investing
2023-01-10,123.03,125.22,122.39,125.05,125.05,2830000.0,investing
2023-01-11,125.13,126.72,124.08,126.67,126.67,2680000.0,investing
2023-01-12,127.35,128.98,124.72,128.21,128.21,3320000.0,investing
2023-01-13,126.54,128.75,126.39,128.74,128.74,2080000.0,investing
2023-01-17,128.3,130.19,127.69,128.88,128.88,3020000.0,investing
2023-01-18,130.33,131.24,128.16,128.21,128.21,3510000.0,investing
2023-01-19,127.07,127.13,124.21,124.61,124.61,3780000.0,investing
2023-01-20,125.95,128.59,124.67,128.51,128.51,3350000.0,investing
2023-01-23,129.71,135.41,129.5,134.96,134.96,5730000.0,investing
2023-01-24,133.32,135.2,133.13,133.94,133.94,2370000.0,investing
2023-01-25,131.59,134.55,130.58,134.31,134.31,3300000.0,investing
2023-01-26,135.85,136.74,133.6,136.57,136.57,3900000.0,investing
2023-01-27,134.21,136.87,133.86,135.7,135.7,4290000.0,investing
2023-01-30,133.85,134.66,131.99,132.1,132.1,4380000.0,investing
2023-01-31,131.84,134.62,131.72,134.56,134.56,3100000.0,investing
2023-02-01,135.23,143.01,135.11,141.58,141.58,7240000.0,investing
2023-02-02,143.03,146.04,142.21,144.86,144.86,7460000.0,investing
2023-02-03,141.64,145.29,141.28,142.03,142.03,5560000.0,investing
2023-02-06,139.81,141.87,139.1,139.72,139.72,2500000.0,investing
2023-02-07,140.26,144.86,139.91,144.17,144.17,3290000.0,investing
2023-02-08,143.21,144.38,140.74,141.07,141.07,3520000.0,investing
2023-02-09,143.58,145.19,140.38,141.43,141.43,3020000.0,investing
2023-02-10,139.98,140.39,137.66,139.18,139.18,2950000.0,investing
2023-02-13,139.83,141.63,138.61,141.22,141.22,2120000.0,investing
2023-02-14,139.98,144.22,138.93,143.79,143.79,3250000.0,investing
2023-02-15,142.29,144.45,141.24,144.37,144.37,2150000.0,investing
2023-02-16,141.77,143.26,140.6,140.83,140.83,3440000.0,investing
2023-02-17,140.0,140.41,137.38,138.64,138.64,3060000.0,investing
2023-02-21,136.48,138.09,133.89,134.15,134.15,2210000.0,investing
2023-02-22,134.46,135.47,132.7,133.51,133.51,2290000.0,investing
2023-02-23,138.0,138.55,135.19,137.9,137.9,4620000.0,investing
2023-02-24,135.45,136.14,134.41,135.43,135.43,2840000.0,investing
2023-02-27,137.69,137.71,136.09,136.14,136.14,2040000.0,investing
2023-02-28,135.83,138.46,135.53,136.61,136.61,1580000.0,investing
2023-03-01,137.11,138.31,136.11,136.65,136.65,1920000.0,investing
2023-03-02,134.52,138.4,133.48,137.74,137.74,3110000.0,investing
2023-03-03,137.71,140.02,136.67,139.86,139.86,2410000.0,investing
2023-03-06,140.25,141.46,137.91,138.24,138.24,2180000.0,investing
2023-03-07,138.38,138.97,136.23,136.78,136.78,1900000.0,investing
2023-03-08,137.33,140.57,137.33,140.42,140.42,2090000.0,investing
2023-03-09,140.24,142.41,137.41,137.63,137.63,3890000.0,investing
2023-03-10,138.37,138.72,134.33,134.97,134.97,3320000.0,investing
2023-03-13,133.56,136.67,132.16,135.01,135.01,3510000.0,investing
2023-03-14,137.36,139.81,136.71,138.95,138.95,2740000.0,investing
2023-03-15,136.97,137.65,134.43,137.33,137.33,3530000.0,investing
2023-03-16,136.73,143.01,136.14,142.7,142.7,3840000.0,investing
2023-03-17,142.97,144.08,141.04,141.81,141.81,2830000.0,investing
2023-03-20,142.09,143.77,140.92,143.31,143.31,2160000.0,investing
2023-03-21,144.48,146.0,141.47,143.6,143.6,2900000.0,investing
2023-03-22,143.6,147.42,142.13,142.17,142.17,3310000.0,investing
2023-03-23,144.28,147.63,143.13,145.68,145.68,4040000.0,investing
2023-03-24,144.5,144.89,141.7,143.15,143.15,3120000.0,investing
2023-03-27,143.67,144.11,140.97,141.47,141.47,1810000.0,investing
2023-03-28,141.14,141.26,138.27,140.41,140.41,2740000.0,investing
2023-03-29,142.75,145.93,142.49,144.92,144.92,3140000.0,investing
2023-03-30,146.76,148.27,146.27,147.31,147.31,2600000.0,investing
2023-03-31,146.19,148.45,145.95,148.22,148.22,2150000.0,investing
2023-04-03,147.36,147.92,145.13,146.94,146.94,1880000.0,investing
2023-04-04,147.21,147.25,143.4,144.2,144.2,2320000.0,investing
2023-04-05,142.66,142.78,140.21,141.7,141.7,3340000.0,investing
2023-04-06,140.41,142.01,139.32,140.97,140.97,1890000.0,investing
2023-04-10,139.76,143.56,139.54,143.46,143.46,1930000.0,investing
2023-04-11,144.26,144.36,142.44,142.71,142.71,1820000.0,investing
2023-04-12,144.12,144.17,139.96,140.1,140.1,2600000.0,investing
2023-04-13,140.42,142.08,139.29,141.25,141.25,3010000.0,investing
2023-04-14,141.12,142.83,139.5,141.03,141.03,1960000.0,investing
2023-04-17,139.52,141.12,139.1,141.03,141.03,2210000.0,investing
2023-04-18,142.13,143.36,140.57,141.64,141.64,2770000.0,investing
2023-04-19,139.76,140.43,139.23,140.09,140.09,1260000.0,investing
2023-04-20,138.69,142.06,138.55,139.96,139.96,2390000.0,investing
2023-04-21,139.48,139.48,137.71,138.94,138.94,2160000.0,investing
2023-04-24,138.69,139.48,137.38,138.31,138.31,2070000.0,investing
2023-04-25,137.49,137.5,133.58,133.67,133.67,2480000.0,investing
2023-04-26,135.06,135.76,133.69,134.38,134.38,1930000.0,investing
2023-04-27,134.21,135.12,131.53,134.95,134.95,3120000.0,investing
2023-04-28,135.57,137.41,134.97,137.38,137.38,2360000.0,investing
2023-05-01,137.93,139.03,137.57,138.62,138.62,1800000.0,investing
2023-05-02,138.68,139.47,136.29,137.63,137.63,2120000.0,investing
2023-05-03,136.86,138.51,135.95,136.05,136.05,2530000.0,investing
2023-05-04,134.98,136.45,134.08,135.29,135.29,2100000.0,investing
2023-05-05,135.46,138.88,134.77,138.3,138.3,1620000.0,investing
2023-05-08,138.15,138.98,137.0,138.88,138.88,1370000.0,investing
2023-05-09,136.91,137.09,135.96,136.52,136.52,2350000.0,investing
2023-05-10,138.05,138.89,136.58,137.91,137.91,2770000.0,investing
2023-05-11,137.95,138.25,135.71,137.01,137.01,1850000.0,investing
2023-05-12,137.5,138.07,135.59,136.88,136.88,1380000.0,investing
2023-05-15,137.27,140.62,136.87,140.6,140.6,1800000.0,investing
2023-05-16,140.14,141.93,140.14,140.33,140.33,2050000.0,investing
2023-05-17,141.62,144.35,140.73,143.8,143.8,1990000.0,investing
2023-05-18,144.44,148.7,144.33,148.34,148.34,3430000.0,investing
2023-05-19,147.91,148.25,146.66,147.58,147.58,2880000.0,investing
2023-05-22,146.25,148.48,146.19,148.09,148.09,2300000.0,investing
2023-05-23,147.1,148.07,145.94,146.26,146.26,1550000.0,investing
2023-05-24,143.32,144.24,142.13,143.64,143.64,4340000.0,investing
2023-05-25,150.25,153.8,148.62,153.21,153.21,12970000.0,investing
2023-05-26,155.55,164.06,155.49,163.22,163.22,8010000.0,investing
2023-05-30,167.0,167.67,162.42,163.09,163.09,7860000.0,investing
2023-05-31,160.33,162.54,158.83,158.9,158.9,5360000.0,investing
2023-06-01,159.87,163.01,158.23,161.63,161.63,7340000.0,investing
2023-06-02,162.87,163.33,160.08,161.25,161.25,3320000.0,investing
2023-06-05,160.66,160.75,157.94,158.76,158.76,2710000.0,investing
2023-06-06,157.64,161.45,157.4,160.67,160.67,3240000.0,investing
2023-06-07,161.52,163.79,159.86,160.22,160.22,3910000.0,investing
2023-06-08,160.69,162.26,159.86,161.86,161.86,2730000.0,investing
2023-06-09,163.69,164.8,161.52,162.29,162.29,2520000.0,investing
2023-06-12,164.19,167.67,163.99,167.51,167.51,2650000.0,investing
2023-06-13,170.21,170.86,167.83,169.76,169.76,4160000.0,investing
2023-06-14,169.12,172.25,168.14,172.17,172.17,8500000.0,investing
2023-06-15,170.18,172.0,169.52,170.74,170.74,6560000.0,investing
2023-06-16,172.46,172.48,168.92,169.17,169.17,4960000.0,investing
2023-06-20,168.39,169.87,166.32,167.8,167.8,2020000.0,investing
2023-06-21,166.74,167.58,163.52,163.71,163.71,4130000.0,investing
2023-06-22,162.59,165.15,162.37,164.47,164.47,3660000.0,investing
2023-06-23,161.82,162.6,160.84,161.57,161.57,2060000.0,investing
2023-06-26,162.71,165.2,162.09,162.1,162.1,2430000.0,investing
2023-06-27,162.67,168.04,162.05,167.76,167.76,2760000.0,investing
2023-06-28,165.05,167.88,164.87,166.47,166.47,2910000.0,investing
2023-06-29,167.14,167.26,165.13,166.51,166.51,1670000.0,investing
2023-06-30,168.35,169.76,167.75,169.09,169.09,1620000.0,investing
2023-07-03,169.86,171.0,168.72,170.59,170.59,809470.0,investing
2023-07-05,169.45,169.8,166.77,166.82,166.82,2820000.0,investing
2023-07-06,163.99,164.99,162.64,164.72,164.72,3450000.0,investing
2023-07-07,165.03,167.41,164.52,164.79,164.79,1820000.0,investing
2023-07-10,165.3,168.36,165.14,168.22,168.22,1830000.0,investing
2023-07-11,168.8,169.11,165.8,168.22,168.22,2370000.0,investing
2023-07-12,170.66,171.67,169.69,171.36,171.36,4270000.0,investing
2023-07-13,173.17,175.29,172.51,174.9,174.9,2790000.0,investing
2023-07-14,174.92,176.48,172.0,172.71,172.71,5120000.0,investing
2023-07-17,172.77,177.72,171.71,176.84,176.84,2930000.0,investing
2023-07-18,176.08,177.75,174.7,177.17,177.17,2670000.0,investing
2023-07-19,177.4,177.53,174.63,175.07,175.07,2480000.0,investing
2023-07-20,171.94,172.54,167.93,168.7,168.7,5090000.0,investing
2023-07-21,170.54,171.81,169.27,170.22,170.22,2530000.0,investing
2023-07-24,170.22,171.43,169.33,170.22,170.22,1540000.0,investing
2023-07-25,171.2,174.11,171.2,173.08,173.08,1870000.0,investing
2023-07-26,170.92,172.13,168.82,170.69,170.69,2620000.0,investing
2023-07-27,175.13,177.54,172.93,173.9,173.9,3830000.0,investing
2023-07-28,177.21,178.3,175.48,177.7,177.7,2820000.0,investing
2023-07-31,178.35,178.96,177.33,178.43,178.43,1630000.0,investing
2023-08-01,176.8,178.92,176.25,178.55,178.55,1360000.0,investing
2023-08-02,176.28,176.32,170.69,171.71,171.71,4680000.0,investing
2023-08-03,169.66,172.51,169.02,171.27,171.27,4370000.0,investing
2023-08-04,170.65,173.38,169.12,171.0,171.0,4140000.0,investing
2023-08-07,172.23,173.02,171.19,172.8,172.8,2260000.0,investing
2023-08-08,170.1,170.25,167.77,170.05,170.05,2770000.0,investing
2023-08-09,169.94,170.0,166.6,166.93,166.93,3230000.0,investing
2023-08-10,168.27,170.05,165.13,166.26,166.26,3830000.0,investing
2023-08-11,164.22,164.33,161.94,162.23,162.23,3880000.0,investing
2023-08-14,161.61,166.95,161.05,166.91,166.91,3130000.0,investing
2023-08-15,166.05,166.58,163.93,164.12,164.12,2280000.0,investing
2023-08-16,163.95,164.11,160.82,160.95,160.95,2840000.0,investing
2023-08-17,161.25,161.61,158.87,159.37,159.37,2620000.0,investing
2023-08-18,157.64,160.8,157.31,160.23,160.23,2320000.0,investing
2023-08-21,160.99,165.08,160.73,164.83,164.83,2760000.0,investing
2023-08-22,166.85,167.05,162.82,163.38,163.38,2060000.0,investing
2023-08-23,162.44,167.31,162.25,166.72,166.72,3030000.0,investing
2023-08-24,169.87,169.96,160.84,161.21,161.21,4850000.0,investing
2023-08-25,161.17,163.29,158.67,161.9,161.9,3440000.0,investing
2023-08-28,163.5,164.41,162.28,163.95,163.95,1690000.0,investing
2023-08-29,163.13,168.81,162.9,168.26,168.26,2730000.0,investing
2023-08-30,167.76,169.75,166.56,169.05,169.05,3070000.0,investing
2023-08-31,168.44,171.2,168.44,170.22,170.22,2110000.0,investing
2023-09-01,171.36,171.75,169.43,170.67,170.67,1890000.0,investing
2023-09-05,170.06,171.95,169.15,170.61,170.61,1870000.0,investing
2023-09-06,170.13,171.26,167.47,169.38,169.38,2010000.0,investing
2023-09-07,165.49,165.97,163.41,165.5,165.5,3880000.0,investing
2023-09-08,165.15,166.35,163.96,164.64,164.64,1330000.0,investing
2023-09-11,166.71,166.74,162.33,164.55,164.55,1420000.0,investing
2023-09-12,163.46,165.94,163.04,163.15,163.15,1720000.0,investing
2023-09-13,163.11,165.65,162.93,163.99,163.99,2930000.0,investing
2023-09-14,165.58,165.86,163.6,165.16,165.16,2020000.0,investing
2023-09-15,164.18,164.18,159.58,160.4,160.4,2900000.0,investing
2023-09-18,159.17,161.53,158.84,160.94,160.94,1720000.0,investing
2023-09-19,160.46,160.55,158.74,159.59,159.59,1550000.0,investing
2023-09-20,160.31,160.99,156.91,156.97,156.97,2120000.0,investing
2023-09-21,155.09,156.08,154.0,154.07,154.07,2540000.0,investing
2023-09-22,155.54,156.9,154.74,155.35,155.35,2400000.0,investing
2023-09-25,154.63,156.63,153.91,156.49,156.49,1590000.0,investing
2023-09-26,154.67,155.06,152.42,153.1,153.1,2350000.0,investing
2023-09-27,154.36,155.62,152.16,154.45,154.45,2730000.0,investing
2023-09-28,154.13,158.97,153.5,157.31,157.31,3670000.0,investing
2023-09-29,159.59,160.17,157.4,157.88,157.88,2800000.0,investing
2023-10-02,158.23,159.93,156.76,158.68,158.68,2470000.0,investing
2023-10-03,157.2,159.41,154.3,155.4,155.4,2690000.0,investing
2023-10-04,156.15,157.93,155.01,157.46,157.46,3280000.0,investing
2023-10-05,157.5,158.11,155.25,156.7,156.7,1900000.0,investing
2023-10-06,155.89,160.84,154.86,160.06,160.06,3820000.0,investing
2023-10-09,158.34,160.11,157.17,159.66,159.66,2080000.0,investing
2023-10-10,160.16,163.15,159.5,161.71,161.71,1860000.0,investing
2023-10-11,162.26,163.25,160.99,162.93,162.93,2980000.0,investing
2023-10-12,163.2,165.69,161.77,163.34,163.34,3050000.0,investing
2023-10-13,163.67,163.86,158.59,158.9,158.9,2550000.0,investing
2023-10-16,159.43,161.74,159.28,161.15,161.15,1730000.0,investing
2023-10-17,157.93,161.11,156.11,159.97,159.97,2450000.0,investing
2023-10-18,157.24,158.43,156.26,157.09,157.09,2870000.0,investing
2023-10-19,158.52,158.94,154.11,154.67,154.67,4400000.0,investing
2023-10-20,154.66,155.75,152.15,152.43,152.43,3010000.0,investing
2023-10-23,151.53,154.17,149.92,151.56,151.56,2850000.0,investing
2023-10-24,152.49,153.92,151.77,153.62,153.62,2230000.0,investing
2023-10-25,151.59,152.1,146.64,147.41,147.41,3240000.0,investing
2023-10-26,148.06,149.8,145.87,146.53,146.53,4510000.0,investing
2023-10-27,148.61,149.51,147.43,148.11,148.11,2440000.0,investing
2023-10-30,147.05,148.0,144.54,146.13,146.13,2740000.0,investing
2023-10-31,146.25,147.84,144.4,147.46,147.46,1910000.0,investing
2023-11-01,147.48,151.07,147.48,150.93,150.93,3540000.0,investing
2023-11-02,153.93,155.47,152.35,154.36,154.36,2730000.0,investing
2023-11-03,156.07,159.57,155.78,158.42,158.42,2330000.0,investing
2023-11-06,158.68,159.12,156.63,158.13,158.13,1740000.0,investing
2023-11-07,157.78,159.83,157.54,159.13,159.13,1560000.0,investing
2023-11-08,159.28,160.04,158.19,159.29,159.29,2230000.0,investing
2023-11-09,160.33,162.24,158.21,158.53,158.53,2380000.0,investing
2023-11-10,160.52,165.44,159.85,164.92,164.92,2230000.0,investing
2023-11-13,163.63,163.88,162.25,163.32,163.32,1960000.0,investing
2023-11-14,167.45,169.86,167.16,169.36,169.36,2770000.0,investing
2023-11-15,170.41,171.86,169.3,170.59,170.59,5110000.0,investing
2023-11-16,169.87,171.18,169.3,170.67,170.67,2280000.0,investing
2023-11-17,170.14,172.2,169.86,171.87,171.87,1820000.0,investing
2023-11-20,171.68,175.0,171.63,174.4,174.4,1490000.0,investing
2023-11-21,172.97,172.97,170.26,171.14,171.14,3020000.0,investing
2023-11-22,172.29,174.4,171.21,171.69,171.69,2040000.0,investing
2023-11-24,171.68,172.01,171.07,171.81,171.81,516480.0,investing
2023-11-27,171.18,173.03,170.75,171.57,171.57,1820000.0,investing
2023-11-28,170.59,171.47,169.2,170.57,170.57,1850000.0,investing
2023-11-29,172.98,175.01,172.13,172.42,172.42,3670000.0,investing
2023-11-30,172.69,172.86,169.84,171.22,171.22,2420000.0,investing
2023-12-01,170.33,172.34,169.0,172.02,172.02,1720000.0,investing
2023-12-04,170.27,170.44,167.64,170.09,170.09,1810000.0,investing
2023-12-05,168.46,169.58,167.72,169.13,169.13,2570000.0,investing
2023-12-06,171.58,171.68,167.89,168.08,168.08,2680000.0,investing
2023-12-07,169.67,173.12,168.99,172.59,172.59,1920000.0,investing
2023-12-08,172.18,174.71,172.11,173.95,173.95,4210000.0,investing
2023-12-11,175.58,180.45,175.4,179.89,179.89,3980000.0,investing
2023-12-12,178.98,181.21,178.66,181.18,181.18,2230000.0,investing
2023-12-13,181.21,185.02,180.54,183.97,183.97,5720000.0,investing
2023-12-14,185.46,189.61,185.46,189.07,189.07,3370000.0,investing
2023-12-15,189.63,191.91,189.37,189.78,189.78,3960000.0,investing
2023-12-18,189.77,190.09,187.53,189.25,189.25,2270000.0,investing
2023-12-19,189.52,190.64,189.28,190.26,190.26,1910000.0,investing
2023-12-20,188.47,189.56,184.26,184.26,184.26,3360000.0,investing
2023-12-21,188.24,189.7,187.36,189.36,189.36,2590000.0,investing
2023-12-22,190.26,191.1,188.61,189.96,189.96,2360000.0,investing
2023-12-26,190.83,194.09,190.83,193.32,193.32,1910000.0,investing
2023-12-27,194.2,194.53,192.75,193.82,193.82,1880000.0,investing
2023-12-28,194.27,194.64,193.2,193.45,193.45,1050000.0,investing
2023-12-29,193.49,193.88,191.0,192.03,192.03,1450000.0,investing
2024-01-02,188.78,188.78,183.54,185.12,185.12,3260000.0,investing
2024-01-03,181.84,182.87,180.42,181.14,181.14,4070000.000000001,investing
2024-01-04,178.28,181.44,177.88,179.62,179.62,3740000.0,investing
2024-01-05,179.95,182.2,179.38,180.61,180.61,3890000.0,investing
2024-01-08,181.86,186.98,181.81,186.5,186.5,3200000.0,investing
2024-01-09,184.39,187.99,184.12,186.56,186.56,2940000.0,investing
2024-01-10,186.98,187.02,183.58,185.93,185.93,2820000.0,investing
2024-01-11,186.2,187.83,182.97,186.62,186.62,3690000.0,investing
2024-01-12,186.87,187.78,184.9,185.8,185.8,2280000.0,investing
2024-01-16,186.03,189.7,185.07,188.43,188.43,4150000.000000001,investing
2024-01-17,186.51,186.92,183.54,186.7,186.7,4970000.0,investing
2024-01-18,191.89,193.12,189.81,192.87,192.87,3550000.0,investing
2024-01-19,195.3,200.67,194.3,200.41,200.41,5330000.0,investing
2024-01-22,202.07,203.69,199.22,201.07,201.07,5290000.0,investing
2024-01-23,201.14,202.64,199.23,202.4,202.4,3280000.0,investing
2024-01-24,204.74,208.08,203.13,205.35,205.35,6280000.0,investing
2024-01-25,209.13,209.26,203.74,204.78,204.78,3920000.0,investing
2024-01-26,200.59,201.95,198.57,199.26,199.26,5780000.0,investing
2024-01-29,199.65,201.33,198.19,201.33,201.33,3470000.0,investing
2024-01-30,200.13,201.35,197.39,198.22,198.22,3060000.0,investing
2024-01-31,195.14,198.92,193.61,195.35,195.35,6570000.0,investing
2024-02-01,196.14,196.8,193.74,196.32,196.32,3460000.0,investing
2024-02-02,196.31,199.28,195.78,198.82,198.82,4800000.0,investing
2024-02-05,200.52,202.54,198.31,201.54,201.54,4740000.0,investing
2024-02-06,202.11,202.27,196.95,199.19,199.19,3620000.0,investing
2024-02-07,200.6,202.43,198.51,202.24,202.24,4840000.0,investing
2024-02-08,202.87,207.2,202.8,205.71,205.71,2760000.0,investing
2024-02-09,206.97,210.14,205.75,209.81,209.81,3520000.0,investing
2024-02-12,209.83,213.3,208.59,209.43,209.43,4300000.0,investing
2024-02-13,203.36,207.35,202.37,205.13,205.13,6550000.0,investing
2024-02-14,207.76,209.87,206.85,209.76,209.76,3240000.0,investing
2024-02-15,211.12,211.38,208.63,209.56,209.56,2850000.0,investing
2024-02-16,211.13,212.75,207.75,208.37,208.37,4100000.0,investing
2024-02-20,206.42,207.16,201.71,204.87,204.87,5550000.0,investing
2024-02-21,202.55,204.45,201.48,204.4,204.4,4490000.0,investing
2024-02-22,212.44,215.63,211.5,214.47,214.47,6680000.0,investing
2024-02-23,215.55,216.66,211.03,212.16,212.16,5110000.0,investing
2024-02-26,214.3,215.21,212.76,214.25,214.25,3760000.0,investing
2024-02-27,215.28,215.83,213.48,214.04,214.04,4560000.0,investing
2024-02-28,211.67,212.76,210.64,211.63,211.63,2920000.0,investing
2024-02-29,214.25,217.8,213.58,217.36,217.36,3380000.0,investing
2024-03-01,219.88,227.59,219.63,226.61,226.61,6120000.0,investing
2024-03-04,229.13,231.34,227.58,228.84,228.84,7330000.0,investing
2024-03-05,226.07,227.64,221.89,224.35,224.35,7260000.0,investing
2024-03-06,229.03,232.28,227.31,229.87,229.87,5530000.0,investing
2024-03-07,232.79,238.71,232.65,237.75,237.75,4800000.0,investing
2024-03-08,238.55,240.01,227.97,228.13,228.13,10480000.0,investing
2024-03-11,225.5,226.79,222.52,225.1,225.1,4500000.0,investing
2024-03-12,227.98,229.89,223.99,229.77,229.77,3600000.0,investing
2024-03-13,227.05,227.37,222.81,224.17,224.17,3260000.0,investing
2024-03-14,223.57,224.84,218.12,220.34,220.34,4660000.0,investing
2024-03-15,217.4,221.37,217.1,218.76,218.76,4110000.000000001,investing
2024-03-18,222.5,223.34,218.37,218.59,218.59,3140000.0,investing
2024-03-19,215.74,217.69,212.65,216.76,216.76,3560000.0,investing
2024-03-20,217.28,221.03,215.53,220.45,220.45,3390000.0,investing
2024-03-21,227.37,229.28,224.76,225.18,225.18,4060000.0,investing
2024-03-22,224.16,227.1,223.45,225.45,225.45,2660000.0,investing
2024-03-25,222.25,226.61,221.71,224.57,224.57,2280000.0,investing
2024-03-26,226.19,226.88,222.83,222.88,222.88,4410000.0,investing
2024-03-27,225.39,225.76,221.4,225.68,225.68,4160000.0,investing
2024-03-28,225.42,227.0,224.91,225.92,225.92,1790000.0,investing
2024-04-01,226.06,231.45,226.06,228.3,228.3,3000000.0,investing
2024-04-02,224.54,225.26,222.4,224.78,224.78,2380000.0,investing
2024-04-03,222.17,226.99,222.14,225.41,225.41,1860000.0,investing
2024-04-04,228.51,229.17,218.56,219.03,219.03,3740000.0,investing
2024-04-05,220.0,223.0,218.58,221.63,221.63,2430000.0,investing
2024-04-08,222.94,224.11,221.31,222.2,222.2,1870000.0,investing
2024-04-09,224.44,225.3,220.76,224.59,224.59,3170000.0,investing
2024-04-10,220.84,223.43,219.23,220.49,220.49,3610000.0,investing
2024-04-11,221.88,225.87,220.06,225.47,225.47,2460000.0,investing
2024-04-12,221.49,221.76,217.64,218.07,218.07,3210000.0,investing
2024-04-15,221.05,221.86,214.24,215.31,215.31,3170000.0,investing
2024-04-16,215.4,218.0,214.51,216.94,216.94,2450000.0,investing
2024-04-17,217.1,217.44,209.9,210.36,210.36,4800000.0,investing
2024-04-18,208.86,210.23,205.97,206.63,206.63,5370000.0,investing
2024-04-19,204.8,206.12,197.43,198.39,198.39,6410000.0,investing
2024-04-22,200.44,203.11,198.02,201.66,201.66,4490000.0,investing
2024-04-23,203.05,206.86,202.5,205.87,205.87,3650000.0,investing
2024-04-24,211.38,212.5,206.74,208.54,208.54,4080000.0,investing
2024-04-25,208.04,213.83,206.93,212.41,212.41,3900000.0,investing
2024-04-26,212.15,217.82,211.66,216.9,216.9,3810000.0,investing
2024-04-29,216.52,218.76,214.97,218.55,218.55,3250000.0,investing
2024-04-30,217.6,220.0,213.93,213.99,213.99,3580000.0,investing
2024-05-01,210.01,213.84,205.59,206.76,206.76,7020000.0,investing
2024-05-02,210.3,212.16,206.52,211.41,211.41,3960000.0,investing
2024-05-03,215.85,217.41,214.48,216.17,216.17,3470000.0,investing
2024-05-06,218.01,220.68,217.16,220.66,220.66,2440000.0,investing
2024-05-07,220.98,221.57,218.71,218.71,218.71,2860000.0,investing
2024-05-08,216.6,219.13,216.37,218.92,218.92,3210000.0,investing
2024-05-09,218.93,219.34,217.06,218.1,218.1,1870000.0,investing
2024-05-10,220.49,222.42,219.27,220.24,220.24,3080000.0,investing
2024-05-13,221.2,222.08,220.33,220.7,220.7,1840000.0,investing
2024-05-14,220.53,224.56,220.32,224.37,224.37,2150000.0,investing
2024-05-15,226.75,230.82,225.5,230.67,230.67,3110000.0,investing
2024-05-16,230.62,232.44,229.46,229.54,229.54,2880000.0,investing
2024-05-17,231.0,231.4,226.42,228.24,228.24,1810000.0,investing
2024-05-20,229.27,234.72,228.85,233.26,233.26,2560000.0,investing
2024-05-21,230.18,232.89,230.07,232.51,232.51,2180000.0,investing
2024-05-22,234.67,235.85,232.8,235.24,235.24,3490000.0,investing
2024-05-23,240.83,240.92,232.16,233.92,233.92,4700000.0,investing
2024-05-24,236.04,239.35,235.0,238.56,238.56,2450000.0,investing
2024-05-28,241.35,243.63,238.85,242.59,242.59,2820000.0,investing
2024-05-29,238.13,239.18,237.26,237.58,237.58,2060000.0,investing
2024-05-30,237.65,238.33,234.69,235.93,235.93,1540000.0,investing
2024-05-31,236.78,237.35,227.5,234.01,234.01,2990000.0,investing
2024-06-03,237.8,237.95,230.2,234.39,234.39,1820000.0,investing
2024-06-04,234.0,234.36,230.79,232.56,232.56,2250000.0,investing
2024-06-05,236.7,242.89,235.86,242.73,242.73,3750000.0,investing
2024-06-06,242.97,242.97,238.94,240.74,240.74,2260000.0,investing
2024-06-07,240.84,241.55,238.35,240.02,240.02,2050000.0,investing
2024-06-10,238.16,244.17,237.82,243.48,243.48,1830000.0,investing
2024-06-11,241.9,243.71,239.5,243.37,243.37,1660000.0,investing
2024-06-12,247.7,251.16,247.17,250.23,250.23,3100000.0,investing
2024-06-13,252.06,254.08,249.51,252.95,252.95,3470000.0,investing
2024-06-14,250.8,252.78,249.73,252.04,252.04,2570000.0,investing
2024-06-17,253.73,256.5,250.62,256.02,256.02,3060000.0,investing
2024-06-18,257.0,260.65,256.49,259.28,259.28,3070000.0,investing
2024-06-20,259.66,260.12,250.82,252.24,252.24,3920000.0,investing
2024-06-21,250.14,252.69,246.94,249.78,249.78,3200000.0,investing
2024-06-24,247.53,249.04,242.52,242.65,242.65,3960000.0,investing
2024-06-25,244.6,246.52,241.79,246.38,246.38,2600000.0,investing
2024-06-26,246.21,247.66,242.71,245.42,245.42,1930000.0,investing
2024-06-27,244.94,246.75,242.7,244.16,244.16,2360000.0,investing
2024-06-28,245.85,251.46,244.67,246.63,246.63,3850000.0,investing
2024-07-01,246.49,246.91,241.97,246.62,246.62,2330000.0,investing
2024-07-02,245.2,250.17,245.0,250.09,250.09,1620000.0,investing
2024-07-03,250.72,255.58,249.38,254.26,254.26,1390000.0,investing
2024-07-05,256.28,256.83,253.28,254.76,254.76,1820000.0,investing
2024-07-08,256.71,259.9,256.69,259.59,259.59,2300000.0,investing
2024-07-09,260.75,262.08,257.13,259.47,259.47,2380000.0,investing
2024-07-10,261.87,266.0,260.58,265.49,265.49,3080000.0,investing
2024-07-11,267.15,267.24,255.97,256.76,256.76,4700000.0,investing
2024-07-12,257.84,264.42,256.56,259.89,259.89,2930000.0,investing
2024-07-15,261.35,263.63,258.59,260.18,260.18,3200000.0,investing
2024-07-16,261.53,262.14,257.59,261.79,261.79,2600000.0,investing
2024-07-17,252.74,253.66,242.78,243.17,243.17,9100000.0,investing
2024-07-18,247.41,247.52,239.65,243.9,243.9,5270000.0,investing
2024-07-19,243.56,243.7,236.04,236.44,236.44,4980000.0,investing
2024-07-22,241.52,246.44,239.5,246.24,246.24,4940000.0,investing
2024-07-23,242.89,245.08,241.84,242.57,242.57,2420000.0,investing
2024-07-24,239.26,239.89,229.35,229.67,229.67,5740000.0,investing
2024-07-25,227.71,232.05,220.63,224.55,224.55,8440000.0,investing
2024-07-26,229.67,231.21,226.91,229.37,229.37,3810000.0,investing
2024-07-29,231.6,234.83,228.03,228.89,228.89,2930000.0,investing
2024-07-30,230.0,230.56,219.82,220.58,220.58,8080000.0,investing
2024-07-31,230.72,235.6,228.97,235.38,235.38,7490000.0,investing
2024-08-01,231.4,233.21,215.59,218.42,218.42,8580000.0,investing
2024-08-02,209.06,211.45,204.21,206.81,206.81,13110000.0,investing
2024-08-05,193.09,208.68,192.87,203.16,203.16,9250000.0,investing
2024-08-06,205.06,210.48,201.74,205.0,205.0,6600000.0,investing
2024-08-07,211.5,213.18,198.85,199.29,199.29,5290000.0,investing
2024-08-08,205.47,213.26,201.24,213.04,213.04,6240000.0,investing
2024-08-09,211.49,213.68,208.75,211.78,211.78,3450000.0,investing
2024-08-12,212.1,215.55,210.3,213.0,213.0,4370000.0,investing
2024-08-13,215.99,221.98,214.67,221.65,221.65,4530000.0,investing
2024-08-14,223.65,224.54,217.49,221.09,221.09,3770000.0,investing
2024-08-15,226.07,232.62,225.04,231.72,231.72,4330000.0,investing
2024-08-16,229.59,232.22,228.03,231.23,231.23,3970000.0,investing
2024-08-19,230.33,235.2,227.66,235.16,235.16,2200000.0,investing
2024-08-20,233.95,235.55,230.27,232.05,232.05,2590000.0,investing
2024-08-21,233.21,236.51,232.64,235.34,235.34,1830000.0,investing
2024-08-22,236.7,237.5,226.62,227.3,227.3,2970000.0,investing
2024-08-23,230.92,235.0,229.7,233.39,233.39,3450000.0,investing
2024-08-26,232.47,233.21,226.7,227.53,227.53,2150000.0,investing
2024-08-27,225.88,230.81,223.81,230.05,230.05,2020000.0,investing
2024-08-28,229.09,230.7,223.62,225.9,225.9,3480000.0,investing
2024-08-29,227.1,231.02,224.21,225.25,225.25,4080000.0,investing
2024-08-30,230.56,231.75,227.28,231.14,231.14,3250000.0,investing
2024-09-03,226.8,226.83,212.28,213.5,213.5,7210000.0,investing
2024-09-04,211.11,217.49,210.52,214.2,214.2,4440000.0,investing
2024-09-05,211.2,216.38,210.86,213.05,213.05,3990000.0,investing
2024-09-06,211.45,211.61,202.86,203.93,203.93,5600000.0,investing
2024-09-09,207.24,208.68,204.56,207.96,207.96,4080000.0,investing
2024-09-10,208.34,210.38,204.96,210.15,210.15,2390000.0,investing
2024-09-11,211.59,220.34,207.17,219.91,219.91,6520000.0,investing
2024-09-12,218.7,220.97,215.63,218.94,218.94,4740000.0,investing
2024-09-13,220.85,223.45,220.32,222.85,222.85,5270000.0,investing
2024-09-16,219.67,221.0,217.04,219.88,219.88,2470000.0,investing
2024-09-17,222.65,223.17,218.23,220.15,220.15,2300000.0,investing
2024-09-18,221.18,224.21,217.5,217.72,217.72,4670000.0,investing
2024-09-19,225.97,230.06,224.16,226.99,226.99,4620000.0,investing
2024-09-20,224.71,225.57,220.44,223.67,223.67,4550000.0,investing
2024-09-23,224.75,225.55,222.95,224.54,224.54,2450000.0,investing
2024-09-24,226.55,228.63,223.97,227.26,227.26,4310000.0,investing
2024-09-25,225.98,229.77,225.85,228.27,228.27,2190000.0,investing
2024-09-26,237.72,238.38,230.29,236.43,236.43,5540000.0,investing
2024-09-27,237.15,237.18,231.47,232.68,232.68,2300000.0,investing
2024-09-30,229.79,232.11,227.3,230.59,230.59,2690000.0,investing
2024-10-01,230.5,231.2,222.33,224.13,224.13,3930000.0,investing
2024-10-02,224.57,229.65,223.26,227.15,227.15,1760000.0,investing
2024-10-03,225.36,230.83,225.21,227.96,227.96,2110000.0,investing
2024-10-04,232.49,232.88,228.38,231.08,231.08,2690000.0,investing
2024-10-07,229.6,232.26,228.77,230.45,230.45,2010000.0,investing
2024-10-08,230.45,233.54,228.94,232.72,232.72,2510000.0,investing
2024-10-09,232.49,235.48,230.88,235.15,235.15,2020000.0,investing
2024-10-10,231.99,234.79,230.65,233.5,233.5,1890000.0,investing
2024-10-11,231.79,236.19,231.67,235.46,235.46,4570000.0,investing
2024-10-14,236.96,240.29,236.81,239.8,239.8,2140000.0,investing
2024-10-15,239.24,240.47,225.72,227.36,227.36,6420000.0,investing
2024-10-16,230.12,230.12,226.4,227.36,227.36,3780000.0,investing
2024-10-17,233.3,233.87,229.15,229.15,229.15,2410000.0,investing
2024-10-18,231.3,231.31,228.42,229.36,229.36,1640000.0,investing
2024-10-21,228.44,229.54,225.98,228.93,228.93,2030000.0,investing
2024-10-22,227.68,228.81,226.28,228.08,228.08,2480000.0,investing
2024-10-23,227.65,228.51,222.87,226.04,226.04,2260000.0,investing
2024-10-24,228.07,228.21,225.58,227.3,227.3,2250000.0,investing
2024-10-25,229.45,233.07,229.37,229.58,229.58,2210000.0,investing
2024-10-28,229.5,231.3,228.37,229.72,229.72,1510000.0,investing
2024-10-29,229.92,236.46,228.86,235.37,235.37,3140000.0,investing
2024-10-30,229.29,230.74,226.98,227.07,227.07,4320000.0,investing
2024-10-31,224.9,224.99,216.56,218.26,218.26,6120000.0,investing
2024-11-01,220.02,222.76,219.31,220.58,220.58,2130000.0,investing
2024-11-04,219.93,222.46,218.5,219.31,219.31,1730000.0,investing
2024-11-05,219.41,222.07,219.14,221.87,221.87,2270000.0,investing
2024-11-06,226.36,229.17,224.31,228.34,228.34,3640000.0,investing
2024-11-07,231.83,233.4,231.32,233.1,233.1,3150000.0,investing
2024-11-08,231.83,233.19,230.14,231.36,231.36,1770000.0,investing
2024-11-11,229.18,229.18,222.78,225.57,225.57,4250000.0,investing
2024-11-12,224.78,225.15,220.15,223.11,223.11,3260000.0,investing
2024-11-13,221.5,222.13,217.97,218.37,218.37,3060000.0,investing
2024-11-14,220.5,221.37,217.84,218.24,218.24,2520000.0,investing
2024-11-15,214.57,215.67,210.59,211.21,211.21,4750000.0,investing
2024-11-18,211.15,214.33,210.24,213.94,213.94,2440000.0,investing
2024-11-19,213.33,214.81,212.47,214.35,214.35,2360000.0,investing
2024-11-20,213.07,213.68,209.65,212.71,212.71,4000000.0,investing
2024-11-21,215.05,217.26,210.9,216.08,216.08,4250000.0,investing
2024-11-22,215.62,216.7,214.56,216.17,216.17,2670000.0,investing
2024-11-25,218.97,220.3,216.88,218.28,218.28,2790000.0,investing
2024-11-26,220.0,220.59,213.77,215.45,215.45,2780000.0,investing
2024-11-27,214.25,214.41,208.89,212.56,212.56,3120000.0,investing
2024-11-29,214.12,218.02,214.08,215.4,215.4,2510000.0,investing
2024-12-02,216.7,222.47,216.52,221.06,221.06,3710000.0,investing
2024-12-03,219.65,221.06,219.02,219.81,219.81,1910000.0,investing
2024-12-04,224.15,224.32,221.14,222.72,222.72,2680000.0,investing
2024-12-05,222.33,222.66,217.89,218.51,218.51,2420000.0,investing
2024-12-06,218.6,220.38,218.0,219.83,219.83,1820000.0,investing
2024-12-09,218.5,221.54,217.38,218.77,218.77,1570000.0,investing
2024-12-10,219.43,219.57,212.19,213.57,213.57,2570000.0,investing
2024-12-11,216.73,220.23,215.4,218.94,218.94,3230000.0,investing
2024-12-12,217.39,218.18,215.46,217.24,217.24,2680000.0,investing
2024-12-13,222.3,224.66,220.01,223.3,223.3,3720000.0,investing
2024-12-16,224.01,228.58,222.39,227.44,227.44,4770000.0,investing
2024-12-17,224.84,226.18,222.56,223.87,223.87,2400000.0,investing
2024-12-18,225.35,227.16,213.95,215.59,215.59,4430000.0,investing
2024-12-19,216.09,216.56,211.45,211.97,211.97,3260000.0,investing
2024-12-20,210.81,217.78,210.3,214.82,214.82,4680000.0,investing
2024-12-23,216.47,221.6,216.47,221.32,221.32,3040000.0,investing
2024-12-24,222.78,223.68,221.35,223.6,223.6,1250000.0,investing
2024-12-26,221.98,224.95,221.69,223.53,223.53,1310000.0,investing
2024-12-27,222.19,222.72,218.85,221.64,221.64,1930000.0,investing
2024-12-30,217.84,219.31,215.67,217.28,217.28,2570000.0,investing
2024-12-31,217.93,218.82,214.64,215.49,215.49,1350000.0,investing
2025-01-02,217.68,220.22,214.96,216.82,216.82,2410000.0,investing
2025-01-03,218.25,223.04,217.96,222.47,222.47,2620000.0,investing
2025-01-06,227.26,231.8,227.26,228.91,228.91,4180000.0,investing
2025-01-07,231.7,231.89,224.56,225.79,225.79,3690000.0,investing
2025-01-08,225.05,225.46,221.11,223.54,223.54,3140000.0,investing
2025-01-10,220.74,220.88,216.78,218.2,218.2,4040000.0,investing
2025-01-13,213.85,217.84,213.66,217.53,217.53,2310000.0,investing
2025-01-14,219.35,220.75,216.12,218.96,218.96,1490000.0,investing
2025-01-15,222.48,224.65,221.67,223.21,223.21,2900000.0,investing
2025-01-16,227.25,227.79,223.53,223.54,223.54,3030000.0,investing
2025-01-17,228.58,230.32,227.36,229.74,229.74,3790000.0,investing
2025-01-21,231.81,234.58,229.8,232.45,232.45,3200000.0,investing
2025-01-22,234.83,238.34,234.32,235.81,235.81,3460000.0,investing
2025-01-23,232.03,235.38,231.18,235.37,235.37,2570000.0,investing
2025-01-24,235.48,235.48,229.71,230.64,230.64,2230000.0,investing
2025-01-27,219.0,219.61,209.74,212.55,212.55,16940000.0,investing
2025-01-28,213.62,214.77,208.98,213.5,213.5,9120000.0,investing
2025-01-29,215.56,216.18,212.15,214.38,214.38,2430000.0,investing
2025-01-30,217.01,219.99,215.76,218.74,218.74,4650000.0,investing
2025-01-31,219.99,224.29,217.47,218.13,218.13,3870000.0,investing
2025-02-03,212.39,216.85,210.96,214.2,214.2,3650000.0,investing
2025-02-04,213.72,217.27,213.43,216.4,216.4,3740000.0,investing
2025-02-05,215.83,221.04,214.48,220.59,220.59,2200000.0,investing
2025-02-06,219.05,220.7,217.88,220.3,220.3,3110000.0,investing
2025-02-07,220.81,222.08,215.39,216.87,216.87,3300000.0,investing
2025-02-10,218.45,220.25,218.42,219.7,219.7,2700000.0,investing
2025-02-11,217.89,221.17,217.89,219.9,219.9,1550000.0,investing
2025-02-12,216.44,220.22,215.95,220.14,220.14,2020000.0,investing
2025-02-13,219.95,222.99,219.88,222.84,222.84,2550000.0,investing
2025-02-14,222.82,223.77,221.92,223.07,223.07,1570000.0,investing
2025-02-18,224.7,227.47,223.47,226.76,226.76,3610000.0,investing
2025-02-19,227.15,231.62,226.26,230.53,230.53,2640000.0,investing
2025-02-20,231.99,233.44,228.75,231.07,231.07,2640000.0,investing
2025-02-21,231.76,231.85,223.13,223.98,223.98,2950000.0,investing
2025-02-24,224.97,225.34,218.54,218.72,218.72,3370000.0,investing
2025-02-25,218.45,219.22,213.58,214.21,214.21,3510000.0,investing
2025-02-26,216.95,219.8,215.58,217.94,217.94,2560000.0,investing
2025-02-27,219.18,219.5,204.92,205.25,205.25,4350000.0,investing
2025-02-28,205.37,210.05,203.12,208.52,208.52,3720000.0,investing
2025-03-03,211.51,211.65,199.32,201.15,201.15,5070000.0,investing
2025-03-04,200.8,207.62,196.7,202.27,202.27,5490000.0,investing
2025-03-05,204.54,207.29,200.57,206.63,206.63,3310000.0,investing
2025-03-06,199.58,203.72,197.33,198.04,198.04,5090000.0,investing
2025-03-07,198.8,204.54,196.48,203.85,203.85,3710000.0,investing
2025-03-10,198.82,200.28,191.56,194.42,194.42,5410000.0,investing
2025-03-11,194.52,196.31,189.11,192.12,192.12,3780000.0,investing
2025-03-12,196.7,198.69,194.32,196.08,196.08,3140000.0,investing
2025-03-13,196.07,199.24,193.18,195.1,195.1,2500000.0,investing
2025-03-14,198.5,201.71,198.32,201.12,201.12,3700000.0,investing
2025-03-17,200.31,206.26,200.21,204.44,204.44,2740000.0,investing
2025-03-18,202.11,203.05,200.18,201.47,201.47,2470000.0,investing
2025-03-19,201.49,206.43,200.0,203.11,203.11,2330000.0,investing
2025-03-20,200.52,203.72,200.36,201.49,201.49,2270000.0,investing
2025-03-21,197.94,200.14,196.37,199.38,199.38,2870000.0,investing
2025-03-24,203.57,206.66,203.33,205.3,205.3,3950000.0,investing
2025-03-25,205.05,205.71,203.56,204.19,204.19,1420000.0,investing
2025-03-26,203.22,204.06,196.44,198.47,198.47,3690000.0,investing
2025-03-27,195.87,197.04,193.38,194.56,194.56,3550000.0,investing
2025-03-28,193.29,194.24,187.44,188.68,188.68,4120000.0,investing
2025-03-31,184.7,188.3,182.12,188.17,188.17,3840000.0,investing
2025-04-01,187.45,188.34,183.8,188.27,188.27,3110000.0,investing
2025-04-02,185.39,192.02,184.73,189.48,189.48,2780000.0,investing
2025-04-03,179.75,181.14,169.99,170.36,170.36,9980000.0,investing
2025-04-04,163.92,165.76,154.61,157.63,157.63,13990000.0,investing
2025-04-07,152.03,170.42,148.31,161.27,161.27,18690000.0,investing
2025-04-08,167.64,169.85,151.11,154.86,154.86,11020000.0,investing
2025-04-09,156.1,185.56,154.94,183.62,183.62,23540000.0,investing
2025-04-10,174.56,175.65,162.39,168.61,168.61,14500000.0,investing
2025-04-11,166.98,173.11,164.42,172.26,172.26,9890000.0,investing
2025-04-14,177.55,177.55,170.79,173.4,173.4,5660000.0,investing
2025-04-15,174.32,176.63,173.25,174.11,174.11,3200000.0,investing
2025-04-16,166.33,169.58,161.83,167.39,167.39,10200000.0,investing
2025-04-17,168.57,168.75,164.81,166.55,166.55,4920000.0,investing
2025-04-21,163.14,163.9,160.26,163.64,163.64,4770000.0,investing
2025-04-22,165.23,168.02,164.62,166.82,166.82,5000000.0,investing
2025-04-23,175.25,177.14,172.35,173.07,173.07,7320000.0,investing
2025-04-24,177.8,183.56,176.54,183.03,183.03,6870000.0,investing
2025-04-25,181.2,186.12,180.66,184.81,184.81,4220000.0,investing
2025-04-28,183.89,185.76,180.44,184.48,184.48,2880000.0,investing
2025-04-29,182.24,184.54,181.25,182.51,182.51,3530000.0,investing
2025-04-30,178.0,184.38,176.77,183.84,183.84,3580000.0,investing
2025-05-01,186.0,187.35,183.47,183.59,183.59,4000000.0,investing
2025-05-02,187.95,191.87,187.83,190.03,190.03,4580000.0,investing
2025-05-05,188.19,190.46,187.93,188.57,188.57,3320000.0,investing
2025-05-06,185.26,188.25,184.27,186.77,186.77,2840000.0,investing
2025-05-07,186.58,190.58,184.81,190.04,190.04,3000000.0,investing
2025-05-08,192.51,195.04,190.47,191.74,191.74,3460000.0,investing
2025-05-09,194.48,195.63,192.28,193.94,193.94,2810000.0,investing
2025-05-12,206.8,209.39,204.99,207.87,207.87,10680000.0,investing
2025-05-13,208.7,214.82,208.41,213.76,213.76,5690000.0,investing
2025-05-14,215.21,216.7,213.21,214.79,214.79,4160000.0,investing
2025-05-15,212.69,215.0,210.91,213.41,213.41,4220000.0,investing
2025-05-16,213.56,213.56,210.68,213.13,213.13,2520000.0,investing
2025-05-19,208.22,212.39,208.17,211.85,211.85,5330000.0,investing
2025-05-20,210.04,211.62,209.41,211.54,211.54,2970000.0,investing
2025-05-21,209.75,213.9,206.35,207.67,207.67,5010000.0,investing
2025-05-22,207.52,209.47,205.58,205.75,205.75,5400000.0,investing
2025-05-23,200.47,203.66,199.93,202.56,202.56,9530000.0,investing
2025-05-27,206.96,210.23,205.27,209.29,209.29,6060000.0,investing
2025-05-28,209.84,210.46,207.75,208.24,208.24,6770000.0,investing
2025-05-29,213.02,213.17,207.75,209.09,209.09,8600000.0,investing
2025-05-30,207.82,207.87,201.12,204.94,204.94,10780000.0,investing
2025-06-02,204.42,208.83,204.29,208.03,208.03,6030000.0,investing
2025-06-03,208.15,214.14,206.71,213.62,213.62,8910000.0,investing
2025-06-04,215.39,217.62,213.54,216.8,216.8,7340000.0,investing
2025-06-05,218.47,220.28,214.41,215.89,215.89,10940000.0,investing
2025-06-06,218.0,220.23,217.21,217.34,217.34,7580000.0,investing
2025-06-09,219.32,224.41,219.13,222.46,222.46,7710000.0,investing
2025-06-10,223.54,228.08,222.99,227.32,227.32,7680000.0,investing
2025-06-11,228.9,229.8,224.27,226.56,226.56,10410000.0,investing
2025-06-12,224.94,228.0,224.6,226.87,226.87,5150000.0,investing
2025-06-13,221.99,224.58,220.3,220.96,220.96,10480000.0,investing
2025-06-16,223.59,228.58,223.24,227.44,227.44,5770000.0,investing
2025-06-17,226.45,229.64,225.48,225.64,225.64,7290000.0,investing
2025-06-18,226.85,229.19,225.1,226.56,226.56,6660000.0,investing
2025-06-20,228.79,229.08,222.16,225.11,225.11,8199999.999999999,investing
2025-06-23,225.01,227.89,221.86,226.51,226.51,7120000.0,investing
2025-06-24,230.57,235.36,230.46,235.1,235.1,7020000.0,investing
2025-06-25,236.66,237.24,234.8,237.21,237.21,5250000.0,investing
2025-06-26,239.04,239.65,237.18,239.07,239.07,4350000.0,investing
2025-06-27,239.31,241.23,236.37,238.86,238.86,4520000.0,investing
2025-06-30,240.16,240.16,237.56,238.7,238.7,4930000.0,investing
2025-07-01,236.7,239.18,234.08,237.62,237.62,10890000.0,investing
2025-07-02,237.09,243.12,237.0,242.14,242.14,5980000.0,investing
2025-07-03,243.15,244.2,242.7,243.34,243.34,3070000.0,investing
2025-07-07,241.29,242.13,237.75,238.78,238.78,4860000.0,investing
2025-07-08,241.06,245.4,240.11,243.34,243.34,7280000.0,investing
2025-07-09,244.01,246.53,241.88,244.12,244.12,4420000.0,investing
2025-07-10,246.41,247.52,244.27,246.55,246.55,4870000.0,investing
2025-07-11,245.01,247.07,244.05,246.17,246.17,2650000.0,investing
2025-07-14,244.15,244.74,240.35,243.83,243.83,5520000.0,investing
2025-07-15,248.79,249.96,246.1,246.26,246.26,6040000.0,investing
2025-07-16,244.28,245.67,239.21,245.59,245.59,8350000.0,investing
2025-07-17,245.54,247.13,243.9,246.53,246.53,4800000.0,investing
2025-07-18,247.95,248.37,244.88,246.73,246.73,3760000.0,investing
2025-07-21,247.35,250.19,246.95,246.95,246.95,4670000.0,investing
2025-07-22,246.04,246.5,240.69,243.54,243.54,6870000.0,investing
2025-07-23,241.71,242.4,239.06,242.06,242.06,5950000.0,investing
2025-07-24,241.59,242.09,239.46,241.56,241.56,4170000.0,investing
2025-07-25,240.1,241.67,239.1,241.54,241.54,3510000.0,investing
2025-07-28,244.21,246.0,243.91,245.75,245.75,6430000.0,investing
2025-07-29,247.29,249.53,244.5,246.19,246.19,5300000.0,investing
2025-07-30,248.36,249.5,245.87,247.95,247.95,5300000.0,investing
2025-07-31,245.04,245.29,237.66,240.03,240.03,9420000.0,investing
2025-08-01,235.51,239.61,232.33,237.24,237.24,8550000.0,investing
2025-08-04,238.76,240.85,237.77,240.4,240.4,6190000.0,investing
2025-08-05,241.76,242.45,235.88,238.73,238.73,5150000.0,investing
2025-08-06,236.56,237.46,233.67,236.93,236.93,4970000.0,investing
2025-08-07,242.04,243.37,238.89,240.84,240.84,6070000.0,investing
2025-08-08,241.01,243.18,240.29,242.87,242.87,5300000.0,investing
2025-08-11,243.78,246.51,241.95,242.41,242.41,4130000.0,investing
2025-08-12,244.24,250.38,242.71,250.16,250.16,10100000.0,investing
2025-08-13,252.13,254.1,251.04,253.88,253.88,6020000.0,investing
2025-08-14,250.36,255.06,250.05,254.14,254.14,5320000.0,investing
2025-08-15,252.19,252.27,247.62,248.32,248.32,6840000.0,investing
2025-08-18,247.54,249.34,247.48,249.05,249.05,4980000.0,investing
2025-08-19,249.07,250.04,244.72,245.15,245.15,3510000.0,investing
2025-08-20,244.63,244.63,237.1,243.74,243.74,9420000.0,investing
2025-08-21,242.47,244.12,241.0,242.36,242.36,4580000.0,investing
2025-08-22,243.12,251.99,242.44,249.09,249.09,6530000.0,investing
2025-08-25,248.85,249.63,247.27,248.51,248.51,3650000.0,investing
2025-08-26,249.57,251.61,249.51,250.85,250.85,3760000.0,investing
2025-08-27,249.88,251.66,248.82,251.34,251.34,4200000.0,investing
2025-08-28,252.32,254.32,250.9,252.55,252.55,5060000.0,investing
2025-08-29,248.94,248.94,244.17,245.32,245.32,8670000.0,investing
2025-09-02,238.67,242.93,238.15,242.83,242.83,6660000.0,investing
2025-09-03,243.23,243.42,239.23,241.68,241.68,5470000.0,investing
2025-09-04,240.06,244.52,238.75,244.17,244.17,11840000.0,investing
2025-09-05,247.85,248.5,244.13,247.05,247.05,17110000.0,investing
2025-09-08,248.4,249.92,247.56,248.85,248.85,10290000.0,investing
2025-09-09,249.1,249.68,247.23,249.06,249.06,9310000.0,investing
2025-09-10,253.03,254.21,251.86,253.45,253.45,13400000.0,investing
2025-09-11,254.81,256.51,254.62,255.19,255.19,10290000.0,investing
2025-09-12,255.81,256.4,254.16,255.64,255.64,7140000.0,investing
2025-09-15,255.2,257.84,254.53,257.8,257.8,7240000.0,investing
2025-09-16,258.29,259.05,256.58,258.58,258.58,7540000.0,investing
2025-09-17,257.94,260.74,254.83,258.53,258.53,6570000.0,investing
2025-09-18,265.06,268.98,264.14,267.57,267.57,12600000.0,investing
2025-09-19,267.3,267.4,263.6,265.86,265.86,5840000.0,investing
2025-09-22,266.65,270.66,266.58,269.83,269.83,5720000.0,investing
2025-09-23,270.79,272.13,267.91,269.51,269.51,6070000.0,investing
2025-09-24,268.74,269.76,265.61,269.1,269.1,7830000.0,investing
2025-09-25,264.58,268.94,261.8,268.24,268.24,11160000.0,investing
2025-09-26,268.53,269.42,265.74,268.83,268.83,7240000.0,investing
2025-09-29,271.72,272.8,268.86,268.93,268.93,5950000.0,investing
2025-09-30,268.85,271.45,267.76,271.12,271.12,7090000.0,investing
2025-10-01,269.38,276.7,268.88,276.34,276.34,9340000.0,investing
2025-10-02,281.5,282.54,279.61,281.69,281.69,7250000.0,investing
2025-10-03,282.95,284.34,278.48,279.96,279.96,8630000.0,investing
2025-10-06,290.99,292.51,288.35,288.36,288.36,11270000.0,investing
2025-10-07,290.98,291.48,281.53,281.91,281.91,9950000.0,investing
2025-10-08,281.99,291.86,281.48,291.54,291.54,9300000.0,investing
2025-10-09,291.08,291.61,287.47,290.19,290.19,7600000.0,investing
2025-10-10,290.82,291.63,271.46,271.99,271.99,26690000.0,investing
2025-10-13,282.78,285.95,280.34,284.87,284.87,8700000.0,investing
2025-10-14,278.5,284.77,277.36,279.03,279.03,8480000.0,investing
2025-10-15,286.25,288.02,281.84,287.64,287.64,7600000.0,investing
2025-10-16,291.08,292.26,285.94,288.98,288.98,7410000.0,investing
2025-10-17,286.89,289.64,283.72,288.17,288.17,6260000.0,investing
2025-10-20,290.61,295.0,290.49,292.97,292.97,5830000.0,investing
2025-10-21,292.5,292.7,289.22,291.33,291.33,3970000.0,investing
2025-10-22,288.11,289.83,278.46,284.13,284.13,7880000.0,investing
2025-10-23,282.49,291.86,282.25,291.06,291.06,5370000.0,investing
2025-10-24,296.33,298.22,295.44,295.86,295.86,4620000.0,investing
2025-10-27,301.43,305.01,300.4,304.08,304.08,5170000.0,investing
2025-10-28,303.46,305.97,302.38,304.45,304.45,4160000.0,investing
2025-10-29,309.86,312.79,306.97,309.6,309.6,4500000.0,investing
2025-10-30,307.94,311.12,305.38,305.41,305.41,4630000.0,investing
2025-10-31,308.7,311.32,304.26,306.55,306.55,5160000.0,investing
2025-11-03,310.4,311.75,307.13,308.38,308.38,3750000.0,investing
2025-11-04,300.34,304.74,295.55,296.26,296.26,5290000.0,investing
2025-11-05,297.21,309.17,296.89,305.47,305.47,4950000.0,investing
2025-11-06,305.0,305.89,295.35,297.5,297.5,8550000.0,investing
2025-11-07,292.64,294.45,283.59,294.38,294.38,13800000.0,investing
2025-11-10,302.44,303.36,298.54,302.0,302.0,6030000.0,investing
2025-11-11,299.04,300.02,294.69,295.15,295.15,5880000.0,investing
2025-11-12,300.22,301.69,297.5,299.67,299.67,4140000.0,investing
2025-11-13,295.94,297.13,286.45,289.38,289.38,10980000.0,investing
2025-11-14,280.62,292.8,279.41,288.52,288.52,7140000.0,investing
2025-11-17,286.07,291.53,280.24,283.56,283.56,8189999.999999999,investing
2025-11-18,279.54,281.4,274.09,276.98,276.98,11100000.0,investing
2025-11-19,278.14,285.14,276.82,281.61,281.61,5110000.0,investing
2025-11-20,288.9,289.99,267.0,268.1,268.1,13400000.0,investing
2025-11-21,268.27,274.76,260.44,270.83,270.83,15360000.0,investing
2025-11-24,273.78,284.05,273.61,282.7,282.7,6420000.0,investing
2025-11-25,278.95,284.34,272.76,283.58,283.58,5940000.0,investing
2025-11-26,286.72,294.08,286.61,291.39,291.39,5820000.0,investing
2025-11-28,293.25,296.99,291.83,296.74,296.74,3040000.0,investing
2025-12-01,292.87,299.42,292.53,296.92,296.92,3930000.0,investing
2025-12-02,300.45,304.84,298.69,302.84,302.84,5090000.0,investing
2025-12-03,304.5,309.57,301.46,309.36,309.36,3870000.0,investing
2025-12-04,307.84,308.27,304.59,306.28,306.28,4640000.0,investing
2025-12-05,309.3,312.83,308.93,309.4,309.4,4340000.0,investing
2025-12-08,311.92,314.08,309.86,312.76,312.76,3620000.0,investing
2025-12-09,310.78,312.85,309.43,312.18,312.18,2780000.0,investing
2025-12-10,312.01,317.35,310.56,316.33,316.33,5090000.0,investing
2025-12-11,312.8,314.77,305.79,314.52,314.52,6500000.0,investing
2025-12-12,310.8,311.6,297.96,299.48,299.48,13810000.0,investing
2025-12-15,302.6,303.5,297.23,298.01,298.01,5240000.0,investing
2025-12-16,296.7,298.92,293.08,296.2,296.2,5850000.0,investing
2025-12-17,297.32,298.18,284.43,285.23,285.23,10420000.0,investing
2025-12-18,295.72,296.96,290.83,292.04,292.04,6740000.0,investing
2025-12-19,294.67,301.69,294.5,299.81,299.81,5070000.0,investing
2025-12-22,306.73,306.94,302.55,303.84,303.84,4020000.0,investing
2025-12-23,302.21,305.12,301.37,304.96,304.96,2710000.0,investing
2025-12-24,304.99,306.5,304.71,306.14,306.14,1720000.0,investing
2025-12-26,307.4,307.54,305.29,306.04,306.04,1860000.0,investing
2025-12-29,303.37,306.46,301.89,305.32,305.32,3620000.0,investing
2025-12-30,306.08,307.48,304.7,304.92,304.92,2980000.0,investing
2025-12-31,305.64,306.12,301.11,301.15,301.15,2950000.0,investing
2026-01-02,308.56,315.81,308.56,313.69,313.69,8490000.0,investing
2026-01-05,320.7,322.64,316.88,318.06,318.06,7920000.0,investing
2026-01-06,322.07,329.15,322.0,328.35,328.35,7580000.0,investing
2026-01-07,325.05,325.95,322.11,324.89,324.89,4530000.0,investing
2026-01-08,324.19,324.19,316.4,319.58,319.58,5410000.0,investing
2026-01-09,322.8,330.67,321.11,328.78,328.78,7320000.0,investing
2026-01-12,325.7,331.38,325.53,330.35,330.35,5160000.0,investing
2026-01-13,332.85,336.42,331.89,333.3,333.3,3840000.0,investing
2026-01-14,331.03,331.99,327.17,331.9,331.9,5470000.0,investing
2026-01-15,343.1,344.55,337.22,337.22,337.22,6530000.0,investing
2026-01-16,343.51,345.41,340.22,342.47,342.47,5130000.0,investing
2026-01-20,336.2,343.19,335.96,337.35,337.35,6230000.0,investing
2026-01-21,341.84,351.33,340.3,348.14,348.14,7200000.0,investing
2026-01-22,354.36,354.6,347.37,348.67,348.67,4660000.0,investing
2026-01-23,346.39,348.03,342.17,344.71,344.71,4340000.0,investing
2026-01-26,343.29,345.5,341.13,343.07,343.07,4460000.0,investing
2026-01-27,348.16,353.2,346.65,351.08,351.08,5290000.0,investing
2026-01-28,358.53,362.04,356.71,360.46,360.46,5360000.0,investing
2026-01-29,361.18,363.8,347.72,361.13,361.13,8450000.0,investing
2026-01-30,356.0,360.19,343.71,346.3,346.3,8720000.0,investing
2026-02-02,342.37,356.11,341.9,352.69,352.69,7760000.0,investing
2026-02-03,355.9,357.12,338.09,345.64,345.64,8369999.999999999,investing
2026-02-04,342.18,345.39,323.33,330.38,330.38,15230000.0,investing
2026-02-05,326.54,335.47,324.04,330.83,330.83,10410000.0,investing
2026-02-06,337.39,349.56,335.87,348.51,348.51,9100000.0,investing
2026-02-09,344.84,354.74,343.88,352.77,352.77,7090000.0,investing
2026-02-10,353.52,355.04,348.12,351.43,351.43,6250000.0,investing
2026-02-11,358.82,362.28,351.4,360.2,360.2,7500000.0,investing
2026-02-12,363.45,365.38,351.05,351.5,351.5,9490000.0,investing
2026-02-13,352.8,357.61,348.67,354.66,354.66,5960000.0,investing
2026-02-17,349.8,357.1,345.32,354.1,354.1,4070000.000000001,investing
2026-02-18,355.82,361.67,353.6,357.92,357.92,5680000.0,investing
2026-02-19,354.17,356.32,351.77,355.84,355.84,5580000.0,investing
2026-02-20,353.59,361.33,352.8,359.43,359.43,6010000.0,investing
2026-02-23,357.57,360.38,352.85,356.82,356.82,6340000.0,investing
2026-02-24,361.6,364.74,358.04,362.04,362.04,6210000.0,investing
2026-02-25,366.2,368.82,365.51,368.0,368.0,4540000.0,investing
2026-02-26,366.38,366.48,350.41,356.8,356.8,13330000.0,investing
2026-02-27,349.6,354.03,348.34,352.29,352.29,6250000.0,investing
2026-03-02,343.79,352.33,343.34,352.05,352.05,7280000.0,investing
2026-03-03,338.09,339.31,330.89,334.78,334.78,17950000.0,investing
2026-03-04,339.96,343.81,336.79,341.54,341.54,10650000.0,investing
2026-03-05,338.9,343.72,330.57,337.76,337.76,7240000.0,investing
2026-03-06,328.4,335.04,321.49,323.51,323.51,8730000.0,investing
2026-03-09,318.31,337.17,316.22,336.37,336.37,9820000.0,investing
2026-03-10,336.31,345.56,336.31,338.81,338.81,7470000.0,investing
2026-03-11,340.5,345.4,340.45,342.09,342.09,6220000.0,investing
2026-03-12,337.34,337.55,328.64,330.19,330.19,8010000.0,investing
2026-03-13,333.88,338.4,329.79,331.32,331.32,6450000.0,investing
2026-03-16,338.89,342.04,336.32,337.83,337.83,8020000.0,investing
2026-03-17,340.56,341.16,336.79,340.25,340.25,4470000.0,investing
2026-03-18,340.52,343.44,338.29,338.29,338.29,6360000.0,investing
2026-03-19,328.76,342.77,326.76,340.2,340.2,8289999.999999999,investing
2026-03-20,339.71,341.25,327.94,332.51,332.51,9440000.0,investing
2026-03-23,340.11,344.93,335.12,336.59,336.59,8150000.0,investing
2026-03-24,333.79,343.22,333.62,341.02,341.02,5290000.0,investing
2026-03-25,344.17,347.68,342.14,345.25,345.25,5870000.0,investing
2026-03-26,339.45,339.89,328.52,328.85,328.85,10170000.0,investing
2026-03-27,326.84,329.95,322.16,323.48,323.48,6330000.0,investing
2026-03-30,326.75,327.63,307.26,309.79,309.79,13200000.0,investing
2026-03-31,315.6,329.18,314.88,328.66,328.66,14040000.0,investing
2026-04-01,333.49,342.65,332.35,338.54,338.54,10130000.0,investing
2026-04-02,325.11,340.39,325.03,339.61,339.61,6520000.0,investing
2026-04-06,341.52,345.77,339.92,344.1,344.1,3110000.0,investing
2026-04-07,343.04,347.94,338.47,347.76,347.76,4030000.000000001,investing
2026-04-08,367.89,371.15,362.13,370.4,370.4,9870000.0,investing
2026-04-09,371.3,378.95,371.3,378.63,378.63,6040000.0,investing
2026-04-10,382.67,389.6,382.67,386.6,386.6,5600000.0,investing
2026-04-13,384.88,393.57,384.37,393.34,393.34,4380000.0,investing
2026-04-14,397.83,401.44,393.51,401.24,401.24,5200000.0,investing
2026-04-15,400.31,402.09,392.39,401.86,401.86,5570000.0,investing
2026-04-16,400.6,407.48,397.99,405.95,405.95,4400000.0,investing
2026-04-17,413.38,415.73,409.58,415.71,415.71,5730000.0,investing
2026-04-20,417.43,418.86,411.79,417.55,417.55,3490000.0,investing
2026-04-21,420.4,423.35,416.67,420.7,420.7,3680000.0,investing
2026-04-22,427.26,432.16,422.82,431.77,431.77,6560000.0,investing
2026-04-23,435.34,446.64,434.04,441.0,441.0,10810000.0,investing
2026-04-24,457.59,463.87,450.97,461.6,461.6,9070000.0,investing
2026-04-27,461.75,463.0,448.93,455.41,455.41,8920000.0,investing
2026-04-28,437.63,446.14,431.74,438.71,438.71,11010000.0,investing
2026-04-29,445.26,450.37,442.41,449.99,449.99,5970000.0,investing
2026-04-30,455.7,462.14,449.34,461.44,461.44,5170000.0,investing
2026-05-01,458.47,466.91,455.07,465.75,465.75,4160000.0,investing
2026-05-04,467.93,469.61,457.81,462.06,462.06,5230000.0,investing
2026-05-05,471.14,486.18,470.23,482.73,482.73,7200000.0,investing
2026-05-06,497.96,506.94,487.86,506.87,506.87,9770000.0,investing
2026-05-07,502.93,503.68,488.13,492.36,492.36,9910000.0,investing
2026-05-08,504.24,520.46,502.75,520.3,520.3,7750000.0,investing
2026-05-11,524.08,533.74,521.66,532.76,532.76,7490000.0,investing
2026-05-12,520.85,525.15,495.71,515.99,515.99,14660000.0,investing
2026-05-13,527.61,532.25,515.94,528.29,528.29,7350000.0,investing
2026-05-14,526.49,533.13,522.21,530.03,530.03,5210000.0,investing
2026-05-15,511.67,518.79,506.26,508.52,508.52,9390000.0,investing
2026-05-18,518.02,519.96,486.92,495.87,495.87,10000000.0,investing
2026-05-19,484.4,506.04,477.95,496.74,496.74,12220000.0,investing
2026-05-20,507.73,520.54,506.55,520.31,520.31,9460000.0,investing
2026-05-21,518.17,526.78,515.0,524.71,524.71,6750000.0,investing
2026-05-22,531.88,541.89,530.17,537.33,537.33,7670000.0,investing
2026-05-26,556.99,572.95,555.41,570.09,570.09,8930000.0,investing
2026-05-27,584.38,584.5,551.89,563.98,563.98,11410000.0,investing
2026-05-28,564.32,575.8,554.83,569.47,569.47,6760000.0,investing
2026-05-29,576.44,582.23,564.6,569.08,569.08,7320000.0,investing
2026-06-01,563.67,577.99,557.38,571.93,571.93,7000000.0,investing
2026-06-02,585.17,605.44,581.92,605.02,605.02,7480000.0,investing
2026-06-03,616.21,618.84,598.01,615.68,615.68,8560000.0,investing
2026-06-04,587.64,611.26,577.54,602.72,602.72,11450000.0,investing
2026-06-05,577.86,580.5,539.57,539.77,539.77,22380000.0,investing
2026-06-08,569.77,581.38,560.79,571.45,571.45,12840000.0,investing
2026-06-09,585.45,588.58,522.24,562.14,562.14,24550000.0,investing
2026-06-10,551.66,572.51,539.38,541.51,541.51,16670000.000000002,investing
2026-06-11,555.42,588.0,554.81,586.93,586.93,12300000.0,investing
2026-06-12,584.11,602.69,578.53,596.25,596.25,9950000.0,investing
2026-06-15,622.61,629.72,618.45,628.45,628.45,8170000.0,investing
2026-06-16,623.84,629.64,590.63,591.24,591.24,11200000.0,investing
2026-06-17,611.56,621.99,598.95,599.73,599.73,8950000.0,investing
2026-06-18,626.52,644.43,626.15,639.45,639.45,9670000.0,investing
2026-06-22,653.96,655.95,643.93,655.01,655.01,7780000.0,investing
2026-06-23,607.64,619.94,598.19,603.39,603.39,12710000.0,investing
2026-06-24,606.19,609.69,586.66,601.5,601.5,9230000.0,investing
2026-06-25,637.33,638.47,598.83,625.2,625.2,12790000.0,investing
2026-06-26,601.44,605.89,588.51,589.94,589.94,11020000.0,investing
2026-06-29,593.71,615.35,571.6,614.35,614.35,11040000.0,investing
2026-06-30,616.15,644.94,616.15,640.76,640.76,10110000.0,investing
2026-07-01,616.82,622.89,597.88,599.7,599.7,9980000.0,investing
2026-07-02,601.23,608.11,554.91,566.32,566.32,16149999.999999998,investing
2026-07-06,583.15,598.0,580.48,581.51,581.51,8420000.0,investing
2026-07-07,551.92,558.06,536.12,551.69,551.69,12290000.0,investing
2026-07-08,544.66,564.5,543.87,562.03,562.03,7200000.0,investing
2026-07-09,589.5,594.99,579.14,581.7,581.7,10030000.0,investing
2026-07-10,571.99,585.79,566.67,581.34,581.34,5860000.0,investing
2026-07-13,563.58,566.65,550.26,553.61,553.61,8310000.000000001,investing
2026-07-14,580.51,580.67,560.24,567.92,567.92,7370000.0,investing
2026-07-15,575.12,575.88,538.53,555.27,555.27,10200000.0,investing
2026-07-16,539.05,545.55,525.43,530.5,530.5,10340000.0,investing
2026-07-17,508.55,533.19,498.54,521.81,521.81,15580000.0,investing
2026-07-20,534.0,539.54,522.84,524.14,524.14,6530000.0,investing
2026-07-21,549.09,555.16,540.15,552.69,552.69,10080000.0,investing
2026-07-22,538.75,561.18,538.72,555.52,555.52,6270000.0,investing
2026-07-23,545.5,558.09,543.79,551.24,551.24,6690000.0,investing
2026-07-24,544.36,548.0,522.21,527.01,527.01,10950000.0,investing
2026-07-27,532.64,534.3,500.0,516.23,516.23,13470000.0,investing
2026-07-28,496.74,498.48,480.5,491.46,491.46,14900000.0,investing
2026-07-29,488.65,496.06,464.08,465.0,465.0,18820000.0,investing
2026-07-30,491.57,509.98,488.01,504.53,504.53,17480000.0,investing
2026-07-31,527.1,532.67,501.3,504.89,504.89,13110000.0,investing
2026-08-03,492.4200134277344,510.9500122070313,485.7200012207031,507.6799926757813,507.6799926757813,10155654.0,yahoo
2026-08-04,529.6300048828125,545.385009765625,526.5700073242188,542.2100219726562,542.2100219726562,10336594.0,yahoo
2026-08-05,536.7000122070312,547.5700073242188,528.8800048828125,530.7000122070312,530.7000122070312,9484840.0,yahoo
2026-08-06,522.530029296875,542.5499877929688,516.4099731445312,532.52001953125,532.52001953125,7477703.0,yahoo
2026-08-07,545.2000122070312,547.90380859375,531.27001953125,543.27001953125,543.27001953125,5210946.0,yahoo
2026-08-10,546.243408203125,547.219970703125,529.3900146484375,529.3900146484375,529.3900146484375,8600439.0,yahoo
2026-08-11,537.7000122070312,539.0499877929688,530.0999755859375,534.2000122070312,534.2000122070312,7102864.0,yahoo
2026-08-12,553.760009765625,554.02001953125,546.469970703125,546.6099853515625,546.6099853515625,6900271.0,yahoo
2026-08-13,547.1500244140625,562.25,546.4000244140625,550.739990234375,550.739990234375,5850612.0,yahoo
