date,open,high,low,close,adj_close,volume,source
2009-01-02,90.44000244140624,93.44000244140624,89.8499984741211,92.95999908447266,67.80658721923828,227566300,yahoo
2009-01-05,92.62999725341795,93.66000366210938,91.88999938964844,92.8499984741211,67.7263412475586,240349700,yahoo
2009-01-06,93.63999938964844,94.4499969482422,92.68000030517578,93.47000122070312,68.17857360839844,328260900,yahoo
2009-01-07,92.0,92.26000213623048,90.1999969482422,90.66999816894533,66.13619232177734,280899200,yahoo
2009-01-08,90.16000366210938,91.08999633789062,89.66999816894531,91.04000091552734,66.4061050415039,263834400,yahoo
2009-01-09,91.16000366210938,91.31999969482422,85.36000061035156,89.08999633789062,64.9837646484375,330953600,yahoo
2009-01-12,88.83999633789062,88.91000366210938,86.41000366210938,86.94999694824219,63.42277908325195,277858500,yahoo
2009-01-13,86.7300033569336,87.87999725341797,86.19999694824219,87.11000061035156,63.53948211669922,356432300,yahoo
2009-01-14,85.54000091552734,85.75,83.16000366210938,84.37000274658203,61.5408935546875,435491600,yahoo
2009-01-15,84.12000274658203,85.25,81.72000122070312,84.4000015258789,61.56277084350586,532647300,yahoo
2009-01-16,85.86000061035156,85.98999786376953,83.05000305175781,85.05999755859375,62.04417419433594,399237200,yahoo
2009-01-20,84.2300033569336,85.05999755859375,80.05000305175781,80.56999969482422,58.76909255981445,419855200,yahoo
2009-01-21,81.94000244140625,84.23999786376953,80.47000122070312,84.05000305175781,61.3075065612793,364360700,yahoo
2009-01-22,82.41999816894531,84.04000091552734,81.16999816894531,82.75,60.3592414855957,427940300,yahoo
2009-01-23,80.9000015258789,83.98999786376953,80.56999969482422,83.11000061035156,60.6218147277832,386800600,yahoo
2009-01-26,83.58999633789062,85.36000061035156,82.80999755859375,83.68000030517578,61.03760528564453,317978800,yahoo
2009-01-27,84.12999725341797,85.1500015258789,83.30000305175781,84.52999877929688,61.65758514404297,273789700,yahoo
2009-01-28,86.4000015258789,87.94999694824219,86.06999969482422,87.38999938964844,63.74374008178711,330007000,yahoo
2009-01-29,86.11000061035156,87.48999786376953,84.47000122070312,84.55000305175781,61.67218017578125,294392500,yahoo
2009-01-30,84.9800033569336,85.4000015258789,82.20999908447266,82.83000183105469,60.41759490966797,383383600,yahoo
2009-02-02,81.56999969482422,83.18000030517578,81.30999755859375,82.58000183105469,60.23524475097656,288233300,yahoo
2009-02-03,83.0999984741211,84.36000061035156,82.22000122070312,83.73999786376953,61.08136367797852,278385800,yahoo
2009-02-04,84.30000305175781,85.37000274658203,83.04000091552734,83.33000183105469,60.78230285644531,322989300,yahoo
2009-02-05,82.69999694824219,85.29000091552734,77.7300033569336,84.56999969482422,61.6867790222168,417679400,yahoo
2009-02-06,84.86000061035156,87.33999633789062,84.68000030517578,86.9800033569336,63.44466400146485,366101700,yahoo
2009-02-09,86.95999908447266,87.73999786376953,86.31999969482422,87.0999984741211,63.53220748901367,240075200,yahoo
2009-02-10,86.2699966430664,87.02999877929688,82.44999694824219,83.11000061035156,60.6218147277832,536212800,yahoo
2009-02-11,83.44999694824219,84.05000305175781,82.4000015258789,83.5999984741211,60.97923278808594,324442500,yahoo
2009-02-12,82.16999816894531,83.81999969482422,81.05000305175781,83.66000366210938,61.02303314208984,469302200,yahoo
2009-02-13,83.55000305175781,84.23999786376953,82.73999786376953,82.76000213623047,60.36651611328125,293998400,yahoo
2009-02-17,80.16000366210938,82.95999908447266,79.16999816894531,79.22000122070312,57.784423828125,478910100,yahoo
2009-02-18,79.79000091552734,79.94000244140625,78.27999877929688,79.02999877929688,57.64580154418945,362964800,yahoo
2009-02-19,79.83999633789062,80.1500015258789,78.0199966430664,78.18000030517578,57.02579116821289,316867500,yahoo
2009-02-20,76.7300033569336,78.33999633789062,75.7699966430664,77.41999816894531,56.47143173217773,477176600,yahoo
2009-02-23,78.2699966430664,78.2699966430664,74.58999633789062,74.6500015258789,54.45096969604492,379641400,yahoo
2009-02-24,75.29000091552734,77.94999694824219,74.69999694824219,77.4800033569336,56.51522445678711,426260900,yahoo
2009-02-25,77.13999938964844,78.41999816894531,75.62999725341797,76.87000274658203,56.07028579711914,461985800,yahoo
2009-02-26,77.81999969482422,79.66999816894531,75.52999877929688,75.62000274658203,55.15849685668945,363353900,yahoo
2009-02-27,74.01000213623047,75.69000244140625,73.80999755859375,73.93000030517578,53.92578887939453,470510900,yahoo
2009-03-02,72.5199966430664,73.91999816894531,70.37000274658203,70.5999984741211,51.496826171875,426452600,yahoo
2009-03-03,71.61000061035156,71.69999694824219,69.63999938964844,70.06999969482422,51.11022567749024,443761000,yahoo
2009-03-04,71.2300033569336,72.87000274658203,70.06999969482422,71.7300033569336,52.32106018066406,462753100,yahoo
2009-03-05,70.0999984741211,71.7300033569336,68.16999816894531,68.80000305175781,50.183895111083984,485549400,yahoo
2009-03-06,69.4000015258789,70.44999694824219,67.0999984741211,68.91999816894531,50.271392822265625,490470000,yahoo
2009-03-09,67.94999694824219,70.0,67.7300033569336,68.11000061035156,49.68057632446289,379905300,yahoo
2009-03-10,69.51000213623047,72.37000274658203,69.37000274658203,72.16999816894531,52.641998291015625,406227900,yahoo
2009-03-11,73.0,73.75,71.83000183105469,72.63999938964844,52.98483276367188,356648300,yahoo
2009-03-12,72.62000274658203,75.75,71.97000122070312,75.5,55.07096099853516,409702700,yahoo
2009-03-13,76.01000213623047,76.9800033569336,74.7300033569336,76.08999633789062,55.50132369995117,337474700,yahoo
2009-03-16,76.95999908447266,77.97000122070312,75.80999755859375,75.86000061035156,55.33353805541992,360644900,yahoo
2009-03-17,76.06999969482422,78.36000061035156,75.44999694824219,78.18000030517578,57.02579116821289,356814300,yahoo
2009-03-18,77.80999755859375,80.9000015258789,77.06999969482422,79.93000030517578,58.302284240722656,473273200,yahoo
2009-03-19,80.93000030517578,81.0,78.69000244140625,78.94000244140625,57.58019256591797,428520400,yahoo
2009-03-20,78.76000213623047,78.91000366210938,76.52999877929688,76.70999908447266,56.354034423828125,371078200,yahoo
2009-03-23,78.73999786376953,82.29000091552734,78.30999755859375,82.22000122070312,60.40188980102539,419933300,yahoo
2009-03-24,81.23999786376953,82.36000061035156,80.51000213623047,80.5999984741211,59.2117805480957,330271000,yahoo
2009-03-25,81.2300033569336,82.69999694824219,79.05999755859375,81.44999694824219,59.836219787597656,441775100,yahoo
2009-03-26,82.25,83.30000305175781,81.31999969482422,83.11000061035156,61.05572891235352,422025200,yahoo
2009-03-27,82.05000305175781,82.52999877929688,81.30999755859375,81.61000061035156,59.95376205444336,322332300,yahoo
2009-03-30,79.80000305175781,79.87000274658203,77.95999908447266,78.79000091552734,57.88206100463867,324108500,yahoo
2009-03-31,79.55999755859375,81.08000183105469,79.05000305175781,79.5199966430664,58.41839218139648,364238300,yahoo
2009-04-01,78.52999877929688,81.41999816894531,78.33000183105469,81.05999755859375,59.5496940612793,377018300,yahoo
2009-04-02,83.08000183105469,84.61000061035156,81.12999725341797,83.43000030517578,61.29081726074219,476230700,yahoo
2009-04-03,83.48999786376953,84.27999877929688,82.66999816894531,84.26000213623047,61.90055084228516,284646300,yahoo
2009-04-06,83.33999633789062,84.27999877929688,82.29000091552734,83.5999984741211,61.41569519042969,264866600,yahoo
2009-04-07,82.25,82.6500015258789,81.51000213623047,81.6500015258789,59.983154296875,258947800,yahoo
2009-04-08,82.05999755859375,82.94000244140625,81.54000091552734,82.52999877929688,60.62963485717773,230402800,yahoo
2009-04-09,84.66999816894531,85.81999969482422,84.33000183105469,85.80999755859375,63.03926086425781,269653500,yahoo
2009-04-13,84.91999816894531,86.54000091552734,84.58000183105469,85.83000183105469,63.05396270751953,224847500,yahoo
2009-04-14,85.02999877929688,85.76000213623047,84.08000183105469,84.3499984741211,61.96665573120117,276598800,yahoo
2009-04-15,83.83999633789062,85.41999816894531,83.61000061035156,85.25,62.62785339355469,250726100,yahoo
2009-04-16,85.93000030517578,87.1500015258789,84.7699966430664,86.5,63.546142578125,335202900,yahoo
2009-04-17,86.83000183105469,87.6500015258789,86.13999938964844,87.08000183105469,63.97225570678711,262649000,yahoo
2009-04-20,85.54000091552734,87.05000305175781,83.33999633789062,83.43000030517578,61.29081726074219,293690100,yahoo
2009-04-21,82.81999969482422,85.12999725341797,82.75,85.05999755859375,62.48826217651367,114090900,yahoo
2009-04-22,84.29000091552734,86.33999633789062,84.06999969482422,84.54000091552734,62.10626602172852,340395200,yahoo
2009-04-23,84.70999908447266,85.41999816894531,83.62999725341797,85.37000274658203,62.71598815917969,324903700,yahoo
2009-04-24,86.02999877929688,87.30999755859375,85.69000244140625,86.66000366210938,63.6636848449707,287703000,yahoo
2009-04-27,85.68000030517578,87.01000213623047,85.54000091552734,85.83999633789062,63.06130599975586,289581600,yahoo
2009-04-28,84.97000122070312,86.58999633789062,84.76000213623047,85.56999969482422,62.86295318603516,247926300,yahoo
2009-04-29,86.5199966430664,88.36000061035156,86.30000305175781,87.38999938964844,64.1999740600586,311505700,yahoo
2009-04-30,88.55000305175781,89.0199966430664,86.91999816894531,87.41999816894531,64.2220458984375,301419800,yahoo
2009-05-01,87.44000244140625,88.20999908447266,86.72000122070312,87.88999938964844,64.56729888916016,236110300,yahoo
2009-05-04,88.55000305175781,90.94000244140624,88.37999725341797,90.87999725341795,66.76384735107422,287120000,yahoo
2009-05-05,90.56999969482422,90.93000030517578,89.83999633789062,90.56999969482422,66.5361099243164,243036300,yahoo
2009-05-06,91.68000030517578,92.1999969482422,90.61000061035156,92.13999938964844,67.68949127197266,291941000,yahoo
2009-05-07,93.01000213623048,93.1500015258789,90.27999877929688,90.86000061035156,66.74916076660156,317728000,yahoo
2009-05-08,92.02999877929688,93.22000122070312,91.44000244140624,92.9800033569336,68.30660247802734,299081700,yahoo
2009-05-11,91.6999969482422,92.11000061035156,91.04000091552734,91.23999786376952,67.02833557128906,247923600,yahoo
2009-05-12,91.62999725341795,91.83000183105467,89.8499984741211,90.97000122070312,66.8299789428711,282431300,yahoo
2009-05-13,89.73999786376953,90.01000213623047,88.5,88.68000030517578,65.14766693115234,269619100,yahoo
2009-05-14,88.72000122070312,90.12000274658205,88.5,89.44000244140625,65.70597076416016,260098700,yahoo
2009-05-15,89.37000274658203,90.0,88.1500015258789,88.70999908447266,65.16970825195312,271502700,yahoo
2009-05-18,89.55000305175781,91.33999633789062,88.56999969482422,91.2300033569336,67.02098083496094,241447400,yahoo
2009-05-19,91.18000030517578,91.97000122070312,90.80999755859376,91.12000274658205,66.94017791748047,206102200,yahoo
2009-05-20,91.9499969482422,92.8000030517578,90.41000366210938,90.51000213623048,66.49205017089844,285722200,yahoo
2009-05-21,89.45999908447266,89.80000305175781,88.26000213623047,89.20999908447266,65.53697967529297,258988400,yahoo
2009-05-22,89.45999908447266,90.0,88.68000030517578,89.0199966430664,65.39741516113281,166811900,yahoo
2009-05-26,88.36000061035156,91.55999755859376,88.31999969482422,91.3000030517578,67.07238006591797,236318500,yahoo
2009-05-27,91.44000244140624,91.75,89.52999877929688,89.66999816894531,65.87496948242188,246015800,yahoo
2009-05-28,90.45999908447266,91.33999633789062,89.0999984741211,90.91999816894533,66.79322814941406,289095000,yahoo
2009-05-29,91.41999816894533,93.6999969482422,90.68000030517578,92.52999877929688,67.97601318359375,258641500,yahoo
2009-06-01,93.66999816894533,95.16999816894533,93.43000030517578,94.7699966430664,69.62158966064453,276246800,yahoo
2009-06-02,94.4000015258789,95.37000274658205,94.2300033569336,94.8499984741211,69.68036651611328,230874500,yahoo
2009-06-03,94.04000091552734,94.12999725341795,92.76000213623048,93.6500015258789,68.7988052368164,235310500,yahoo
2009-06-04,94.0,94.66999816894533,93.3000030517578,94.52999877929688,69.4452896118164,210102300,yahoo
2009-06-05,95.48999786376952,95.66999816894533,93.8000030517578,94.5500030517578,69.45997619628906,284257900,yahoo
2009-06-08,93.83999633789062,95.0999984741211,93.04000091552734,94.16000366210938,69.17344665527344,238565100,yahoo
2009-06-09,94.69000244140624,95.13999938964844,94.0199966430664,94.63999938964844,69.52607727050781,225125500,yahoo
2009-06-10,95.4800033569336,95.48999786376952,93.19000244140624,94.4000015258789,69.34979248046875,296100400,yahoo
2009-06-11,94.58000183105467,96.11000061035156,94.55999755859376,94.81999969482422,69.65835571289062,275414200,yahoo
2009-06-12,94.4000015258789,95.13999938964844,94.0,95.08000183105467,69.84932708740234,184361800,yahoo
2009-06-15,93.95999908447266,94.0199966430664,92.4000015258789,92.9000015258789,68.2478256225586,224190500,yahoo
2009-06-16,93.2300033569336,93.29000091552734,91.58000183105467,91.63999938964844,67.32215881347656,227319000,yahoo
2009-06-17,91.5999984741211,92.33000183105467,90.83000183105467,91.5500030517578,67.25607299804688,223445200,yahoo
2009-06-18,91.69000244140624,92.66999816894533,91.25,92.22000122070312,67.74827575683594,211725100,yahoo
2009-06-19,92.58000183105467,92.6999969482422,91.5199966430664,92.04000091552734,67.99798583984375,215655600,yahoo
2009-06-22,91.13999938964844,91.19000244140624,89.25,89.27999877929688,65.95891571044922,251913600,yahoo
2009-06-23,89.47000122070312,89.87999725341797,88.8499984741211,89.3499984741211,66.01068115234375,188309800,yahoo
2009-06-24,90.16000366210938,91.08000183105467,89.5999984741211,90.12000274658205,66.57951354980469,211577700,yahoo
2009-06-25,89.66999816894531,92.16999816894533,89.56999969482422,92.08000183105467,68.02750396728516,279411000,yahoo
2009-06-26,91.7699966430664,92.23999786376952,91.2699966430664,91.83999633789062,67.8502197265625,167579000,yahoo
2009-06-29,92.11000061035156,92.81999969482422,91.5999984741211,92.6999969482422,68.48561096191406,168481300,yahoo
2009-06-30,92.72000122070312,93.05999755859376,91.2699966430664,91.9499969482422,67.93150329589844,228888200,yahoo
2009-07-01,92.33999633789062,93.2300033569336,92.20999908447266,92.33000183105467,68.21220397949219,173041100,yahoo
2009-07-02,91.12999725341795,92.36000061035156,89.76000213623047,89.80999755859375,66.35049438476562,212309900,yahoo
2009-07-06,88.94000244140625,89.93000030517578,88.66000366210938,89.80000305175781,66.34310913085938,174499600,yahoo
2009-07-07,89.70999908447266,89.81999969482422,88.0,88.05999755859375,65.0576171875,197088900,yahoo
2009-07-08,88.58999633789062,88.80000305175781,87.0,88.0,65.0132827758789,248050500,yahoo
2009-07-09,88.61000061035156,88.9000015258789,87.91000366210938,88.16999816894531,65.13883972167969,163777600,yahoo
2009-07-10,87.69999694824219,88.48999786376953,87.3499984741211,87.95999908447266,64.9837646484375,173520300,yahoo
2009-07-13,88.30999755859375,90.16999816894533,87.58999633789062,90.0999984741211,66.56472778320312,217413500,yahoo
2009-07-14,90.37999725341795,90.69000244140624,89.7300033569336,90.61000061035156,66.94152069091797,181487400,yahoo
2009-07-15,91.80999755859376,93.51000213623048,90.68000030517578,93.26000213623048,68.89927673339844,220877900,yahoo
2009-07-16,93.0,94.51000213623048,92.81999969482422,93.11000061035156,68.78849029541016,231174500,yahoo
2009-07-17,94.05999755859376,94.31999969482422,93.54000091552734,94.12999725341795,69.5420150756836,138561700,yahoo
2009-07-20,94.68000030517578,95.29000091552734,94.19000244140624,95.12999725341795,70.28082275390625,164179400,yahoo
2009-07-21,95.87000274658205,95.9000015258789,94.41999816894533,95.56999969482422,70.60591888427734,217718300,yahoo
2009-07-22,94.95999908447266,96.12999725341795,94.88999938964844,95.5500030517578,70.59111785888672,196068100,yahoo
2009-07-23,95.61000061035156,98.08000183105467,95.52999877929688,97.66000366210938,72.14995574951172,258795500,yahoo
2009-07-24,97.1999969482422,98.13999938964844,96.69000244140624,98.05999755859376,72.44548797607422,154003100,yahoo
2009-07-27,97.87999725341795,98.4000015258789,97.33999633789062,98.3499984741211,72.65973663330078,159259400,yahoo
2009-07-28,97.66000366210938,98.37000274658205,97.05999755859376,97.88999938964844,72.31989288330078,186685200,yahoo
2009-07-29,97.44000244140624,98.08999633789062,96.9800033569336,97.6500015258789,72.1426010131836,194399300,yahoo
2009-07-30,98.83000183105467,99.83000183105467,98.5999984741211,98.66999816894533,72.89616394042969,225575400,yahoo
2009-07-31,98.6500015258789,99.47000122070312,98.37999725341795,98.80999755859376,72.99957275390625,207358000,yahoo
2009-08-03,99.8499984741211,100.52999877929688,99.30999755859376,100.44000244140624,74.20380401611328,175776900,yahoo
2009-08-04,99.98999786376952,100.83999633789062,99.77999877929688,100.6999969482422,74.3958969116211,176714600,yahoo
2009-08-05,100.7699966430664,100.86000061035156,99.58000183105467,100.41000366210938,74.18164825439453,184726400,yahoo
2009-08-06,100.87000274658205,101.0199966430664,99.41999816894533,99.88999938964844,73.79750061035156,193203800,yahoo
2009-08-07,100.94000244140624,102.02999877929688,100.38999938964844,101.1999969482422,74.76531219482422,220640900,yahoo
2009-08-10,100.73999786376952,101.22000122070312,100.2699966430664,100.98999786376952,74.61013793945312,130898700,yahoo
2009-08-11,100.54000091552734,100.61000061035156,99.45999908447266,99.7300033569336,73.67926788330078,157301000,yahoo
2009-08-12,99.55999755859376,101.55999755859376,99.51000213623048,100.8000030517578,74.46977996826172,219052400,yahoo
2009-08-13,101.26000213623048,101.61000061035156,100.26000213623048,101.56999969482422,75.03861999511719,176449500,yahoo
2009-08-14,101.5199966430664,101.5999984741211,99.6999969482422,100.79000091552734,74.46236419677734,199616100,yahoo
2009-08-17,98.8499984741211,98.9499969482422,98.11000061035156,98.30999755859376,72.63017272949219,237667500,yahoo
2009-08-18,98.52999877929688,99.44000244140624,98.3499984741211,99.08999633789062,73.20643615722656,173461500,yahoo
2009-08-19,98.30999755859376,100.3000030517578,98.20999908447266,99.95999908447266,73.84917449951172,192812800,yahoo
2009-08-20,100.08999633789062,101.22000122070312,99.87000274658205,100.98999786376952,74.61013793945312,174131300,yahoo
2009-08-21,101.81999969482422,103.12999725341795,101.62000274658205,102.97000122070312,76.07290649414062,224605000,yahoo
2009-08-24,103.38999938964844,103.9499969482422,102.58999633789062,102.95999908447266,76.0655517578125,191279000,yahoo
2009-08-25,103.37000274658205,104.26000213623048,102.94000244140624,103.16000366210938,76.21330261230469,215310600,yahoo
2009-08-26,102.83999633789062,103.63999938964844,102.48999786376952,103.16999816894533,76.22071075439453,194620700,yahoo
2009-08-27,103.11000061035156,103.72000122070312,101.94000244140624,103.4000015258789,76.3906021118164,196230100,yahoo
2009-08-28,104.2300033569336,104.3499984741211,102.66999816894533,103.37999725341795,76.3758544921875,147024400,yahoo
2009-08-31,102.37000274658205,102.58000183105467,101.79000091552734,102.45999908447266,75.69613647460938,176051600,yahoo
2009-09-01,101.9499969482422,103.23999786376952,99.98999786376952,100.1999969482422,74.0265121459961,321276800,yahoo
2009-09-02,99.77999877929688,100.44000244140624,99.56999969482422,99.81999969482422,73.74576568603516,171805000,yahoo
2009-09-03,100.4000015258789,100.7699966430664,99.58999633789062,100.6500015258789,74.35896301269531,143572300,yahoo
2009-09-04,100.8499984741211,102.08999633789062,100.5500030517578,102.05999755859376,75.4006576538086,142687900,yahoo
2009-09-08,103.0,103.0500030517578,102.38999938964844,102.94000244140624,76.0507583618164,132909100,yahoo
2009-09-09,103.12000274658205,104.08000183105467,102.8000030517578,103.7300033569336,76.6344223022461,154612500,yahoo
2009-09-10,103.8000030517578,104.86000061035156,103.22000122070312,104.79000091552734,77.41754913330078,162902400,yahoo
2009-09-11,104.98999786376952,105.3000030517578,104.27999877929688,104.7699966430664,77.4027328491211,152360100,yahoo
2009-09-14,103.87999725341795,105.45999908447266,103.1500015258789,105.27999877929688,77.77954864501953,149593800,yahoo
2009-09-15,105.4499969482422,106.11000061035156,104.76000213623048,105.72000122070312,78.10459899902344,196795900,yahoo
2009-09-16,106.0999984741211,107.33999633789062,105.7300033569336,107.31999969482422,79.28666687011719,206406300,yahoo
2009-09-17,107.16999816894533,108.05999755859376,106.56999969482422,107.16000366210938,79.16847229003906,229170900,yahoo
2009-09-18,107.1500015258789,107.16000366210938,106.36000061035156,106.72000122070312,79.21887969970703,153799100,yahoo
2009-09-21,105.88999938964844,107.0,105.66000366210938,106.4499969482422,79.01848602294922,151892000,yahoo
2009-09-22,107.08000183105467,107.37000274658205,106.5999984741211,107.06999969482422,79.47871398925781,143126700,yahoo
2009-09-23,107.31999969482422,108.02999877929688,105.98999786376952,106.18000030517578,78.81808471679688,225947400,yahoo
2009-09-24,106.41000366210938,106.63999938964844,104.5500030517578,105.01000213623048,77.94960021972656,228636800,yahoo
2009-09-25,104.77999877929688,105.36000061035156,104.08999633789062,104.4499969482422,77.53390502929688,204059000,yahoo
2009-09-28,104.8499984741211,106.5500030517578,104.83000183105467,106.31999969482422,78.92201232910156,118285800,yahoo
2009-09-29,106.51000213623048,107.0199966430664,105.77999877929688,106.0,78.68446350097656,133733900,yahoo
2009-09-30,106.36000061035156,106.45999908447266,104.62000274658205,105.58999633789062,78.38013458251953,254383000,yahoo
2009-10-01,103.0,105.7300033569336,102.9499969482422,102.97000122070312,76.43529510498047,281840600,yahoo
2009-10-02,102.0199966430664,103.0999984741211,101.98999786376952,102.48999786376952,76.07897186279297,224748800,yahoo
2009-10-05,102.9000015258789,104.31999969482422,102.5999984741211,104.0199966430664,77.21470642089844,149875000,yahoo
2009-10-06,104.7699966430664,106.11000061035156,104.70999908447266,105.51000213623048,78.32073974609375,202491100,yahoo
2009-10-07,105.2699966430664,105.91000366210938,105.06999969482422,105.8000030517578,78.53601837158203,159200300,yahoo
2009-10-08,106.5500030517578,107.16999816894533,105.8499984741211,106.61000061035156,79.13729095458984,183305800,yahoo
2009-10-09,106.63999938964844,107.26000213623048,106.36000061035156,107.26000213623048,79.61978149414062,135008300,yahoo
2009-10-12,107.76000213623048,108.08999633789062,107.27999877929688,107.68000030517578,79.93154907226562,118031000,yahoo
2009-10-13,107.38999938964844,107.70999908447266,106.76000213623048,107.45999908447266,79.76823425292969,157692700,yahoo
2009-10-14,108.72000122070312,109.41999816894533,107.41999816894533,109.30999755859376,81.14149475097656,191421600,yahoo
2009-10-15,108.77999877929688,109.70999908447266,108.7300033569336,109.70999908447266,81.43843078613281,173873600,yahoo
2009-10-16,108.8000030517578,109.2699966430664,108.2300033569336,108.88999938964844,80.82972717285156,192069400,yahoo
2009-10-19,109.06999969482422,110.12999725341795,108.7300033569336,109.79000091552734,81.49784088134766,159530400,yahoo
2009-10-20,109.9499969482422,109.98999786376952,108.68000030517578,109.20999908447266,81.0672607421875,180921100,yahoo
2009-10-21,109.04000091552734,110.30999755859376,108.1500015258789,108.2300033569336,80.3398208618164,225379300,yahoo
2009-10-22,108.19000244140624,109.68000030517578,107.5,109.33000183105467,81.15634155273438,238444000,yahoo
2009-10-23,109.69000244140624,109.76000213623048,107.62999725341795,108.08000183105467,80.22844696044922,240033200,yahoo
2009-10-26,108.1999969482422,109.30999755859376,106.61000061035156,106.91000366210938,79.3599853515625,242028200,yahoo
2009-10-27,107.02999877929688,107.38999938964844,106.16000366210938,106.41999816894533,78.99624633789062,253266300,yahoo
2009-10-28,106.1500015258789,106.4800033569336,104.3499984741211,104.41000366210938,77.50418853759766,248821400,yahoo
2009-10-29,105.19000244140624,106.86000061035156,104.94000244140624,106.6500015258789,79.16695404052734,198110600,yahoo
2009-10-30,106.3000030517578,106.62000274658205,103.44000244140624,103.55999755859376,76.87323760986328,325608100,yahoo
2009-11-02,104.12999725341795,105.41000366210938,103.08000183105467,104.31999969482422,77.4373779296875,254222900,yahoo
2009-11-03,103.73999786376952,104.8000030517578,103.54000091552734,104.6500015258789,77.68233489990234,228362600,yahoo
2009-11-04,105.51000213623048,106.33000183105467,104.6500015258789,104.91999816894533,77.88277435302734,247996700,yahoo
2009-11-05,105.66000366210938,106.87999725341795,105.44000244140624,106.8499984741211,79.3154525756836,180015300,yahoo
2009-11-06,106.26000213623048,107.4000015258789,106.0500030517578,107.12999725341795,79.52326202392578,170954100,yahoo
2009-11-09,107.9499969482422,109.62999725341795,107.87000274658205,109.56999969482422,81.33451080322266,159495700,yahoo
2009-11-10,109.30999755859376,109.93000030517578,108.97000122070312,109.58999633789062,81.34937286376953,171899800,yahoo
2009-11-11,110.30999755859376,110.81999969482422,109.62000274658205,110.1500015258789,81.76502990722656,169466200,yahoo
2009-11-12,110.0,110.56999969482422,108.75,109.02999877929688,80.93366241455078,157144500,yahoo
2009-11-13,109.30999755859376,110.08999633789062,108.75,109.62000274658205,81.37162780761719,150963000,yahoo
2009-11-16,110.37999725341795,111.69000244140624,110.31999969482422,111.20999908447266,82.55186462402344,210922200,yahoo
2009-11-17,110.91999816894533,111.38999938964844,110.5,111.33999633789062,82.64840698242188,147134100,yahoo
2009-11-18,111.26000213623048,111.43000030517578,110.56999969482422,111.2699966430664,82.59642791748047,156486800,yahoo
2009-11-19,110.51000213623048,111.30999755859376,109.12999725341795,109.81999969482422,81.52008056640625,208734600,yahoo
2009-11-20,109.25,109.76000213623048,109.01000213623048,109.43000030517578,81.2305908203125,134196000,yahoo
2009-11-23,110.72000122070312,111.73999786376952,110.5999984741211,110.81999969482422,82.2623519897461,148010200,yahoo
2009-11-24,111.0,111.1999969482422,110.01000213623048,110.98999786376952,82.38859558105469,138420100,yahoo
2009-11-25,111.16999816894533,111.5,110.81999969482422,111.37999725341795,82.67807006835938,109564800,yahoo
2009-11-27,108.4000015258789,110.31999969482422,108.29000091552734,109.56999969482422,81.33451080322266,126001800,yahoo
2009-11-30,109.4800033569336,110.1999969482422,108.12000274658205,109.94000244140624,81.6091537475586,160874800,yahoo
2009-12-01,110.91999816894533,111.66000366210938,110.7300033569336,111.3000030517578,82.61868286132812,159613700,yahoo
2009-12-02,111.27999877929688,112.01000213623048,110.91999816894533,111.25,82.58158874511719,132315100,yahoo
2009-12-03,111.5500030517578,112.18000030517578,110.29000091552734,110.37999725341795,81.93574523925781,167324900,yahoo
2009-12-04,111.83999633789062,112.37999725341795,110.04000091552734,111.01000213623048,82.40341186523438,274907800,yahoo
2009-12-07,110.91000366210938,111.52999877929688,110.48999786376952,110.83999633789062,82.27723693847656,127973800,yahoo
2009-12-08,110.04000091552734,110.7699966430664,109.2699966430664,109.61000061035156,81.36418914794922,169863700,yahoo
2009-12-09,109.58000183105467,110.18000030517578,109.0199966430664,110.0199966430664,81.66851806640625,155063400,yahoo
2009-12-10,110.6999969482422,111.12000274658205,110.4499969482422,110.63999938964844,82.1287841796875,138014600,yahoo
2009-12-11,111.11000061035156,111.36000061035156,110.61000061035156,111.11000061035156,82.47765350341797,124854000,yahoo
2009-12-14,111.87000274658205,112.0,111.12999725341795,111.87000274658205,83.04180908203125,107141500,yahoo
2009-12-15,111.45999908447266,111.91999816894533,111.0,111.3499984741211,82.65582275390625,120408800,yahoo
2009-12-16,111.8000030517578,112.12999725341795,111.2699966430664,111.5199966430664,82.7820053100586,155358200,yahoo
2009-12-17,110.72000122070312,110.93000030517578,110.08000183105467,110.18000030517578,81.78730010986328,183390100,yahoo
2009-12-18,110.1999969482422,110.3000030517578,109.27999877929688,110.20999908447266,82.25,174591200,yahoo
2009-12-21,110.76000213623048,111.6999969482422,110.76000213623048,111.33000183105467,83.08588409423828,118039600,yahoo
2009-12-22,111.56999969482422,111.97000122070312,111.43000030517578,111.7300033569336,83.3843765258789,91707500,yahoo
2009-12-23,112.0,112.11000061035156,111.5,111.9499969482422,83.54859161376953,111783100,yahoo
2009-12-24,112.19000244140624,112.5999984741211,112.0,112.4800033569336,83.94414520263672,39677500,yahoo
2009-12-28,112.9000015258789,112.98999786376952,112.31999969482422,112.72000122070312,84.12323760986328,87508500,yahoo
2009-12-29,113.01000213623048,113.02999877929688,112.5500030517578,112.55999755859376,84.0038070678711,80572500,yahoo
2009-12-30,112.2300033569336,112.6500015258789,112.16999816894533,112.5199966430664,83.97396850585938,73138400,yahoo
2009-12-31,112.7699966430664,112.8000030517578,111.38999938964844,111.44000244140624,83.16800689697266,90637900,yahoo
2010-01-04,112.37000274658205,113.38999938964844,111.51000213623048,113.33000183105467,84.5784912109375,118944600,yahoo
2010-01-05,113.26000213623048,113.68000030517578,112.8499984741211,113.62999725341795,84.80236053466797,111579900,yahoo
2010-01-06,113.5199966430664,113.98999786376952,113.43000030517578,113.70999908447266,84.86206817626953,116074400,yahoo
2010-01-07,113.5,114.33000183105467,113.18000030517578,114.19000244140624,85.22029876708984,131091100,yahoo
2010-01-08,113.88999938964844,114.62000274658205,113.66000366210938,114.56999969482422,85.50390625,126402800,yahoo
2010-01-11,115.08000183105467,115.12999725341795,114.23999786376952,114.7300033569336,85.62330627441406,106375700,yahoo
2010-01-12,113.97000122070312,114.20999908447266,113.22000122070312,113.66000366210938,84.82475280761719,163333500,yahoo
2010-01-13,113.9499969482422,114.94000244140624,113.37000274658205,114.62000274658205,85.54121398925781,161822000,yahoo
2010-01-14,114.48999786376952,115.13999938964844,114.41999816894533,114.93000030517578,85.77256774902344,115718800,yahoo
2010-01-15,114.7300033569336,114.83999633789062,113.1999969482422,113.63999938964844,84.80984497070312,212283100,yahoo
2010-01-19,113.62000274658205,115.12999725341795,113.58999633789062,115.05999755859376,85.86958312988281,139172700,yahoo
2010-01-20,114.27999877929688,114.4499969482422,112.9800033569336,113.88999938964844,84.99639892578125,216490200,yahoo
2010-01-21,113.91999816894533,114.2699966430664,111.55999755859376,111.6999969482422,83.36200714111328,344859600,yahoo
2010-01-22,111.1999969482422,111.73999786376952,109.08999633789062,109.20999908447266,81.5036849975586,345942400,yahoo
2010-01-25,110.20999908447266,110.41000366210938,109.41000366210938,109.7699966430664,81.921630859375,186937500,yahoo
2010-01-26,109.33999633789062,110.47000122070312,109.04000091552734,109.30999755859376,81.57831573486328,211168800,yahoo
2010-01-27,109.16999816894533,110.08000183105467,108.33000183105467,109.83000183105467,81.96641540527344,271863600,yahoo
2010-01-28,110.19000244140624,110.25,107.91000366210938,108.56999969482422,81.02608489990234,316104000,yahoo
2010-01-29,109.04000091552734,109.8000030517578,107.22000122070312,107.38999938964844,80.14543151855469,310677600,yahoo
2010-02-01,108.1500015258789,109.06999969482422,107.5,109.05999755859376,81.39176940917969,187865000,yahoo
2010-02-02,109.26000213623048,110.58999633789062,108.87999725341795,110.37999725341795,82.37688446044922,216327900,yahoo
2010-02-03,109.87999725341795,110.4800033569336,109.51000213623048,109.83000183105467,81.96641540527344,172730700,yahoo
2010-02-04,108.9800033569336,109.02999877929688,106.41999816894533,106.44000244140624,79.43646240234375,356715700,yahoo
2010-02-05,106.55999755859376,106.87999725341795,104.58000183105467,106.66000366210938,79.60065460205078,493585800,yahoo
2010-02-08,106.73999786376952,107.33000183105467,105.80999755859376,105.88999938964844,79.02599334716797,224166900,yahoo
2010-02-09,107.12999725341795,108.1500015258789,106.2699966430664,107.22000122070312,80.01856231689453,337820500,yahoo
2010-02-10,107.0500030517578,107.5999984741211,106.11000061035156,107.01000213623048,79.86182403564453,240511500,yahoo
2010-02-11,106.87000274658205,108.25,106.25,108.12999725341795,80.6977310180664,223591600,yahoo
2010-02-12,106.98999786376952,108.0999984741211,106.51000213623048,108.04000091552734,80.63053894042969,304622100,yahoo
2010-02-16,108.86000061035156,109.8499984741211,107.81999969482422,109.73999786376952,81.89924621582031,159317500,yahoo
2010-02-17,110.2699966430664,110.41000366210938,109.73999786376952,110.26000213623048,82.28733825683594,168845100,yahoo
2010-02-18,110.08000183105467,111.13999938964844,110.04000091552734,110.91000366210938,82.77242279052734,193708600,yahoo
2010-02-19,110.62000274658205,111.56999969482422,110.36000061035156,111.13999938964844,82.944091796875,222684900,yahoo
2010-02-22,111.5500030517578,111.58000183105467,110.83000183105467,111.16000366210938,82.95901489257812,132346900,yahoo
2010-02-23,110.86000061035156,111.1999969482422,109.5199966430664,109.80999755859376,81.95148468017578,207497000,yahoo
2010-02-24,110.13999938964844,111.0,109.86000061035156,110.81999969482422,82.70523834228516,176350700,yahoo
2010-02-25,109.23999786376952,110.75,108.94000244140624,110.66999816894533,82.59331512451172,259634700,yahoo
2010-02-26,110.7699966430664,111.12000274658205,110.11000061035156,110.73999786376952,82.64555358886719,173589300,yahoo
2010-03-01,111.1999969482422,112.0,111.16999816894533,111.88999938964844,83.5038070678711,147709700,yahoo
2010-03-02,112.37000274658205,112.73999786376952,112.0,112.1999969482422,83.73513793945312,160992400,yahoo
2010-03-03,112.48999786376952,112.97000122070312,112.0199966430664,112.3000030517578,83.80976867675781,150785000,yahoo
2010-03-04,112.4499969482422,112.8000030517578,112.02999877929688,112.63999938964844,84.06352996826172,135770400,yahoo
2010-03-05,113.37000274658205,114.33999633789062,113.0999984741211,114.25,85.26509094238281,176118800,yahoo
2010-03-08,114.26000213623048,114.5199966430664,114.06999969482422,114.2699966430664,85.27996826171875,114631200,yahoo
2010-03-09,113.93000030517578,114.98999786376952,113.87000274658205,114.45999908447266,85.42180633544922,154556700,yahoo
2010-03-10,114.51000213623048,115.27999877929688,114.41000366210938,114.97000122070312,85.80240631103516,186088800,yahoo
2010-03-11,114.6999969482422,115.4800033569336,114.3499984741211,115.4499969482422,86.16062927246094,160791100,yahoo
2010-03-12,115.9499969482422,115.97000122070312,115.13999938964844,115.45999908447266,86.16812133789062,162074800,yahoo
2010-03-15,115.26000213623048,115.56999969482422,114.5999984741211,115.48999786376952,86.19049835205078,146816800,yahoo
2010-03-16,115.80999755859376,116.5199966430664,115.48999786376952,116.41000366210938,86.8770751953125,168673000,yahoo
2010-03-17,116.76000213623048,117.4800033569336,116.41999816894533,117.0999984741211,87.39204406738281,177468100,yahoo
2010-03-18,117.11000061035156,117.2699966430664,116.56999969482422,117.04000091552734,87.34723663330078,196509100,yahoo
2010-03-19,115.97000122070312,117.29000091552734,115.5199966430664,115.97000122070312,86.9051284790039,226641100,yahoo
2010-03-22,115.30999755859376,116.8000030517578,115.23999786376952,116.58999633789062,87.36974334716797,184477800,yahoo
2010-03-23,116.76000213623048,117.51000213623048,116.37999725341795,117.41000366210938,87.98423767089844,182941600,yahoo
2010-03-24,116.97000122070312,117.43000030517578,115.58000183105467,116.83999633789062,87.55706787109375,196072600,yahoo
2010-03-25,117.62999725341795,118.16999816894533,116.51000213623048,116.6500015258789,87.41471862792969,223396300,yahoo
2010-03-26,116.87000274658205,117.41999816894533,116.12000274658205,116.58000183105467,87.36223602294922,205808500,yahoo
2010-03-29,117.16999816894533,117.52999877929688,116.69000244140624,117.31999969482422,87.91677856445312,134513500,yahoo
2010-03-30,117.45999908447266,117.83000183105467,116.91000366210938,117.4000015258789,87.97675323486328,145772500,yahoo
2010-03-31,116.9499969482422,117.5199966430664,116.61000061035156,117.0,87.677001953125,161078700,yahoo
2010-04-01,117.8000030517578,118.25,117.0999984741211,117.8000030517578,88.2764892578125,161215200,yahoo
2010-04-05,118.25,118.83999633789062,117.91999816894533,118.76000213623048,88.99590301513672,105847600,yahoo
2010-04-06,118.41999816894533,119.25,118.29000091552734,119.04000091552734,89.20571899414062,110384200,yahoo
2010-04-07,118.8000030517578,119.36000061035156,117.80999755859376,118.36000061035156,88.6961441040039,184576300,yahoo
2010-04-08,117.9499969482422,118.97000122070312,117.5999984741211,118.7699966430664,89.00337982177734,158704000,yahoo
2010-04-09,119.0199966430664,119.5999984741211,118.8000030517578,119.5500030517578,89.58790588378906,133006500,yahoo
2010-04-12,119.6999969482422,120.0500030517578,119.55999755859376,119.73999786376952,89.73027801513672,110279000,yahoo
2010-04-13,119.62000274658205,120.04000091552734,119.0,119.83000183105467,89.79771423339844,125043600,yahoo
2010-04-14,120.2699966430664,121.19000244140624,120.08000183105467,121.19000244140624,90.81688690185548,161609000,yahoo
2010-04-15,120.98999786376952,121.56999969482422,120.9499969482422,121.29000091552734,90.89178466796876,144615300,yahoo
2010-04-16,120.86000061035156,121.29000091552734,118.75,119.36000061035156,89.44551849365234,366786700,yahoo
2010-04-19,119.01000213623048,119.93000030517578,118.47000122070312,119.80999755859376,89.78275299072266,217947800,yahoo
2010-04-20,120.55999755859376,120.9800033569336,119.87000274658205,120.87999725341795,90.5845718383789,157708000,yahoo
2010-04-21,120.9499969482422,121.2300033569336,119.98999786376952,120.66000366210938,90.4197006225586,192910100,yahoo
2010-04-22,119.80999755859376,121.16999816894533,119.12000274658205,121.0199966430664,90.6894760131836,115360300,yahoo
2010-04-23,120.94000244140624,121.86000061035156,120.62999725341795,121.80999755859376,91.281494140625,177335500,yahoo
2010-04-26,121.8499984741211,122.12000274658205,121.2300033569336,121.3499984741211,90.9367904663086,143457300,yahoo
2010-04-27,120.6500015258789,121.33999633789062,118.25,118.4800033569336,88.78607177734375,355853300,yahoo
2010-04-28,119.0500030517578,119.68000030517578,118.2699966430664,119.37999725341795,89.46049499511719,300674100,yahoo
2010-04-29,120.0999984741211,121.11000061035156,120.06999969482422,120.86000061035156,90.5695571899414,193775000,yahoo
2010-04-30,120.87999725341795,121.01000213623048,118.77999877929688,118.80999755859376,89.03338623046875,270000900,yahoo
2010-05-03,119.37999725341795,120.68000030517578,119.1999969482422,120.3499984741211,90.18741607666016,182747900,yahoo
2010-05-04,119.01000213623048,119.02999877929688,116.91999816894533,117.5199966430664,88.06665802001953,360353400,yahoo
2010-05-05,116.55999755859376,117.8000030517578,115.97000122070312,116.81999969482422,87.5421142578125,328973200,yahoo
2010-05-06,116.26000213623048,117.0,105.0,112.94000244140624,84.63452911376953,647356600,yahoo
2010-05-07,112.63999938964844,113.7699966430664,109.41000366210938,111.26000213623048,83.37555694580078,637558800,yahoo
2010-05-10,115.80999755859376,116.6500015258789,114.91000366210938,116.16000366210938,87.0474853515625,396159600,yahoo
2010-05-11,115.06999969482422,117.36000061035156,114.91000366210938,115.83000183105467,86.80020904541016,317849800,yahoo
2010-05-12,116.29000091552734,117.62000274658205,116.08999633789062,117.4499969482422,88.01421356201172,235607100,yahoo
2010-05-13,117.12999725341795,117.68000030517578,115.88999938964844,115.98999786376952,86.92008209228516,234452500,yahoo
2010-05-14,115.12000274658205,115.33000183105467,112.87000274658205,113.88999938964844,85.34642028808594,345601400,yahoo
2010-05-17,114.1999969482422,114.5199966430664,111.7699966430664,113.9499969482422,85.39138793945312,325739800,yahoo
2010-05-18,114.87999725341795,115.22000122070312,112.02999877929688,112.4000015258789,84.2298355102539,360556800,yahoo
2010-05-19,111.7699966430664,112.7699966430664,110.36000061035156,111.76000213623048,83.75027465820312,394742700,yahoo
2010-05-20,109.37999725341795,109.88999938964844,107.47000122070312,107.54000091552734,80.587890625,530418300,yahoo
2010-05-21,105.91000366210938,109.37999725341795,105.36000061035156,109.11000061035156,81.76438903808594,500909400,yahoo
2010-05-24,108.5199966430664,109.38999938964844,107.61000061035156,107.70999908447266,80.71528625488281,269823000,yahoo
2010-05-25,105.11000061035156,107.87000274658205,104.37999725341795,107.81999969482422,80.79772186279297,396505200,yahoo
2010-05-26,108.4800033569336,109.47000122070312,106.8499984741211,107.16999816894533,80.31061553955078,349719300,yahoo
2010-05-27,109.19000244140624,110.8000030517578,108.77999877929688,110.76000213623048,83.00090789794922,300870500,yahoo
2010-05-28,110.63999938964844,110.72000122070312,108.8499984741211,109.37000274658205,81.95925903320312,297933500,yahoo
2010-06-01,108.3499984741211,109.9499969482422,107.37000274658205,107.52999877929688,80.58039855957031,277909400,yahoo
2010-06-02,108.08000183105467,110.33999633789062,107.51000213623048,110.33000183105467,82.67865753173828,240243700,yahoo
2010-06-03,110.6500015258789,111.05999755859376,109.58000183105467,110.70999908447266,82.96341705322266,226618300,yahoo
2010-06-04,108.61000061035156,109.33000183105467,106.45999908447266,106.81999969482422,80.04833221435547,398475600,yahoo
2010-06-07,107.1999969482422,107.61000061035156,105.41000366210938,105.48999786376952,79.05167388916016,264609100,yahoo
2010-06-08,105.56999969482422,106.83000183105467,104.6500015258789,106.62000274658205,79.89846801757812,357774300,yahoo
2010-06-09,107.23999786376952,108.27999877929688,105.5999984741211,106.0500030517578,79.47132110595703,268023300,yahoo
2010-06-10,107.86000061035156,109.27999877929688,106.04000091552734,109.1500015258789,81.79438781738281,317890600,yahoo
2010-06-11,108.19000244140624,109.75,108.12000274658205,109.68000030517578,82.19156646728516,214128200,yahoo
2010-06-14,110.5199966430664,111.12000274658205,109.4000015258789,109.51000213623048,82.06414794921875,207196100,yahoo
2010-06-15,110.27999877929688,112.0999984741211,110.08999633789062,112.0,83.93009185791016,238268700,yahoo
2010-06-16,111.41999816894533,112.41999816894533,111.1999969482422,111.95999908447266,83.9001693725586,216374000,yahoo
2010-06-17,112.27999877929688,112.33000183105467,111.0500030517578,112.13999938964844,84.0350112915039,263185800,yahoo
2010-06-18,111.83000183105467,112.12999725341795,111.37000274658205,111.7300033569336,84.1260986328125,174006600,yahoo
2010-06-21,113.12000274658205,113.1999969482422,110.79000091552734,111.41000366210938,83.88518524169922,213140700,yahoo
2010-06-22,111.41000366210938,111.9000015258789,109.41000366210938,109.56999969482422,82.49978637695312,239355400,yahoo
2010-06-23,109.63999938964844,110.02999877929688,108.4800033569336,109.2300033569336,82.24376678466797,254639900,yahoo
2010-06-24,108.69000244140624,108.83000183105467,107.13999938964844,107.41999816894533,80.88092803955078,268523600,yahoo
2010-06-25,107.73999786376952,108.41999816894533,106.7699966430664,107.87000274658205,81.21980285644531,238726500,yahoo
2010-06-28,108.02999877929688,108.31999969482422,107.13999938964844,107.52999877929688,80.9637680053711,169218600,yahoo
2010-06-29,106.0199966430664,107.51000213623048,103.5500030517578,104.20999908447266,78.46401977539062,373649500,yahoo
2010-06-30,103.91999816894533,104.87999725341795,102.87999725341795,103.22000122070312,77.71859741210938,284101700,yahoo
2010-07-01,103.1500015258789,103.48999786376952,101.12999725341795,102.76000213623048,77.37226104736328,382924800,yahoo
2010-07-02,103.11000061035156,103.41999816894533,101.62000274658205,102.1999969482422,76.95059204101562,233385200,yahoo
2010-07-06,103.63999938964844,104.37000274658205,101.87999725341795,102.87000274658205,77.45506286621094,256935300,yahoo
2010-07-07,103.12999725341795,106.23999786376952,103.0199966430664,106.11000061035156,79.89456176757812,253769400,yahoo
2010-07-08,107.0,107.27999877929688,105.91000366210938,107.16000366210938,80.68519592285156,210842100,yahoo
2010-07-09,107.12999725341795,107.97000122070312,106.93000030517578,107.95999908447266,81.28751373291016,144999900,yahoo
2010-07-12,107.5999984741211,108.23999786376952,107.1500015258789,108.02999877929688,81.34025573730469,131283600,yahoo
2010-07-13,109.1500015258789,110.08999633789062,108.93000030517578,109.66000366210938,82.56754302978516,213025900,yahoo
2010-07-14,109.30999755859376,110.08000183105467,108.86000061035156,109.6500015258789,82.56002807617188,184426800,yahoo
2010-07-15,109.61000061035156,110.05999755859376,108.16999816894533,109.68000030517578,82.58258819580078,232337900,yahoo
2010-07-16,109.08999633789062,109.20999908447266,106.4499969482422,106.66000366210938,80.30872344970703,282693400,yahoo
2010-07-19,107.0500030517578,107.62999725341795,106.22000122070312,107.29000091552734,80.78306579589844,186709000,yahoo
2010-07-20,105.87000274658205,108.55999755859376,105.81999969482422,108.4800033569336,81.67908477783203,258162400,yahoo
2010-07-21,109.04000091552734,109.06999969482422,106.62999725341795,107.06999969482422,80.61740112304688,264527000,yahoo
2010-07-22,108.33999633789062,109.94000244140624,108.33000183105467,109.45999908447266,82.41694641113281,274781300,yahoo
2010-07-23,109.23999786376952,110.56999969482422,108.93000030517578,110.41000366210938,83.13224792480469,222020800,yahoo
2010-07-26,110.5999984741211,111.66999816894533,110.29000091552734,111.55999755859376,83.99811553955078,184445700,yahoo
2010-07-27,112.16999816894533,112.29000091552734,111.11000061035156,111.5500030517578,83.99061584472656,204855600,yahoo
2010-07-28,111.31999969482422,111.66000366210938,110.45999908447266,110.83000183105467,83.44847869873047,163056200,yahoo
2010-07-29,111.5199966430664,111.81999969482422,109.41000366210938,110.29000091552734,83.04186248779297,220149100,yahoo
2010-07-30,109.16999816894533,110.86000061035156,108.9800033569336,110.2699966430664,83.02681732177734,220070600,yahoo
2010-08-02,111.98999786376952,112.94000244140624,111.54000091552734,112.76000213623048,84.90166473388672,188263200,yahoo
2010-08-03,112.4800033569336,112.7699966430664,111.8499984741211,112.22000122070312,84.49510192871094,146657300,yahoo
2010-08-04,112.52999877929688,113.11000061035156,112.16000366210938,112.97000122070312,85.0597915649414,158171700,yahoo
2010-08-05,112.25,112.91000366210938,112.08000183105467,112.8499984741211,84.96941375732422,140473800,yahoo
2010-08-06,111.73999786376952,112.56999969482422,110.91999816894533,112.38999938964844,84.62305450439453,239728300,yahoo
2010-08-09,112.91999816894533,113.18000030517578,112.31999969482422,112.98999786376952,85.0748291015625,120800400,yahoo
2010-08-10,112.02999877929688,112.9800033569336,111.37000274658205,112.37999725341795,84.61551666259766,242916300,yahoo
2010-08-11,110.6500015258789,110.69000244140624,109.12000274658205,109.3000030517578,82.29649353027344,273406900,yahoo
2010-08-12,107.6500015258789,109.0199966430664,107.5999984741211,108.62999725341795,81.79200744628906,239542600,yahoo
2010-08-13,108.29000091552734,108.95999908447266,108.18000030517578,108.30999755859376,81.55107879638672,158698500,yahoo
2010-08-16,107.56999969482422,108.61000061035156,107.18000030517578,108.26000213623048,81.5134506225586,147895300,yahoo
2010-08-17,109.19000244140624,110.38999938964844,108.87999725341795,109.58999633789062,82.51484680175781,172270300,yahoo
2010-08-18,109.54000091552734,110.37999725341795,108.91000366210938,109.79000091552734,82.66544342041016,182922100,yahoo
2010-08-19,109.22000122070312,109.48999786376952,107.43000030517578,107.87999725341795,81.22731018066406,265847600,yahoo
2010-08-20,107.55999755859376,107.94000244140624,106.75,107.52999877929688,80.9637680053711,209714200,yahoo
2010-08-23,108.04000091552734,108.56999969482422,107.06999969482422,107.12000274658205,80.65505981445312,163490300,yahoo
2010-08-24,105.9499969482422,106.38999938964844,104.97000122070312,105.52999877929688,79.45789337158203,280677800,yahoo
2010-08-25,104.9499969482422,106.33999633789062,104.29000091552734,105.94000244140624,79.76658630371094,272234800,yahoo
2010-08-26,106.44000244140624,106.58000183105467,104.87999725341795,105.2300033569336,79.23201751708984,224439500,yahoo
2010-08-27,105.88999938964844,106.97000122070312,104.30999755859376,106.86000061035156,80.45930480957031,272649000,yahoo
2010-08-30,106.58000183105467,106.91000366210938,105.3000030517578,105.30999755859376,79.29224395751953,167238600,yahoo
2010-08-31,104.91999816894533,105.9800033569336,104.48999786376952,105.30999755859376,79.29224395751953,273933100,yahoo
2010-09-01,106.7300033569336,108.61000061035156,106.66000366210938,108.45999908447266,81.66400909423828,256828100,yahoo
2010-09-02,108.72000122070312,109.48999786376952,108.48999786376952,109.47000122070312,82.42447662353516,156112200,yahoo
2010-09-03,110.54000091552734,110.98999786376952,109.9499969482422,110.88999938964844,83.49363708496094,212197300,yahoo
2010-09-07,110.37000274658205,110.51000213623048,109.5500030517578,109.63999938964844,82.55248260498047,141973700,yahoo
2010-09-08,109.86000061035156,110.8499984741211,109.80999755859376,110.41000366210938,83.13224792480469,149924400,yahoo
2010-09-09,111.6500015258789,111.68000030517578,110.62000274658205,110.91999816894533,83.5162582397461,147017900,yahoo
2010-09-10,111.12000274658205,111.61000061035156,110.87000274658205,111.4800033569336,83.9378890991211,127819000,yahoo
2010-09-13,112.58000183105467,112.9499969482422,112.12999725341795,112.72000122070312,84.87152099609375,178503500,yahoo
2010-09-14,112.5,113.29000091552734,112.08000183105467,112.6500015258789,84.81884765625,209823600,yahoo
2010-09-15,112.31999969482422,113.20999908447266,111.9800033569336,113.08000183105467,85.14261627197266,168608400,yahoo
2010-09-16,112.7300033569336,113.12000274658205,112.3499984741211,113.0500030517578,85.1200180053711,199962900,yahoo
2010-09-17,113.04000091552734,113.1500015258789,112.18000030517578,112.48999786376952,85.15182495117188,195836900,yahoo
2010-09-20,112.87999725341795,114.45999908447266,112.5199966430664,114.20999908447266,86.45379638671875,214555200,yahoo
2010-09-21,114.3000030517578,114.83999633789062,113.51000213623048,113.9800033569336,86.27973175048828,268389100,yahoo
2010-09-22,113.8000030517578,114.44000244140624,113.0999984741211,113.41999816894533,85.85578155517578,191322400,yahoo
2010-09-23,112.48999786376952,113.66999816894533,112.18000030517578,112.5,85.15935516357422,202354300,yahoo
2010-09-24,113.75,114.9000015258789,113.6500015258789,114.81999969482422,86.91552734375,209671800,yahoo
2010-09-27,114.86000061035156,114.98999786376952,114.16000366210938,114.2699966430664,86.49920654296875,128761800,yahoo
2010-09-28,114.41999816894533,115.04000091552734,113.18000030517578,114.66999816894533,86.802001953125,209207500,yahoo
2010-09-29,114.37999725341795,114.91000366210938,114.0199966430664,114.47000122070312,86.65062713623047,179665800,yahoo
2010-09-30,115.0500030517578,115.79000091552734,113.58999633789062,114.12999725341795,86.39325714111328,287106700,yahoo
2010-10-01,114.98999786376952,115.12000274658205,113.93000030517578,114.61000061035156,86.7565689086914,174638700,yahoo
2010-10-04,114.37000274658205,114.8499984741211,113.18000030517578,113.75,86.10558319091797,166153200,yahoo
2010-10-05,114.8000030517578,116.31999969482422,114.66999816894533,116.04000091552734,87.83905792236328,229634100,yahoo
2010-10-06,116.0199966430664,116.33000183105467,115.55999755859376,116.02999877929688,87.83147430419922,148626600,yahoo
2010-10-07,116.5,116.52999877929688,115.19000244140624,115.88999938964844,87.72551727294922,164860000,yahoo
2010-10-08,116.0500030517578,116.86000061035156,115.61000061035156,116.54000091552734,88.21755981445312,177760100,yahoo
2010-10-11,116.72000122070312,116.97000122070312,116.25,116.6500015258789,88.30081939697266,103098300,yahoo
2010-10-12,116.2699966430664,117.3499984741211,115.6500015258789,117.01000213623048,88.57330322265625,182210000,yahoo
2010-10-13,117.66000366210938,118.5500030517578,117.37999725341795,117.91999816894533,89.26217651367188,194347200,yahoo
2010-10-14,117.80999755859376,118.01000213623048,116.72000122070312,117.45999908447266,88.9139404296875,217764300,yahoo
2010-10-15,118.27999877929688,118.3499984741211,116.76000213623048,117.6999969482422,89.09561920166016,243705000,yahoo
2010-10-18,117.73999786376952,118.66999816894533,117.30999755859376,118.27999877929688,89.53466033935547,141204800,yahoo
2010-10-19,117.19000244140624,117.8499984741211,116.0199966430664,116.7300033569336,88.36138153076172,280604700,yahoo
2010-10-20,116.94000244140624,118.44000244140624,116.87000274658205,117.87000274658205,89.22431945800781,200051800,yahoo
2010-10-21,118.4000015258789,119.08999633789062,117.20999908447266,118.12999725341795,89.4211196899414,221585500,yahoo
2010-10-22,118.30999755859376,118.52999877929688,118.0,118.3499984741211,89.587646484375,108212400,yahoo
2010-10-25,119.13999938964844,119.76000213623048,118.61000061035156,118.6999969482422,89.85258483886719,151145700,yahoo
2010-10-26,118.0999984741211,118.83999633789062,117.87000274658205,118.72000122070312,89.86773681640625,158982900,yahoo
2010-10-27,117.88999938964844,118.51000213623048,117.26000213623048,118.37999725341795,89.61033630371094,190024000,yahoo
2010-10-28,119.05999755859376,119.11000061035156,117.83000183105467,118.4000015258789,89.62555694580078,168576000,yahoo
2010-10-29,118.27999877929688,118.72000122070312,118.06999969482422,118.48999786376952,89.69364929199219,144305500,yahoo
2010-11-01,119.06999969482422,119.75,117.8499984741211,118.52999877929688,89.72392272949219,174074800,yahoo
2010-11-02,119.41999816894533,119.75,119.0999984741211,119.47000122070312,90.43547058105467,158345900,yahoo
2010-11-03,119.68000030517578,120.0199966430664,118.4499969482422,119.9499969482422,90.79882049560548,226702800,yahoo
2010-11-04,121.27999877929688,122.31999969482422,119.97000122070312,122.26000213623048,92.54743957519533,215039400,yahoo
2010-11-05,122.33999633789062,122.91999816894533,122.18000030517578,122.72000122070312,92.89561462402344,180654100,yahoo
2010-11-08,122.33999633789062,122.69000244140624,121.94000244140624,122.48999786376952,92.72152709960938,156107100,yahoo
2010-11-09,122.81999969482422,122.9499969482422,121.12000274658205,121.61000061035156,92.05536651611328,186621600,yahoo
2010-11-10,121.58000183105467,122.16000366210938,120.66000366210938,122.0999984741211,92.4263153076172,221387400,yahoo
2010-11-11,121.0500030517578,121.81999969482422,120.68000030517578,121.63999938964844,92.07809448242188,158017600,yahoo
2010-11-12,120.81999969482422,121.3499984741211,119.6500015258789,120.1999969482422,90.988037109375,239068800,yahoo
2010-11-15,120.58000183105467,121.0500030517578,119.9800033569336,120.02999877929688,90.85938262939452,163940800,yahoo
2010-11-16,119.29000091552734,119.48999786376952,117.58999633789062,118.16000366210938,89.44383239746094,299566200,yahoo
2010-11-17,118.20999908447266,118.70999908447266,117.86000061035156,118.22000122070312,89.4892578125,172308900,yahoo
2010-11-18,119.36000061035156,120.38999938964844,119.3499984741211,119.95999908447266,90.80638122558594,197723700,yahoo
2010-11-19,119.9000015258789,120.33999633789062,119.25,120.29000091552734,91.05620574951172,156852900,yahoo
2010-11-22,119.69000244140624,120.23999786376952,118.7699966430664,120.19000244140624,90.9804916381836,181361000,yahoo
2010-11-23,118.7699966430664,119.0199966430664,117.98999786376952,118.4499969482422,89.66336822509766,222309000,yahoo
2010-11-24,119.1999969482422,120.2300033569336,119.18000030517578,120.1999969482422,90.988037109375,140046100,yahoo
2010-11-26,119.16000366210938,119.80999755859376,118.8000030517578,118.8000030517578,89.92828369140625,76007800,yahoo
2010-11-29,118.5,119.4800033569336,117.73999786376952,119.16000366210938,90.20082092285156,223642300,yahoo
2010-11-30,117.9800033569336,119.16999816894533,117.80999755859376,118.48999786376952,89.69364929199219,233930700,yahoo
2010-12-01,120.1999969482422,121.23999786376952,120.19000244140624,121.01000213623048,91.60124969482422,221037200,yahoo
2010-12-02,121.1999969482422,122.6500015258789,121.12999725341795,122.55999755859376,92.7745361328125,191213600,yahoo
2010-12-03,122.13999938964844,123.02999877929688,122.11000061035156,122.88999938964844,93.02433776855467,151288900,yahoo
2010-12-06,122.62999725341795,123.04000091552734,122.5,122.76000213623048,92.92591857910156,103050500,yahoo
2010-12-07,123.94000244140624,124.01000213623048,122.76000213623048,122.83000183105467,92.9789047241211,206581000,yahoo
2010-12-08,122.9800033569336,123.37999725341795,122.41000366210938,123.27999877929688,93.3195343017578,138019200,yahoo
2010-12-09,123.97000122070312,124.0199966430664,123.1500015258789,123.76000213623048,93.682861328125,123705100,yahoo
2010-12-10,124.13999938964844,124.5999984741211,123.7300033569336,124.4800033569336,94.22789001464844,117571700,yahoo
2010-12-13,125.0500030517578,125.1999969482422,124.5199966430664,124.55999755859376,94.2884521484375,133812700,yahoo
2010-12-14,124.75,125.2300033569336,124.29000091552734,124.66999816894533,94.3717041015625,147249600,yahoo
2010-12-15,124.44000244140624,124.93000030517578,123.88999938964844,124.0999984741211,93.94026947021484,160823100,yahoo
2010-12-16,124.18000030517578,124.91000366210938,123.75,124.81999969482422,94.48526763916016,185035200,yahoo
2010-12-17,124.08000183105467,124.45999908447266,123.81999969482422,124.3000030517578,94.58647918701172,141075300,yahoo
2010-12-20,124.63999938964844,124.9000015258789,123.9800033569336,124.5999984741211,94.81478881835938,119085500,yahoo
2010-12-21,124.98999786376952,125.47000122070312,124.87000274658205,125.38999938964844,95.41590881347656,94965500,yahoo
2010-12-22,125.4800033569336,125.81999969482422,125.41000366210938,125.77999877929688,95.71268463134766,78878100,yahoo
2010-12-23,125.63999938964844,125.77999877929688,125.29000091552734,125.5999984741211,95.57571411132812,70053700,yahoo
2010-12-27,125.12999725341795,125.7699966430664,125.04000091552734,125.6500015258789,95.61376953125,58126000,yahoo
2010-12-28,125.9000015258789,125.9499969482422,125.5,125.83000183105467,95.7507553100586,55309100,yahoo
2010-12-29,125.9800033569336,126.1999969482422,125.9000015258789,125.91999816894533,95.81922912597656,58033100,yahoo
2010-12-30,125.8000030517578,126.12999725341795,125.52999877929688,125.72000122070312,95.6670379638672,76616900,yahoo
2010-12-31,125.52999877929688,125.87000274658205,125.33000183105467,125.75,95.68986511230467,91218900,yahoo
2011-01-03,126.70999908447266,127.5999984741211,125.6999969482422,127.0500030517578,96.6790771484375,138725200,yahoo
2011-01-04,127.33000183105467,127.37000274658205,126.19000244140624,126.9800033569336,96.6258544921875,137409700,yahoo
2011-01-05,126.58000183105467,127.72000122070312,126.45999908447266,127.63999938964844,97.1280517578125,133975300,yahoo
2011-01-06,127.69000244140624,127.83000183105467,127.01000213623048,127.38999938964844,96.93782806396484,122519000,yahoo
2011-01-07,127.55999755859376,127.7699966430664,126.1500015258789,127.13999938964844,96.7475814819336,156034600,yahoo
2011-01-10,126.58000183105467,127.16000366210938,126.1999969482422,126.9800033569336,96.6258544921875,122401700,yahoo
2011-01-11,127.44000244140624,127.73999786376952,126.9499969482422,127.43000030517578,96.96824645996094,110287000,yahoo
2011-01-12,128.2100067138672,128.72000122070312,127.45999908447266,128.5800018310547,97.84333038330078,107929200,yahoo
2011-01-13,128.6300048828125,128.69000244140625,128.0500030517578,128.3699951171875,97.6835708618164,129048400,yahoo
2011-01-14,128.19000244140625,129.3300018310547,128.10000610351562,129.3000030517578,98.39124298095705,117677900,yahoo
2011-01-18,129.17999267578125,129.63999938964844,129.02999877929688,129.52000427246094,98.55867767333984,114401300,yahoo
2011-01-19,129.41000366210938,129.5399932861328,127.91000366210938,128.25,97.5922622680664,151958400,yahoo
2011-01-20,127.95999908447266,128.39999389648438,127.12999725341795,128.0800018310547,97.46288299560548,175745700,yahoo
2011-01-21,128.8800048828125,129.1699981689453,128.22999572753906,128.3699951171875,97.6835708618164,151462900,yahoo
2011-01-24,128.2899932861328,129.25,128.25999450683594,129.10000610351562,98.2390594482422,113715500,yahoo
2011-01-25,128.75999450683594,129.27999877929688,128.11000061035156,129.1699981689453,98.29232788085938,167552200,yahoo
2011-01-26,129.49000549316406,130.0500030517578,129.22999572753906,129.6699981689453,98.6728057861328,141281500,yahoo
2011-01-27,129.6999969482422,130.2100067138672,129.47000122070312,129.99000549316406,98.91631317138672,123302700,yahoo
2011-01-28,130.13999938964844,130.35000610351562,127.51000213623048,127.72000122070312,97.18895721435548,295637300,yahoo
2011-01-31,128.07000732421875,128.77999877929688,127.75,128.67999267578125,97.91943359375,149249200,yahoo
2011-02-01,129.4600067138672,130.97000122070312,129.3800048828125,130.74000549316406,99.48702239990234,167194300,yahoo
2011-02-02,130.39999389648438,130.83999633789062,130.3300018310547,130.49000549316406,99.29679870605467,118323600,yahoo
2011-02-03,130.25999450683594,130.97999572753906,129.57000732421875,130.77999877929688,99.5174331665039,145886700,yahoo
2011-02-04,130.8300018310547,131.1999969482422,130.22999572753906,131.14999389648438,99.79898071289062,134634800,yahoo
2011-02-07,131.44000244140625,132.39999389648438,131.42999267578125,131.97000122070312,100.42301940917967,112439100,yahoo
2011-02-08,132.08999633789062,132.63999938964844,131.72999572753906,132.57000732421875,100.8795928955078,99072800,yahoo
2011-02-09,132.2100067138672,132.6300048828125,131.61000061035156,132.27000427246094,100.65126037597656,146436700,yahoo
2011-02-10,131.60000610351562,132.47000122070312,131.3000030517578,132.32000732421875,100.68931579589844,162708500,yahoo
2011-02-11,131.8000030517578,133.27999877929688,131.77000427246094,133.11000061035156,101.2904815673828,137710300,yahoo
2011-02-14,133.02999877929688,133.5399932861328,132.8800048828125,133.42999267578125,101.53397369384766,101690700,yahoo
2011-02-15,133.02000427246094,133.22000122070312,132.32000732421875,133.00999450683594,101.21435546875,119575400,yahoo
2011-02-16,133.4600067138672,134.00999450683594,133.19000244140625,133.85000610351562,101.85359954833984,130183500,yahoo
2011-02-17,133.4600067138672,134.42999267578125,133.33999633789062,134.25,102.15795135498048,109810500,yahoo
2011-02-18,134.3699951171875,134.69000244140625,134.05999755859375,134.52999877929688,102.37105560302734,130002400,yahoo
2011-02-22,133.1199951171875,134.55999755859375,131.47000122070312,131.8300018310547,100.31647491455078,233116400,yahoo
2011-02-23,131.75,132.07000732421875,130.2100067138672,131.02000427246094,99.70008087158205,227584000,yahoo
2011-02-24,130.8800048828125,131.44000244140625,129.6999969482422,130.92999267578125,99.631591796875,260431400,yahoo
2011-02-25,131.47999572753906,132.41000366210938,131.39999389648438,132.3300018310547,100.69691467285156,141686900,yahoo
2011-02-28,132.82000732421875,133.32000732421875,132.3800048828125,133.14999389648438,101.32090759277344,141585500,yahoo
2011-03-01,133.57000732421875,133.69000244140625,130.88999938964844,130.92999267578125,99.631591796875,258565500,yahoo
2011-03-02,130.75,131.82000732421875,130.35000610351562,131.2100067138672,99.84468841552734,200277400,yahoo
2011-03-03,132.39999389648438,133.6199951171875,132.38999938964844,133.47000122070312,101.56442260742188,176480100,yahoo
2011-03-04,133.3699951171875,133.6300048828125,131.60000610351562,132.47000122070312,100.803466796875,277202300,yahoo
2011-03-07,132.86000061035156,133.16000366210938,130.74000549316406,131.42999267578125,100.01207733154295,216790400,yahoo
2011-03-08,131.63999938964844,133.0,131.07000732421875,132.5800018310547,100.8871841430664,174615000,yahoo
2011-03-09,132.32000732421875,132.8000030517578,131.60000610351562,132.38999938964844,100.74260711669922,153806000,yahoo
2011-03-10,131.0,131.17999267578125,129.80999755859375,129.94000244140625,98.87826538085938,301291800,yahoo
2011-03-11,129.52000427246094,131.30999755859375,129.49000549316406,130.83999633789062,99.56310272216795,225621800,yahoo
2011-03-14,129.99000549316406,130.47999572753906,129.05999755859375,130.0500030517578,98.9619369506836,234974100,yahoo
2011-03-15,126.58999633789062,129.3300018310547,126.5,128.55999755859375,97.82813262939452,359585400,yahoo
2011-03-16,128.14999389648438,128.57000732421875,125.27999877929688,126.18000030517578,96.01709747314452,468670300,yahoo
2011-03-17,128.0,128.38999938964844,127.0999984741211,127.8499984741211,97.2878646850586,254303700,yahoo
2011-03-18,128.83999633789062,128.8800048828125,127.51000213623048,127.76000213623048,97.64169311523438,230435400,yahoo
2011-03-21,129.35000610351562,130.00999450683594,129.1999969482422,129.74000549316406,99.15493774414062,153992600,yahoo
2011-03-22,129.72000122070312,129.88999938964844,129.1699981689453,129.2899932861328,98.8110122680664,129538600,yahoo
2011-03-23,128.92999267578125,130.0,128.32000732421875,129.66000366210938,99.0938491821289,148603100,yahoo
2011-03-24,130.39999389648438,131.08999633789062,129.6699981689453,130.89999389648438,100.0414581298828,159129800,yahoo
2011-03-25,131.24000549316406,131.8699951171875,130.88999938964844,131.3000030517578,100.34715270996094,155642800,yahoo
2011-03-28,131.5800018310547,131.9199981689453,130.94000244140625,130.97999572753906,100.1026382446289,109762400,yahoo
2011-03-29,130.8699951171875,131.89999389648438,130.44000244140625,131.86000061035156,100.77516174316406,129798800,yahoo
2011-03-30,132.5500030517578,133.16000366210938,132.36000061035156,132.77000427246094,101.47067260742188,135835000,yahoo
2011-03-31,132.60000610351562,132.9600067138672,132.4499969482422,132.58999633789062,101.33306884765624,132537100,yahoo
2011-04-01,133.41000366210938,133.77000427246094,132.8300018310547,133.14999389648438,101.76107025146484,153850100,yahoo
2011-04-04,133.42999267578125,133.6699981689453,132.8800048828125,133.25999450683594,101.84513854980467,100768900,yahoo
2011-04-05,133.0,133.8300018310547,132.94000244140625,133.24000549316406,101.8298568725586,120791500,yahoo
2011-04-06,133.8800048828125,134.0,133.1199951171875,133.66000366210938,102.15088653564452,120411600,yahoo
2011-04-07,133.4199981689453,133.97999572753906,132.66000366210938,133.32000732421875,101.89100646972656,170731500,yahoo
2011-04-08,133.91000366210938,133.99000549316406,132.30999755859375,132.86000061035156,101.53943634033205,147945400,yahoo
2011-04-11,133.0,133.4499969482422,132.13999938964844,132.4600067138672,101.23371887207033,121385400,yahoo
2011-04-12,131.72000122070312,131.97999572753906,130.99000549316406,131.47000122070312,100.47714233398438,161187400,yahoo
2011-04-13,132.0800018310547,132.17999267578125,130.9600067138672,131.4600067138672,100.46949768066406,162059000,yahoo
2011-04-14,130.6999969482422,131.75999450683594,130.27000427246094,131.55999755859375,100.54586029052734,161220400,yahoo
2011-04-15,131.8000030517578,132.3699951171875,131.41000366210938,132.0399932861328,100.91275787353516,170006700,yahoo
2011-04-18,130.58999633789062,132.02999877929688,129.50999450683594,130.55999755859375,99.78166198730467,210759300,yahoo
2011-04-19,130.75999450683594,131.35000610351562,130.44000244140625,131.30999755859375,100.35486602783205,124258800,yahoo
2011-04-20,132.8800048828125,133.38999938964844,132.7899932861328,133.10000610351562,101.7228775024414,156133800,yahoo
2011-04-21,133.7899932861328,133.83999633789062,133.10000610351562,133.77999877929688,102.24256134033205,135935400,yahoo
2011-04-25,133.67999267578125,133.86000061035156,133.1999969482422,133.63999938964844,102.1355438232422,65757100,yahoo
2011-04-26,134.0500030517578,135.05999755859375,133.91000366210938,134.7899932861328,103.01446533203124,146600000,yahoo
2011-04-27,135.0500030517578,135.8699951171875,134.5,135.6699981689453,103.68701934814452,143031000,yahoo
2011-04-28,135.42999267578125,136.2899932861328,135.41000366210938,136.11000061035156,104.02328491210938,124791100,yahoo
2011-04-29,136.16000366210938,136.57000732421875,135.97999572753906,136.42999267578125,104.2678451538086,115094100,yahoo
2011-05-02,137.07000732421875,137.17999267578125,135.9499969482422,136.22000122070312,104.10734558105467,126278700,yahoo
2011-05-03,135.9600067138672,136.19000244140625,135.0399932861328,135.72999572753906,103.7328643798828,138375000,yahoo
2011-05-04,135.6699981689453,135.72999572753906,134.22999572753906,134.8300018310547,103.04502868652344,182678500,yahoo
2011-05-05,134.0800018310547,134.9499969482422,133.02000427246094,133.61000061035156,102.1126480102539,226900000,yahoo
2011-05-06,134.94000244140625,135.6300048828125,133.67999267578125,134.1999969482422,102.56352996826172,222787200,yahoo
2011-05-09,134.19000244140625,135.11000061035156,133.97999572753906,134.72000122070312,102.96099090576172,114104500,yahoo
2011-05-10,135.1699981689453,136.11000061035156,135.0,135.8699951171875,103.83983612060548,114806900,yahoo
2011-05-11,135.6699981689453,135.69000244140625,133.82000732421875,134.44000244140625,102.74696350097656,193564200,yahoo
2011-05-12,134.0800018310547,135.36000061035156,133.38999938964844,135.0800018310547,103.23606872558594,171550700,yahoo
2011-05-13,135.14999389648438,135.33999633789062,133.55999755859375,134.0399932861328,102.44127655029295,157444900,yahoo
2011-05-16,133.55999755859375,134.61000061035156,132.97000122070312,133.19000244140625,101.79167175292967,141675400,yahoo
2011-05-17,132.69000244140625,133.35000610351562,132.1199951171875,133.1699981689453,101.7763442993164,192686200,yahoo
2011-05-18,133.24000549316406,134.5,132.9499969482422,134.36000061035156,102.68585205078124,135217900,yahoo
2011-05-19,134.8000030517578,135.02999877929688,133.94000244140625,134.67999267578125,102.93035125732422,119489500,yahoo
2011-05-20,134.3300018310547,134.67999267578125,133.36000061035156,133.61000061035156,102.1126480102539,182594900,yahoo
2011-05-23,131.97999572753906,132.72000122070312,131.58999633789062,132.05999755859375,100.92803192138672,168700000,yahoo
2011-05-24,132.44000244140625,132.72999572753906,131.6999969482422,131.9499969482422,100.8439483642578,147199600,yahoo
2011-05-25,131.4199981689453,132.94000244140625,131.3800048828125,132.38999938964844,101.18022918701172,151050100,yahoo
2011-05-26,132.02999877929688,133.24000549316406,131.77999877929688,133.0,101.64642333984376,164850000,yahoo
2011-05-27,133.3699951171875,133.8699951171875,132.9600067138672,133.50999450683594,102.03620147705078,120921900,yahoo
2011-05-31,134.77000427246094,134.9199981689453,133.83999633789062,134.89999389648438,103.09852600097656,164731200,yahoo
2011-06-01,134.50999450683594,134.9199981689453,131.75999450683594,131.8699951171875,100.78280639648438,233094300,yahoo
2011-06-02,131.9600067138672,132.24000549316406,130.9600067138672,131.72999572753906,100.6758041381836,200466800,yahoo
2011-06-03,130.14999389648438,131.4199981689453,130.0800018310547,130.4199981689453,99.67464447021484,234690200,yahoo
2011-06-06,130.08999633789062,130.36000061035156,128.8699951171875,129.0399932861328,98.61992645263672,179951200,yahoo
2011-06-07,129.6999969482422,130.07000732421875,128.85000610351562,128.9600067138672,98.55884552001952,161660500,yahoo
2011-06-08,128.75999450683594,129.19000244140625,128.17999267578125,128.4199981689453,98.1461410522461,198696400,yahoo
2011-06-09,128.77000427246094,129.92999267578125,128.4600067138672,129.39999389648438,98.89508819580078,160964400,yahoo
2011-06-10,128.85000610351562,128.92999267578125,127.26000213623048,127.5999984741211,97.51943969726562,238629400,yahoo
2011-06-13,127.88999938964844,128.24000549316406,127.0500030517578,127.6999969482422,97.59587097167967,207599800,yahoo
2011-06-14,128.8699951171875,129.77000427246094,128.82000732421875,129.32000732421875,98.83394622802734,160570400,yahoo
2011-06-15,128.24000549316406,129.3000030517578,126.68000030517578,127.0199966430664,97.07615661621094,300958000,yahoo
2011-06-16,127.05999755859376,127.97000122070312,126.31999969482422,127.3000030517578,97.2901382446289,308032800,yahoo
2011-06-17,127.93000030517578,127.94000244140624,126.62000274658205,127.0500030517578,97.58045196533205,233284900,yahoo
2011-06-20,126.62000274658205,127.97000122070312,126.58000183105467,127.6999969482422,98.07972717285156,159479000,yahoo
2011-06-21,128.36000061035156,129.6999969482422,127.75,129.4499969482422,99.42379760742188,193157300,yahoo
2011-06-22,129.0500030517578,129.80999755859375,128.58999633789062,128.6699981689453,98.82470703125,176703000,yahoo
2011-06-23,127.16000366210938,128.63999938964844,126.19000244140624,128.3000030517578,98.54056549072266,334286500,yahoo
2011-06-24,128.27000427246094,128.3699951171875,126.62000274658205,126.80999755859376,97.39615631103516,226129300,yahoo
2011-06-27,126.88999938964844,128.42999267578125,126.63999938964844,127.94000244140624,98.26403045654295,168904700,yahoo
2011-06-28,128.4499969482422,129.6300048828125,128.27000427246094,129.61000061035156,99.5466766357422,165556300,yahoo
2011-06-29,130.1999969482422,130.92999267578125,129.6300048828125,130.72000122070312,100.39923095703124,244295500,yahoo
2011-06-30,131.13999938964844,132.17999267578125,130.7100067138672,131.97000122070312,101.35931396484376,223322700,yahoo
2011-07-01,132.08999633789062,134.10000610351562,131.77999877929688,133.9199981689453,102.85696411132812,202385700,yahoo
2011-07-05,133.77999877929688,134.0800018310547,133.38999938964844,133.80999755859375,102.77244567871094,165936000,yahoo
2011-07-06,133.49000549316406,134.13999938964844,133.11000061035156,133.97000122070312,102.89537811279295,143331600,yahoo
2011-07-07,135.16000366210938,135.6999969482422,134.8800048828125,135.36000061035156,103.96295166015624,170464200,yahoo
2011-07-08,133.8300018310547,135.36000061035156,133.38999938964844,134.39999389648438,103.22562408447266,194100500,yahoo
2011-07-11,132.75,133.17999267578125,131.66000366210938,131.97000122070312,101.35931396484376,195918600,yahoo
2011-07-12,131.69000244140625,132.77999877929688,131.36000061035156,131.39999389648438,100.92151641845705,214675700,yahoo
2011-07-13,132.08999633789062,133.22000122070312,131.52000427246094,131.83999633789062,101.2593994140625,204062600,yahoo
2011-07-14,132.1699981689453,132.77999877929688,130.67999267578125,130.92999267578125,100.56051635742188,226111800,yahoo
2011-07-15,131.66000366210938,131.8699951171875,130.77000427246094,131.69000244140625,101.14423370361328,220012800,yahoo
2011-07-18,131.0800018310547,131.27999877929688,129.6300048828125,130.61000061035156,100.3147430419922,196872100,yahoo
2011-07-19,131.33999633789062,132.88999938964844,131.30999755859375,132.72999572753906,101.94298553466795,166554900,yahoo
2011-07-20,133.07000732421875,133.14999389648438,132.4199981689453,132.64999389648438,101.88153839111328,137145400,yahoo
2011-07-21,133.39999389648438,134.82000732421875,132.6699981689453,134.49000549316406,103.29475402832033,245246300,yahoo
2011-07-22,134.52000427246094,134.72000122070312,133.75999450683594,134.5800018310547,103.36383819580078,126019400,yahoo
2011-07-25,133.3000030517578,134.49000549316406,133.16000366210938,133.8300018310547,102.787841796875,136653800,yahoo
2011-07-26,133.74000549316406,133.9600067138672,133.02999877929688,133.3300018310547,102.4038314819336,131278200,yahoo
2011-07-27,132.58999633789062,132.6300048828125,130.42999267578125,130.60000610351562,100.30707550048828,249020100,yahoo
2011-07-28,130.60000610351562,131.77000427246094,130.00999450683594,130.22000122070312,100.01516723632812,207939900,yahoo
2011-07-29,128.91000366210938,130.5500030517578,127.97000122070312,129.3300018310547,99.33162689208984,307038400,yahoo
2011-08-01,130.83999633789062,130.9600067138672,127.52999877929688,128.77999877929688,98.9092025756836,325790900,yahoo
2011-08-02,127.80999755859376,128.5,125.48999786376952,125.48999786376952,96.38230895996094,346653800,yahoo
2011-08-03,125.66000366210938,126.30999755859376,123.52999877929688,126.16999816894533,96.90460205078124,370830800,yahoo
2011-08-04,124.41999816894533,124.62000274658205,120.05999755859376,120.26000213623048,92.36541748046876,520721800,yahoo
2011-08-05,121.76000213623048,122.06999969482422,116.86000061035156,120.08000183105467,92.22718048095705,655619200,yahoo
2011-08-08,116.91000366210938,120.12000274658205,112.0199966430664,112.26000213623048,86.22103881835938,702263900,yahoo
2011-08-09,114.06999969482422,117.63999938964844,110.2699966430664,117.4800033569336,90.23026275634766,717828700,yahoo
2011-08-10,115.26000213623048,116.27999877929688,111.9499969482422,112.29000091552734,86.24411010742188,662607400,yahoo
2011-08-11,113.26000213623048,118.91999816894533,112.31999969482422,117.33000183105467,90.11506652832033,487979700,yahoo
2011-08-12,118.4000015258789,119.20999908447266,117.27999877929688,118.12000274658205,90.72179412841795,313731600,yahoo
2011-08-15,119.19000244140624,120.73999786376952,119.0,120.62000274658205,92.64196014404295,258810600,yahoo
2011-08-16,119.47000122070312,120.69000244140624,118.30999755859376,119.58999633789062,91.85086822509766,294095200,yahoo
2011-08-17,120.25,121.1999969482422,118.72000122070312,119.66999816894533,91.91228485107422,238201100,yahoo
2011-08-18,116.5,119.70999908447266,113.38999938964844,114.51000213623048,87.94916534423828,512956300,yahoo
2011-08-19,112.95999908447266,115.87999725341795,112.5,112.63999938964844,86.51290893554688,428281300,yahoo
2011-08-22,115.16999816894533,115.2300033569336,112.41000366210938,112.7300033569336,86.58204650878906,275090600,yahoo
2011-08-23,113.1500015258789,116.56999969482422,112.58000183105467,116.44000244140624,89.43148040771484,331136600,yahoo
2011-08-24,116.19000244140624,118.23999786376952,115.91999816894533,118.08000183105467,90.69107818603516,246869700,yahoo
2011-08-25,118.7300033569336,119.4000015258789,115.87000274658205,116.27999877929688,89.30857849121094,312365400,yahoo
2011-08-26,115.69000244140624,118.51000213623048,113.8499984741211,117.97000122070312,90.60659790039062,314495900,yahoo
2011-08-29,119.55999755859376,121.43000030517578,118.05999755859376,121.36000061035156,93.21025848388672,190977200,yahoo
2011-08-30,120.83000183105467,122.43000030517578,119.26000213623048,121.68000030517578,93.45604705810548,241315700,yahoo
2011-08-31,122.45999908447266,123.51000213623048,121.3000030517578,122.22000122070312,93.87079620361328,301828400,yahoo
2011-09-01,122.29000091552734,123.4000015258789,120.77999877929688,120.94000244140624,92.88770294189452,254585900,yahoo
2011-09-02,118.41999816894533,120.87000274658205,117.43000030517578,117.8499984741211,90.51444244384766,255517200,yahoo
2011-09-06,114.38999938964844,117.16000366210938,114.37999725341795,116.98999786376952,89.85392761230469,285130500,yahoo
2011-09-07,118.76000213623048,120.33999633789062,118.36000061035156,120.29000091552734,92.38850402832033,209803200,yahoo
2011-09-08,119.56999969482422,120.94000244140624,118.7699966430664,119.04000091552734,91.42845153808594,250568200,yahoo
2011-09-09,117.68000030517578,119.05999755859376,115.27999877929688,115.91999816894533,89.03209686279297,380195100,yahoo
2011-09-12,114.47000122070312,116.76000213623048,114.0500030517578,116.66999816894533,89.60813903808594,305793500,yahoo
2011-09-13,117.0500030517578,118.18000030517578,116.22000122070312,117.73999786376952,90.42996978759766,272514700,yahoo
2011-09-14,118.33999633789062,120.8000030517578,116.72000122070312,119.37000274658205,91.68187713623048,319389500,yahoo
2011-09-15,120.6500015258789,121.47000122070312,119.4000015258789,121.43000030517578,93.2640609741211,326777200,yahoo
2011-09-16,121.29000091552734,121.97000122070312,120.31999969482422,121.5199966430664,93.8160629272461,284528300,yahoo
2011-09-19,119.52999877929688,120.93000030517578,118.72000122070312,120.30999755859376,92.88191223144533,241517000,yahoo
2011-09-20,120.81999969482422,121.98999786376952,120.01000213623048,120.16999816894533,92.77381896972656,218932200,yahoo
2011-09-21,120.2300033569336,120.5999984741211,116.44000244140624,116.62999725341795,90.04083251953125,316251300,yahoo
2011-09-22,113.25,114.20999908447266,111.3000030517578,112.86000061035156,87.13033294677734,513911300,yahoo
2011-09-23,112.11000061035156,114.16000366210938,112.0199966430664,113.54000091552734,87.65531158447266,307242500,yahoo
2011-09-26,114.61000061035156,116.4000015258789,112.9800033569336,116.23999786376952,89.73973083496094,260673700,yahoo
2011-09-27,118.52999877929688,119.55999755859376,116.83999633789062,117.54000091552734,90.74337768554688,311753900,yahoo
2011-09-28,117.77999877929688,118.48999786376952,114.97000122070312,115.13999938964844,88.89055633544922,286696800,yahoo
2011-09-29,117.0500030517578,117.62999725341795,113.93000030517578,116.0500030517578,89.59308624267578,298108900,yahoo
2011-09-30,114.4499969482422,115.4499969482422,113.06999969482422,113.1500015258789,87.35424041748047,288392300,yahoo
2011-10-03,112.48999786376952,113.9499969482422,109.80999755859376,109.93000030517578,84.8683090209961,365136800,yahoo
2011-10-04,108.3499984741211,112.58000183105467,107.43000030517578,112.33999633789062,86.72889709472656,459177500,yahoo
2011-10-05,112.62000274658205,114.72000122070312,111.58000183105467,114.41999816894533,88.33470153808594,284108000,yahoo
2011-10-06,114.36000061035156,116.66000366210938,113.51000213623048,116.48999786376952,89.93276977539062,257800800,yahoo
2011-10-07,117.16999816894533,117.25,115.05999755859376,115.70999908447266,89.3305892944336,312657900,yahoo
2011-10-10,117.68000030517578,119.62999725341795,117.66999816894533,119.58000183105467,92.3183364868164,230666300,yahoo
2011-10-11,118.87000274658205,120.04000091552734,118.75,119.6999969482422,92.41097259521484,209088000,yahoo
2011-10-12,120.5999984741211,122.13999938964844,120.33000183105467,120.75,93.2215805053711,281544900,yahoo
2011-10-13,120.04000091552734,120.87000274658205,119.12000274658205,120.51000213623048,93.03628540039062,212538800,yahoo
2011-10-14,121.91000366210938,122.5999984741211,121.2300033569336,122.56999969482422,94.6266632080078,211397600,yahoo
2011-10-17,121.98999786376952,122.5500030517578,119.93000030517578,120.2300033569336,92.82012176513672,202311600,yahoo
2011-10-18,120.13999938964844,123.5,119.1999969482422,122.58000183105467,94.63436889648438,318857900,yahoo
2011-10-19,122.37999725341795,123.08000183105467,120.70999908447266,121.12999725341795,93.51494598388672,226601300,yahoo
2011-10-20,121.43000030517578,122.0999984741211,119.81999969482422,121.66000366210938,93.9241180419922,262075600,yahoo
2011-10-21,123.08999633789062,124.12000274658205,122.72000122070312,123.97000122070312,95.7074966430664,278999400,yahoo
2011-10-24,124.16999816894533,125.8000030517578,124.05999755859376,125.48999786376952,96.88095092773438,203215600,yahoo
2011-10-25,124.88999938964844,124.9499969482422,122.77999877929688,123.0500030517578,94.99722290039062,268596800,yahoo
2011-10-26,124.3499984741211,124.7699966430664,122.20999908447266,124.3000030517578,95.96226501464844,289053800,yahoo
2011-10-27,127.62999725341795,129.4199981689453,126.61000061035156,128.6300048828125,99.30513763427734,393220200,yahoo
2011-10-28,128.0,128.85000610351562,127.8000030517578,128.60000610351562,99.281982421875,225906500,yahoo
2011-10-31,127.16000366210938,128.6199951171875,125.31999969482422,125.5,96.8887176513672,228146700,yahoo
2011-11-01,122.02999877929688,123.51000213623048,121.5199966430664,122.0,94.18661499023438,416565800,yahoo
2011-11-02,123.83000183105467,124.4000015258789,122.79000091552734,123.98999786376952,95.7229461669922,244717600,yahoo
2011-11-03,125.2699966430664,126.5,123.5999984741211,126.25,97.46771240234376,291174800,yahoo
2011-11-04,125.2300033569336,125.6999969482422,124.01000213623048,125.4800033569336,96.87322998046876,249401600,yahoo
2011-11-07,125.38999938964844,126.38999938964844,124.1999969482422,126.26000213623048,97.47543334960938,196617200,yahoo
2011-11-08,126.91999816894533,128.02000427246094,125.70999908447266,127.87999725341795,98.72608947753906,224426300,yahoo
2011-11-09,124.88999938964844,125.8000030517578,122.86000061035156,123.16000366210938,95.0821762084961,337982000,yahoo
2011-11-10,124.79000091552734,124.94000244140624,123.0199966430664,124.31999969482422,95.97770690917967,231866500,yahoo
2011-11-11,125.83000183105467,126.98999786376952,125.79000091552734,126.66000366210938,97.78424072265624,189924400,yahoo
2011-11-14,126.19000244140624,127.4499969482422,124.91999816894533,125.45999908447266,96.8578109741211,159258300,yahoo
2011-11-15,125.16999816894533,126.75,124.72000122070312,126.08000183105467,97.33648681640624,184709400,yahoo
2011-11-16,124.80999755859376,126.33999633789062,123.9000015258789,124.08000183105467,95.79239654541016,235782500,yahoo
2011-11-17,123.8499984741211,124.16000366210938,121.2300033569336,122.11000061035156,94.27149963378906,331219600,yahoo
2011-11-18,122.5,122.75,121.47000122070312,121.9800033569336,94.1711883544922,215580400,yahoo
2011-11-21,120.1999969482422,120.3499984741211,118.6500015258789,119.66000366210938,92.38008880615234,229611600,yahoo
2011-11-22,119.4000015258789,120.0999984741211,118.5199966430664,119.19000244140624,92.01721954345705,216494900,yahoo
2011-11-23,118.06999969482422,119.19000244140624,116.55999755859376,116.55999755859376,89.98681640625,224329100,yahoo
2011-11-25,116.37999725341795,117.6999969482422,116.1999969482422,116.33999633789062,89.81698608398438,99557000,yahoo
2011-11-28,119.54000091552734,120.18000030517578,118.81999969482422,119.70999908447266,92.41869354248048,210686000,yahoo
2011-11-29,120.0500030517578,121.0,119.61000061035156,120.0500030517578,92.6811981201172,199241500,yahoo
2011-11-30,123.48999786376952,125.22000122070312,120.0,124.98999786376952,96.49497985839844,324439500,yahoo
2011-12-01,124.8499984741211,125.63999938964844,124.43000030517578,124.97000122070312,96.47950744628906,176954800,yahoo
2011-12-02,126.12000274658205,126.5,124.77999877929688,124.86000061035156,96.39461517333984,221109700,yahoo
2011-12-05,126.83999633789062,127.18000030517578,125.44000244140624,126.22000122070312,97.4445343017578,225263900,yahoo
2011-12-06,126.20999908447266,127.11000061035156,125.76000213623048,126.26000213623048,97.47543334960938,178842100,yahoo
2011-12-07,125.83999633789062,127.26000213623048,124.97000122070312,126.7300033569336,97.83831787109376,237802500,yahoo
2011-12-08,125.9000015258789,126.18000030517578,123.6500015258789,123.9499969482422,95.69206237792967,240862800,yahoo
2011-12-09,124.51000213623048,126.37000274658205,124.4000015258789,126.0500030517578,97.31330871582033,209111400,yahoo
2011-12-12,124.9499969482422,124.97000122070312,123.16000366210938,124.20999908447266,95.89276885986328,215826100,yahoo
2011-12-13,124.86000061035156,125.56999969482422,122.4499969482422,123.0500030517578,94.99722290039062,245159800,yahoo
2011-12-14,122.55999755859376,123.02999877929688,121.47000122070312,121.73999786376952,93.98590087890624,238618800,yahoo
2011-12-15,123.02999877929688,123.1999969482422,121.98999786376952,122.18000030517578,94.32557678222656,199109200,yahoo
2011-12-16,122.2300033569336,122.9499969482422,121.3000030517578,121.58999633789062,94.46543884277344,220481400,yahoo
2011-12-19,122.05999755859376,122.31999969482422,120.02999877929688,120.29000091552734,93.45543670654295,183903000,yahoo
2011-12-20,122.18000030517578,124.13999938964844,120.37000274658205,123.93000030517578,96.28340911865234,225418100,yahoo
2011-12-21,123.93000030517578,124.36000061035156,122.75,124.16999816894533,96.46990966796876,194230900,yahoo
2011-12-22,124.62999725341795,125.4000015258789,124.2300033569336,125.2699966430664,97.32447814941406,119465400,yahoo
2011-12-23,125.66999816894533,126.43000030517578,125.41000366210938,126.38999938964844,98.19464111328124,92187200,yahoo
2011-12-27,126.16999816894533,126.81999969482422,126.05999755859376,126.48999786376952,98.2723388671875,86075700,yahoo
2011-12-28,126.51000213623048,126.52999877929688,124.7300033569336,124.83000183105467,96.98265075683594,119107100,yahoo
2011-12-29,125.23999786376952,126.25,124.86000061035156,126.12000274658205,97.98485565185548,123507200,yahoo
2011-12-30,126.0199966430664,126.33000183105467,125.5,125.5,97.50316619873048,95599000,yahoo
2012-01-03,127.76000213623048,128.3800048828125,127.43000030517578,127.5,99.05701446533205,193697900,yahoo
2012-01-04,127.1999969482422,127.80999755859376,126.70999908447266,127.6999969482422,99.21240234375,127186500,yahoo
2012-01-05,127.01000213623048,128.22999572753906,126.43000030517578,128.0399932861328,99.4765396118164,173895000,yahoo
2012-01-06,128.1999969482422,128.22000122070312,127.29000091552734,127.70999908447266,99.2201690673828,148050000,yahoo
2012-01-09,128.0,128.17999267578125,127.41000366210938,128.02000427246094,99.46102142333984,99530200,yahoo
2012-01-10,129.38999938964844,129.64999389648438,128.9499969482422,129.1300048828125,100.3233642578125,115282000,yahoo
2012-01-11,128.72999572753906,129.3699951171875,128.52000427246094,129.1999969482422,100.3777847290039,111540700,yahoo
2012-01-12,129.57000732421875,129.6999969482422,128.5399932861328,129.50999450683594,100.61861419677734,118983700,yahoo
2012-01-13,128.63999938964844,129.0500030517578,127.72000122070312,128.83999633789062,100.09806823730467,179836200,yahoo
2012-01-17,130.0800018310547,130.32000732421875,128.89999389648438,129.33999633789062,100.48654174804688,132209200,yahoo
2012-01-18,129.30999755859375,130.83999633789062,129.0800018310547,130.77000427246094,101.59754180908205,163395200,yahoo
2012-01-19,131.22000122070312,131.57000732421875,130.8000030517578,131.4600067138672,102.13358306884766,126328900,yahoo
2012-01-20,131.24000549316406,131.9499969482422,130.9199981689453,131.9499969482422,102.51431274414062,138230200,yahoo
2012-01-23,131.50999450683594,132.25,130.97999572753906,131.61000061035156,102.25015258789062,129295800,yahoo
2012-01-24,130.8000030517578,131.5,130.60000610351562,131.4600067138672,102.13358306884766,103083300,yahoo
2012-01-25,131.25999450683594,132.8699951171875,130.75,132.55999755859375,102.9881820678711,198613200,yahoo
2012-01-26,133.14999389648438,133.39999389648438,131.36000061035156,131.8800048828125,102.45993041992188,184880500,yahoo
2012-01-27,131.24000549316406,132.0500030517578,131.14999389648438,131.82000732421875,102.41326904296876,135259100,yahoo
2012-01-30,130.50999450683594,131.44000244140625,130.05999755859375,131.3699951171875,102.06368255615234,147311800,yahoo
2012-01-31,132.02000427246094,132.17999267578125,130.67999267578125,131.32000732421875,102.02483367919922,157212000,yahoo
2012-02-01,132.2899932861328,133.13999938964844,132.1300048828125,132.47000122070312,102.91829681396484,166234500,yahoo
2012-02-02,132.72999572753906,133.02000427246094,132.2100067138672,132.67999267578125,103.08145141601562,113090400,yahoo
2012-02-03,134.0,134.6199951171875,133.77000427246094,134.5399932861328,104.52654266357422,160598500,yahoo
2012-02-06,133.97999572753906,134.50999450683594,133.8300018310547,134.4499969482422,104.45661926269533,107694500,yahoo
2012-02-07,134.1699981689453,135.02000427246094,133.63999938964844,134.7899932861328,104.7207260131836,135528100,yahoo
2012-02-08,134.86000061035156,135.22000122070312,134.30999755859375,135.19000244140625,105.03152465820312,139361400,yahoo
2012-02-09,135.41000366210938,135.58999633789062,134.55999755859375,135.36000061035156,105.16357421875,148602900,yahoo
2012-02-10,134.16000366210938,134.47000122070312,133.83999633789062,134.36000061035156,104.38671112060548,167907500,yahoo
2012-02-13,135.32000732421875,135.52000427246094,134.74000549316406,135.36000061035156,105.16357421875,115841900,yahoo
2012-02-14,135.0,135.27000427246094,134.25,135.19000244140625,105.03152465820312,165329500,yahoo
2012-02-15,135.6300048828125,135.8300018310547,134.2899932861328,134.55999755859375,104.54202270507812,195195100,yahoo
2012-02-16,134.57000732421875,136.1699981689453,134.3300018310547,136.0500030517578,105.69964599609376,186567800,yahoo
2012-02-17,136.52000427246094,136.6300048828125,135.9600067138672,136.41000366210938,105.97936248779295,129869400,yahoo
2012-02-21,136.72999572753906,137.0500030517578,136.0500030517578,136.47000122070312,106.02593231201172,134042300,yahoo
2012-02-22,136.25999450683594,136.5500030517578,135.7899932861328,136.02999877929688,105.6841278076172,124455300,yahoo
2012-02-23,135.9600067138672,136.72999572753906,135.5,136.6300048828125,106.15025329589844,137704300,yahoo
2012-02-24,136.92999267578125,137.1999969482422,136.6300048828125,136.92999267578125,106.38336944580078,105539100,yahoo
2012-02-27,136.02000427246094,137.52999877929688,135.8000030517578,137.16000366210938,106.5620574951172,145728900,yahoo
2012-02-28,137.1999969482422,137.72000122070312,136.92999267578125,137.55999755859375,106.87277221679688,129355900,yahoo
2012-02-29,137.75999450683594,138.19000244140625,136.5399932861328,137.02000427246094,106.45329284667967,185934700,yahoo
2012-03-01,137.30999755859375,137.99000549316406,136.92999267578125,137.72999572753906,107.00489044189452,145023500,yahoo
2012-03-02,137.63999938964844,137.82000732421875,137.0,137.30999755859375,106.67857360839844,120638300,yahoo
2012-03-05,137.10000610351562,137.1999969482422,136.27999877929688,136.75,106.24351501464844,140765000,yahoo
2012-03-06,135.35000610351562,135.42999267578125,134.36000061035156,134.75,104.68964385986328,202129900,yahoo
2012-03-07,135.05999755859375,135.91000366210938,134.92999267578125,135.69000244140625,105.4199676513672,143692200,yahoo
2012-03-08,136.52000427246094,137.32000732421875,136.24000549316406,137.0399932861328,106.46878814697266,116968900,yahoo
2012-03-09,137.3000030517578,137.92999267578125,137.1300048828125,137.57000732421875,106.88056182861328,122836800,yahoo
2012-03-12,137.5500030517578,137.75999450683594,137.08999633789062,137.5800018310547,106.88835906982422,104003500,yahoo
2012-03-13,138.32000732421875,140.1300048828125,138.08999633789062,140.05999755859375,108.81510925292967,184090500,yahoo
2012-03-14,140.10000610351562,140.4499969482422,139.47999572753906,139.91000366210938,108.69857025146484,145163600,yahoo
2012-03-15,140.1199951171875,140.77999877929688,139.75999450683594,140.72000122070312,109.32782745361328,165118500,yahoo
2012-03-16,140.36000061035156,140.47999572753906,140.0,140.3000030517578,109.479248046875,152893500,yahoo
2012-03-19,140.2100067138672,141.27999877929688,140.11000061035156,140.85000610351562,109.90843200683594,125291100,yahoo
2012-03-20,140.0500030517578,140.61000061035156,139.63999938964844,140.44000244140625,109.5884780883789,121729700,yahoo
2012-03-21,140.52000427246094,140.64999389648438,139.9199981689453,140.2100067138672,109.40901184082033,122388400,yahoo
2012-03-22,139.17999267578125,139.5500030517578,138.74000549316406,139.1999969482422,108.62093353271484,135216700,yahoo
2012-03-23,139.32000732421875,139.80999755859375,138.5500030517578,139.64999389648438,108.9720230102539,120521000,yahoo
2012-03-26,140.64999389648438,141.61000061035156,140.60000610351562,141.61000061035156,110.50148010253906,120164000,yahoo
2012-03-27,141.74000549316406,141.8300018310547,141.0800018310547,141.1699981689453,110.15811157226562,119868500,yahoo
2012-03-28,141.10000610351562,141.32000732421875,139.63999938964844,140.47000122070312,109.61190795898438,148562100,yahoo
2012-03-29,139.63999938964844,140.49000549316406,139.08999633789062,140.22999572753906,109.42461395263672,164963700,yahoo
2012-03-30,140.9199981689453,141.0500030517578,140.0500030517578,140.80999755859375,109.87721252441406,135486800,yahoo
2012-04-02,140.63999938964844,142.2100067138672,140.36000061035156,141.83999633789062,110.68094635009766,151741100,yahoo
2012-04-03,141.63999938964844,141.8800048828125,140.42999267578125,141.25999450683594,110.2283706665039,155806700,yahoo
2012-04-04,140.22000122070312,140.33999633789062,139.33999633789062,139.86000061035156,109.13587951660156,146896000,yahoo
2012-04-05,139.3800048828125,140.1999969482422,139.25999450683594,139.7899932861328,109.08123016357422,137439400,yahoo
2012-04-09,138.02999877929688,139.83999633789062,137.83999633789062,138.22000122070312,107.8561782836914,127555900,yahoo
2012-04-10,137.9499969482422,138.33999633789062,135.75999450683594,135.89999389648438,106.04581451416016,235360300,yahoo
2012-04-11,137.2899932861328,137.5399932861328,136.75,137.0,106.90419006347656,154133000,yahoo
2012-04-12,137.1300048828125,138.89999389648438,137.02999877929688,138.7899932861328,108.30094146728516,154321500,yahoo
2012-04-13,138.47000122070312,138.82000732421875,137.00999450683594,137.13999938964844,107.01344299316406,169246700,yahoo
2012-04-16,137.83999633789062,138.0399932861328,136.5800018310547,137.0500030517578,106.94320678710938,147825300,yahoo
2012-04-17,137.83999633789062,139.36000061035156,137.6999969482422,139.0800018310547,108.52726745605467,147877600,yahoo
2012-04-18,138.4600067138672,139.0800018310547,138.3800048828125,138.61000061035156,108.16051483154295,123884200,yahoo
2012-04-19,138.6300048828125,139.14999389648438,137.07000732421875,137.72000122070312,107.46601104736328,198666700,yahoo
2012-04-20,138.3300018310547,138.8300018310547,137.8699951171875,137.9499969482422,107.64550018310548,143199600,yahoo
2012-04-23,136.5399932861328,136.91000366210938,135.94000244140625,136.7899932861328,106.7402801513672,171844900,yahoo
2012-04-24,136.91000366210938,137.66000366210938,136.8000030517578,137.30999755859375,107.14607238769533,137484200,yahoo
2012-04-25,138.64999389648438,139.25,138.52999877929688,139.19000244140625,108.61310577392578,150252200,yahoo
2012-04-26,138.88999938964844,140.32000732421875,138.80999755859375,140.16000366210938,109.37002563476562,136291600,yahoo
2012-04-27,140.5800018310547,140.7899932861328,139.8000030517578,140.38999938964844,109.54945373535156,130725000,yahoo
2012-04-30,140.11000061035156,140.2100067138672,139.49000549316406,139.8699951171875,109.14370727539062,115092200,yahoo
2012-05-01,139.7899932861328,141.66000366210938,139.6300048828125,140.74000549316406,109.82257843017578,138832200,yahoo
2012-05-02,139.9199981689453,140.4600067138672,139.4600067138672,140.32000732421875,109.49488830566406,121081000,yahoo
2012-05-03,140.33999633789062,140.4499969482422,138.99000549316406,139.25,108.65985870361328,143759700,yahoo
2012-05-04,138.52000427246094,139.3000030517578,136.9199981689453,137.0,106.90419006347656,193927300,yahoo
2012-05-07,136.50999450683594,137.55999755859375,136.4600067138672,137.10000610351562,106.98220825195312,127765900,yahoo
2012-05-08,136.27999877929688,136.77000427246094,134.9199981689453,136.5500030517578,106.55306243896484,213377700,yahoo
2012-05-09,135.10000610351562,136.61000061035156,134.49000549316406,135.74000549316406,105.92098236083984,220752500,yahoo
2012-05-10,136.67999267578125,136.85000610351562,135.7100067138672,136.02000427246094,106.13945770263672,150600000,yahoo
2012-05-11,135.1699981689453,136.8699951171875,135.11000061035156,135.61000061035156,105.81951141357422,153032400,yahoo
2012-05-14,134.30999755859375,135.61000061035156,133.91000366210938,134.11000061035156,104.6490478515625,163910000,yahoo
2012-05-15,134.02000427246094,134.80999755859375,133.1300048828125,133.33999633789062,104.0482177734375,207629300,yahoo
2012-05-16,133.94000244140625,134.5500030517578,132.8000030517578,132.8300018310547,103.65025329589844,207265500,yahoo
2012-05-17,132.86000061035156,133.02000427246094,130.7899932861328,130.86000061035156,102.1129913330078,247992900,yahoo
2012-05-18,131.3699951171875,131.60000610351562,129.5500030517578,129.74000549316406,101.239013671875,319615900,yahoo
2012-05-21,130.16000366210938,132.02000427246094,129.9499969482422,131.97000122070312,102.97916412353516,177861100,yahoo
2012-05-22,132.30999755859375,133.22999572753906,131.33999633789062,132.1999969482422,103.15860748291016,197531200,yahoo
2012-05-23,131.25,132.4600067138672,129.99000549316406,132.27000427246094,103.21324157714844,204958400,yahoo
2012-05-24,132.6300048828125,132.83999633789062,131.4199981689453,132.52999877929688,103.41615295410156,167357600,yahoo
2012-05-25,132.47999572753906,132.85000610351562,131.77999877929688,132.10000610351562,103.08060455322266,135465600,yahoo
2012-05-29,133.16000366210938,133.92999267578125,131.1699981689453,133.6999969482422,104.32911682128906,152883500,yahoo
2012-05-30,132.55999755859375,133.69000244140625,131.49000549316406,131.75999450683594,102.8152847290039,162370400,yahoo
2012-05-31,131.7100067138672,132.4499969482422,130.33999633789062,131.47000122070312,102.58902740478516,196186000,yahoo
2012-06-01,129.41000366210938,131.5,128.16000366210938,128.16000366210938,100.00614166259766,253240900,yahoo
2012-06-04,128.38999938964844,128.74000549316406,127.13999938964844,128.10000610351562,99.95931243896484,202545800,yahoo
2012-06-05,127.8499984741211,129.25999450683594,127.77999877929688,129.07000732421875,100.71624755859376,164149400,yahoo
2012-06-06,129.97000122070312,132.02999877929688,129.92999267578125,131.97000122070312,102.97916412353516,184202800,yahoo
2012-06-07,133.47000122070312,133.52999877929688,131.77999877929688,132.0500030517578,103.04158782958984,184772700,yahoo
2012-06-08,131.7100067138672,133.1300048828125,131.2899932861328,133.10000610351562,103.86091613769533,143915400,yahoo
2012-06-11,134.1699981689453,134.25,131.27999877929688,131.41000366210938,102.54220581054688,169756100,yahoo
2012-06-12,131.7899932861328,133.00999450683594,131.16000366210938,132.9199981689453,103.72045135498048,181931800,yahoo
2012-06-13,132.52999877929688,133.36000061035156,131.6199951171875,132.07000732421875,103.05718994140624,172223900,yahoo
2012-06-14,132.33999633789062,134.0,131.97999572753906,133.47000122070312,104.149658203125,230615500,yahoo
2012-06-15,133.3800048828125,134.25999450683594,133.10000610351562,134.13999938964844,105.21475982666016,169444500,yahoo
2012-06-18,133.5800018310547,134.72999572753906,133.27999877929688,134.39999389648438,105.41873168945312,131360900,yahoo
2012-06-19,135.0800018310547,136.25,134.3699951171875,135.6999969482422,106.4384307861328,137382600,yahoo
2012-06-20,135.7100067138672,136.10000610351562,134.27000427246094,135.47999572753906,106.26588439941406,206451800,yahoo
2012-06-21,135.63999938964844,135.77999877929688,132.3300018310547,132.44000244140625,103.88140106201172,205272200,yahoo
2012-06-22,133.1300048828125,133.7100067138672,132.6199951171875,133.4600067138672,104.68145751953124,130029200,yahoo
2012-06-25,132.0500030517578,132.10000610351562,130.85000610351562,131.32000732421875,103.0029067993164,146375700,yahoo
2012-06-26,131.6999969482422,132.3800048828125,130.92999267578125,131.97999572753906,103.52056121826172,141634000,yahoo
2012-06-27,132.4199981689453,133.42999267578125,131.97000122070312,133.1699981689453,104.4539794921875,108088000,yahoo
2012-06-28,132.2899932861328,132.99000549316406,131.27999877929688,132.7899932861328,104.1559066772461,169242100,yahoo
2012-06-29,135.1999969482422,136.27000427246094,134.85000610351562,136.10000610351562,106.75218200683594,212250900,yahoo
2012-07-02,136.47999572753906,136.64999389648438,135.52000427246094,136.50999450683594,107.07376098632812,129524500,yahoo
2012-07-03,136.47999572753906,137.50999450683594,136.33999633789062,137.41000366210938,107.77971649169922,80450000,yahoo
2012-07-05,136.89999389648438,137.8000030517578,136.2899932861328,136.7899932861328,107.29336547851562,126177500,yahoo
2012-07-06,135.47000122070312,135.77000427246094,134.85000610351562,135.49000549316406,106.27371978759766,151192100,yahoo
2012-07-09,135.3800048828125,135.57000732421875,134.6999969482422,135.32000732421875,106.14034271240234,103780500,yahoo
2012-07-10,136.00999450683594,136.22999572753906,133.67999267578125,134.13999938964844,105.21475982666016,167884800,yahoo
2012-07-11,134.2100067138672,134.60000610351562,133.3800048828125,134.16000366210938,105.23050689697266,141733400,yahoo
2012-07-12,133.3800048828125,134.22999572753906,132.60000610351562,133.50999450683594,104.7206802368164,143583200,yahoo
2012-07-13,133.86000061035156,135.88999938964844,133.83999633789062,135.75,106.4776382446289,129642600,yahoo
2012-07-16,135.44000244140625,135.8300018310547,134.89999389648438,135.42999267578125,106.22664642333984,97525200,yahoo
2012-07-17,135.97000122070312,136.63999938964844,134.5500030517578,136.36000061035156,106.95610809326172,138860300,yahoo
2012-07-18,136.0399932861328,137.63999938964844,135.9600067138672,137.3699951171875,107.74832916259766,113349700,yahoo
2012-07-19,137.64999389648438,138.17999267578125,137.2100067138672,137.72999572753906,108.03070831298828,129847300,yahoo
2012-07-20,136.9499969482422,137.16000366210938,136.32000732421875,136.47000122070312,107.0423583984375,142904500,yahoo
2012-07-23,134.47000122070312,136.3800048828125,133.83999633789062,135.08999633789062,105.95997619628906,145210900,yahoo
2012-07-24,135.19000244140625,135.25,133.02999877929688,133.92999267578125,105.0500946044922,173301200,yahoo
2012-07-25,134.2100067138672,134.55999755859375,133.25,133.9600067138672,105.07361602783205,129122300,yahoo
2012-07-26,135.88999938964844,136.4600067138672,135.25999450683594,136.1699981689453,106.80707550048828,156526500,yahoo
2012-07-27,136.88999938964844,139.07000732421875,136.13999938964844,138.67999267578125,108.77586364746094,236768900,yahoo
2012-07-30,138.52000427246094,139.33999633789062,138.27000427246094,138.67999267578125,108.77586364746094,106782000,yahoo
2012-07-31,138.49000549316406,138.8699951171875,137.7100067138672,137.7100067138672,108.01500701904295,120575900,yahoo
2012-08-01,138.6999969482422,138.72999572753906,137.39999389648438,137.58999633789062,107.92090606689452,138293800,yahoo
2012-08-02,136.5500030517578,137.57000732421875,135.5800018310547,136.63999938964844,107.17570495605467,199556600,yahoo
2012-08-03,138.55999755859375,139.63999938964844,136.67999267578125,139.35000610351562,109.3013687133789,157825000,yahoo
2012-08-06,139.72000122070312,140.1699981689453,139.55999755859375,139.6199951171875,109.5131607055664,86326200,yahoo
2012-08-07,140.17999267578125,140.9199981689453,140.02999877929688,140.32000732421875,110.0622100830078,109545100,yahoo
2012-08-08,139.85000610351562,140.64999389648438,139.80999755859375,140.49000549316406,110.19554901123048,89754700,yahoo
2012-08-09,140.2899932861328,140.88999938964844,140.14999389648438,140.61000061035156,110.28966522216795,90291700,yahoo
2012-08-10,140.0399932861328,140.88999938964844,139.80999755859375,140.83999633789062,110.4700698852539,99792700,yahoo
2012-08-13,140.60000610351562,140.83999633789062,140.0399932861328,140.77000427246094,110.4151840209961,79426900,yahoo
2012-08-14,141.2899932861328,141.3800048828125,140.3699951171875,140.7899932861328,110.43083953857422,102379400,yahoo
2012-08-15,140.63999938964844,141.19000244140625,140.5500030517578,140.9499969482422,110.55632781982422,71085900,yahoo
2012-08-16,141.14999389648438,142.16000366210938,140.8000030517578,141.99000549316406,111.3720932006836,112014200,yahoo
2012-08-17,142.22999572753906,142.3000030517578,141.86000061035156,142.17999267578125,111.52108764648438,90813700,yahoo
2012-08-20,141.97999572753906,142.22000122070312,141.58999633789062,142.19000244140625,111.52899932861328,78255700,yahoo
2012-08-21,142.5399932861328,143.08999633789062,141.4499969482422,141.75999450683594,111.191650390625,105581100,yahoo
2012-08-22,141.39999389648438,142.0500030517578,141.07000732421875,141.82000732421875,111.23873138427734,133243500,yahoo
2012-08-23,141.47000122070312,141.47999572753906,140.44000244140625,140.66000366210938,110.32886505126952,111466400,yahoo
2012-08-24,140.30999755859375,141.8300018310547,140.22000122070312,141.50999450683594,110.99559020996094,99481200,yahoo
2012-08-27,141.88999938964844,142.0800018310547,141.33999633789062,141.5399932861328,111.0191421508789,68785900,yahoo
2012-08-28,141.17999267578125,141.83999633789062,140.97000122070312,141.39999389648438,110.9093017578125,75689600,yahoo
2012-08-29,141.52000427246094,141.88999938964844,141.1199951171875,141.50999450683594,110.99559020996094,65421300,yahoo
2012-08-30,140.89999389648438,140.94000244140625,140.19000244140625,140.49000549316406,110.19554901123048,96589900,yahoo
2012-08-31,141.2899932861328,141.82000732421875,140.36000061035156,141.16000366210938,110.7210693359375,151970400,yahoo
2012-09-04,141.0399932861328,141.4600067138672,140.1300048828125,141.02999877929688,110.61911010742188,120226200,yahoo
2012-09-05,141.08999633789062,141.47000122070312,140.6300048828125,140.91000366210938,110.5249481201172,100660300,yahoo
2012-09-06,141.75999450683594,143.77999877929688,141.75,143.77000427246094,112.76830291748048,158272500,yahoo
2012-09-07,144.00999450683594,144.38999938964844,143.8800048828125,144.3300018310547,113.20751953125,107272100,yahoo
2012-09-10,144.19000244140625,144.44000244140625,143.4600067138672,143.50999450683594,112.56433868408205,86458500,yahoo
2012-09-11,143.60000610351562,144.3699951171875,143.55999755859375,143.91000366210938,112.87806701660156,88760000,yahoo
2012-09-12,144.38999938964844,144.5500030517578,143.89999389648438,144.38999938964844,113.25458526611328,87640900,yahoo
2012-09-13,144.3699951171875,147.0399932861328,143.99000549316406,146.58999633789062,114.98014068603516,225470200,yahoo
2012-09-14,146.8800048828125,148.11000061035156,146.75999450683594,147.24000549316406,115.49002075195312,169777000,yahoo
2012-09-17,146.94000244140625,147.19000244140625,146.3699951171875,146.74000549316406,115.09783172607422,119427800,yahoo
2012-09-18,146.49000549316406,146.80999755859375,146.25,146.6199951171875,115.00373840332033,98326600,yahoo
2012-09-19,146.7899932861328,147.1699981689453,146.41000366210938,146.6999969482422,115.06643676757812,128318300,yahoo
2012-09-20,146.02999877929688,146.7899932861328,145.6300048828125,146.7100067138672,115.07425689697266,154009800,yahoo
2012-09-21,146.63999938964844,146.6699981689453,145.80999755859375,145.8699951171875,115.0262451171875,108737500,yahoo
2012-09-24,145.14999389648438,145.97999572753906,145.0399932861328,145.64999389648438,114.85269165039062,95682000,yahoo
2012-09-25,145.9600067138672,146.24000549316406,144.05999755859375,144.10000610351562,113.63040161132812,133165200,yahoo
2012-09-26,144.07000732421875,144.11000061035156,142.9499969482422,143.2899932861328,112.99170684814452,146502200,yahoo
2012-09-27,143.88999938964844,144.97000122070312,143.50999450683594,144.63999938964844,114.05628204345705,111830300,yahoo
2012-09-28,144.08999633789062,144.55999755859375,143.4600067138672,143.97000122070312,113.52792358398438,150696100,yahoo
2012-10-01,144.52000427246094,145.69000244140625,144.00999450683594,144.35000610351562,113.82758331298828,135911200,yahoo
2012-10-02,144.9199981689453,145.14999389648438,143.8300018310547,144.5,113.94586944580078,113422200,yahoo
2012-10-03,144.88999938964844,145.42999267578125,144.1300048828125,145.08999633789062,114.41104888916016,121283100,yahoo
2012-10-04,145.63999938964844,146.33999633789062,145.44000244140625,146.1300048828125,115.231201171875,124311600,yahoo
2012-10-05,146.91000366210938,147.16000366210938,145.6999969482422,146.13999938964844,115.23908233642578,124842100,yahoo
2012-10-08,145.60000610351562,146.1199951171875,145.30999755859375,145.63999938964844,114.84484100341795,78415400,yahoo
2012-10-09,145.52999877929688,145.64999389648438,144.14999389648438,144.1999969482422,113.70929718017578,148872900,yahoo
2012-10-10,144.17999267578125,144.32000732421875,143.08999633789062,143.27999877929688,112.98379516601562,124247500,yahoo
2012-10-11,144.27999877929688,144.49000549316406,143.3300018310547,143.36000061035156,113.04694366455078,123601500,yahoo
2012-10-12,143.4600067138672,143.9499969482422,142.5800018310547,142.88999938964844,112.6763153076172,124181900,yahoo
2012-10-15,143.22999572753906,144.22999572753906,142.77000427246094,144.0800018310547,113.6147003173828,107689100,yahoo
2012-10-16,144.75999450683594,145.63999938964844,144.66000366210938,145.5399932861328,114.76593780517578,108815500,yahoo
2012-10-17,145.63999938964844,146.32000732421875,145.4199981689453,146.1999969482422,115.28641510009766,128834100,yahoo
2012-10-18,145.82000732421875,146.52000427246094,145.3300018310547,145.82000732421875,114.98674774169922,148108500,yahoo
2012-10-19,145.5500030517578,145.55999755859375,143.0500030517578,143.38999938964844,113.0705795288086,185645200,yahoo
2012-10-22,143.14999389648438,143.6699981689453,142.27999877929688,143.41000366210938,113.08635711669922,125578600,yahoo
2012-10-23,141.86000061035156,142.05999755859375,140.8300018310547,141.4199981689453,111.5171356201172,192056300,yahoo
2012-10-24,141.92999267578125,142.10000610351562,140.8000030517578,141.02000427246094,111.20167541503906,120179400,yahoo
2012-10-25,142.02000427246094,142.27999877929688,140.57000732421875,141.42999267578125,111.52499389648438,134457400,yahoo
2012-10-26,141.3000030517578,141.83999633789062,140.38999938964844,141.35000610351562,111.46192169189452,146023500,yahoo
2012-10-31,141.85000610351562,142.02999877929688,140.67999267578125,141.35000610351562,111.46192169189452,103438500,yahoo
2012-11-01,141.64999389648438,143.00999450683594,141.52000427246094,142.8300018310547,112.62899780273438,100995600,yahoo
2012-11-02,143.67999267578125,143.72000122070312,141.41000366210938,141.55999755859375,111.62752532958984,137702200,yahoo
2012-11-05,141.35000610351562,142.1699981689453,140.92999267578125,141.85000610351562,111.8561553955078,98378500,yahoo
2012-11-06,142.27999877929688,143.52000427246094,142.1300048828125,142.9600067138672,112.73148345947266,107068100,yahoo
2012-11-07,141.66000366210938,141.67999267578125,139.05999755859375,139.72000122070312,110.17662048339844,264304500,yahoo
2012-11-08,139.6999969482422,140.41000366210938,137.92999267578125,138.0399932861328,108.85181427001952,181517300,yahoo
2012-11-09,137.6199951171875,139.44000244140625,137.5500030517578,138.16000366210938,108.94647216796876,201055300,yahoo
2012-11-12,138.58999633789062,138.80999755859375,137.9600067138672,138.27000427246094,109.03318786621094,97677500,yahoo
2012-11-13,137.5399932861328,139.25,137.36000061035156,137.7899932861328,108.65467834472656,123018300,yahoo
2012-11-14,138.2100067138672,138.42999267578125,135.6199951171875,135.92999267578125,107.18797302246094,191505000,yahoo
2012-11-15,135.97999572753906,136.49000549316406,135.17999267578125,135.6999969482422,107.0066146850586,178128400,yahoo
2012-11-16,135.89999389648438,136.63999938964844,134.6999969482422,136.3699951171875,107.53491973876952,239483900,yahoo
2012-11-19,137.89999389648438,139.14999389648438,136.41000366210938,139.1300048828125,109.71137237548828,151495800,yahoo
2012-11-20,138.91000366210938,139.4199981689453,138.0800018310547,139.19000244140625,109.75867462158205,119807400,yahoo
2012-11-21,139.30999755859375,139.57000732421875,139.02999877929688,139.4499969482422,109.96369171142578,81710800,yahoo
2012-11-23,140.1300048828125,141.39999389648438,140.0399932861328,141.35000610351562,111.46192169189452,65409200,yahoo
2012-11-26,140.64999389648438,141.36000061035156,140.19000244140625,141.0500030517578,111.22535705566406,100124400,yahoo
2012-11-27,140.91000366210938,141.38999938964844,140.24000549316406,140.3300018310547,110.65760040283205,128646200,yahoo
2012-11-28,139.75999450683594,141.5399932861328,139.0,141.4600067138672,111.5487060546875,177086500,yahoo
2012-11-29,141.99000549316406,142.50999450683594,141.3699951171875,142.1199951171875,112.06909942626952,151085900,yahoo
2012-11-30,142.13999938964844,142.4199981689453,141.66000366210938,142.14999389648438,112.0927734375,136568300,yahoo
2012-12-03,142.8000030517578,142.9199981689453,141.33999633789062,141.4499969482422,111.5408172607422,124656300,yahoo
2012-12-04,141.44000244140625,141.8699951171875,140.8699951171875,141.25,111.3830795288086,127512200,yahoo
2012-12-05,141.3699951171875,142.16000366210938,140.3699951171875,141.5,111.5802230834961,147300500,yahoo
2012-12-06,141.3699951171875,142.0399932861328,141.16000366210938,141.97999572753906,111.95870208740234,103220600,yahoo
2012-12-07,142.52999877929688,142.69000244140625,141.6699981689453,142.41000366210938,112.29776000976562,108726400,yahoo
2012-12-10,142.2100067138672,142.80999755859375,142.14999389648438,142.47000122070312,112.34513092041016,98840700,yahoo
2012-12-11,143.05999755859375,144.11000061035156,142.99000549316406,143.44000244140625,113.1099853515625,152570400,yahoo
2012-12-12,144.0,144.5500030517578,143.30999755859375,143.50999450683594,113.16521453857422,145880100,yahoo
2012-12-13,143.4199981689453,143.8300018310547,142.27000427246094,142.6300048828125,112.47132873535156,135715000,yahoo
2012-12-14,142.32000732421875,142.5800018310547,141.8800048828125,142.10000610351562,112.05333709716795,137701700,yahoo
2012-12-17,142.47000122070312,143.85000610351562,142.42999267578125,143.77000427246094,113.37026977539062,143238200,yahoo
2012-12-18,144.0,145.5,143.7899932861328,145.3699951171875,114.63191223144533,177762800,yahoo
2012-12-19,145.52999877929688,145.5800018310547,144.24000549316406,144.2899932861328,113.7802963256836,150895400,yahoo
2012-12-20,144.3800048828125,145.13999938964844,143.97999572753906,145.1199951171875,114.4347915649414,168487000,yahoo
2012-12-21,142.1699981689453,144.08999633789062,141.94000244140625,142.7899932861328,113.39602661132812,245883800,yahoo
2012-12-24,142.47999572753906,142.55999755859375,142.19000244140625,142.35000610351562,113.0466079711914,53874600,yahoo
2012-12-26,142.63999938964844,142.7100067138672,141.35000610351562,141.75,112.57014465332033,106947700,yahoo
2012-12-27,141.7899932861328,142.0800018310547,139.9199981689453,141.55999755859375,112.4192352294922,167920600,yahoo
2012-12-28,140.63999938964844,141.4199981689453,139.8699951171875,140.02999877929688,111.20418548583984,148806700,yahoo
2012-12-31,139.66000366210938,142.55999755859375,139.5399932861328,142.41000366210938,113.09422302246094,243935200,yahoo
2013-01-02,145.11000061035156,146.14999389648438,144.72999572753906,146.05999755859375,115.9928741455078,192059000,yahoo
2013-01-03,145.99000549316406,146.3699951171875,145.33999633789062,145.72999572753906,115.73082733154295,144761800,yahoo
2013-01-04,145.97000122070312,146.61000061035156,145.6699981689453,146.3699951171875,116.23907470703124,116817700,yahoo
2013-01-07,145.85000610351562,146.11000061035156,145.42999267578125,145.97000122070312,115.92144012451172,110002500,yahoo
2013-01-08,145.7100067138672,145.91000366210938,144.97999572753906,145.5500030517578,115.5878677368164,121265100,yahoo
2013-01-09,145.8699951171875,146.32000732421875,145.63999938964844,145.9199981689453,115.88168334960938,90745600,yahoo
2013-01-10,146.72999572753906,147.08999633789062,145.97000122070312,147.0800018310547,116.80292510986328,130735400,yahoo
2013-01-11,147.0399932861328,147.14999389648438,146.61000061035156,147.07000732421875,116.79500579833984,113917300,yahoo
2013-01-14,146.88999938964844,147.07000732421875,146.42999267578125,146.97000122070312,116.71556854248048,89567200,yahoo
2013-01-15,146.2899932861328,147.2100067138672,146.1999969482422,147.07000732421875,116.79500579833984,93172600,yahoo
2013-01-16,146.77000427246094,147.27999877929688,146.61000061035156,147.0500030517578,116.77910614013672,104849500,yahoo
2013-01-17,147.6999969482422,148.4199981689453,147.14999389648438,148.0,117.5335464477539,133833500,yahoo
2013-01-18,147.97000122070312,148.49000549316406,147.42999267578125,148.3300018310547,117.79559326171876,169906000,yahoo
2013-01-22,148.3300018310547,149.1300048828125,147.97999572753906,149.1300048828125,118.4309310913086,111797300,yahoo
2013-01-23,149.1300048828125,149.5,148.86000061035156,149.3699951171875,118.62149810791016,104596100,yahoo
2013-01-24,149.14999389648438,150.13999938964844,149.00999450683594,149.41000366210938,118.65328216552734,146426400,yahoo
2013-01-25,149.8800048828125,150.25,149.3699951171875,150.25,119.32036590576172,147211600,yahoo
2013-01-28,150.2899932861328,150.3300018310547,149.50999450683594,150.07000732421875,119.17740631103516,113357700,yahoo
2013-01-29,149.77000427246094,150.85000610351562,149.6699981689453,150.66000366210938,119.64598846435548,105694400,yahoo
2013-01-30,150.63999938964844,150.94000244140625,149.92999267578125,150.07000732421875,119.17740631103516,137447700,yahoo
2013-01-31,149.88999938964844,150.3800048828125,149.60000610351562,149.6999969482422,118.88359832763672,108975800,yahoo
2013-02-01,150.64999389648438,151.4199981689453,150.38999938964844,151.24000549316406,120.10655975341795,131173000,yahoo
2013-02-04,150.32000732421875,151.27000427246094,149.42999267578125,149.5399932861328,118.75653839111328,159073600,yahoo
2013-02-05,150.35000610351562,151.47999572753906,150.2899932861328,151.0500030517578,119.95565795898438,113912400,yahoo
2013-02-06,150.52000427246094,151.25999450683594,150.41000366210938,151.16000366210938,120.0430145263672,138762800,yahoo
2013-02-07,151.2100067138672,151.35000610351562,149.86000061035156,150.9600067138672,119.88420104980467,162490000,yahoo
2013-02-08,151.22000122070312,151.88999938964844,151.22000122070312,151.8000030517578,120.55127716064452,103133700,yahoo
2013-02-11,151.74000549316406,151.89999389648438,151.38999938964844,151.77000427246094,120.5274887084961,73775000,yahoo
2013-02-12,151.77999877929688,152.3000030517578,151.61000061035156,152.02000427246094,120.72599792480467,65392700,yahoo
2013-02-13,152.3300018310547,152.61000061035156,151.72000122070312,152.14999389648438,120.82923889160156,82322600,yahoo
2013-02-14,151.69000244140625,152.47000122070312,151.52000427246094,152.2899932861328,120.94044494628906,80834300,yahoo
2013-02-15,152.42999267578125,152.58999633789062,151.5500030517578,152.11000061035156,120.7974624633789,215226500,yahoo
2013-02-19,152.3699951171875,153.27999877929688,152.16000366210938,153.25,121.70279693603516,95105400,yahoo
2013-02-20,153.13999938964844,153.19000244140625,151.25999450683594,151.33999633789062,120.18604278564452,160574800,yahoo
2013-02-21,150.9600067138672,151.4199981689453,149.94000244140625,150.4199981689453,119.45539855957033,183257000,yahoo
2013-02-22,151.14999389648438,151.88999938964844,150.49000549316406,151.88999938964844,120.62273406982422,106356600,yahoo
2013-02-25,152.6300048828125,152.86000061035156,149.0,149.0,118.32769775390624,245824800,yahoo
2013-02-26,149.72000122070312,150.1999969482422,148.72999572753906,150.02000427246094,119.13773345947266,186596200,yahoo
2013-02-27,149.88999938964844,152.3300018310547,149.75999450683594,151.91000366210938,120.63866424560548,150781900,yahoo
2013-02-28,151.89999389648438,152.8699951171875,151.41000366210938,151.61000061035156,120.40042114257812,126866000,yahoo
2013-03-01,151.08999633789062,152.33999633789062,150.41000366210938,152.11000061035156,120.7974624633789,170634800,yahoo
2013-03-04,151.75999450683594,152.9199981689453,151.52000427246094,152.9199981689453,121.44076538085938,99010200,yahoo
2013-03-05,153.66000366210938,154.6999969482422,153.63999938964844,154.2899932861328,122.5287094116211,121431900,yahoo
2013-03-06,154.83999633789062,154.9199981689453,154.16000366210938,154.5,122.69548034667967,94469900,yahoo
2013-03-07,154.6999969482422,154.97999572753906,154.52000427246094,154.77999877929688,122.9178466796875,86101400,yahoo
2013-03-08,155.4600067138672,155.64999389648438,154.66000366210938,155.44000244140625,123.44202423095705,123477800,yahoo
2013-03-11,155.32000732421875,156.0399932861328,155.1300048828125,156.02999877929688,123.91048431396484,83746800,yahoo
2013-03-12,155.9199981689453,156.10000610351562,155.2100067138672,155.67999267578125,123.632568359375,105755800,yahoo
2013-03-13,155.75999450683594,156.1199951171875,155.22999572753906,155.89999389648438,123.80730438232422,92550900,yahoo
2013-03-14,156.30999755859375,156.8000030517578,155.91000366210938,156.72999572753906,124.46643829345705,126329900,yahoo
2013-03-15,155.85000610351562,156.0399932861328,155.30999755859375,155.8300018310547,124.3021469116211,138601100,yahoo
2013-03-18,154.33999633789062,155.63999938964844,154.1999969482422,154.97000122070312,123.61602783203124,126704300,yahoo
2013-03-19,155.3000030517578,155.50999450683594,153.58999633789062,154.61000061035156,123.32891845703124,167567300,yahoo
2013-03-20,155.52000427246094,155.9499969482422,155.25999450683594,155.69000244140625,124.19042205810548,113759300,yahoo
2013-03-21,154.75999450683594,155.63999938964844,154.10000610351562,154.36000061035156,123.1295166015625,128605000,yahoo
2013-03-22,154.85000610351562,155.60000610351562,154.72999572753906,155.60000610351562,124.11866760253906,111163600,yahoo
2013-03-25,156.00999450683594,156.27000427246094,154.35000610351562,154.9499969482422,123.60012817382812,151322300,yahoo
2013-03-26,155.58999633789062,156.22999572753906,155.4199981689453,156.19000244140625,124.5892562866211,86856600,yahoo
2013-03-27,155.25999450683594,156.24000549316406,155.0,156.19000244140625,124.5892562866211,99950600,yahoo
2013-03-28,156.08999633789062,156.85000610351562,155.75,156.6699981689453,124.9721908569336,102932800,yahoo
2013-04-01,156.58999633789062,156.91000366210938,155.6699981689453,156.0500030517578,124.47754669189452,99194100,yahoo
2013-04-02,156.61000061035156,157.2100067138672,156.3699951171875,156.82000732421875,125.09180450439452,101504300,yahoo
2013-04-03,156.91000366210938,157.02999877929688,154.82000732421875,155.22999572753906,123.82349395751952,154167400,yahoo
2013-04-04,155.42999267578125,156.1699981689453,155.08999633789062,155.86000061035156,124.3260498046875,131885000,yahoo
2013-04-05,153.9499969482422,155.35000610351562,153.77000427246094,155.16000366210938,123.76766204833984,159666000,yahoo
2013-04-08,155.27000427246094,156.22000122070312,154.75,156.2100067138672,124.60520935058594,86571200,yahoo
2013-04-09,156.5,157.32000732421875,155.97999572753906,156.75,125.03594970703124,101922200,yahoo
2013-04-10,157.1699981689453,158.8699951171875,157.1300048828125,158.6699981689453,126.56753540039062,135711100,yahoo
2013-04-11,158.6999969482422,159.7100067138672,158.5399932861328,159.19000244140625,126.9823226928711,110142500,yahoo
2013-04-12,158.67999267578125,159.0399932861328,157.9199981689453,158.8000030517578,126.67120361328124,116359900,yahoo
2013-04-15,158.0,158.1300048828125,155.10000610351562,155.1199951171875,123.73576354980467,217259000,yahoo
2013-04-16,156.2899932861328,157.49000549316406,155.91000366210938,157.41000366210938,125.56237030029295,147507800,yahoo
2013-04-17,156.2899932861328,156.32000732421875,154.27999877929688,155.11000061035156,123.727783203125,226834800,yahoo
2013-04-18,155.3699951171875,155.41000366210938,153.5500030517578,154.13999938964844,122.9540557861328,167583200,yahoo
2013-04-19,154.5,155.5500030517578,154.1199951171875,155.47999572753906,124.02291870117188,149687600,yahoo
2013-04-22,155.77999877929688,156.5399932861328,154.75,156.1699981689453,124.57332611083984,106553500,yahoo
2013-04-23,156.9499969482422,157.92999267578125,156.1699981689453,157.77999877929688,125.85753631591795,166141300,yahoo
2013-04-24,157.8300018310547,158.3000030517578,157.5399932861328,157.8800048828125,125.93733978271484,96781200,yahoo
2013-04-25,158.33999633789062,159.27000427246094,158.10000610351562,158.52000427246094,126.44780731201172,131060600,yahoo
2013-04-26,158.3300018310547,158.60000610351562,157.72999572753906,158.24000549316406,126.22447204589844,95918800,yahoo
2013-04-29,158.6699981689453,159.64999389648438,158.4199981689453,159.3000030517578,127.07003784179688,88572800,yahoo
2013-04-30,159.27000427246094,159.72000122070312,158.61000061035156,159.67999267578125,127.37312316894533,116010700,yahoo
2013-05-01,159.3300018310547,159.41000366210938,158.10000610351562,158.27999877929688,126.25640869140624,138874200,yahoo
2013-05-02,158.67999267578125,159.88999938964844,158.52999877929688,159.75,127.42898559570312,96407600,yahoo
2013-05-03,161.13999938964844,161.8800048828125,159.77999877929688,161.3699951171875,128.72120666503906,144202300,yahoo
2013-05-06,161.49000549316406,162.00999450683594,161.4199981689453,161.77999877929688,129.04835510253906,66882100,yahoo
2013-05-07,162.1300048828125,162.64999389648438,161.6699981689453,162.60000610351562,129.70237731933594,90359200,yahoo
2013-05-08,162.4199981689453,163.38999938964844,162.3300018310547,163.33999633789062,130.2926788330078,97419200,yahoo
2013-05-09,163.27000427246094,163.6999969482422,162.47000122070312,162.8800048828125,129.92575073242188,106738600,yahoo
2013-05-10,162.99000549316406,163.5500030517578,162.50999450683594,163.41000366210938,130.34849548339844,103203000,yahoo
2013-05-13,163.1999969482422,163.80999755859375,162.82000732421875,163.5399932861328,130.45216369628906,81843200,yahoo
2013-05-14,163.6699981689453,165.35000610351562,163.6699981689453,165.22999572753906,131.8002471923828,119000900,yahoo
2013-05-15,164.9600067138672,166.4499969482422,164.91000366210938,166.1199951171875,132.51025390625,120718500,yahoo
2013-05-16,165.77999877929688,166.36000061035156,165.08999633789062,165.33999633789062,131.88803100585938,109913600,yahoo
2013-05-17,165.9499969482422,167.0399932861328,165.72999572753906,166.94000244140625,133.16427612304688,129801000,yahoo
2013-05-20,166.77999877929688,167.5800018310547,166.61000061035156,166.92999267578125,133.15635681152344,85071200,yahoo
2013-05-21,167.0800018310547,167.8000030517578,166.5,167.1699981689453,133.3477325439453,95804200,yahoo
2013-05-22,167.33999633789062,169.07000732421875,165.1699981689453,165.92999267578125,132.358642578125,244031800,yahoo
2013-05-23,164.16000366210938,165.91000366210938,163.94000244140625,165.4499969482422,131.97572326660156,211064400,yahoo
2013-05-24,164.47000122070312,165.3800048828125,163.97999572753906,165.30999755859375,131.86407470703125,151573900,yahoo
2013-05-28,167.0399932861328,167.77999877929688,165.80999755859375,166.3000030517578,132.65380859375,143679800,yahoo
2013-05-29,165.4199981689453,165.8000030517578,164.33999633789062,165.22000122070312,131.79229736328125,160363400,yahoo
2013-05-30,165.35000610351562,166.58999633789062,165.22000122070312,165.8300018310547,132.27886962890625,107793800,yahoo
2013-05-31,165.3699951171875,166.30999755859375,163.1300048828125,163.4499969482422,130.3804168701172,176850100,yahoo
2013-06-03,163.8300018310547,164.4600067138672,162.66000366210938,164.35000610351562,131.0983123779297,168390700,yahoo
2013-06-04,164.44000244140625,165.10000610351562,162.72999572753906,163.55999755859375,130.46815490722656,157631500,yahoo
2013-06-05,163.08999633789062,163.4199981689453,161.1300048828125,161.27000427246094,128.64149475097656,211737800,yahoo
2013-06-06,161.1999969482422,162.74000549316406,160.25,162.72999572753906,129.80606079101562,200225500,yahoo
2013-06-07,163.85000610351562,164.9499969482422,163.13999938964844,164.8000030517578,131.4573211669922,188337800,yahoo
2013-06-10,165.30999755859375,165.39999389648438,164.3699951171875,164.8000030517578,131.4573211669922,105667100,yahoo
2013-06-11,163.3000030517578,164.5399932861328,162.74000549316406,163.10000610351562,130.10118103027344,159505400,yahoo
2013-06-12,164.22000122070312,164.38999938964844,161.60000610351562,161.75,129.0243377685547,177361500,yahoo
2013-06-13,161.66000366210938,164.5,161.3000030517578,164.2100067138672,130.98666381835938,163587800,yahoo
2013-06-14,164.02999877929688,164.6699981689453,162.91000366210938,163.17999267578125,130.16505432128906,141197500,yahoo
2013-06-17,164.2899932861328,165.22000122070312,163.22000122070312,164.44000244140625,131.17007446289062,136295600,yahoo
2013-06-18,164.52999877929688,165.99000549316406,164.52000427246094,165.74000549316406,132.20709228515625,114695600,yahoo
2013-06-19,165.60000610351562,165.88999938964844,163.3800048828125,163.4499969482422,130.3804168701172,206149500,yahoo
2013-06-20,161.86000061035156,163.47000122070312,158.97999572753906,159.39999389648438,127.1498031616211,321255900,yahoo
2013-06-21,159.63999938964844,159.75999450683594,157.47000122070312,159.07000732421875,127.55795288085938,271956800,yahoo
2013-06-24,157.41000366210938,158.42999267578125,155.72999572753906,157.05999755859375,125.94615173339844,222329000,yahoo
2013-06-25,158.47999572753906,160.10000610351562,157.4199981689453,158.57000732421875,127.1570816040039,162262200,yahoo
2013-06-26,159.8699951171875,160.5,159.25,160.13999938964844,128.41598510742188,134848000,yahoo
2013-06-27,161.10000610351562,161.82000732421875,160.9499969482422,161.0800018310547,129.16976928710938,129483700,yahoo
2013-06-28,160.6300048828125,161.39999389648438,159.86000061035156,160.4199981689453,128.64053344726562,160402900,yahoo
2013-07-01,161.25999450683594,162.47999572753906,161.0800018310547,161.36000061035156,129.39434814453125,131954800,yahoo
2013-07-02,161.1199951171875,162.3000030517578,160.5,161.2100067138672,129.2740936279297,154863700,yahoo
2013-07-03,160.47999572753906,161.77000427246094,160.22000122070312,161.27999877929688,129.33016967773438,75216400,yahoo
2013-07-05,162.47000122070312,163.0800018310547,161.3000030517578,163.02000427246094,130.72547912597656,122416900,yahoo
2013-07-08,163.86000061035156,164.38999938964844,163.0800018310547,163.9499969482422,131.4712371826172,108092500,yahoo
2013-07-09,164.97999572753906,165.3300018310547,164.27000427246094,165.1300048828125,132.41749572753906,119298000,yahoo
2013-07-10,164.97000122070312,165.75,164.6300048828125,165.19000244140625,132.46554565429688,121410100,yahoo
2013-07-11,167.11000061035156,167.61000061035156,165.17999267578125,167.44000244140625,134.26988220214844,135592200,yahoo
2013-07-12,167.38999938964844,167.92999267578125,167.1300048828125,167.50999450683594,134.32603454589844,104212700,yahoo
2013-07-15,167.97000122070312,168.38999938964844,167.67999267578125,168.14999389648438,134.83914184570312,69450600,yahoo
2013-07-16,168.25999450683594,168.36000061035156,167.07000732421875,167.52000427246094,134.33401489257812,88702100,yahoo
2013-07-17,168.16000366210938,168.47999572753906,167.72999572753906,167.9499969482422,134.67881774902344,92873900,yahoo
2013-07-18,168.30999755859375,169.27000427246094,168.1999969482422,168.8699951171875,135.41659545898438,103620100,yahoo
2013-07-19,168.52000427246094,169.22999572753906,168.30999755859375,169.1699981689453,135.6571807861328,103831700,yahoo
2013-07-22,169.41000366210938,169.74000549316406,169.00999450683594,169.5,135.92176818847656,79428600,yahoo
2013-07-23,169.8000030517578,169.8300018310547,169.0500030517578,169.13999938964844,135.63307189941406,80829700,yahoo
2013-07-24,169.7899932861328,169.86000061035156,168.17999267578125,168.52000427246094,135.1359100341797,112914000,yahoo
2013-07-25,168.22000122070312,169.0800018310547,167.94000244140625,168.92999267578125,135.46469116210938,111088600,yahoo
2013-07-26,168.22000122070312,169.16000366210938,167.52000427246094,169.11000061035156,135.60906982421875,107814600,yahoo
2013-07-29,168.67999267578125,169.05999755859375,168.11000061035156,168.58999633789062,135.1920623779297,79695000,yahoo
2013-07-30,169.10000610351562,169.27999877929688,168.19000244140625,168.58999633789062,135.1920623779297,85209600,yahoo
2013-07-31,168.94000244140625,169.85000610351562,168.49000549316406,168.7100067138672,135.2882537841797,142388700,yahoo
2013-08-01,169.99000549316406,170.80999755859375,169.89999389648438,170.66000366210938,136.8519744873047,110438400,yahoo
2013-08-02,170.27999877929688,170.97000122070312,170.0500030517578,170.9499969482422,137.0845947265625,91116700,yahoo
2013-08-05,170.57000732421875,170.9600067138672,170.35000610351562,170.6999969482422,136.88409423828125,54072700,yahoo
2013-08-06,170.3699951171875,170.74000549316406,169.35000610351562,169.72999572753906,136.106201171875,87495000,yahoo
2013-08-07,169.19000244140625,169.42999267578125,168.5500030517578,169.17999267578125,135.66514587402344,84854700,yahoo
2013-08-08,169.97999572753906,170.17999267578125,168.92999267578125,169.8000030517578,136.162353515625,102181300,yahoo
2013-08-09,169.5800018310547,170.10000610351562,168.72000122070312,169.30999755859375,135.7694549560547,91757700,yahoo
2013-08-12,168.4600067138672,169.30999755859375,168.3800048828125,169.11000061035156,135.60906982421875,68593300,yahoo
2013-08-13,169.41000366210938,169.89999389648438,168.41000366210938,169.61000061035156,136.010009765625,80806000,yahoo
2013-08-14,169.52999877929688,169.8000030517578,168.6999969482422,168.74000549316406,135.3123321533203,79829200,yahoo
2013-08-15,167.41000366210938,167.42999267578125,166.08999633789062,166.3800048828125,133.41989135742188,152931800,yahoo
2013-08-16,166.05999755859375,166.6300048828125,165.5,165.8300018310547,132.9788055419922,130868200,yahoo
2013-08-19,165.63999938964844,166.2100067138672,164.75999450683594,164.77000427246094,132.12881469726562,96437600,yahoo
2013-08-20,165.0399932861328,166.1999969482422,164.86000061035156,165.5800018310547,132.77833557128906,89294400,yahoo
2013-08-21,165.1199951171875,166.02999877929688,164.19000244140625,164.55999755859375,131.96035766601562,159530500,yahoo
2013-08-22,164.89999389648438,166.3000030517578,164.88999938964844,166.05999755859375,133.16322326660156,101471400,yahoo
2013-08-23,166.5500030517578,166.8300018310547,165.77000427246094,166.6199951171875,133.6123046875,90888900,yahoo
2013-08-26,166.7899932861328,167.3000030517578,165.88999938964844,166.0,133.11508178710938,89702100,yahoo
2013-08-27,164.36000061035156,166.0,163.2100067138672,163.3300018310547,130.97402954101562,158619400,yahoo
2013-08-28,163.25999450683594,164.49000549316406,163.0500030517578,163.91000366210938,131.4391326904297,108113000,yahoo
2013-08-29,163.5500030517578,165.0399932861328,163.39999389648438,164.1699981689453,131.6476287841797,119200500,yahoo
2013-08-30,164.50999450683594,164.52999877929688,163.1699981689453,163.64999389648438,131.2306671142578,134928900,yahoo
2013-09-03,165.22999572753906,165.5800018310547,163.6999969482422,164.38999938964844,131.8240509033203,142375100,yahoo
2013-09-04,164.42999267578125,166.02999877929688,164.1300048828125,165.75,132.91458129882812,97389400,yahoo
2013-09-05,165.85000610351562,166.39999389648438,165.72999572753906,165.9600067138672,133.0830078125,63090500,yahoo
2013-09-06,166.50999450683594,166.97999572753906,164.47999572753906,166.0399932861328,133.14720153808594,159756500,yahoo
2013-09-09,166.4499969482422,167.72999572753906,166.4499969482422,167.6300048828125,134.42221069335938,87559300,yahoo
2013-09-10,168.63999938964844,168.89999389648438,168.25999450683594,168.8699951171875,135.41659545898438,105847200,yahoo
2013-09-11,168.63999938964844,169.39999389648438,168.35000610351562,169.39999389648438,135.8416290283203,94545900,yahoo
2013-09-12,169.33999633789062,169.55999755859375,168.72000122070312,168.9499969482422,135.4807586669922,83209000,yahoo
2013-09-13,169.1300048828125,169.4600067138672,168.74000549316406,169.3300018310547,135.7854461669922,72727800,yahoo
2013-09-16,171.16000366210938,171.24000549316406,170.0399932861328,170.30999755859375,136.57125854492188,106299200,yahoo
2013-09-17,170.4600067138672,171.11000061035156,170.4600067138672,171.07000732421875,137.1807403564453,82523300,yahoo
2013-09-18,171.00999450683594,173.52000427246094,170.5800018310547,173.0500030517578,138.7685089111328,203460600,yahoo
2013-09-19,173.52000427246094,173.60000610351562,172.58999633789062,172.75999450683594,138.53598022460938,146616900,yahoo
2013-09-20,172.3300018310547,172.3300018310547,170.5800018310547,170.72000122070312,137.56732177734375,132867100,yahoo
2013-09-23,170.49000549316406,170.64999389648438,169.38999938964844,169.92999267578125,136.93077087402344,104616500,yahoo
2013-09-24,169.89999389648438,170.52999877929688,169.2100067138672,169.52999877929688,136.6084442138672,106333100,yahoo
2013-09-25,169.63999938964844,169.97999572753906,168.88999938964844,169.0399932861328,136.2136688232422,117306500,yahoo
2013-09-26,169.32000732421875,170.1699981689453,169.0500030517578,169.69000244140625,136.73739624023438,77146900,yahoo
2013-09-27,168.83999633789062,169.13999938964844,168.47000122070312,168.91000366210938,136.10888671875,99141800,yahoo
2013-09-30,167.47999572753906,168.5399932861328,167.14999389648438,168.00999450683594,135.3836669921875,143937000,yahoo
2013-10-01,168.13999938964844,169.5,167.97000122070312,169.33999633789062,136.45538330078125,127160000,yahoo
2013-10-02,168.35000610351562,169.33999633789062,167.8300018310547,169.17999267578125,136.32644653320312,113350000,yahoo
2013-10-03,168.7899932861328,168.94000244140625,166.83999633789062,167.6199951171875,135.06936645507812,176698000,yahoo
2013-10-04,167.75,169.05999755859375,167.52999877929688,168.88999938964844,136.09275817871094,96878000,yahoo
2013-10-07,167.4199981689453,168.4499969482422,167.25,167.42999267578125,134.91629028320312,96295000,yahoo
2013-10-08,167.39999389648438,167.6199951171875,165.36000061035156,165.47999572753906,133.3449249267578,178015000,yahoo
2013-10-09,165.8000030517578,166.1999969482422,164.52999877929688,165.60000610351562,133.44168090820312,168973000,yahoo
2013-10-10,167.2899932861328,169.25999450683594,167.22999572753906,169.1699981689453,136.3184356689453,195955000,yahoo
2013-10-11,168.91000366210938,170.32000732421875,168.77000427246094,170.25999450683594,137.19674682617188,105040000,yahoo
2013-10-14,169.2100067138672,171.0800018310547,169.0800018310547,170.94000244140625,137.7447052001953,112106000,yahoo
2013-10-15,170.50999450683594,171.14999389648438,169.47000122070312,169.6999969482422,136.7454833984375,155485000,yahoo
2013-10-16,170.72000122070312,172.16000366210938,170.63999938964844,172.07000732421875,138.6552276611328,161676000,yahoo
2013-10-17,171.3699951171875,173.32000732421875,171.33999633789062,173.22000122070312,139.58192443847656,129389000,yahoo
2013-10-18,173.86000061035156,174.50999450683594,173.50999450683594,174.38999938964844,140.5247039794922,138316000,yahoo
2013-10-21,174.4499969482422,174.75,174.00999450683594,174.39999389648438,140.53273010253906,104104000,yahoo
2013-10-22,174.91000366210938,175.92999267578125,174.42999267578125,175.41000366210938,141.34666442871094,126663000,yahoo
2013-10-23,174.80999755859375,174.88999938964844,173.9600067138672,174.57000732421875,140.6697235107422,105484000,yahoo
2013-10-24,174.9199981689453,175.3699951171875,174.50999450683594,175.14999389648438,141.13717651367188,70350000,yahoo
2013-10-25,175.50999450683594,176.0,175.1699981689453,175.9499969482422,141.78176879882812,93625000,yahoo
2013-10-28,175.88999938964844,176.47000122070312,175.6999969482422,176.22999572753906,142.00743103027344,84979000,yahoo
2013-10-29,176.6300048828125,177.24000549316406,176.3800048828125,177.1699981689453,142.76483154296875,87401000,yahoo
2013-10-30,177.3800048828125,177.50999450683594,175.66000366210938,176.2899932861328,142.0557403564453,140002000,yahoo
2013-10-31,176.14999389648438,176.88999938964844,175.52999877929688,175.7899932861328,141.65283203125,133795000,yahoo
2013-11-01,176.02000427246094,176.61000061035156,175.22000122070312,176.2100067138672,141.99127197265625,142805000,yahoo
2013-11-04,176.69000244140625,176.89999389648438,175.97999572753906,176.8300018310547,142.49085998535156,85677000,yahoo
2013-11-05,176.13999938964844,176.75,175.57000732421875,176.27000427246094,142.03961181640625,85825000,yahoo
2013-11-06,177.02999877929688,177.5,176.5399932861328,177.1699981689453,142.76483154296875,87348000,yahoo
2013-11-07,177.5,177.63999938964844,174.75999450683594,174.92999267578125,140.95980834960938,157000000,yahoo
2013-11-08,174.8699951171875,177.30999755859375,174.85000610351562,177.2899932861328,142.861572265625,136713000,yahoo
2013-11-11,177.1199951171875,177.52999877929688,176.91000366210938,177.32000732421875,142.88568115234375,62614000,yahoo
2013-11-12,176.94000244140625,177.36000061035156,176.3699951171875,176.9600067138672,142.59561157226562,83990000,yahoo
2013-11-13,176.08999633789062,178.42999267578125,176.08999633789062,178.3800048828125,143.73989868164062,103844000,yahoo
2013-11-14,178.5399932861328,179.4199981689453,178.25,179.27000427246094,144.45701599121094,103435000,yahoo
2013-11-15,179.55999755859375,180.1199951171875,179.3300018310547,180.0500030517578,145.08560180664062,102818000,yahoo
2013-11-18,180.3500061035156,180.5,179.02000427246094,179.4199981689453,144.57791137695312,104796000,yahoo
2013-11-19,179.3300018310547,179.8699951171875,178.72000122070312,179.02999877929688,144.2635955810547,93891000,yahoo
2013-11-20,179.38999938964844,179.92999267578125,177.97999572753906,178.47000122070312,143.8124237060547,124909000,yahoo
2013-11-21,178.97000122070312,180.0500030517578,178.86000061035156,179.91000366210938,144.97279357910156,92841000,yahoo
2013-11-22,179.97999572753906,180.8300018310547,179.77000427246094,180.8099975585937,145.69801330566406,81296000,yahoo
2013-11-25,181.1300048828125,181.1699981689453,180.3699951171875,180.6300048828125,145.55294799804688,79486000,yahoo
2013-11-26,180.72000122070312,181.22000122070312,180.4100036621093,180.67999267578125,145.59320068359375,86994000,yahoo
2013-11-27,180.8699951171875,181.2400054931641,180.6499938964844,181.1199951171875,145.94776916503906,58800000,yahoo
2013-11-29,181.32000732421875,181.75,180.8000030517578,181.0,145.8511199951172,55870900,yahoo
2013-12-02,181.08999633789065,181.42999267578125,180.25,180.52999877929688,145.4723663330078,99726000,yahoo
2013-12-03,179.94000244140625,180.38999938964844,179.1699981689453,179.75,144.84381103515625,116563000,yahoo
2013-12-04,179.10000610351562,180.47999572753903,178.35000610351562,179.72999572753906,144.8277130126953,123033000,yahoo
2013-12-05,179.41000366210938,179.74000549316406,178.77000427246094,178.94000244140625,144.1910858154297,106934000,yahoo
2013-12-06,180.6699981689453,181.1100006103516,180.1499938964844,180.94000244140625,145.80276489257812,127728000,yahoo
2013-12-09,181.47000122070312,181.6699981689453,181.1600036621093,181.3999938964844,146.1734161376953,70124000,yahoo
2013-12-10,180.97999572753903,181.3600006103516,180.63999938964844,180.75,145.6496124267578,80976000,yahoo
2013-12-11,180.82000732421875,180.8500061035156,178.5,178.72000122070312,144.01385498046875,130591000,yahoo
2013-12-12,178.63999938964844,178.86000061035156,177.75999450683594,178.1300048828125,143.53839111328125,115565000,yahoo
2013-12-13,178.5,178.66000366210938,177.77000427246094,178.11000061035156,143.52230834960938,107808000,yahoo
2013-12-16,178.9499969482422,179.80999755859375,178.89999389648438,179.22000122070312,144.41671752929688,96195000,yahoo
2013-12-17,179.3800048828125,179.41000366210938,178.25,178.64999389648438,143.95741271972656,89886000,yahoo
2013-12-18,178.9199981689453,181.72999572753903,177.32000732421875,181.6999969482422,146.41519165039062,234906000,yahoo
2013-12-19,181.17999267578125,181.6999969482422,180.7100067138672,181.4900054931641,146.2459259033203,136531200,yahoo
2013-12-20,180.69000244140625,181.9900054931641,180.57000732421875,181.5599975585937,147.0966033935547,197087000,yahoo
2013-12-23,182.4499969482422,182.63999938964844,182.07000732421875,182.52999877929688,147.88247680664062,85598000,yahoo
2013-12-24,182.5399932861328,183.009994506836,182.52999877929688,182.92999267578125,148.2065887451172,45368800,yahoo
2013-12-26,183.33999633789065,183.9600067138672,183.32000732421875,183.8600006103516,148.9600372314453,63365000,yahoo
2013-12-27,184.1000061035156,184.17999267578125,183.6600036621093,183.8500061035156,148.9519500732422,61814000,yahoo
2013-12-30,183.8699951171875,184.0200042724609,183.5800018310547,183.82000732421875,148.9276123046875,56857000,yahoo
2013-12-31,184.07000732421875,184.69000244140625,183.92999267578125,184.69000244140625,149.63250732421875,86119900,yahoo
2014-01-02,183.97999572753903,184.07000732421875,182.47999572753903,182.9199981689453,148.19845581054688,119636900,yahoo
2014-01-03,183.22999572753903,183.6000061035156,182.6300048828125,182.88999938964844,148.17413330078125,81390600,yahoo
2014-01-06,183.4900054931641,183.5599975585937,182.0800018310547,182.3600006103516,147.74476623535156,108028200,yahoo
2014-01-07,183.08999633789065,183.7899932861328,182.9499969482422,183.47999572753903,148.6522216796875,86144200,yahoo
2014-01-08,183.4499969482422,183.8300018310547,182.88999938964844,183.5200042724609,148.68453979492188,96582300,yahoo
2014-01-09,184.1100006103516,184.1300048828125,182.8000030517578,183.63999938964844,148.7817840576172,90683400,yahoo
2014-01-10,183.9499969482422,184.22000122070312,183.009994506836,184.13999938964844,149.1868896484375,102026400,yahoo
2014-01-13,183.6699981689453,184.17999267578125,181.33999633789065,181.69000244140625,147.20196533203125,149892000,yahoo
2014-01-14,182.2899932861328,183.7700042724609,181.9499969482422,183.6699981689453,148.80616760253906,105016100,yahoo
2014-01-15,184.1000061035156,184.94000244140625,183.7100067138672,184.6600036621093,149.608154296875,98525800,yahoo
2014-01-16,184.27999877929688,184.6600036621093,183.8300018310547,184.4199981689453,149.41371154785156,72290600,yahoo
2014-01-17,184.1000061035156,184.4499969482422,183.32000732421875,183.63999938964844,148.7817840576172,107848700,yahoo
2014-01-21,184.6999969482422,184.7700042724609,183.0500030517578,184.17999267578125,149.2192840576172,88621200,yahoo
2014-01-22,184.4900054931641,184.57000732421875,183.9100036621093,184.3000030517578,149.31654357910156,61270900,yahoo
2014-01-23,183.3699951171875,183.3999938964844,181.82000732421875,182.7899932861328,148.09315490722656,132496900,yahoo
2014-01-24,181.6000061035156,181.6600036621093,178.8300018310547,178.88999938964844,144.93344116210938,208677100,yahoo
2014-01-27,179.05999755859375,179.52000427246094,177.1199951171875,178.00999450683594,144.22044372558594,180843100,yahoo
2014-01-28,178.13999938964844,179.3000030517578,178.1199951171875,179.07000732421875,145.0792999267578,110463200,yahoo
2014-01-29,177.5800018310547,178.5500030517578,176.8800048828125,177.35000610351562,143.68576049804688,216597300,yahoo
2014-01-30,178.8300018310547,179.80999755859375,178.25999450683594,179.22999572753906,145.2089080810547,118938100,yahoo
2014-01-31,177.00999450683594,179.2899932861328,176.9199981689453,178.17999267578125,144.3582000732422,194677900,yahoo
2014-02-03,177.97000122070312,178.3699951171875,173.8300018310547,174.1699981689453,141.10940551757812,254837100,yahoo
2014-02-04,174.9499969482422,175.83999633789062,174.11000061035156,175.38999938964844,142.09774780273438,165012400,yahoo
2014-02-05,174.77999877929688,175.55999755859375,173.7100067138672,175.1699981689453,141.91958618164062,164230500,yahoo
2014-02-06,175.5800018310547,177.47999572753906,175.22000122070312,177.47999572753906,143.7910614013672,132877600,yahoo
2014-02-07,178.30999755859375,179.8699951171875,177.72999572753906,179.67999267578125,145.57350158691406,170787200,yahoo
2014-02-10,179.6999969482422,180.07000732421875,179.2100067138672,180.00999450683594,145.84083557128906,92218800,yahoo
2014-02-11,180.1600036621093,182.44000244140625,180.0399932861328,181.97999572753903,147.4368896484375,117814100,yahoo
2014-02-12,182.25,182.8300018310547,181.7100067138672,182.07000732421875,147.5098419189453,94717700,yahoo
2014-02-13,180.83999633789065,183.1999969482422,180.8300018310547,183.009994506836,148.2713623046875,100542200,yahoo
2014-02-14,182.83999633789065,184.3600006103516,182.6699981689453,184.0200042724609,149.0897216796875,96498400,yahoo
2014-02-18,184.17999267578125,184.4900054931641,183.6499938964844,184.2400054931641,149.26791381835938,80460900,yahoo
2014-02-19,183.759994506836,184.9499969482422,182.8699951171875,183.0200042724609,148.27952575683594,126524300,yahoo
2014-02-20,183.2700042724609,184.5200042724609,182.6000061035156,184.1000061035156,149.15452575683594,104998100,yahoo
2014-02-21,184.4499969482422,184.88999938964844,183.8000030517578,183.88999938964844,148.98435974121094,118116400,yahoo
2014-02-24,184.27999877929688,186.1499938964844,184.1999969482422,184.9100036621093,149.81068420410156,114063900,yahoo
2014-02-25,185.0599975585937,185.58999633789065,184.22999572753903,184.83999633789065,149.75401306152344,117085000,yahoo
2014-02-26,185.1100006103516,185.6000061035156,184.3300018310547,184.8500061035156,149.7621307373047,98677200,yahoo
2014-02-27,184.5800018310547,185.8699951171875,184.3699951171875,185.82000732421875,150.5480194091797,93880800,yahoo
2014-02-28,185.7899932861328,187.1499938964844,185.0500030517578,186.2899932861328,150.9287567138672,150842000,yahoo
2014-03-03,184.6499938964844,185.4499969482422,183.75,184.97999572753903,149.8674774169922,167748500,yahoo
2014-03-04,186.7899932861328,187.97999572753903,186.75,187.5800018310547,151.97390747070312,167545900,yahoo
2014-03-05,187.7400054931641,188.07000732421875,187.4499969482422,187.75,152.11163330078125,88376900,yahoo
2014-03-06,188.2100067138672,188.6100006103516,187.77999877929688,188.17999267578125,152.4600372314453,82516500,yahoo
2014-03-07,188.9600067138672,188.9600067138672,187.42999267578125,188.259994506836,152.52484130859375,114513500,yahoo
2014-03-10,187.97000122070312,188.22999572753903,187.0800018310547,188.1600036621093,152.44386291503906,74939200,yahoo
2014-03-11,188.44000244140625,188.7100067138672,186.8000030517578,187.22999572753903,151.6903533935547,99009100,yahoo
2014-03-12,186.32000732421875,187.3500061035156,185.8999938964844,187.27999877929688,151.7308807373047,104824400,yahoo
2014-03-13,187.83999633789065,187.9900054931641,184.6600036621093,185.17999267578125,150.02951049804688,155014300,yahoo
2014-03-14,184.8500061035156,185.8000030517578,184.44000244140625,184.6600036621093,149.608154296875,153919600,yahoo
2014-03-17,185.58999633789065,186.7700042724609,185.509994506836,186.3300018310547,150.96119689941406,98359500,yahoo
2014-03-18,186.7100067138672,187.9100036621093,186.509994506836,187.6600036621093,152.0387420654297,101804600,yahoo
2014-03-19,187.67999267578125,187.94000244140625,185.47000122070312,186.6600036621093,151.22862243652344,176267300,yahoo
2014-03-20,186.25,187.88999938964844,185.9199981689453,187.75,152.11163330078125,117241000,yahoo
2014-03-21,187.7100067138672,189.0200042724609,186.02999877929688,186.1999969482422,151.52166748046875,163128000,yahoo
2014-03-24,186.83999633789065,187.07000732421875,184.6199951171875,185.42999267578125,150.8950958251953,121411000,yahoo
2014-03-25,186.3699951171875,186.94000244140625,185.2700042724609,186.3099975585937,151.61122131347656,103852000,yahoo
2014-03-26,187.0399932861328,187.33999633789065,184.9199981689453,184.97000122070312,150.52073669433594,119843000,yahoo
2014-03-27,184.75,185.33999633789065,183.8999938964844,184.5800018310547,150.20339965820312,142383000,yahoo
2014-03-28,185.1100006103516,186.4199981689453,185.0,185.4900054931641,150.94393920898438,101642000,yahoo
2014-03-31,186.6699981689453,187.3000030517578,185.5200042724609,187.009994506836,152.1808319091797,99745000,yahoo
2014-04-01,187.6199951171875,188.3600006103516,187.0,188.25,153.1898956298828,89193000,yahoo
2014-04-02,188.4900054931641,189.1300048828125,188.13999938964844,188.8800048828125,153.70249938964844,78774000,yahoo
2014-04-03,189.1699981689453,189.22000122070312,188.0500030517578,188.6300048828125,153.4990692138672,77435000,yahoo
2014-04-04,189.6600036621093,189.6999969482422,186.1000061035156,186.3999938964844,151.6844482421875,169381000,yahoo
2014-04-07,185.9499969482422,186.259994506836,183.9600067138672,184.33999633789065,150.00807189941406,140803000,yahoo
2014-04-08,184.259994506836,185.3999938964844,183.58999633789065,185.1000061035156,150.62655639648438,112660000,yahoo
2014-04-09,185.6000061035156,187.1499938964844,185.0599975585937,187.08999633789065,152.24591064453125,100254000,yahoo
2014-04-10,187.0800018310547,187.1699981689453,182.92999267578125,183.1600036621093,149.04782104492188,172959000,yahoo
2014-04-11,182.13999938964844,183.4199981689453,181.3099975585937,181.509994506836,147.70513916015625,167251000,yahoo
2014-04-14,182.92999267578125,183.3699951171875,181.44000244140625,182.94000244140625,148.86888122558594,132382000,yahoo
2014-04-15,183.32000732421875,184.3300018310547,181.509994506836,184.1999969482422,149.89413452148438,157093000,yahoo
2014-04-16,185.47000122070312,186.13999938964844,184.6499938964844,186.1300048828125,151.46473693847656,105197000,yahoo
2014-04-17,185.8800048828125,186.9100036621093,185.5599975585937,186.38999938964844,151.67628479003906,105255000,yahoo
2014-04-21,186.44000244140625,187.1000061035156,186.2100067138672,187.0399932861328,152.20521545410156,68329000,yahoo
2014-04-22,187.22999572753903,188.3999938964844,187.1300048828125,187.88999938964844,152.8969268798828,85790000,yahoo
2014-04-23,187.82000732421875,187.9199981689453,187.3000030517578,187.4499969482422,152.53887939453125,73869000,yahoo
2014-04-24,188.3699951171875,188.38999938964844,186.92999267578125,187.8300018310547,152.8480987548828,88170000,yahoo
2014-04-25,187.22000122070312,187.3300018310547,185.8699951171875,186.2899932861328,151.59490966796875,100380000,yahoo
2014-04-28,187.0500030517578,187.69000244140625,184.9600067138672,186.8800048828125,152.0750732421875,135121000,yahoo
2014-04-29,187.47999572753903,188.0399932861328,187.0800018310547,187.75,152.78298950195312,84098000,yahoo
2014-04-30,187.44000244140625,188.5,187.17999267578125,188.3099975585937,153.23866271972656,101508000,yahoo
2014-05-01,188.22000122070312,188.83999633789065,187.72999572753903,188.3300018310547,153.25498962402344,93019000,yahoo
2014-05-02,188.3099975585937,189.13999938964844,187.77999877929688,188.0599975585937,153.0352325439453,98122000,yahoo
2014-05-05,187.13999938964844,188.5500030517578,186.6199951171875,188.4199981689453,153.32818603515625,75883000,yahoo
2014-05-06,188.0,188.1300048828125,186.7400054931641,186.77999877929688,151.99365234375,85454000,yahoo
2014-05-07,187.4100036621093,187.97000122070312,186.009994506836,187.8800048828125,152.88876342773438,106500000,yahoo
2014-05-08,187.7100067138672,189.0500030517578,187.0800018310547,187.67999267578125,152.72601318359375,93618000,yahoo
2014-05-09,187.7100067138672,188.0399932861328,186.8300018310547,187.9600067138672,152.953857421875,83679000,yahoo
2014-05-12,188.8000030517578,189.8800048828125,188.0,189.7899932861328,154.44305419921875,86940000,yahoo
2014-05-13,190.0399932861328,190.4199981689453,189.7700042724609,189.9600067138672,154.5814666748047,66454000,yahoo
2014-05-14,189.7899932861328,189.8800048828125,188.7899932861328,189.0599975585937,153.8489990234375,72367000,yahoo
2014-05-15,188.67999267578125,188.72000122070312,186.47999572753903,187.3999938964844,152.49818420410156,154956000,yahoo
2014-05-16,187.509994506836,188.1300048828125,186.72000122070312,188.0500030517578,153.0271453857422,97458000,yahoo
2014-05-19,187.69000244140625,188.88999938964844,187.5200042724609,188.7400054931641,153.5885772705078,63839000,yahoo
2014-05-20,188.6499938964844,188.6699981689453,187.07000732421875,187.5500030517578,152.62026977539062,111644000,yahoo
2014-05-21,188.08999633789065,189.22000122070312,188.0599975585937,189.1300048828125,153.906005859375,89093000,yahoo
2014-05-22,189.17999267578125,189.97999572753903,188.8600006103516,189.58999633789065,154.28033447265625,61549000,yahoo
2014-05-23,189.759994506836,190.47999572753903,189.58999633789065,190.3500061035156,154.89878845214844,61092800,yahoo
2014-05-27,191.0599975585937,191.5800018310547,190.9499969482422,191.5200042724609,155.85086059570312,72010000,yahoo
2014-05-28,191.5200042724609,191.82000732421875,191.0599975585937,191.3800048828125,155.73695373535156,66723000,yahoo
2014-05-29,191.82000732421875,192.3999938964844,191.3300018310547,192.3699951171875,156.54258728027344,64377000,yahoo
2014-05-30,192.19000244140625,192.8000030517578,192.02999877929688,192.67999267578125,156.79481506347656,76316000,yahoo
2014-06-02,192.9499969482422,192.9900054931641,191.97000122070312,192.8999938964844,156.973876953125,64656000,yahoo
2014-06-03,192.42999267578125,192.8999938964844,192.25,192.8000030517578,156.89244079589844,65047000,yahoo
2014-06-04,192.47000122070312,193.3000030517578,192.2700042724609,193.19000244140625,157.20986938476562,55529000,yahoo
2014-06-05,193.4100036621093,194.6499938964844,192.6999969482422,194.4499969482422,158.23519897460938,92103000,yahoo
2014-06-06,194.8699951171875,195.42999267578125,194.77999877929688,195.3800048828125,158.99195861816406,78696000,yahoo
2014-06-09,195.3500061035156,196.0500030517578,195.1699981689453,195.5800018310547,159.15475463867188,65119000,yahoo
2014-06-10,195.33999633789065,195.63999938964844,194.9199981689453,195.6000061035156,159.17092895507812,57129000,yahoo
2014-06-11,194.8999938964844,195.1199951171875,194.47999572753903,194.9199981689453,158.6176300048828,68772000,yahoo
2014-06-12,194.69000244140625,194.8000030517578,193.1100006103516,193.5399932861328,157.49462890625,106350000,yahoo
2014-06-13,193.9199981689453,194.32000732421875,193.3000030517578,194.1300048828125,157.9748077392578,82017000,yahoo
2014-06-16,193.88999938964844,194.6999969482422,193.6600036621093,194.2899932861328,158.10491943359375,87424000,yahoo
2014-06-17,194.0200042724609,194.97000122070312,193.8099975585937,194.8300018310547,158.54441833496094,84834000,yahoo
2014-06-18,194.8300018310547,196.3699951171875,194.3999938964844,196.259994506836,159.70809936523438,105267000,yahoo
2014-06-19,196.42999267578125,196.6000061035156,195.8000030517578,196.47999572753903,159.8871307373047,85929000,yahoo
2014-06-20,196.02999877929688,196.1000061035156,195.6999969482422,195.94000244140625,160.211669921875,100587000,yahoo
2014-06-23,195.9900054931641,196.0500030517578,195.5200042724609,195.8800048828125,160.16265869140625,70611000,yahoo
2014-06-24,195.52999877929688,196.5,194.47999572753903,194.6999969482422,159.19778442382812,96237000,yahoo
2014-06-25,194.2899932861328,195.77999877929688,194.25,195.5800018310547,159.91734313964844,82782000,yahoo
2014-06-26,195.6100006103516,195.6300048828125,194.1300048828125,195.44000244140625,159.80288696289062,84312000,yahoo
2014-06-27,194.97999572753903,195.8800048828125,194.88999938964844,195.82000732421875,160.1135711669922,71445100,yahoo
2014-06-30,195.6999969482422,196.1699981689453,195.52999877929688,195.72000122070312,160.03189086914062,70201200,yahoo
2014-07-01,196.1999969482422,197.6300048828125,196.1300048828125,197.02999877929688,161.10287475585938,90470000,yahoo
2014-07-02,197.0500030517578,197.47999572753903,196.9600067138672,197.22999572753903,161.2664794921875,52475000,yahoo
2014-07-03,197.7899932861328,198.2899932861328,197.63999938964844,198.1999969482422,162.05960083007812,52938800,yahoo
2014-07-07,197.82000732421875,197.97999572753903,197.22000122070312,197.509994506836,161.4954071044922,61696000,yahoo
2014-07-08,197.1499938964844,197.22000122070312,195.759994506836,196.2400054931641,160.45701599121094,108143000,yahoo
2014-07-09,196.72999572753903,197.3000030517578,196.3099975585937,197.1199951171875,161.17652893066406,72992000,yahoo
2014-07-10,195.22000122070312,196.8600006103516,195.0599975585937,196.33999633789065,160.53880310058594,99040000,yahoo
2014-07-11,196.22000122070312,196.75,195.77999877929688,196.6100006103516,160.7595672607422,64243000,yahoo
2014-07-14,197.6100006103516,197.8600006103516,197.44000244140625,197.6000061035156,161.56903076171875,58658000,yahoo
2014-07-15,197.72000122070312,198.1000061035156,196.3600006103516,197.22999572753903,161.2664794921875,111307000,yahoo
2014-07-16,198.1100006103516,198.259994506836,197.4199981689453,197.9600067138672,161.86337280273438,79986400,yahoo
2014-07-17,197.3500061035156,198.1000061035156,195.42999267578125,195.7100067138672,160.02362060546875,145398000,yahoo
2014-07-18,196.3500061035156,197.9100036621093,196.2400054931641,197.7100067138672,161.65895080566406,124330000,yahoo
2014-07-21,197.08999633789065,197.5,196.42999267578125,197.33999633789065,161.35641479492188,67592000,yahoo
2014-07-22,198.009994506836,198.5599975585937,197.8699951171875,198.1999969482422,162.05960083007812,67678000,yahoo
2014-07-23,198.5,198.8500061035156,198.1000061035156,198.63999938964844,162.41941833496094,65612000,yahoo
2014-07-24,198.8300018310547,199.0599975585937,198.4499969482422,198.6499938964844,162.42750549316406,56888000,yahoo
2014-07-25,198.08999633789065,198.259994506836,197.3300018310547,197.72000122070312,161.66712951660156,76837000,yahoo
2014-07-28,197.759994506836,198.08999633789065,196.6199951171875,197.8000030517578,161.73251342773438,69259000,yahoo
2014-07-29,198.1699981689453,198.4499969482422,196.9199981689453,196.9499969482422,161.03753662109375,80466000,yahoo
2014-07-30,197.6499938964844,197.9100036621093,196.1600036621093,196.97999572753903,161.0620880126953,104222000,yahoo
2014-07-31,195.6100006103516,195.77999877929688,192.97000122070312,193.08999633789065,157.88137817382812,183479000,yahoo
2014-08-01,192.5599975585937,193.759994506836,191.57000732421875,192.5,157.3989715576172,189261000,yahoo
2014-08-04,192.8699951171875,194.3000030517578,192.0500030517578,193.88999938964844,158.53549194335938,91340000,yahoo
2014-08-05,193.1000061035156,193.6000061035156,191.3099975585937,192.009994506836,156.99832153320312,152690000,yahoo
2014-08-06,191.1100006103516,192.88999938964844,191.0800018310547,192.07000732421875,157.0474090576172,94818000,yahoo
2014-08-07,192.94000244140625,193.1300048828125,190.5500030517578,191.02999877929688,156.19703674316406,135733000,yahoo
2014-08-08,191.4600067138672,193.3699951171875,190.9499969482422,193.2400054931641,158.00404357910156,117014000,yahoo
2014-08-11,193.97000122070312,194.6600036621093,193.7100067138672,193.8000030517578,158.46197509765625,74544000,yahoo
2014-08-12,193.6100006103516,194.1499938964844,192.94000244140625,193.52999877929688,158.24114990234375,73632000,yahoo
2014-08-13,194.2899932861328,195.0599975585937,193.9600067138672,194.83999633789065,159.3123016357422,69047000,yahoo
2014-08-14,195.1600036621093,195.759994506836,194.97999572753903,195.759994506836,160.0645294189453,57371000,yahoo
2014-08-15,196.47000122070312,196.6499938964844,194.3099975585937,195.72000122070312,160.03189086914062,139951000,yahoo
2014-08-18,196.8000030517578,197.4499969482422,196.69000244140625,197.3600006103516,161.372802734375,75424000,yahoo
2014-08-19,197.83999633789065,198.5399932861328,197.44000244140625,198.38999938964844,162.21498107910156,59135000,yahoo
2014-08-20,198.1199951171875,199.1600036621093,198.0800018310547,198.9199981689453,162.6483612060547,72763000,yahoo
2014-08-21,199.08999633789065,199.759994506836,198.92999267578125,199.5,163.12255859375,67791000,yahoo
2014-08-22,199.33999633789065,199.69000244140625,198.7400054931641,199.19000244140625,162.86903381347656,76107000,yahoo
2014-08-25,200.13999938964844,200.58999633789065,199.1499938964844,200.1999969482422,163.69493103027344,63855000,yahoo
2014-08-26,200.3300018310547,200.82000732421875,200.27999877929688,200.3300018310547,163.8012237548828,47298000,yahoo
2014-08-27,200.42999267578125,200.57000732421875,199.94000244140625,200.25,163.73582458496094,47874000,yahoo
2014-08-28,199.58999633789065,200.2700042724609,199.38999938964844,200.13999938964844,163.6458740234375,58330000,yahoo
2014-08-29,200.4499969482422,200.72999572753903,199.82000732421875,200.7100067138672,164.11196899414062,65907000,yahoo
2014-09-02,200.97000122070312,201.0,199.8600006103516,200.6100006103516,164.03012084960938,72426000,yahoo
2014-09-03,201.3800048828125,201.4100036621093,200.22000122070312,200.5,163.94020080566406,57462000,yahoo
2014-09-04,200.83999633789065,201.5800018310547,199.6600036621093,200.2100067138672,163.70310974121094,85236000,yahoo
2014-09-05,200.1699981689453,201.19000244140625,199.4100036621093,201.1100006103516,164.4390106201172,102177000,yahoo
2014-09-08,200.9199981689453,201.2100067138672,200.0,200.58999633789065,164.01382446289062,64146000,yahoo
2014-09-09,200.4100036621093,200.5500030517578,198.9100036621093,199.32000732421875,162.97537231445312,88591000,yahoo
2014-09-10,199.42999267578125,200.1999969482422,198.7700042724609,200.07000732421875,163.58863830566406,67251000,yahoo
2014-09-11,199.2700042724609,200.3300018310547,199.1199951171875,200.3000030517578,163.7766876220703,66774400,yahoo
2014-09-12,200.1000061035156,200.1199951171875,198.5599975585937,199.1300048828125,162.8200225830078,117409300,yahoo
2014-09-15,199.1600036621093,199.32000732421875,198.3800048828125,198.97999572753903,162.69740295410156,76401000,yahoo
2014-09-16,198.6100006103516,200.83999633789065,198.5,200.47999572753903,163.92388916015625,116201000,yahoo
2014-09-17,200.7700042724609,201.67999267578125,199.75,200.75,164.14463806152344,151266000,yahoo
2014-09-18,201.3600006103516,201.8500061035156,201.1000061035156,201.82000732421875,165.01956176757812,94990000,yahoo
2014-09-19,201.5200042724609,201.8999938964844,200.2899932861328,200.6999969482422,164.8708038330078,121649000,yahoo
2014-09-22,200.3500061035156,200.3800048828125,198.72999572753903,199.1499938964844,163.59756469726562,125553000,yahoo
2014-09-23,198.42999267578125,199.259994506836,197.9499969482422,198.009994506836,162.66107177734375,111393000,yahoo
2014-09-24,198.0399932861328,199.69000244140625,197.5200042724609,199.5599975585937,163.93435668945312,107276000,yahoo
2014-09-25,199.0399932861328,199.0500030517578,196.2700042724609,196.33999633789065,161.2892303466797,150300000,yahoo
2014-09-26,196.6999969482422,198.38999938964844,196.4199981689453,197.8999938964844,162.57066345214844,103547000,yahoo
2014-09-29,196.1999969482422,197.88999938964844,196.0500030517578,197.5399932861328,162.27496337890625,95112000,yahoo
2014-09-30,197.69000244140625,198.3000030517578,196.6100006103516,197.0200042724609,161.8478240966797,131302000,yahoo
2014-10-01,196.6999969482422,196.7700042724609,193.9100036621093,194.3500061035156,159.6544952392578,177798000,yahoo
2014-10-02,194.17999267578125,195.0599975585937,192.3500061035156,194.3800048828125,159.6791229248047,157285000,yahoo
2014-10-03,195.67999267578125,196.94000244140625,195.0800018310547,196.5200042724609,161.4370880126953,121569000,yahoo
2014-10-06,197.33999633789065,197.6000061035156,195.5800018310547,196.2899932861328,161.2480926513672,104778000,yahoo
2014-10-07,195.27999877929688,195.72000122070312,193.22000122070312,193.259994506836,158.75906372070312,147913000,yahoo
2014-10-08,193.3699951171875,196.9199981689453,192.3600006103516,196.63999938964844,161.53561401367188,186461000,yahoo
2014-10-09,196.3300018310547,196.6000061035156,192.5800018310547,192.7400054931641,158.33184814453125,210705000,yahoo
2014-10-10,192.69000244140625,193.6499938964844,190.4900054931641,190.5399932861328,156.52459716796875,221909000,yahoo
2014-10-13,190.4600067138672,191.1499938964844,187.3000030517578,187.4100036621093,153.95339965820312,230939000,yahoo
2014-10-14,188.4199981689453,189.82000732421875,187.0399932861328,187.6999969482422,154.19163513183594,215847000,yahoo
2014-10-15,185.1600036621093,187.69000244140625,181.9199981689453,186.42999267578125,153.14840698242188,380715000,yahoo
2014-10-16,183.0599975585937,187.5800018310547,182.88999938964844,186.2700042724609,153.0169219970703,270391000,yahoo
2014-10-17,188.4199981689453,189.75,187.6199951171875,188.47000122070312,154.82412719726562,214625000,yahoo
2014-10-20,188.1300048828125,190.4499969482422,188.07000732421875,190.3000030517578,156.32749938964844,130011000,yahoo
2014-10-21,191.67999267578125,194.1999969482422,191.47999572753903,194.07000732421875,159.4244842529297,154949000,yahoo
2014-10-22,194.4100036621093,194.9100036621093,192.6100006103516,192.69000244140625,158.2908477783203,151822000,yahoo
2014-10-23,194.6199951171875,196.1999969482422,194.259994506836,194.92999267578125,160.13088989257812,154944000,yahoo
2014-10-24,195.25,196.4900054931641,194.4900054931641,196.42999267578125,161.3631134033203,117927000,yahoo
2014-10-27,195.72999572753903,196.4499969482422,195.02999877929688,196.1600036621093,161.14132690429688,82954000,yahoo
2014-10-28,196.82000732421875,198.4199981689453,196.72999572753903,198.4100036621093,162.9897003173828,106736000,yahoo
2014-10-29,198.5500030517578,199.1199951171875,196.8000030517578,198.1100006103516,162.74314880371094,142557000,yahoo
2014-10-30,197.5800018310547,199.9499969482422,197.3999938964844,199.3800048828125,163.78651428222656,113330000,yahoo
2014-10-31,201.77999877929688,201.82000732421875,200.7700042724609,201.6600036621093,165.6595001220703,146903000,yahoo
2014-11-03,201.9199981689453,202.4499969482422,201.3099975585937,201.7700042724609,165.74984741210938,93600000,yahoo
2014-11-04,201.22999572753903,201.6000061035156,200.0599975585937,201.07000732421875,165.17481994628906,93343000,yahoo
2014-11-05,202.5399932861328,202.58999633789065,201.4499969482422,202.33999633789065,166.21804809570312,91709000,yahoo
2014-11-06,202.38999938964844,203.259994506836,201.63999938964844,203.1499938964844,166.8834991455078,107089000,yahoo
2014-11-07,203.1699981689453,203.6000061035156,202.6100006103516,203.33999633789065,167.03952026367188,89540000,yahoo
2014-11-10,203.3800048828125,204.0399932861328,203.1300048828125,203.97999572753903,167.56529235839844,66319000,yahoo
2014-11-11,204.0599975585937,204.3099975585937,203.6499938964844,204.17999267578125,167.72958374023438,54499400,yahoo
2014-11-12,203.3500061035156,204.2400054931641,203.3099975585937,203.9600067138672,167.5488739013672,90120300,yahoo
2014-11-13,204.1600036621093,204.8300018310547,203.2100067138672,204.19000244140625,167.73785400390625,85357900,yahoo
2014-11-14,204.1000061035156,204.4900054931641,203.72000122070312,204.2400054931641,167.77891540527344,80417500,yahoo
2014-11-17,203.8500061035156,204.5800018310547,203.6499938964844,204.3699951171875,167.88571166992188,80441000,yahoo
2014-11-18,204.44000244140625,205.9199981689453,204.44000244140625,205.5500030517578,168.85501098632812,76068100,yahoo
2014-11-19,205.3099975585937,205.5500030517578,204.3000030517578,205.22000122070312,168.58395385742188,82373000,yahoo
2014-11-20,204.259994506836,205.7100067138672,204.17999267578125,205.5800018310547,168.87966918945312,72840300,yahoo
2014-11-21,207.63999938964844,207.83999633789065,205.97999572753903,206.67999267578125,169.78329467773438,142327300,yahoo
2014-11-24,207.1699981689453,207.38999938964844,206.9100036621093,207.259994506836,170.259765625,65880800,yahoo
2014-11-25,207.5399932861328,207.7899932861328,206.8000030517578,207.1100006103516,170.13650512695312,79108300,yahoo
2014-11-26,207.2899932861328,207.759994506836,207.02999877929688,207.63999938964844,170.5718994140625,62167800,yahoo
2014-11-28,207.4900054931641,207.8699951171875,206.9100036621093,207.1999969482422,170.21044921875,57890100,yahoo
2014-12-01,206.3999938964844,206.5399932861328,205.3800048828125,205.759994506836,169.0275115966797,103968400,yahoo
2014-12-02,205.8099975585937,207.33999633789065,205.77999877929688,207.08999633789065,170.1200714111328,74507200,yahoo
2014-12-03,207.3000030517578,208.1499938964844,207.1000061035156,207.88999938964844,170.77728271484375,68952000,yahoo
2014-12-04,207.5399932861328,208.2700042724609,206.6999969482422,207.6600036621093,170.58828735351562,91316600,yahoo
2014-12-05,207.8699951171875,208.47000122070312,207.5500030517578,208.0,170.86758422851562,91025500,yahoo
2014-12-08,207.5200042724609,208.1199951171875,205.92999267578125,206.6100006103516,169.72584533691406,108588200,yahoo
2014-12-09,204.3699951171875,206.6000061035156,203.9100036621093,206.47000122070312,169.6107177734375,125180100,yahoo
2014-12-10,205.9100036621093,205.97999572753903,202.92999267578125,203.1600036621093,166.89170837402344,159856400,yahoo
2014-12-11,203.8800048828125,206.19000244140625,203.7100067138672,204.19000244140625,167.73785400390625,159012800,yahoo
2014-12-12,202.63999938964844,203.82000732421875,200.8500061035156,200.88999938964844,165.02694702148438,202330200,yahoo
2014-12-15,201.97999572753903,202.52999877929688,198.77999877929688,199.509994506836,163.89334106445312,189965800,yahoo
2014-12-16,198.5800018310547,202.3999938964844,197.8600006103516,197.9100036621093,162.57894897460938,259543800,yahoo
2014-12-17,198.44000244140625,202.33999633789065,198.2899932861328,201.7899932861328,165.76625061035156,253910100,yahoo
2014-12-18,204.7400054931641,212.97000122070312,203.9199981689453,206.77999877929688,169.86544799804688,257633900,yahoo
2014-12-19,206.42999267578125,207.3300018310547,205.6100006103516,206.5200042724609,170.58815002441406,245084600,yahoo
2014-12-22,206.75,207.47000122070312,206.4600067138672,207.47000122070312,171.37289428710938,148318900,yahoo
2014-12-23,208.1699981689453,208.22999572753903,207.3999938964844,207.75,171.6041259765625,122167900,yahoo
2014-12-24,208.0200042724609,208.33999633789065,207.72000122070312,207.7700042724609,171.62074279785156,42963400,yahoo
2014-12-26,208.3099975585937,208.8500061035156,208.25,208.44000244140625,172.17413330078125,57326700,yahoo
2014-12-29,208.22000122070312,208.97000122070312,208.13999938964844,208.72000122070312,172.40542602539062,79643900,yahoo
2014-12-30,208.2100067138672,208.3699951171875,207.509994506836,207.6000061035156,171.4803009033203,73540800,yahoo
2014-12-31,207.9900054931641,208.19000244140625,205.38999938964844,205.5399932861328,169.77871704101562,130333800,yahoo
2015-01-02,206.3800048828125,206.8800048828125,204.17999267578125,205.42999267578125,169.68783569335938,121465900,yahoo
2015-01-05,204.1699981689453,204.3699951171875,201.3500061035156,201.72000122070312,166.62335205078125,169632600,yahoo
2015-01-06,202.08999633789065,202.72000122070312,198.8600006103516,199.82000732421875,165.05389404296875,209151400,yahoo
2015-01-07,201.4199981689453,202.72000122070312,200.8800048828125,202.3099975585937,167.11074829101562,125346700,yahoo
2015-01-08,204.009994506836,206.1600036621093,203.9900054931641,205.8999938964844,170.07611083984375,147217800,yahoo
2015-01-09,206.3999938964844,206.4199981689453,203.509994506836,204.25,168.71316528320312,158567300,yahoo
2015-01-12,204.4100036621093,204.6000061035156,201.9199981689453,202.6499938964844,167.3915252685547,144396100,yahoo
2015-01-13,204.1199951171875,205.47999572753903,200.509994506836,202.0800018310547,166.92068481445312,214553300,yahoo
2015-01-14,199.6499938964844,201.1000061035156,198.57000732421875,200.8600006103516,165.91294860839844,192991100,yahoo
2015-01-15,201.6300048828125,202.009994506836,198.8800048828125,199.0200042724609,164.39309692382812,176613900,yahoo
2015-01-16,198.7700042724609,201.82000732421875,198.5500030517578,201.6300048828125,166.54901123046875,211879600,yahoo
2015-01-20,202.3999938964844,202.72000122070312,200.1699981689453,202.0599975585937,166.90419006347656,130991100,yahoo
2015-01-21,201.5,203.6600036621093,200.94000244140625,203.0800018310547,167.74668884277344,122942700,yahoo
2015-01-22,203.9900054931641,206.259994506836,202.3300018310547,206.1000061035156,170.2412567138672,174356000,yahoo
2015-01-23,205.7899932861328,206.1000061035156,204.8099975585937,204.97000122070312,169.307861328125,117516800,yahoo
2015-01-26,204.7100067138672,205.5599975585937,203.8500061035156,205.4499969482422,169.70436096191406,92009700,yahoo
2015-01-27,202.97000122070312,204.1199951171875,201.7400054931641,202.7400054931641,167.4658966064453,134044600,yahoo
2015-01-28,204.1699981689453,204.2899932861328,199.9100036621093,200.13999938964844,165.31825256347656,168514300,yahoo
2015-01-29,200.3800048828125,202.3000030517578,198.67999267578125,201.9900054931641,166.8463897705078,173585400,yahoo
2015-01-30,200.57000732421875,202.1699981689453,199.1300048828125,199.4499969482422,164.74832153320312,197729700,yahoo
2015-02-02,200.0500030517578,202.02999877929688,197.8600006103516,201.9199981689453,166.78854370117188,163107000,yahoo
2015-02-03,203.0,204.8500061035156,202.5500030517578,204.83999633789065,169.2005157470703,124212900,yahoo
2015-02-04,203.9199981689453,205.3800048828125,203.509994506836,204.0599975585937,168.55624389648438,134306700,yahoo
2015-02-05,204.8600006103516,206.3000030517578,204.7700042724609,206.1199951171875,170.2577667236328,97953200,yahoo
2015-02-06,206.5599975585937,207.2400054931641,204.9199981689453,205.5500030517578,169.78697204589844,125672000,yahoo
2015-02-09,204.7700042724609,205.63999938964844,204.13999938964844,204.6300048828125,169.02706909179688,87219000,yahoo
2015-02-10,205.8800048828125,207.1199951171875,204.67999267578125,206.8099975585937,170.8277587890625,96164200,yahoo
2015-02-11,206.6100006103516,207.4499969482422,205.8300018310547,206.92999267578125,170.92686462402344,91087800,yahoo
2015-02-12,207.88999938964844,208.9900054931641,206.97000122070312,208.9199981689453,172.5706024169922,97545900,yahoo
2015-02-13,209.07000732421875,209.83999633789065,208.759994506836,209.77999877929688,173.28097534179688,93670400,yahoo
2015-02-17,209.3999938964844,210.32000732421875,209.1000061035156,210.1100006103516,173.55360412597656,76968200,yahoo
2015-02-18,209.6600036621093,210.22000122070312,209.33999633789065,210.1300048828125,173.57009887695312,80652900,yahoo
2015-02-19,209.4100036621093,210.4199981689453,209.2400054931641,209.97999572753903,173.4462127685547,91462500,yahoo
2015-02-20,209.47999572753903,211.3300018310547,208.72999572753903,211.2400054931641,174.4869842529297,140896400,yahoo
2015-02-23,210.94000244140625,211.2100067138672,210.47999572753903,211.2100067138672,174.46221923828125,74411100,yahoo
2015-02-24,211.1199951171875,212.0500030517578,210.759994506836,211.8099975585937,174.95777893066406,72472300,yahoo
2015-02-25,211.6600036621093,212.2400054931641,211.22000122070312,211.6300048828125,174.8091278076172,73061700,yahoo
2015-02-26,211.5200042724609,211.7100067138672,210.6499938964844,211.3800048828125,174.6026611328125,72697900,yahoo
2015-02-27,211.259994506836,211.5800018310547,210.6000061035156,210.6600036621093,174.0078887939453,108076000,yahoo
2015-03-02,210.77999877929688,212.0599975585937,210.72000122070312,211.9900054931641,175.1064910888672,87491400,yahoo
2015-03-03,211.47000122070312,212.0500030517578,210.0800018310547,211.1199951171875,174.3878631591797,110325800,yahoo
2015-03-04,210.3999938964844,210.4900054931641,209.0599975585937,210.22999572753903,173.65267944335938,114497200,yahoo
2015-03-05,210.6199951171875,210.8000030517578,209.8500061035156,210.4600067138672,173.8426971435547,76873000,yahoo
2015-03-06,209.4199981689453,209.94000244140625,207.1000061035156,207.5,171.39772033691406,188128000,yahoo
2015-03-09,207.7400054931641,208.7899932861328,207.5500030517578,208.3600006103516,172.1080780029297,89818900,yahoo
2015-03-10,206.7100067138672,206.8099975585937,204.92999267578125,204.97999572753903,169.3160858154297,157121300,yahoo
2015-03-11,205.2899932861328,205.5,204.3999938964844,204.5,168.91970825195312,110145700,yahoo
2015-03-12,205.259994506836,207.17999267578125,205.1999969482422,207.1000061035156,171.06736755371094,93993500,yahoo
2015-03-13,206.7700042724609,207.92999267578125,204.5800018310547,205.8300018310547,170.0182342529297,162410900,yahoo
2015-03-16,206.7100067138672,208.69000244140625,205.8600006103516,208.5800018310547,172.28981018066406,136099200,yahoo
2015-03-17,207.69000244140625,208.4199981689453,206.97999572753903,207.9600067138672,171.77767944335938,94510400,yahoo
2015-03-18,207.38999938964844,211.2700042724609,206.6199951171875,210.4600067138672,173.8426971435547,228808500,yahoo
2015-03-19,209.9600067138672,210.47000122070312,209.02999877929688,209.5,173.0496826171875,117917300,yahoo
2015-03-20,209.7100067138672,211.0200042724609,209.4900054931641,210.4100036621093,174.5771942138672,177715100,yahoo
2015-03-23,210.4199981689453,211.1100006103516,210.0,210.0,174.2370147705078,71784500,yahoo
2015-03-24,209.8500061035156,210.3999938964844,208.7400054931641,208.82000732421875,173.25799560546875,77805300,yahoo
2015-03-25,209.07000732421875,209.3500061035156,205.7100067138672,205.759994506836,170.7190399169922,159521700,yahoo
2015-03-26,204.9600067138672,206.3699951171875,204.1199951171875,205.2700042724609,170.3125762939453,153067200,yahoo
2015-03-27,205.1300048828125,205.9499969482422,204.8999938964844,205.7400054931641,170.70252990722656,118939000,yahoo
2015-03-30,206.97999572753903,208.6100006103516,206.9600067138672,208.25,172.78506469726562,96180400,yahoo
2015-03-31,207.259994506836,208.1000061035156,206.3600006103516,206.42999267578125,171.2749786376953,126768700,yahoo
2015-04-01,206.38999938964844,206.4199981689453,204.509994506836,205.6999969482422,170.66929626464844,137303600,yahoo
2015-04-02,205.6199951171875,206.97999572753903,205.3999938964844,206.44000244140625,171.28323364257812,86900900,yahoo
2015-04-06,205.3699951171875,208.4499969482422,205.2100067138672,207.8300018310547,172.43655395507812,114368200,yahoo
2015-04-07,207.8600006103516,208.759994506836,207.2400054931641,207.27999877929688,171.980224609375,81236300,yahoo
2015-04-08,207.5500030517578,208.509994506836,207.0800018310547,207.97999572753903,172.56101989746094,89351900,yahoo
2015-04-09,207.77999877929688,209.17999267578125,207.19000244140625,208.8999938964844,173.32432556152344,85548900,yahoo
2015-04-10,209.1999969482422,210.08999633789065,208.9600067138672,210.0399932861328,174.27023315429688,72722900,yahoo
2015-04-13,209.8699951171875,210.6300048828125,209.02999877929688,209.08999633789065,173.48199462890625,74436600,yahoo
2015-04-14,208.8500061035156,209.7100067138672,208.1000061035156,209.4900054931641,173.81387329101562,75099900,yahoo
2015-04-15,210.0500030517578,211.0399932861328,209.9499969482422,210.42999267578125,174.59384155273438,99529300,yahoo
2015-04-16,210.02999877929688,210.97999572753903,209.7899932861328,210.3699951171875,174.54405212402344,68934900,yahoo
2015-04-17,208.94000244140625,209.22999572753903,207.009994506836,207.9499969482422,172.5361328125,191113200,yahoo
2015-04-20,209.0599975585937,210.25,208.9600067138672,209.8500061035156,174.11256408691406,92189500,yahoo
2015-04-21,210.6699981689453,210.8600006103516,209.2400054931641,209.6000061035156,173.90513610839844,72559800,yahoo
2015-04-22,210.009994506836,210.8500061035156,208.8999938964844,210.6300048828125,174.75973510742188,78264600,yahoo
2015-04-23,210.1499938964844,211.94000244140625,210.009994506836,211.1600036621093,175.19947814941406,102585900,yahoo
2015-04-24,211.6600036621093,211.97000122070312,211.1100006103516,211.6499938964844,175.6060791015625,61327400,yahoo
2015-04-27,212.3300018310547,212.47999572753903,210.5399932861328,210.7700042724609,174.87588500976562,79358100,yahoo
2015-04-28,210.7400054931641,211.5,209.3300018310547,211.44000244140625,175.43177795410156,86863500,yahoo
2015-04-29,210.3699951171875,211.2899932861328,209.6000061035156,210.57000732421875,174.70993041992188,125684900,yahoo
2015-04-30,209.8800048828125,210.3500061035156,207.6199951171875,208.4600067138672,172.95932006835938,161304900,yahoo
2015-05-01,209.3999938964844,210.7700042724609,209.27999877929688,210.72000122070312,174.8343963623047,103399700,yahoo
2015-05-04,211.22999572753903,212.0200042724609,211.1000061035156,211.32000732421875,175.33224487304688,70927200,yahoo
2015-05-05,211.02999877929688,211.4600067138672,208.72999572753903,208.8999938964844,173.32432556152344,113326200,yahoo
2015-05-06,209.5599975585937,209.92999267578125,206.759994506836,208.0399932861328,172.6108856201172,135060200,yahoo
2015-05-07,207.9199981689453,209.3800048828125,207.5200042724609,208.8699951171875,173.29946899414062,88244900,yahoo
2015-05-08,210.8800048828125,211.8600006103516,210.77999877929688,211.6199951171875,175.58119201660156,155877300,yahoo
2015-05-11,211.57000732421875,211.88999938964844,210.5200042724609,210.6100006103516,174.7431640625,75708100,yahoo
2015-05-12,209.6100006103516,210.6300048828125,208.6199951171875,209.97999572753903,174.22044372558594,119727600,yahoo
2015-05-13,210.47000122070312,211.22000122070312,209.7400054931641,210.0200042724609,174.2535858154297,94667900,yahoo
2015-05-14,211.2400054931641,212.32000732421875,210.9100036621093,212.2100067138672,176.07069396972656,95934000,yahoo
2015-05-15,212.44000244140625,212.6100006103516,211.8600006103516,212.44000244140625,176.26148986816406,76510100,yahoo
2015-05-18,212.2400054931641,213.3999938964844,212.1600036621093,213.1000061035156,176.80917358398438,74549700,yahoo
2015-05-19,213.2400054931641,213.57000732421875,212.69000244140625,213.02999877929688,176.75096130371094,72114600,yahoo
2015-05-20,213.1499938964844,213.77999877929688,212.5,212.8800048828125,176.62652587890625,76857500,yahoo
2015-05-21,212.7100067138672,213.75,212.509994506836,213.5,177.14096069335938,64764600,yahoo
2015-05-22,213.0399932861328,213.5399932861328,212.9100036621093,212.9900054931641,176.7178497314453,57433500,yahoo
2015-05-26,212.3999938964844,212.9100036621093,210.1999969482422,210.6999969482422,174.81787109375,124308600,yahoo
2015-05-27,211.25,212.97999572753903,210.759994506836,212.6999969482422,176.47715759277344,93214000,yahoo
2015-05-28,212.3300018310547,212.58999633789065,211.6300048828125,212.4600067138672,176.27806091308594,74974600,yahoo
2015-05-29,212.3800048828125,212.42999267578125,210.82000732421875,211.13999938964844,175.18287658691406,124919600,yahoo
2015-06-01,211.94000244140625,212.33999633789065,210.6199951171875,211.57000732421875,175.53965759277344,93338800,yahoo
2015-06-02,211.0200042724609,212.19000244140625,210.2700042724609,211.3600006103516,175.36538696289062,91531000,yahoo
2015-06-03,212.0,212.6699981689453,211.3300018310547,211.9199981689453,175.82998657226562,87820900,yahoo
2015-06-04,211.07000732421875,211.8600006103516,209.75,210.1300048828125,174.34490966796875,151882800,yahoo
2015-06-05,209.9499969482422,210.5800018310547,208.97999572753903,209.7700042724609,174.0462188720703,121704700,yahoo
2015-06-08,209.63999938964844,209.82000732421875,208.38999938964844,208.47999572753903,172.97592163085938,89063300,yahoo
2015-06-09,208.4499969482422,209.1000061035156,207.69000244140625,208.4499969482422,172.9510040283203,105034700,yahoo
2015-06-10,209.3699951171875,211.4100036621093,209.3000030517578,210.9499969482422,175.0252227783203,134551300,yahoo
2015-06-11,211.47999572753903,212.08999633789065,211.1999969482422,211.6300048828125,175.5894775390625,73876400,yahoo
2015-06-12,210.63999938964844,211.47999572753903,209.67999267578125,210.009994506836,174.245361328125,135382400,yahoo
2015-06-15,208.63999938964844,209.4499969482422,207.7899932861328,209.1100006103516,173.49856567382812,124384200,yahoo
2015-06-16,208.92999267578125,210.3500061035156,208.72000122070312,210.25,174.4445037841797,85308200,yahoo
2015-06-17,210.58999633789065,211.32000732421875,209.3600006103516,210.58999633789065,174.72657775878906,126708600,yahoo
2015-06-18,211.3099975585937,213.33999633789065,210.6300048828125,212.77999877929688,176.54359436035156,165867900,yahoo
2015-06-19,211.4600067138672,211.5500030517578,210.3600006103516,210.8099975585937,175.75985717773438,130478700,yahoo
2015-06-22,211.9100036621093,212.58999633789065,211.63999938964844,211.88999938964844,176.66030883789062,70696000,yahoo
2015-06-23,212.13999938964844,212.44000244140625,211.57000732421875,212.0399932861328,176.78538513183594,68476800,yahoo
2015-06-24,211.72000122070312,212.1699981689453,210.47000122070312,210.5,175.5013427734375,92307300,yahoo
2015-06-25,211.1000061035156,211.25,209.7700042724609,209.8600006103516,174.9678192138672,97107400,yahoo
2015-06-26,210.2899932861328,210.5800018310547,209.1600036621093,209.82000732421875,174.9344940185547,104174800,yahoo
2015-06-29,208.0500030517578,209.8300018310547,205.3300018310547,205.4199981689453,171.26608276367188,202621300,yahoo
2015-06-30,207.259994506836,207.32000732421875,205.27999877929688,205.8500061035156,171.62457275390625,182925100,yahoo
2015-07-01,207.72999572753903,208.02999877929688,206.5599975585937,207.5,173.000244140625,135979900,yahoo
2015-07-02,208.07000732421875,208.2700042724609,206.8099975585937,207.3099975585937,172.84178161621094,104373700,yahoo
2015-07-06,205.7700042724609,207.6499938964844,205.52999877929688,206.72000122070312,172.34991455078125,117975400,yahoo
2015-07-07,206.9600067138672,208.1699981689453,204.1100006103516,208.0200042724609,173.4337615966797,173820200,yahoo
2015-07-08,206.4199981689453,206.759994506836,204.25,204.52999877929688,170.52401733398438,164020100,yahoo
2015-07-09,207.0399932861328,207.3500061035156,204.7700042724609,204.8999938964844,170.83248901367188,144113100,yahoo
2015-07-10,207.2899932861328,207.97999572753903,204.9499969482422,207.47999572753903,172.98350524902344,129456900,yahoo
2015-07-13,208.9900054931641,209.8999938964844,208.94000244140625,209.7700042724609,174.89283752441406,106069400,yahoo
2015-07-14,209.72000122070312,211.0500030517578,209.6499938964844,210.67999267578125,175.6514892578125,81709600,yahoo
2015-07-15,210.72999572753903,211.27999877929688,210.0399932861328,210.6100006103516,175.59310913085938,97914100,yahoo
2015-07-16,211.8699951171875,212.3000030517578,211.5800018310547,212.3000030517578,177.0021209716797,106683300,yahoo
2015-07-17,212.2899932861328,212.5500030517578,211.8000030517578,212.47999572753903,177.15219116210938,89030000,yahoo
2015-07-20,212.75,213.17999267578125,212.2100067138672,212.58999633789065,177.2439422607422,70446800,yahoo
2015-07-21,212.42999267578125,212.7400054931641,211.38999938964844,211.75,176.5435791015625,77965000,yahoo
2015-07-22,210.92999267578125,211.7700042724609,210.88999938964844,211.3699951171875,176.22674560546875,88667900,yahoo
2015-07-23,211.52999877929688,211.6499938964844,209.75,210.17999267578125,175.234619140625,90509100,yahoo
2015-07-24,210.3000030517578,210.3699951171875,207.6000061035156,208.0,173.4170379638672,117755000,yahoo
2015-07-27,206.94000244140625,207.5500030517578,206.259994506836,206.7899932861328,172.4082794189453,132361100,yahoo
2015-07-28,207.7899932861328,209.5,206.8000030517578,209.3300018310547,174.52587890625,123544800,yahoo
2015-07-29,209.47999572753903,211.0399932861328,209.3099975585937,210.7700042724609,175.72654724121094,105791300,yahoo
2015-07-30,210.1600036621093,211.0200042724609,209.4199981689453,210.82000732421875,175.7682342529297,91304400,yahoo
2015-07-31,211.4199981689453,211.4499969482422,210.1600036621093,210.5,175.5013427734375,103266900,yahoo
2015-08-03,210.4600067138672,210.52999877929688,208.6499938964844,209.7899932861328,174.9094696044922,113965700,yahoo
2015-08-04,209.6999969482422,210.25,208.8000030517578,209.3800048828125,174.56764221191406,81820800,yahoo
2015-08-05,210.4499969482422,211.3099975585937,209.72999572753903,210.07000732421875,175.14291381835938,85786800,yahoo
2015-08-06,210.2899932861328,210.4199981689453,207.6499938964844,208.3500061035156,173.70892333984375,116030800,yahoo
2015-08-07,208.1600036621093,208.33999633789065,206.8699951171875,207.9499969482422,173.37538146972656,117858000,yahoo
2015-08-10,209.27999877929688,210.6699981689453,209.27999877929688,210.57000732421875,175.55978393554688,80270700,yahoo
2015-08-11,208.97000122070312,209.47000122070312,207.759994506836,208.6699981689453,173.97564697265625,126081400,yahoo
2015-08-12,207.1100006103516,209.13999938964844,205.3600006103516,208.9199981689453,174.18414306640625,172123700,yahoo
2015-08-13,208.72999572753903,209.5500030517578,208.009994506836,208.6600036621093,173.96730041503906,89383300,yahoo
2015-08-14,208.42999267578125,209.509994506836,208.259994506836,209.4199981689453,174.60098266601562,72786500,yahoo
2015-08-17,208.7100067138672,210.58999633789065,208.1600036621093,210.58999633789065,175.57644653320312,79072600,yahoo
2015-08-18,210.259994506836,210.67999267578125,209.6999969482422,209.97999572753903,175.06785583496094,71692700,yahoo
2015-08-19,209.08999633789065,210.009994506836,207.3500061035156,208.32000732421875,173.6838836669922,172946000,yahoo
2015-08-20,206.509994506836,208.2899932861328,203.8999938964844,203.97000122070312,170.05711364746094,194327900,yahoo
2015-08-21,201.72999572753903,203.94000244140625,197.5200042724609,197.8300018310547,164.93798828125,346588500,yahoo
2015-08-24,187.4900054931641,197.47999572753903,182.3999938964844,189.5,157.99295043945312,507244300,yahoo
2015-08-25,195.42999267578125,195.4499969482422,186.9199981689453,187.2700042724609,156.13375854492188,369833100,yahoo
2015-08-26,192.0800018310547,194.7899932861328,188.3699951171875,194.4600067138672,162.12832641601562,339257000,yahoo
2015-08-27,197.0200042724609,199.4199981689453,195.2100067138672,199.2700042724609,166.1385498046875,274143900,yahoo
2015-08-28,198.5,199.83999633789065,197.9199981689453,199.27999877929688,166.1468963623047,160414400,yahoo
2015-08-31,198.1100006103516,199.1300048828125,197.009994506836,197.6699981689453,164.8046112060547,163298800,yahoo
2015-09-01,193.1199951171875,194.7700042724609,190.72999572753903,191.7700042724609,159.8855438232422,256000400,yahoo
2015-09-02,194.6199951171875,195.4600067138672,192.4199981689453,195.4100036621093,162.9203338623047,160269300,yahoo
2015-09-03,196.259994506836,198.0500030517578,194.9600067138672,195.5500030517578,163.03707885742188,152087800,yahoo
2015-09-04,192.8500061035156,193.8600006103516,191.6100006103516,192.58999633789065,160.56918334960938,207081000,yahoo
2015-09-08,195.94000244140625,197.6100006103516,195.1699981689453,197.42999267578125,164.6044921875,116025700,yahoo
2015-09-09,199.32000732421875,199.47000122070312,194.3500061035156,194.7899932861328,162.40342712402344,149347700,yahoo
2015-09-10,194.5599975585937,197.22000122070312,194.25,195.8500061035156,163.2871856689453,158611100,yahoo
2015-09-11,195.3800048828125,196.82000732421875,194.52999877929688,196.7400054931641,164.02923583984375,119691200,yahoo
2015-09-14,196.9499969482422,197.009994506836,195.42999267578125,196.009994506836,163.4206085205078,79452000,yahoo
2015-09-15,196.6100006103516,198.9900054931641,195.9600067138672,198.4600067138672,165.46327209472656,113806200,yahoo
2015-09-16,198.82000732421875,200.4100036621093,198.4100036621093,200.17999267578125,166.8972625732422,99581600,yahoo
2015-09-17,200.0200042724609,202.88999938964844,199.27999877929688,199.72999572753903,166.52207946777344,276046600,yahoo
2015-09-18,195.7100067138672,198.67999267578125,194.9600067138672,195.4499969482422,163.80081176757812,223657500,yahoo
2015-09-21,196.44000244140625,197.67999267578125,195.2100067138672,196.4600067138672,164.64730834960938,105726200,yahoo
2015-09-22,193.8800048828125,194.4600067138672,192.5599975585937,193.9100036621093,162.51022338867188,153890900,yahoo
2015-09-23,194.1100006103516,194.6699981689453,192.9100036621093,193.6000061035156,162.25038146972656,92790600,yahoo
2015-09-24,192.1499938964844,193.4499969482422,190.5599975585937,192.8999938964844,161.6637420654297,159378800,yahoo
2015-09-25,194.63999938964844,195.0,191.8099975585937,192.8500061035156,161.62196350097656,155054800,yahoo
2015-09-28,191.77999877929688,191.9100036621093,187.63999938964844,188.009994506836,157.56564331054688,178515900,yahoo
2015-09-29,188.2700042724609,189.7400054931641,186.92999267578125,188.1199951171875,157.65773010253906,159045600,yahoo
2015-09-30,190.3699951171875,191.8300018310547,189.44000244140625,191.6300048828125,160.59942626953125,163452000,yahoo
2015-10-01,192.0800018310547,192.4900054931641,189.82000732421875,192.1300048828125,161.01849365234375,131079000,yahoo
2015-10-02,189.7700042724609,195.02999877929688,189.1199951171875,195.0,163.42376708984375,211003300,yahoo
2015-10-05,196.4600067138672,198.7400054931641,196.3300018310547,198.47000122070312,166.3318328857422,126320800,yahoo
2015-10-06,198.3099975585937,198.97999572753903,197.0,197.7899932861328,165.76199340820312,110274500,yahoo
2015-10-07,198.8999938964844,199.8300018310547,197.47999572753903,199.4100036621093,167.11959838867188,124307300,yahoo
2015-10-08,198.9499969482422,201.5500030517578,198.58999633789065,201.2100067138672,168.62815856933594,153055200,yahoo
2015-10-09,201.3800048828125,201.8999938964844,200.5800018310547,201.3300018310547,168.72874450683594,107069200,yahoo
2015-10-12,201.4199981689453,201.759994506836,200.9100036621093,201.5200042724609,168.887939453125,56395600,yahoo
2015-10-13,200.6499938964844,202.1600036621093,200.0500030517578,200.25,167.82354736328125,88038700,yahoo
2015-10-14,200.17999267578125,200.8699951171875,198.94000244140625,199.2899932861328,167.0190887451172,99106200,yahoo
2015-10-15,200.0800018310547,202.3600006103516,199.63999938964844,202.3500061035156,169.58355712890625,134142200,yahoo
2015-10-16,202.8300018310547,203.2899932861328,201.9199981689453,203.2700042724609,170.35459899902344,114580100,yahoo
2015-10-19,202.5,203.3699951171875,202.1300048828125,203.3699951171875,170.43836975097656,76523900,yahoo
2015-10-20,202.8500061035156,203.83999633789065,202.5500030517578,203.1100006103516,170.22048950195312,78448500,yahoo
2015-10-21,203.6100006103516,203.7899932861328,201.6499938964844,201.8500061035156,169.1645050048828,102038000,yahoo
2015-10-22,202.97999572753903,205.509994506836,201.8500061035156,205.259994506836,172.0223388671875,174911700,yahoo
2015-10-23,207.25,207.9499969482422,206.3000030517578,207.509994506836,173.90805053710938,144442300,yahoo
2015-10-26,207.3000030517578,207.3699951171875,206.5599975585937,207.0,173.48060607910156,69033000,yahoo
2015-10-27,206.1999969482422,207.0,205.7899932861328,206.6000061035156,173.1453857421875,77905800,yahoo
2015-10-28,207.0,208.97999572753903,206.2100067138672,208.9499969482422,175.1148223876953,135906700,yahoo
2015-10-29,208.3500061035156,209.2700042724609,208.2100067138672,208.8300018310547,175.01422119140625,90525500,yahoo
2015-10-30,209.0599975585937,209.44000244140625,207.7400054931641,207.92999267578125,174.2599639892578,131076900,yahoo
2015-11-02,208.32000732421875,210.6199951171875,208.1699981689453,210.38999938964844,176.32164001464844,86270800,yahoo
2015-11-03,209.97000122070312,211.6600036621093,209.6999969482422,211.0,176.83282470703125,95246100,yahoo
2015-11-04,211.3500061035156,211.5,209.72000122070312,210.3600006103516,176.29649353027344,96224500,yahoo
2015-11-05,210.42999267578125,210.97999572753903,209.08999633789065,210.1499938964844,176.1205291748047,78408700,yahoo
2015-11-06,209.7400054931641,210.32000732421875,208.4600067138672,210.0399932861328,176.0283203125,110471500,yahoo
2015-11-09,209.3099975585937,209.4900054931641,206.9499969482422,208.0800018310547,174.38571166992188,131008700,yahoo
2015-11-10,207.509994506836,208.6000061035156,207.19000244140625,208.5599975585937,174.78797912597656,75874600,yahoo
2015-11-11,208.8800048828125,208.94000244140625,207.6600036621093,207.7400054931641,174.10073852539062,67846000,yahoo
2015-11-12,206.5,207.0599975585937,204.82000732421875,204.83999633789065,171.6703338623047,121315200,yahoo
2015-11-13,204.3500061035156,204.6699981689453,202.44000244140625,202.5399932861328,169.7427520751953,153577100,yahoo
2015-11-16,202.32000732421875,205.69000244140625,202.17999267578125,205.6199951171875,172.32400512695312,117645200,yahoo
2015-11-17,205.9900054931641,207.0399932861328,204.8800048828125,205.47000122070312,172.1983184814453,121123700,yahoo
2015-11-18,206.0399932861328,208.8999938964844,205.9900054931641,208.72999572753903,174.9304962158203,121342500,yahoo
2015-11-19,208.58999633789065,209.0500030517578,208.1999969482422,208.5500030517578,174.7796173095703,88220500,yahoo
2015-11-20,209.4499969482422,210.1199951171875,208.8600006103516,209.3099975585937,175.41651916503906,94011500,yahoo
2015-11-23,209.3800048828125,209.97999572753903,208.5200042724609,209.07000732421875,175.21543884277344,64931200,yahoo
2015-11-24,207.8699951171875,209.8300018310547,207.4100036621093,209.3500061035156,175.45004272460938,98874400,yahoo
2015-11-25,209.5,209.7400054931641,209.009994506836,209.32000732421875,175.42494201660156,51980100,yahoo
2015-11-27,209.42999267578125,209.8000030517578,208.8600006103516,209.5599975585937,175.62608337402344,37317800,yahoo
2015-11-30,209.75,209.88999938964844,208.5599975585937,208.69000244140625,174.8969268798828,112822700,yahoo
2015-12-01,209.44000244140625,210.82000732421875,209.1100006103516,210.67999267578125,176.56468200683594,97858400,yahoo
2015-12-02,210.6199951171875,211.0,208.22999572753903,208.52999877929688,174.76284790039062,108441300,yahoo
2015-12-03,208.8300018310547,209.1499938964844,204.75,205.6100006103516,172.315673828125,166224200,yahoo
2015-12-04,205.6100006103516,209.97000122070312,205.6100006103516,209.6199951171875,175.6763458251953,192913900,yahoo
2015-12-07,209.22999572753903,209.72999572753903,207.1999969482422,208.3500061035156,174.6120147705078,102027100,yahoo
2015-12-08,206.4900054931641,208.2899932861328,205.77999877929688,206.9499969482422,173.4386749267578,103372400,yahoo
2015-12-09,206.19000244140625,208.67999267578125,204.17999267578125,205.33999633789065,172.0894012451172,162401500,yahoo
2015-12-10,205.4199981689453,207.42999267578125,205.13999938964844,205.8699951171875,172.53353881835938,116128900,yahoo
2015-12-11,203.3500061035156,204.13999938964844,201.509994506836,201.8800048828125,169.1896209716797,211173300,yahoo
2015-12-14,202.07000732421875,203.0500030517578,199.9499969482422,202.8999938964844,170.0444793701172,182385200,yahoo
2015-12-15,204.6999969482422,206.1100006103516,202.8699951171875,205.02999877929688,171.82957458496094,154069600,yahoo
2015-12-16,206.3699951171875,208.38999938964844,204.8000030517578,208.02999877929688,174.34381103515625,197017000,yahoo
2015-12-17,208.3999938964844,208.47999572753903,204.83999633789065,204.8600006103516,171.68710327148438,173092500,yahoo
2015-12-18,202.7700042724609,202.92999267578125,199.8300018310547,200.0200042724609,168.62850952148438,251393500,yahoo
2015-12-21,201.4100036621093,201.8800048828125,200.08999633789065,201.6699981689453,170.01953125,99094300,yahoo
2015-12-22,202.72000122070312,203.8500061035156,201.5500030517578,203.5,171.56236267089844,111026200,yahoo
2015-12-23,204.69000244140625,206.07000732421875,204.5800018310547,206.0200042724609,173.6868438720703,110987200,yahoo
2015-12-24,205.72000122070312,206.3300018310547,205.4199981689453,205.67999267578125,173.40020751953125,48539600,yahoo
2015-12-28,204.8600006103516,205.259994506836,203.94000244140625,205.2100067138672,173.0039520263672,65899900,yahoo
2015-12-29,206.509994506836,207.7899932861328,206.47000122070312,207.3999938964844,174.8502197265625,92640700,yahoo
2015-12-30,207.1100006103516,207.2100067138672,205.759994506836,205.92999267578125,173.61099243164062,63317700,yahoo
2015-12-31,205.1300048828125,205.88999938964844,203.8699951171875,203.8699951171875,171.87428283691406,114877900,yahoo
2016-01-04,200.4900054931641,201.02999877929688,198.58999633789065,201.0200042724609,169.47157287597656,222353500,yahoo
2016-01-05,201.3999938964844,201.8999938964844,200.0500030517578,201.3600006103516,169.75819396972656,110845800,yahoo
2016-01-06,198.33999633789065,200.0599975585937,197.6000061035156,198.82000732421875,167.61683654785156,152112600,yahoo
2016-01-07,195.3300018310547,197.44000244140625,193.58999633789065,194.0500030517578,163.59542846679688,213436100,yahoo
2016-01-08,195.19000244140625,195.8500061035156,191.5800018310547,191.9199981689453,161.7997589111328,209817200,yahoo
2016-01-11,193.009994506836,193.4100036621093,189.82000732421875,192.1100006103516,161.9599151611328,187941300,yahoo
2016-01-12,193.82000732421875,194.5500030517578,191.13999938964844,193.6600036621093,163.26669311523438,172330500,yahoo
2016-01-13,194.4499969482422,194.8600006103516,188.3800048828125,188.8300018310547,159.19467163085938,221168900,yahoo
2016-01-14,189.5500030517578,193.259994506836,187.6600036621093,191.92999267578125,161.8081817626953,240795600,yahoo
2016-01-15,186.7700042724609,188.759994506836,185.5200042724609,187.8099975585937,158.33474731445312,324846400,yahoo
2016-01-19,189.9600067138672,190.1100006103516,186.1999969482422,188.0599975585937,158.54551696777344,195244400,yahoo
2016-01-20,185.02999877929688,187.5,181.0200042724609,185.6499938964844,156.51373291015625,286547800,yahoo
2016-01-21,186.2100067138672,188.8699951171875,184.63999938964844,186.69000244140625,157.39048767089844,195772900,yahoo
2016-01-22,189.77999877929688,190.759994506836,188.8800048828125,190.5200042724609,160.6194610595703,168319600,yahoo
2016-01-25,189.9199981689453,190.1499938964844,187.4100036621093,187.63999938964844,158.19143676757812,130371700,yahoo
2016-01-26,188.4199981689453,190.52999877929688,188.0200042724609,190.1999969482422,160.34970092773438,141036800,yahoo
2016-01-27,189.5800018310547,191.5599975585937,187.0599975585937,188.1300048828125,158.6045379638672,185681700,yahoo
2016-01-28,189.9600067138672,190.1999969482422,187.1600036621093,189.1100006103516,159.43075561523438,143798800,yahoo
2016-01-29,190.0200042724609,193.8800048828125,189.8800048828125,193.72000122070312,163.31723022460938,210529300,yahoo
2016-02-01,192.52999877929688,194.5800018310547,191.83999633789065,193.6499938964844,163.25819396972656,136061600,yahoo
2016-02-02,191.9600067138672,191.97000122070312,189.5399932861328,190.1600036621093,160.31593322753906,182564900,yahoo
2016-02-03,191.4100036621093,191.77999877929688,187.1000061035156,191.3000030517578,161.2770233154297,205054900,yahoo
2016-02-04,190.7100067138672,192.75,189.9600067138672,191.6000061035156,161.52992248535156,139531800,yahoo
2016-02-05,190.9900054931641,191.6699981689453,187.1999969482422,187.9499969482422,158.45278930664062,180788300,yahoo
2016-02-08,185.7700042724609,186.1199951171875,182.8000030517578,185.4199981689453,156.31983947753906,191526700,yahoo
2016-02-09,183.3600006103516,186.94000244140625,183.1999969482422,185.42999267578125,156.32821655273438,184513100,yahoo
2016-02-10,186.4100036621093,188.33999633789065,185.1199951171875,185.2700042724609,156.19338989257812,148214100,yahoo
2016-02-11,182.33999633789065,184.1000061035156,181.08999633789065,182.8600006103516,154.16165161132812,219058900,yahoo
2016-02-12,184.9600067138672,186.6499938964844,183.9600067138672,186.6300048828125,157.3399658203125,127632400,yahoo
2016-02-16,188.7700042724609,189.8099975585937,187.6300048828125,189.77999877929688,159.99554443359375,120250700,yahoo
2016-02-17,191.1600036621093,193.32000732421875,191.009994506836,192.8800048828125,162.6090087890625,136009500,yahoo
2016-02-18,193.1999969482422,193.2700042724609,191.72000122070312,192.08999633789065,161.94300842285156,102343000,yahoo
2016-02-19,191.1699981689453,192.17999267578125,190.4499969482422,192.0,161.86720275878906,114793000,yahoo
2016-02-22,193.8699951171875,194.9499969482422,193.7899932861328,194.77999877929688,164.2108917236328,103640300,yahoo
2016-02-23,194.0,194.32000732421875,192.17999267578125,192.32000732421875,162.136962890625,111455300,yahoo
2016-02-24,190.6300048828125,193.52999877929688,189.32000732421875,193.1999969482422,162.87884521484375,150812200,yahoo
2016-02-25,193.72999572753903,195.5500030517578,192.8300018310547,195.5399932861328,164.8516082763672,110728300,yahoo
2016-02-26,196.57000732421875,196.67999267578125,194.8999938964844,195.08999633789065,164.47219848632812,129833700,yahoo
2016-02-29,195.1100006103516,196.22999572753903,193.3300018310547,193.5599975585937,163.18234252929688,125918100,yahoo
2016-03-01,195.009994506836,198.2100067138672,194.4499969482422,198.1100006103516,167.01824951171875,141799700,yahoo
2016-03-02,197.7400054931641,199.0599975585937,197.25,199.0,167.76858520507812,102415000,yahoo
2016-03-03,198.7899932861328,199.8000030517578,198.1100006103516,199.77999877929688,168.4261474609375,95172200,yahoo
2016-03-04,200.009994506836,201.3500061035156,199.02999877929688,200.42999267578125,168.97415161132812,129293600,yahoo
2016-03-07,199.33999633789065,201.07000732421875,199.25,200.58999633789065,169.10902404785156,100219000,yahoo
2016-03-08,199.32000732421875,199.9199981689453,198.2100067138672,198.3999938964844,167.2627410888672,123974900,yahoo
2016-03-09,199.3600006103516,199.7899932861328,198.42999267578125,199.3800048828125,168.08888244628906,94801200,yahoo
2016-03-10,199.9600067138672,201.07000732421875,197.3800048828125,199.5399932861328,168.2237548828125,156838700,yahoo
2016-03-11,201.259994506836,202.8099975585937,199.5200042724609,202.759994506836,170.93846130371094,137964500,yahoo
2016-03-14,202.1600036621093,203.0399932861328,201.7700042724609,202.5,170.7193145751953,73612000,yahoo
2016-03-15,201.3600006103516,202.52999877929688,201.0500030517578,202.1699981689453,170.4410858154297,93169100,yahoo
2016-03-16,201.6000061035156,203.82000732421875,201.5500030517578,203.33999633789065,171.42745971679688,129303200,yahoo
2016-03-17,203.2400054931641,205.22999572753903,202.7700042724609,204.6300048828125,172.51499938964844,134278500,yahoo
2016-03-18,204.1699981689453,204.77999877929688,203.8000030517578,204.3800048828125,173.19296264648438,138372400,yahoo
2016-03-21,204.07000732421875,204.94000244140625,203.8000030517578,204.6699981689453,173.43862915039062,72926700,yahoo
2016-03-22,203.759994506836,205.22999572753903,203.57000732421875,204.5599975585937,173.34542846679688,97471900,yahoo
2016-03-23,204.1100006103516,204.3300018310547,203.009994506836,203.2100067138672,172.20144653320312,81052500,yahoo
2016-03-24,202.0,203.1600036621093,201.7400054931641,203.1199951171875,172.12515258789062,84360900,yahoo
2016-03-28,203.6100006103516,203.8600006103516,202.7100067138672,203.2400054931641,172.2268829345703,62408200,yahoo
2016-03-29,202.759994506836,205.25,202.3999938964844,205.1199951171875,173.81996154785156,92922900,yahoo
2016-03-30,206.3000030517578,206.8699951171875,205.58999633789065,206.0200042724609,174.5826416015625,86365300,yahoo
2016-03-31,205.9100036621093,206.4100036621093,205.3300018310547,205.5200042724609,174.15896606445312,94584100,yahoo
2016-04-01,204.3500061035156,207.13999938964844,203.97999572753903,206.9199981689453,175.34532165527344,114423500,yahoo
2016-04-04,206.8300018310547,207.07000732421875,205.88999938964844,206.25,174.77748107910156,63497000,yahoo
2016-04-05,204.6699981689453,206.259994506836,203.88999938964844,204.19000244140625,173.03196716308594,99662200,yahoo
2016-04-06,204.19000244140625,206.4900054931641,203.97999572753903,206.4199981689453,174.921630859375,91839800,yahoo
2016-04-07,205.13999938964844,205.5599975585937,203.08999633789065,203.9499969482422,172.82847595214844,113859000,yahoo
2016-04-08,205.33999633789065,205.8500061035156,203.8699951171875,204.5,173.2946319580078,95040600,yahoo
2016-04-11,205.25,206.07000732421875,203.9100036621093,204.0200042724609,172.8878631591797,83757500,yahoo
2016-04-12,204.22000122070312,206.25,203.6999969482422,205.9199981689453,174.49790954589844,115350600,yahoo
2016-04-13,207.0,208.1000061035156,206.83999633789065,208.0,176.26051330566406,96336400,yahoo
2016-04-14,208.07000732421875,208.6000061035156,207.6000061035156,208.009994506836,176.26895141601562,65212900,yahoo
2016-04-15,208.009994506836,208.1699981689453,207.3999938964844,207.77999877929688,176.07406616210938,75761600,yahoo
2016-04-18,207.77999877929688,209.27999877929688,207.0,209.2400054931641,177.31129455566406,82531000,yahoo
2016-04-19,209.7400054931641,210.1999969482422,208.94000244140625,209.8999938964844,177.87057495117188,88316100,yahoo
2016-04-20,209.9499969482422,210.9199981689453,209.38999938964844,210.1000061035156,178.04005432128906,81100300,yahoo
2016-04-21,210.1199951171875,210.25,208.6499938964844,208.97000122070312,177.08248901367188,85695000,yahoo
2016-04-22,208.5500030517578,209.2899932861328,207.9100036621093,208.97000122070312,177.08248901367188,99251700,yahoo
2016-04-25,208.259994506836,208.6600036621093,207.5399932861328,208.6100006103516,176.7774200439453,66166500,yahoo
2016-04-26,209.0399932861328,209.5200042724609,208.3600006103516,208.9199981689453,177.04010009765625,75864200,yahoo
2016-04-27,208.47000122070312,209.8099975585937,208.0500030517578,209.3500061035156,177.40451049804688,77329400,yahoo
2016-04-28,208.4600067138672,209.759994506836,206.9600067138672,207.4499969482422,175.79440307617188,97216200,yahoo
2016-04-29,206.72000122070312,207.1300048828125,205.02999877929688,206.3300018310547,174.84536743164062,142424100,yahoo
2016-05-02,206.9199981689453,208.17999267578125,206.4100036621093,207.97000122070312,176.23512268066406,62188000,yahoo
2016-05-03,206.5200042724609,206.8000030517578,205.27999877929688,206.1600036621093,174.7012939453125,106422100,yahoo
2016-05-04,204.9900054931641,205.8500061035156,204.4199981689453,205.009994506836,173.7267608642578,92243800,yahoo
2016-05-05,205.5599975585937,205.97999572753903,204.47000122070312,204.97000122070312,173.69290161132812,67619200,yahoo
2016-05-06,204.0599975585937,205.7700042724609,203.8800048828125,205.72000122070312,174.32846069335938,89315000,yahoo
2016-05-09,205.57000732421875,206.3999938964844,205.3600006103516,205.88999938964844,174.47251892089844,74374900,yahoo
2016-05-10,206.72000122070312,208.47000122070312,206.63999938964844,208.4499969482422,176.64183044433594,77472200,yahoo
2016-05-11,207.9100036621093,208.5399932861328,206.5,206.5,174.9894256591797,81727000,yahoo
2016-05-12,207.2899932861328,207.4900054931641,205.3699951171875,206.5599975585937,175.040283203125,89586300,yahoo
2016-05-13,206.2100067138672,206.8600006103516,204.3800048828125,204.759994506836,173.51492309570312,96474600,yahoo
2016-05-16,204.9600067138672,207.33999633789065,204.88999938964844,206.77999877929688,175.22669982910156,77486800,yahoo
2016-05-17,206.4600067138672,206.8000030517578,204.22999572753903,204.8500061035156,173.59120178222656,114924900,yahoo
2016-05-18,204.44000244140625,206.3000030517578,203.6300048828125,204.9100036621093,173.64205932617188,120062100,yahoo
2016-05-19,204.0599975585937,204.5399932861328,202.77999877929688,204.1999969482422,173.04031372070312,115430500,yahoo
2016-05-20,204.9199981689453,206.1000061035156,204.8600006103516,205.4900054931641,174.13352966308594,104990400,yahoo
2016-05-23,205.509994506836,205.83999633789065,204.9900054931641,205.2100067138672,173.896240234375,58682600,yahoo
2016-05-24,206.1699981689453,208.2400054931641,206.13999938964844,207.8699951171875,176.15036010742188,93537800,yahoo
2016-05-25,208.6699981689453,209.7700042724609,207.8699951171875,209.27999877929688,177.34518432617188,76621400,yahoo
2016-05-26,209.44000244140625,209.7100067138672,208.97000122070312,209.33999633789065,177.39605712890625,55280700,yahoo
2016-05-27,209.52999877929688,210.25,209.47000122070312,210.2400054931641,178.15872192382812,64211200,yahoo
2016-05-31,210.5599975585937,210.69000244140625,209.17999267578125,209.83999633789065,177.81971740722656,109879400,yahoo
2016-06-01,209.1199951171875,210.47999572753903,208.88999938964844,210.2700042724609,178.18414306640625,69936200,yahoo
2016-06-02,209.8000030517578,210.92999267578125,209.2400054931641,210.9100036621093,178.72647094726562,63044700,yahoo
2016-06-03,210.25,210.69000244140625,208.8600006103516,210.27999877929688,178.19259643554688,101757100,yahoo
2016-06-06,210.6999969482422,211.7700042724609,210.509994506836,211.3500061035156,179.099365234375,64887000,yahoo
2016-06-07,211.52999877929688,212.33999633789065,211.5,211.67999267578125,179.3789520263672,60974800,yahoo
2016-06-08,211.83999633789065,212.5200042724609,211.69000244140625,212.3699951171875,179.96371459960938,66170900,yahoo
2016-06-09,211.509994506836,212.22000122070312,211.19000244140625,212.0800018310547,179.7178955078125,73786900,yahoo
2016-06-10,210.4600067138672,210.8600006103516,209.42999267578125,210.07000732421875,178.0146484375,113829200,yahoo
2016-06-13,209.3600006103516,210.3699951171875,208.3500061035156,208.4499969482422,176.64183044433594,117751200,yahoo
2016-06-14,208.0,208.7400054931641,206.9199981689453,208.0399932861328,176.29441833496094,125059300,yahoo
2016-06-15,208.0399932861328,209.3600006103516,207.52999877929688,207.75,176.04864501953125,109124500,yahoo
2016-06-16,207.75,208.57000732421875,205.58999633789065,208.3699951171875,176.5740509033203,149533100,yahoo
2016-06-17,207.1699981689453,207.1999969482422,205.75,206.5200042724609,175.9164581298828,117055700,yahoo
2016-06-20,208.82000732421875,209.6100006103516,207.75,207.8500061035156,177.0493927001953,82789600,yahoo
2016-06-21,208.3000030517578,208.9199981689453,207.77999877929688,208.44000244140625,177.55194091796875,72461700,yahoo
2016-06-22,208.6499938964844,209.5,207.92999267578125,208.1000061035156,177.26231384277344,95560500,yahoo
2016-06-23,209.8099975585937,210.8699951171875,209.2700042724609,210.8099975585937,179.5707550048828,102731400,yahoo
2016-06-24,203.6300048828125,210.8500061035156,202.72000122070312,203.2400054931641,173.12252807617188,333444400,yahoo
2016-06-27,201.58999633789065,201.6000061035156,198.6499938964844,199.6000061035156,170.02195739746094,230775800,yahoo
2016-06-28,201.47999572753903,203.22999572753903,201.1199951171875,203.1999969482422,173.08847045898438,159382400,yahoo
2016-06-29,204.83999633789065,206.92999267578125,204.72000122070312,206.6600036621093,176.03575134277344,137328600,yahoo
2016-06-30,207.2100067138672,209.5399932861328,206.5599975585937,209.47999572753903,178.43780517578125,165021900,yahoo
2016-07-01,209.47999572753903,210.4900054931641,209.2899932861328,209.9199981689453,178.8126678466797,106055300,yahoo
2016-07-05,208.9499969482422,209.0800018310547,207.7100067138672,208.4100036621093,177.5264129638672,109803700,yahoo
2016-07-06,207.8300018310547,209.8000030517578,207.0599975585937,209.6600036621093,178.59115600585938,96021500,yahoo
2016-07-07,209.8699951171875,210.6499938964844,208.6300048828125,209.52999877929688,178.48045349121094,85593800,yahoo
2016-07-08,211.0500030517578,212.94000244140625,210.77999877929688,212.6499938964844,181.1380310058593,133971000,yahoo
2016-07-11,213.19000244140625,214.07000732421875,212.9499969482422,213.3999938964844,181.7769317626953,73633900,yahoo
2016-07-12,214.52999877929688,215.3000030517578,213.42999267578125,214.9499969482422,183.09727478027344,101275600,yahoo
2016-07-13,215.44000244140625,215.4499969482422,214.3500061035156,214.9199981689453,183.0717010498047,87324100,yahoo
2016-07-14,216.3999938964844,216.6699981689453,215.6600036621093,216.1199951171875,184.09390258789065,91230900,yahoo
2016-07-15,216.77999877929688,217.009994506836,215.3099975585937,215.8300018310547,183.8468475341797,107155400,yahoo
2016-07-18,215.97000122070312,216.6000061035156,215.6699981689453,216.4100036621093,184.34092712402344,58725900,yahoo
2016-07-19,215.9199981689453,216.22999572753903,215.6300048828125,216.19000244140625,184.15350341796875,54345700,yahoo
2016-07-20,216.19000244140625,217.3699951171875,216.19000244140625,217.08999633789065,184.92010498046875,58159500,yahoo
2016-07-21,216.9600067138672,217.22000122070312,215.75,216.2700042724609,184.2216644287109,67777300,yahoo
2016-07-22,216.4100036621093,217.3000030517578,216.1000061035156,217.2400054931641,185.04791259765625,62787500,yahoo
2016-07-25,217.0,217.0599975585937,215.97000122070312,216.6499938964844,184.5453491210937,55873100,yahoo
2016-07-26,216.52999877929688,217.1699981689453,215.759994506836,216.75,184.6304931640625,70080500,yahoo
2016-07-27,217.19000244140625,217.2700042724609,215.6199951171875,216.5200042724609,184.43460083007807,84083900,yahoo
2016-07-28,216.2899932861328,217.1100006103516,215.75,216.7700042724609,184.64756774902344,65035700,yahoo
2016-07-29,216.4600067138672,217.5399932861328,216.1300048828125,217.1199951171875,184.94569396972656,79519400,yahoo
2016-08-01,217.19000244140625,217.6499938964844,216.4100036621093,216.94000244140625,184.7923583984375,73311400,yahoo
2016-08-02,216.6499938964844,216.8300018310547,214.57000732421875,215.5500030517578,183.6083068847656,92295500,yahoo
2016-08-03,215.47999572753903,216.25,215.1300048828125,216.17999267578125,184.14498901367188,53993600,yahoo
2016-08-04,216.3099975585937,216.77999877929688,214.25,216.4100036621093,184.34092712402344,46585500,yahoo
2016-08-05,216.4100036621093,218.22999572753903,216.4100036621093,218.17999267578125,185.8486175537109,71892200,yahoo
2016-08-08,218.3999938964844,218.5200042724609,217.7400054931641,218.0500030517578,185.73782348632807,39906500,yahoo
2016-08-09,218.1300048828125,218.759994506836,217.8000030517578,218.17999267578125,185.8486175537109,51251700,yahoo
2016-08-10,218.3099975585937,218.3999938964844,217.22999572753903,217.63999938964844,185.3886566162109,57941100,yahoo
2016-08-11,218.259994506836,218.94000244140625,217.9499969482422,218.6499938964844,186.2489318847656,72504300,yahoo
2016-08-12,218.2899932861328,218.7100067138672,217.9900054931641,218.4600067138672,186.0871124267578,61313500,yahoo
2016-08-15,218.88999938964844,219.5,218.8800048828125,219.08999633789065,186.62374877929688,49813500,yahoo
2016-08-16,218.6000061035156,218.67999267578125,217.9600067138672,217.9600067138672,185.66119384765625,53213600,yahoo
2016-08-17,218.0,218.52999877929688,217.0200042724609,218.3699951171875,186.01043701171875,75134300,yahoo
2016-08-18,218.33999633789065,218.8999938964844,218.2100067138672,218.8600006103516,186.4278717041016,52989300,yahoo
2016-08-19,218.3099975585937,218.75,217.7400054931641,218.5399932861328,186.15524291992188,75443000,yahoo
2016-08-22,218.259994506836,218.8000030517578,217.8300018310547,218.52999877929688,186.14675903320312,61368800,yahoo
2016-08-23,219.25,219.6000061035156,218.8999938964844,218.97000122070312,186.52154541015625,53399200,yahoo
2016-08-24,218.8000030517578,218.9100036621093,217.3600006103516,217.8500061035156,185.5675201416016,71728900,yahoo
2016-08-25,217.3999938964844,218.19000244140625,217.22000122070312,217.6999969482422,185.4397125244141,69224800,yahoo
2016-08-26,217.9199981689453,219.1199951171875,216.25,217.2899932861328,185.09051513671875,122506300,yahoo
2016-08-29,217.44000244140625,218.6699981689453,217.3999938964844,218.3600006103516,186.0019378662109,70502200,yahoo
2016-08-30,218.259994506836,218.58999633789065,217.3500061035156,218.0,185.69528198242188,58114500,yahoo
2016-08-31,217.6100006103516,217.75,216.47000122070312,217.3800048828125,185.16720581054688,85269500,yahoo
2016-09-01,217.3699951171875,217.72999572753903,216.02999877929688,217.38999938964844,185.17567443847656,97844200,yahoo
2016-09-02,218.38999938964844,218.8699951171875,217.6999969482422,218.3699951171875,186.01043701171875,79293900,yahoo
2016-09-06,218.6999969482422,219.1199951171875,217.8600006103516,219.02999877929688,186.5726318359375,56702100,yahoo
2016-09-07,218.83999633789065,219.22000122070312,218.3000030517578,219.009994506836,186.5556030273437,76554900,yahoo
2016-09-08,218.6199951171875,218.94000244140625,218.1499938964844,218.509994506836,186.1297149658203,74102900,yahoo
2016-09-09,216.97000122070312,217.02999877929688,213.25,213.27999877929688,181.6747283935547,221589100,yahoo
2016-09-12,212.38999938964844,216.8099975585937,212.3099975585937,216.33999633789065,184.2812957763672,168110900,yahoo
2016-09-13,214.83999633789065,215.1499938964844,212.5,213.22999572753903,181.6322021484375,182828800,yahoo
2016-09-14,213.2899932861328,214.6999969482422,212.5,213.1499938964844,181.56398010253903,134185500,yahoo
2016-09-15,212.9600067138672,215.72999572753903,212.75,215.27999877929688,183.3783264160156,134427900,yahoo
2016-09-16,213.47999572753903,213.69000244140625,212.57000732421875,213.3699951171875,182.6695098876953,155236400,yahoo
2016-09-19,214.1300048828125,214.8800048828125,213.02999877929688,213.4100036621093,182.7037353515625,80250500,yahoo
2016-09-20,214.4100036621093,214.58999633789065,213.3800048828125,213.4199981689453,182.7122802734375,69665300,yahoo
2016-09-21,214.2400054931641,216.02999877929688,213.44000244140625,215.82000732421875,184.76695251464844,110284400,yahoo
2016-09-22,217.0,217.52999877929688,216.7100067138672,217.17999267578125,185.9312744140625,76678700,yahoo
2016-09-23,216.72000122070312,216.8800048828125,215.8800048828125,215.9900054931641,184.9125061035156,73630900,yahoo
2016-09-26,215.0200042724609,215.22999572753903,214.009994506836,214.2400054931641,183.41427612304688,89827300,yahoo
2016-09-27,214.0500030517578,215.67999267578125,213.6199951171875,215.57000732421875,184.5529937744141,78494800,yahoo
2016-09-28,215.8300018310547,216.82000732421875,214.7100067138672,216.63999938964844,185.4690093994141,87411000,yahoo
2016-09-29,216.3999938964844,216.8699951171875,214.0399932861328,214.67999267578125,183.79098510742188,128070600,yahoo
2016-09-30,215.6499938964844,217.1199951171875,215.3600006103516,216.3000030517578,185.1779022216797,117202900,yahoo
2016-10-03,215.82000732421875,216.0399932861328,215.0399932861328,215.77999877929688,184.73272705078125,83512100,yahoo
2016-10-04,215.9100036621093,216.1699981689453,213.9900054931641,214.67999267578125,183.79098510742188,119948100,yahoo
2016-10-05,215.4100036621093,216.1300048828125,215.3300018310547,215.6300048828125,184.6043395996093,72816000,yahoo
2016-10-06,215.3699951171875,216.0399932861328,214.7400054931641,215.77999877929688,184.73272705078125,62927400,yahoo
2016-10-07,216.1000061035156,216.3000030517578,214.19000244140625,215.0399932861328,184.09918212890625,89788300,yahoo
2016-10-10,216.1600036621093,216.6999969482422,215.9900054931641,216.1600036621093,185.0580291748047,51855000,yahoo
2016-10-11,215.6600036621093,215.7400054931641,212.5800018310547,213.42999267578125,182.72085571289065,130367400,yahoo
2016-10-12,213.58999633789065,214.32000732421875,213.009994506836,213.7100067138672,182.96051025390625,73866100,yahoo
2016-10-13,212.1600036621093,213.58999633789065,211.2100067138672,213.009994506836,182.3613128662109,101357000,yahoo
2016-10-14,214.1499938964844,214.69000244140625,213.02999877929688,213.1199951171875,182.45545959472656,93346200,yahoo
2016-10-17,213.08999633789065,213.38999938964844,212.1699981689453,212.3800048828125,181.8219451904297,58275700,yahoo
2016-10-18,214.2400054931641,214.3099975585937,213.2700042724609,213.7100067138672,182.96051025390625,76869700,yahoo
2016-10-19,214.0200042724609,214.63999938964844,213.6000061035156,214.27999877929688,183.4485321044922,66519200,yahoo
2016-10-20,213.8699951171875,214.52999877929688,213.1100006103516,213.8800048828125,183.10617065429688,73639800,yahoo
2016-10-21,213.8800048828125,214.0800018310547,212.759994506836,213.97999572753903,183.19168090820312,89089100,yahoo
2016-10-24,215.0,215.32000732421875,214.47999572753903,214.88999938964844,183.9707794189453,60146600,yahoo
2016-10-25,214.67999267578125,214.97999572753903,213.97999572753903,214.1699981689453,183.3543701171875,66542300,yahoo
2016-10-26,213.2100067138672,214.4199981689453,212.92999267578125,213.7400054931641,182.9862518310547,75705500,yahoo
2016-10-27,214.5800018310547,214.6199951171875,213.0800018310547,213.1699981689453,182.4982452392578,77220200,yahoo
2016-10-28,213.13999938964844,213.92999267578125,211.7100067138672,212.5399932861328,181.95887756347656,140623200,yahoo
2016-10-31,212.92999267578125,213.19000244140625,212.3600006103516,212.5500030517578,181.96746826171875,61272500,yahoo
2016-11-01,212.92999267578125,212.9900054931641,209.6000061035156,211.009994506836,180.64903259277344,122781800,yahoo
2016-11-02,210.6499938964844,211.1000061035156,209.22999572753903,209.7400054931641,179.56175231933594,103330800,yahoo
2016-11-03,209.9900054931641,210.2400054931641,208.4600067138672,208.77999877929688,178.73989868164062,88939300,yahoo
2016-11-04,208.9100036621093,209.88999938964844,208.3800048828125,208.5500030517578,178.54298400878906,109122100,yahoo
2016-11-07,208.5500030517578,213.19000244140625,208.5500030517578,213.1499938964844,182.4811248779297,109794900,yahoo
2016-11-08,212.69000244140625,214.7700042724609,212.3800048828125,214.1100006103516,183.30303955078125,106772100,yahoo
2016-11-09,212.3699951171875,217.1000061035156,212.33999633789065,216.3800048828125,185.24639892578125,258429000,yahoo
2016-11-10,217.3000030517578,218.3099975585937,215.22000122070312,216.9199981689453,185.70870971679688,172113300,yahoo
2016-11-11,216.0800018310547,216.6999969482422,215.32000732421875,216.4199981689453,185.28062438964844,100552700,yahoo
2016-11-14,217.02999877929688,217.2700042724609,215.72000122070312,216.58999633789065,185.4261169433593,94580000,yahoo
2016-11-15,217.0399932861328,218.27999877929688,216.8000030517578,218.27999877929688,186.87301635742188,91652600,yahoo
2016-11-16,217.5599975585937,218.13999938964844,217.4199981689453,217.8699951171875,186.52198791503903,65617700,yahoo
2016-11-17,218.0500030517578,219.0599975585937,217.9199981689453,218.9900054931641,187.4808654785156,69797200,yahoo
2016-11-18,219.07000732421875,219.2700042724609,218.2899932861328,218.5,187.06138610839844,86265800,yahoo
2016-11-21,219.1699981689453,220.17999267578125,219.0,220.1499938964844,188.4739532470703,72402600,yahoo
2016-11-22,220.509994506836,220.7899932861328,219.72999572753903,220.5800018310547,188.8420562744141,67429000,yahoo
2016-11-23,219.97999572753903,220.759994506836,219.75,220.6999969482422,188.9448089599609,56620200,yahoo
2016-11-25,221.1000061035156,221.5599975585937,221.009994506836,221.5200042724609,189.6467742919922,37872300,yahoo
2016-11-28,221.1600036621093,221.47999572753903,220.3600006103516,220.47999572753903,188.7564849853516,76572500,yahoo
2016-11-29,220.5200042724609,221.44000244140625,220.1699981689453,220.9100036621093,189.12461853027344,69886700,yahoo
2016-11-30,221.6300048828125,221.82000732421875,220.3099975585937,220.3800048828125,188.67091369628903,113291800,yahoo
2016-12-01,220.72999572753903,220.72999572753903,219.1499938964844,219.57000732421875,187.97740173339844,79040500,yahoo
2016-12-02,219.6699981689453,220.25,219.259994506836,219.67999267578125,188.0716094970703,74840300,yahoo
2016-12-05,220.6499938964844,221.3999938964844,220.4199981689453,221.0,189.20162963867188,67837800,yahoo
2016-12-06,221.22000122070312,221.7400054931641,220.6600036621093,221.6999969482422,189.8009033203125,59877400,yahoo
2016-12-07,221.5200042724609,224.6699981689453,221.3800048828125,224.6000061035156,192.28369140625,110738100,yahoo
2016-12-08,224.57000732421875,225.6999969482422,224.259994506836,225.1499938964844,192.7545166015625,99714400,yahoo
2016-12-09,225.4100036621093,226.52999877929688,225.3699951171875,226.509994506836,193.9188537597656,88005800,yahoo
2016-12-12,226.3999938964844,226.9600067138672,225.759994506836,226.25,193.6961975097656,102016100,yahoo
2016-12-13,227.0200042724609,228.33999633789065,227.0,227.759994506836,194.98898315429688,110477500,yahoo
2016-12-14,227.4100036621093,228.22999572753903,225.3699951171875,225.8800048828125,193.3794860839844,142501800,yahoo
2016-12-15,226.1600036621093,227.8099975585937,225.88999938964844,226.8099975585937,194.17564392089844,124972600,yahoo
2016-12-16,226.009994506836,226.0800018310547,224.6699981689453,225.0399932861328,193.7958984375,156420200,yahoo
2016-12-19,225.25,226.0200042724609,225.0800018310547,225.52999877929688,194.21788024902344,90341100,yahoo
2016-12-20,226.1499938964844,226.57000732421875,225.8800048828125,226.3999938964844,194.96710205078125,89838800,yahoo
2016-12-21,226.25,226.4499969482422,225.7700042724609,225.7700042724609,194.424560546875,67909000,yahoo
2016-12-22,225.6000061035156,225.7400054931641,224.9199981689453,225.3800048828125,194.08872985839844,56219100,yahoo
2016-12-23,225.42999267578125,225.72000122070312,225.2100067138672,225.7100067138672,194.37290954589844,36697800,yahoo
2016-12-27,226.0200042724609,226.72999572753903,226.0,226.2700042724609,194.8551788330078,42672500,yahoo
2016-12-28,226.57000732421875,226.58999633789065,224.2700042724609,224.3999938964844,193.2447509765625,64095000,yahoo
2016-12-29,224.47999572753903,224.88999938964844,223.83999633789065,224.3500061035156,193.20172119140625,48696100,yahoo
2016-12-30,224.72999572753903,224.8300018310547,222.72999572753903,223.52999877929688,192.4955444335937,108998300,yahoo
2017-01-03,225.0399932861328,225.8300018310547,223.8800048828125,225.2400054931641,193.9681701660156,91366500,yahoo
2017-01-04,225.6199951171875,226.75,225.6100006103516,226.5800018310547,195.12210083007807,78744400,yahoo
2017-01-05,226.2700042724609,226.5800018310547,225.47999572753903,226.3999938964844,194.96710205078125,78379000,yahoo
2017-01-06,226.52999877929688,227.75,225.8999938964844,227.2100067138672,195.66461181640625,71559900,yahoo
2017-01-09,226.9100036621093,227.07000732421875,226.4199981689453,226.4600067138672,195.018783569336,46939700,yahoo
2017-01-10,226.47999572753903,227.4499969482422,226.009994506836,226.4600067138672,195.018783569336,63771900,yahoo
2017-01-11,226.3600006103516,227.1000061035156,225.58999633789065,227.1000061035156,195.56993103027344,74650000,yahoo
2017-01-12,226.5,226.75,224.9600067138672,226.52999877929688,195.0790557861328,72113200,yahoo
2017-01-13,226.72999572753903,227.3999938964844,226.69000244140625,227.0500030517578,195.52688598632807,62717900,yahoo
2017-01-17,226.3099975585937,226.77999877929688,225.8000030517578,226.25,194.83792114257807,61240800,yahoo
2017-01-18,226.5399932861328,226.8000030517578,225.8999938964844,226.75,195.2685089111328,54793300,yahoo
2017-01-19,226.83999633789065,227.0,225.4100036621093,225.9100036621093,194.5451202392578,66608800,yahoo
2017-01-20,226.6999969482422,227.3099975585937,225.97000122070312,226.7400054931641,195.25991821289065,129168600,yahoo
2017-01-23,226.7400054931641,226.8099975585937,225.2700042724609,226.1499938964844,194.75184631347656,75061600,yahoo
2017-01-24,226.3999938964844,228.0800018310547,226.2700042724609,227.6000061035156,196.00048828125,95555300,yahoo
2017-01-25,228.6999969482422,229.57000732421875,228.509994506836,229.57000732421875,197.69696044921875,84437700,yahoo
2017-01-26,229.3999938964844,229.7100067138672,229.009994506836,229.3300018310547,197.49029541015625,59970700,yahoo
2017-01-27,229.4199981689453,229.58999633789065,228.759994506836,228.97000122070312,197.18028259277344,59711100,yahoo
2017-01-30,228.1699981689453,228.1999969482422,226.4100036621093,227.5500030517578,195.9574584960937,79737300,yahoo
2017-01-31,226.97999572753903,227.6000061035156,226.32000732421875,227.52999877929688,195.9402313232422,75880800,yahoo
2017-02-01,227.52999877929688,228.58999633789065,226.94000244140625,227.6199951171875,196.0177001953125,79117700,yahoo
2017-02-02,227.6199951171875,228.1000061035156,226.82000732421875,227.7700042724609,196.1468963623047,69657600,yahoo
2017-02-03,228.82000732421875,229.5500030517578,228.4600067138672,229.33999633789065,197.49891662597656,80563200,yahoo
2017-02-06,228.8699951171875,229.3300018310547,228.5399932861328,228.92999267578125,197.14585876464844,57790100,yahoo
2017-02-07,229.3800048828125,229.6600036621093,228.72000122070312,228.94000244140625,197.1544189453125,57931200,yahoo
2017-02-08,228.94000244140625,229.38999938964844,228.3099975585937,229.2400054931641,197.412826538086,51566200,yahoo
2017-02-09,229.2400054931641,230.9499969482422,229.2400054931641,230.6000061035156,198.583984375,65955200,yahoo
2017-02-10,231.0,231.7700042724609,230.6199951171875,231.509994506836,199.3676147460937,66015900,yahoo
2017-02-13,232.0800018310547,233.07000732421875,232.0500030517578,232.7700042724609,200.4527130126953,55182100,yahoo
2017-02-14,232.5599975585937,233.7100067138672,232.1600036621093,233.6999969482422,201.25360107421875,71109000,yahoo
2017-02-15,233.4499969482422,235.13999938964844,233.38999938964844,234.9199981689453,202.30419921875,86785800,yahoo
2017-02-16,234.9499969482422,235.1600036621093,233.8500061035156,234.72000122070312,202.13198852539065,84722400,yahoo
2017-02-17,233.9499969482422,235.08999633789065,233.92999267578125,235.08999633789065,202.45057678222656,77204100,yahoo
2017-02-21,235.5200042724609,236.69000244140625,235.509994506836,236.4900054931641,203.6562042236328,88946100,yahoo
2017-02-22,236.0200042724609,236.5399932861328,235.8300018310547,236.27999877929688,203.4754180908203,62115200,yahoo
2017-02-23,236.8800048828125,236.8999938964844,235.5599975585937,236.44000244140625,203.61317443847656,74615900,yahoo
2017-02-24,235.4600067138672,236.7899932861328,235.4100036621093,236.7400054931641,203.8715057373047,82381600,yahoo
2017-02-27,236.63999938964844,237.3099975585937,236.3500061035156,237.1100006103516,204.1901397705078,56515400,yahoo
2017-02-28,236.6699981689453,236.9499969482422,236.0200042724609,236.47000122070312,203.63897705078125,96961900,yahoo
2017-03-01,238.38999938964844,240.32000732421875,238.3699951171875,239.77999877929688,206.4894561767578,149158200,yahoo
2017-03-02,239.5599975585937,239.57000732421875,238.2100067138672,238.2700042724609,205.1891632080078,70246000,yahoo
2017-03-03,238.1699981689453,238.6100006103516,237.72999572753903,238.4199981689453,205.3182373046875,81974300,yahoo
2017-03-06,237.5,238.1199951171875,237.009994506836,237.7100067138672,204.70684814453125,55391500,yahoo
2017-03-07,237.3600006103516,237.7700042724609,236.759994506836,237.0,204.0953826904297,65103700,yahoo
2017-03-08,237.33999633789065,237.63999938964844,236.3999938964844,236.5599975585937,203.7165069580078,78168800,yahoo
2017-03-09,236.6999969482422,237.2400054931641,235.7400054931641,236.8600006103516,203.97488403320312,90683900,yahoo
2017-03-10,237.97000122070312,238.0200042724609,236.58999633789065,237.69000244140625,204.6896514892578,81991700,yahoo
2017-03-13,237.6199951171875,237.8600006103516,237.2400054931641,237.8099975585937,204.79293823242188,57256800,yahoo
2017-03-14,237.17999267578125,237.2400054931641,236.19000244140625,236.8999938964844,204.0092620849609,59880800,yahoo
2017-03-15,237.5599975585937,239.44000244140625,237.2899932861328,238.9499969482422,205.774658203125,96081800,yahoo
2017-03-16,239.1100006103516,239.1999969482422,238.1000061035156,238.47999572753903,205.3699188232422,78344000,yahoo
2017-03-17,237.75,237.97000122070312,237.02999877929688,237.02999877929688,205.0092620849609,89002100,yahoo
2017-03-20,237.02999877929688,237.3600006103516,236.32000732421875,236.7700042724609,204.7844390869141,52537000,yahoo
2017-03-21,237.47000122070312,237.6100006103516,233.5800018310547,233.72999572753903,202.1550750732422,131809300,yahoo
2017-03-22,233.7700042724609,234.6100006103516,233.0500030517578,234.27999877929688,202.6307678222656,97569200,yahoo
2017-03-23,234.27999877929688,235.33999633789065,233.6000061035156,234.02999877929688,202.41455078125,100410300,yahoo
2017-03-24,234.3800048828125,235.0399932861328,232.9600067138672,233.8600006103516,202.26747131347656,112504900,yahoo
2017-03-27,231.92999267578125,233.9199981689453,231.6100006103516,233.6199951171875,202.0599365234375,87454500,yahoo
2017-03-28,233.2700042724609,235.8099975585937,233.13999938964844,235.32000732421875,203.53024291992188,93483900,yahoo
2017-03-29,234.9900054931641,235.8099975585937,234.72999572753903,235.5399932861328,203.7205810546875,61950400,yahoo
2017-03-30,235.47000122070312,236.5200042724609,235.2700042724609,236.2899932861328,204.3692169189453,56737900,yahoo
2017-03-31,235.8999938964844,236.509994506836,235.67999267578125,235.7400054931641,203.89352416992188,73733100,yahoo
2017-04-03,235.8000030517578,236.02999877929688,233.9100036621093,235.3300018310547,203.5389099121093,85546500,yahoo
2017-04-04,235.0,235.5800018310547,234.5599975585937,235.47999572753903,203.6686248779297,56466200,yahoo
2017-04-05,236.259994506836,237.38999938964844,234.5399932861328,234.77999877929688,203.063217163086,108800600,yahoo
2017-04-06,234.94000244140625,236.0399932861328,234.42999267578125,235.44000244140625,203.6340789794922,69135800,yahoo
2017-04-07,235.1499938964844,236.0,234.63999938964844,235.1999969482422,203.42645263671875,74412300,yahoo
2017-04-10,235.3600006103516,236.259994506836,234.72999572753903,235.33999633789065,203.54757690429688,67615300,yahoo
2017-04-11,234.8999938964844,235.17999267578125,233.33999633789065,235.0599975585937,203.30535888671875,88045300,yahoo
2017-04-12,234.7400054931641,234.9600067138672,233.7700042724609,234.02999877929688,202.41455078125,81864400,yahoo
2017-04-13,233.63999938964844,234.4900054931641,232.509994506836,232.509994506836,201.09988403320312,92880400,yahoo
2017-04-17,233.1100006103516,234.57000732421875,232.8800048828125,234.57000732421875,202.8816375732422,68405400,yahoo
2017-04-18,233.72000122070312,234.4900054931641,233.0800018310547,233.8699951171875,202.27618408203125,83225800,yahoo
2017-04-19,234.5200042724609,234.9499969482422,233.17999267578125,233.44000244140625,201.9042816162109,68699900,yahoo
2017-04-20,234.1499938964844,235.8500061035156,233.77999877929688,235.33999633789065,203.54757690429688,92572200,yahoo
2017-04-21,235.25,235.3099975585937,234.1300048828125,234.58999633789065,202.8989105224609,110389800,yahoo
2017-04-24,237.17999267578125,237.4100036621093,234.5599975585937,237.1699981689453,205.1303253173828,119209900,yahoo
2017-04-25,237.9100036621093,238.9499969482422,237.8099975585937,238.5500030517578,206.32391357421875,76698300,yahoo
2017-04-26,238.509994506836,239.52999877929688,238.3500061035156,238.3999938964844,206.1942138671875,84702500,yahoo
2017-04-27,238.7700042724609,238.9499969482422,237.97999572753903,238.6000061035156,206.36715698242188,57410300,yahoo
2017-04-28,238.8999938964844,238.92999267578125,237.92999267578125,238.0800018310547,205.9174346923828,63532800,yahoo
2017-05-01,238.67999267578125,239.1699981689453,238.1999969482422,238.67999267578125,206.4363708496093,66882500,yahoo
2017-05-02,238.83999633789065,238.97999572753903,238.3000030517578,238.7700042724609,206.5142364501953,57375700,yahoo
2017-05-03,238.7700042724609,238.8800048828125,237.6999969482422,238.47999572753903,206.2633514404297,73137700,yahoo
2017-05-04,238.8300018310547,238.9199981689453,237.77999877929688,238.759994506836,206.50555419921875,61462700,yahoo
2017-05-05,239.19000244140625,239.72000122070312,238.67999267578125,239.6999969482422,207.318588256836,62001300,yahoo
2017-05-08,239.75,239.9199981689453,239.1699981689453,239.6600036621093,207.283935546875,48385700,yahoo
2017-05-09,239.9600067138672,240.19000244140625,239.0399932861328,239.44000244140625,207.0936737060547,51363200,yahoo
2017-05-10,239.38999938964844,239.8699951171875,239.1499938964844,239.8699951171875,207.46560668945312,54293800,yahoo
2017-05-11,239.3500061035156,239.57000732421875,238.1300048828125,239.3800048828125,207.0418395996093,62358300,yahoo
2017-05-12,239.08999633789065,239.42999267578125,238.6699981689453,238.97999572753903,206.6958465576172,53912700,yahoo
2017-05-15,239.47000122070312,240.44000244140625,239.4499969482422,240.3000030517578,207.8374786376953,61918900,yahoo
2017-05-16,240.63999938964844,240.6699981689453,239.6300048828125,240.0800018310547,207.64715576171875,51241800,yahoo
2017-05-17,240.0800018310547,240.0800018310547,235.75,235.82000732421875,203.9627380371093,172174100,yahoo
2017-05-18,235.72999572753903,237.75,235.42999267578125,236.7700042724609,204.7844390869141,107047700,yahoo
2017-05-19,237.3300018310547,239.0800018310547,237.2700042724609,238.3099975585937,206.11636352539065,115011400,yahoo
2017-05-22,238.8999938964844,239.7100067138672,238.82000732421875,239.5200042724609,207.16287231445312,61010600,yahoo
2017-05-23,239.9499969482422,240.2400054931641,239.509994506836,240.0500030517578,207.62130737304688,48341700,yahoo
2017-05-24,240.32000732421875,240.72999572753903,239.92999267578125,240.6100006103516,208.1056060791016,46927700,yahoo
2017-05-25,241.1999969482422,242.0800018310547,240.9600067138672,241.759994506836,209.10031127929688,64071700,yahoo
2017-05-26,241.5399932861328,241.8999938964844,241.4499969482422,241.7100067138672,209.0570373535156,46629900,yahoo
2017-05-30,241.33999633789065,241.7899932861328,241.1600036621093,241.5,208.8753662109375,35201900,yahoo
2017-05-31,241.83999633789065,241.8800048828125,240.63999938964844,241.44000244140625,208.8235015869141,91796000,yahoo
2017-06-01,241.97000122070312,243.3800048828125,241.63999938964844,243.3600006103516,210.48416137695312,68962000,yahoo
2017-06-02,243.4199981689453,244.3500061035156,243.0800018310547,244.1699981689453,211.1847076416016,88666100,yahoo
2017-06-05,243.97000122070312,244.3000030517578,243.759994506836,243.9900054931641,211.029037475586,44698800,yahoo
2017-06-06,243.33999633789065,243.97999572753903,243.1199951171875,243.2100067138672,210.3544006347656,50375400,yahoo
2017-06-07,243.6000061035156,243.9199981689453,242.8300018310547,243.6600036621093,210.7435913085937,54144300,yahoo
2017-06-08,243.7700042724609,244.3300018310547,243.1699981689453,243.77999877929688,210.8473663330078,65950700,yahoo
2017-06-09,244.08999633789065,245.009994506836,241.9499969482422,243.4100036621093,210.52737426757807,132256400,yahoo
2017-06-12,243.1300048828125,243.4199981689453,242.3800048828125,243.3600006103516,210.48416137695312,86108100,yahoo
2017-06-13,243.97999572753903,244.6100006103516,243.5800018310547,244.5500030517578,211.5133514404297,60067000,yahoo
2017-06-14,244.8600006103516,244.8699951171875,243.2899932861328,244.2400054931641,211.24522399902344,78602300,yahoo
2017-06-15,242.67999267578125,243.9100036621093,242.3600006103516,243.7700042724609,210.8387756347656,66464900,yahoo
2017-06-16,242.7700042724609,242.8300018310547,241.6300048828125,242.63999938964844,210.8848114013672,84553100,yahoo
2017-06-19,243.58999633789065,244.72999572753903,243.47999572753903,244.6600036621093,212.6404571533203,65123800,yahoo
2017-06-20,244.25,244.259994506836,242.9900054931641,243.009994506836,211.2064208984375,56906400,yahoo
2017-06-21,243.4600067138672,243.58999633789065,242.4100036621093,242.9499969482422,211.1542053222656,55977600,yahoo
2017-06-22,242.9600067138672,243.52999877929688,242.63999938964844,242.83999633789065,211.05860900878903,44148100,yahoo
2017-06-23,242.9100036621093,243.509994506836,242.47000122070312,243.1300048828125,211.3107147216797,66986800,yahoo
2017-06-26,243.8999938964844,244.3800048828125,243.0500030517578,243.2899932861328,211.44970703125,56700500,yahoo
2017-06-27,243.0399932861328,243.3800048828125,241.3099975585937,241.3300018310547,209.74624633789065,82247700,yahoo
2017-06-28,242.5,243.72000122070312,242.22999572753903,243.4900054931641,211.62355041503903,70042600,yahoo
2017-06-29,243.6600036621093,243.72000122070312,239.9600067138672,241.3500061035156,209.7636566162109,106949700,yahoo
2017-06-30,242.27999877929688,242.7100067138672,241.5800018310547,241.8000030517578,210.1547393798828,86820700,yahoo
2017-07-03,242.8800048828125,243.3800048828125,242.2100067138672,242.2100067138672,210.5110626220703,39153800,yahoo
2017-07-05,242.6300048828125,243.009994506836,241.6999969482422,242.7700042724609,210.997787475586,54427600,yahoo
2017-07-06,241.88999938964844,242.02999877929688,240.33999633789065,240.5500030517578,209.0683441162109,65400800,yahoo
2017-07-07,241.2100067138672,242.27999877929688,240.5599975585937,242.1100006103516,210.42413330078125,57972300,yahoo
2017-07-10,242.1100006103516,242.8000030517578,241.759994506836,242.3699951171875,210.65011596679688,36663300,yahoo
2017-07-11,242.3699951171875,242.5500030517578,240.8500061035156,242.19000244140625,210.49371337890625,50354600,yahoo
2017-07-12,243.3000030517578,244.1999969482422,243.3000030517578,244.009994506836,212.07550048828125,59610400,yahoo
2017-07-13,244.0200042724609,244.5500030517578,243.759994506836,244.4199981689453,212.43185424804688,39471600,yahoo
2017-07-14,244.4199981689453,245.97000122070312,244.3099975585937,245.5599975585937,213.4226989746093,60262700,yahoo
2017-07-17,245.47000122070312,245.9100036621093,245.3300018310547,245.52999877929688,213.3965759277344,33531900,yahoo
2017-07-18,245.0599975585937,245.72000122070312,244.6699981689453,245.6600036621093,213.5095367431641,42742500,yahoo
2017-07-19,246.0200042724609,247.0,246.009994506836,246.9900054931641,214.66549682617188,51034300,yahoo
2017-07-20,247.27999877929688,247.4199981689453,246.47000122070312,247.1000061035156,214.7610778808593,47135200,yahoo
2017-07-21,246.44000244140625,246.9100036621093,246.17999267578125,246.8800048828125,214.5699157714844,82340800,yahoo
2017-07-24,246.7899932861328,246.97999572753903,246.27999877929688,246.82000732421875,214.5177459716797,46622300,yahoo
2017-07-25,247.67999267578125,247.8000030517578,247.1600036621093,247.4199981689453,215.0392608642578,54915600,yahoo
2017-07-26,247.75,247.7899932861328,247.1300048828125,247.42999267578125,215.0478973388672,47575400,yahoo
2017-07-27,247.9600067138672,248.0,245.67999267578125,247.1999969482422,214.8480224609375,70766600,yahoo
2017-07-28,246.6499938964844,247.0599975585937,246.1300048828125,246.9100036621093,214.5960235595703,50088400,yahoo
2017-07-31,247.3699951171875,247.47999572753903,246.52999877929688,246.7700042724609,214.47430419921875,65838700,yahoo
2017-08-01,247.4600067138672,247.5,246.72000122070312,247.32000732421875,214.95233154296875,55050400,yahoo
2017-08-02,247.47000122070312,247.6000061035156,246.3699951171875,247.44000244140625,215.056640625,47211200,yahoo
2017-08-03,247.3099975585937,247.33999633789065,246.63999938964844,246.9600067138672,214.6394958496093,40856000,yahoo
2017-08-04,247.5200042724609,247.7899932861328,246.97000122070312,247.4100036621093,215.03054809570312,60191800,yahoo
2017-08-07,247.4900054931641,247.8699951171875,247.3699951171875,247.8699951171875,215.4303436279297,31995000,yahoo
2017-08-08,247.509994506836,248.9100036621093,246.8300018310547,247.259994506836,214.9001617431641,61719400,yahoo
2017-08-09,246.47000122070312,247.3099975585937,246.0599975585937,247.25,214.8914794921875,62632600,yahoo
2017-08-10,246.2899932861328,246.44000244140625,243.6999969482422,243.759994506836,211.8582458496093,120479500,yahoo
2017-08-11,244.0200042724609,244.8000030517578,243.75,244.1199951171875,212.1710968017578,74869900,yahoo
2017-08-14,245.58999633789065,246.7899932861328,245.5500030517578,246.5399932861328,214.27438354492188,73291900,yahoo
2017-08-15,246.97999572753903,247.0,246.1600036621093,246.509994506836,214.2483367919922,55242700,yahoo
2017-08-16,247.1100006103516,247.57000732421875,246.4499969482422,246.94000244140625,214.62203979492188,56715500,yahoo
2017-08-17,246.2400054931641,246.6000061035156,243.08999633789065,243.08999633789065,211.2759704589844,128490400,yahoo
2017-08-18,242.8999938964844,244.19000244140625,242.1999969482422,242.7100067138672,210.94566345214844,136748000,yahoo
2017-08-21,242.63999938964844,243.1999969482422,241.8300018310547,242.8999938964844,211.1107788085937,65469700,yahoo
2017-08-22,243.57000732421875,245.6199951171875,243.5500030517578,245.44000244140625,213.3183441162109,63140100,yahoo
2017-08-23,244.3300018310547,245.0500030517578,244.1600036621093,244.5599975585937,212.55357360839844,50203800,yahoo
2017-08-24,245.0,245.17999267578125,243.75,243.9900054931641,212.05812072753903,50741700,yahoo
2017-08-25,244.8999938964844,245.6100006103516,244.38999938964844,244.5599975585937,212.55357360839844,64445900,yahoo
2017-08-28,245.1699981689453,245.1999969482422,244.08999633789065,244.57000732421875,212.56222534179688,40565600,yahoo
2017-08-29,243.0599975585937,245.1499938964844,242.92999267578125,244.8500061035156,212.8056030273437,51135700,yahoo
2017-08-30,244.8300018310547,246.32000732421875,244.6199951171875,246.009994506836,213.813720703125,62030800,yahoo
2017-08-31,246.72000122070312,247.7700042724609,246.0500030517578,247.4900054931641,215.10012817382807,103803900,yahoo
2017-09-01,247.9199981689453,248.3300018310547,247.6699981689453,247.83999633789065,215.4042816162109,62007000,yahoo
2017-09-05,247.259994506836,247.5200042724609,244.9499969482422,246.0599975585937,213.8572540283203,91398800,yahoo
2017-09-06,246.83999633789065,247.27999877929688,246.22999572753903,246.8999938964844,214.5872802734375,57916900,yahoo
2017-09-07,247.25,247.2700042724609,246.3999938964844,246.8699951171875,214.56124877929688,58034700,yahoo
2017-09-08,246.5399932861328,247.1100006103516,246.3000030517578,246.5800018310547,214.30918884277344,63832800,yahoo
2017-09-11,248.0399932861328,249.3000030517578,248.0200042724609,249.2100067138672,216.59494018554688,71364800,yahoo
2017-09-12,249.6300048828125,250.08999633789065,249.4199981689453,250.0500030517578,217.3251037597656,56896000,yahoo
2017-09-13,249.72000122070312,250.2100067138672,249.58999633789065,250.1699981689453,217.4293670654297,59228000,yahoo
2017-09-14,249.8000030517578,250.32000732421875,249.6000061035156,250.08999633789065,217.3598175048828,95446300,yahoo
2017-09-15,248.69000244140625,249.2899932861328,248.57000732421875,249.19000244140625,217.6524200439453,95432400,yahoo
2017-09-18,249.6100006103516,250.1199951171875,249.27999877929688,249.72000122070312,218.11538696289065,46235200,yahoo
2017-09-19,250.0,250.07000732421875,249.6000061035156,249.97000122070312,218.3336944580078,47108100,yahoo
2017-09-20,250.07000732421875,250.19000244140625,248.9199981689453,250.0599975585937,218.4123077392578,59574100,yahoo
2017-09-21,249.8800048828125,249.97999572753903,249.19000244140625,249.38999938964844,217.8270721435547,48211400,yahoo
2017-09-22,249.0500030517578,249.6300048828125,249.0200042724609,249.44000244140625,217.8708038330078,51214000,yahoo
2017-09-25,249.1499938964844,249.5500030517578,248.0800018310547,248.92999267578125,217.4252777099609,57064400,yahoo
2017-09-26,249.4199981689453,249.6999969482422,248.8099975585937,249.0800018310547,217.55636596679688,54082000,yahoo
2017-09-27,249.8800048828125,250.4900054931641,248.8699951171875,250.0500030517578,218.403564453125,81001400,yahoo
2017-09-28,249.72999572753903,250.44000244140625,249.6300048828125,250.3500061035156,218.66558837890625,44778800,yahoo
2017-09-29,250.33999633789065,251.32000732421875,250.1300048828125,251.22999572753903,219.4342498779297,85578000,yahoo
2017-10-02,251.4900054931641,252.32000732421875,251.2899932861328,252.32000732421875,220.38626098632807,59023000,yahoo
2017-10-03,252.32000732421875,252.88999938964844,252.22999572753903,252.8600006103516,220.85792541503903,66810200,yahoo
2017-10-04,252.69000244140625,253.44000244140625,252.5599975585937,253.1600036621093,221.11997985839844,55953600,yahoo
2017-10-05,253.5399932861328,254.67999267578125,253.1999969482422,254.6600036621093,222.43014526367188,63522800,yahoo
2017-10-06,254.1499938964844,254.6999969482422,253.8500061035156,254.3699951171875,222.1768493652344,80646000,yahoo
2017-10-09,254.6300048828125,254.6999969482422,253.6499938964844,253.9499969482422,221.8100128173828,35803100,yahoo
2017-10-10,254.6000061035156,255.0500030517578,253.97999572753903,254.6199951171875,222.3951416015625,43057400,yahoo
2017-10-11,254.509994506836,255.0200042724609,254.32000732421875,255.0200042724609,222.7445831298828,47674300,yahoo
2017-10-12,254.6600036621093,255.0599975585937,254.3699951171875,254.63999938964844,222.41265869140625,47065100,yahoo
2017-10-13,255.13999938964844,255.2700042724609,254.63999938964844,254.9499969482422,222.6834411621093,54800400,yahoo
2017-10-16,255.2100067138672,255.509994506836,254.82000732421875,255.2899932861328,222.98036193847656,38221700,yahoo
2017-10-17,255.22999572753903,255.5200042724609,254.97999572753903,255.47000122070312,223.1376037597656,31561000,yahoo
2017-10-18,255.8999938964844,255.9499969482422,255.5,255.72000122070312,223.35598754882807,40888300,yahoo
2017-10-19,254.8300018310547,255.8300018310547,254.3500061035156,255.7899932861328,223.4170837402344,61903800,yahoo
2017-10-20,256.70001220703125,257.1400146484375,255.7700042724609,257.1099853515625,224.57003784179688,89176400,yahoo
2017-10-23,257.4800109863281,257.510009765625,256.0199890136719,256.1099853515625,223.69664001464844,63915300,yahoo
2017-10-24,256.6000061035156,256.8299865722656,256.1499938964844,256.5599975585937,224.0896911621093,66935900,yahoo
2017-10-25,256.17999267578125,256.3099975585937,254.0,255.2899932861328,222.98036193847656,103715300,yahoo
2017-10-26,255.9900054931641,256.29998779296875,255.47999572753903,255.6199951171875,223.2686004638672,69798000,yahoo
2017-10-27,256.4700012207031,257.8900146484375,255.6300048828125,257.7099914550781,225.09413146972656,85562500,yahoo
2017-10-30,256.4700012207031,257.6000061035156,256.4100036621094,256.75,224.255615234375,54285700,yahoo
2017-10-31,257.17999267578125,257.44000244140625,256.8099975585937,257.1499938964844,224.60499572753903,60304800,yahoo
2017-11-01,258.0400085449219,258.42999267578125,257.07000732421875,257.489990234375,224.90191650390625,54202700,yahoo
2017-11-02,257.4100036621094,257.75,256.19000244140625,257.5899963378906,224.98928833007807,56449500,yahoo
2017-11-03,257.7699890136719,258.5,257.29998779296875,258.45001220703125,225.74044799804688,59589700,yahoo
2017-11-06,258.29998779296875,259.0,258.2200012207031,258.8500061035156,226.0897827148437,49652600,yahoo
2017-11-07,258.9700012207031,259.3500061035156,258.0899963378906,258.6700134277344,225.9326171875,57502200,yahoo
2017-11-08,258.4700012207031,259.2200012207031,258.1499938964844,259.1099853515625,226.31690979003903,50469600,yahoo
2017-11-09,257.7300109863281,258.3900146484375,256.3599853515625,258.1700134277344,225.4959259033203,95085500,yahoo
2017-11-10,257.7300109863281,258.2900085449219,257.3699951171875,258.0899963378906,225.42605590820312,59984700,yahoo
2017-11-13,257.3099975585937,258.5899963378906,257.2699890136719,258.3299865722656,225.6356506347656,50228600,yahoo
2017-11-14,257.4100036621094,257.8500061035156,256.5199890136719,257.7300109863281,225.1116180419922,61315200,yahoo
2017-11-15,256.6199951171875,257.2200012207031,255.6300048828125,256.44000244140625,223.98483276367188,80811500,yahoo
2017-11-16,257.5199890136719,259.0400085449219,257.4700012207031,258.6199951171875,225.8889617919922,67777000,yahoo
2017-11-17,258.2200012207031,258.5899963378906,257.7699890136719,257.8599853515625,225.2251739501953,75756800,yahoo
2017-11-20,258.1400146484375,258.5199890136719,257.8599853515625,258.29998779296875,225.60943603515625,48075500,yahoo
2017-11-21,259.17999267578125,260.20001220703125,258.260009765625,259.989990234375,227.0855407714844,69176800,yahoo
2017-11-22,260.0,260.1499938964844,259.57000732421875,259.760009765625,226.88465881347656,45033400,yahoo
2017-11-24,260.32000732421875,260.4800109863281,260.1600036621094,260.3599853515625,227.40872192382807,27856500,yahoo
2017-11-27,260.4100036621094,260.75,260.0,260.2300109863281,227.2951812744141,52274900,yahoo
2017-11-28,260.760009765625,262.8999938964844,260.6499938964844,262.8699951171875,229.60107421875,98971700,yahoo
2017-11-29,263.0199890136719,263.6300048828125,262.20001220703125,262.7099914550781,229.4613037109375,77512100,yahoo
2017-11-30,263.760009765625,266.04998779296875,263.6700134277344,265.010009765625,231.47023010253903,127894400,yahoo
2017-12-01,264.760009765625,265.3099975585937,260.760009765625,264.4599914550781,230.9898223876953,164390900,yahoo
2017-12-04,266.3099975585937,266.79998779296875,264.0799865722656,264.1400146484375,230.7103729248047,94040600,yahoo
2017-12-05,263.19000244140625,265.1499938964844,263.0400085449219,263.19000244140625,229.8805694580078,77994500,yahoo
2017-12-06,263.29998779296875,263.7300109863281,262.7099914550781,263.239990234375,229.92417907714844,75898600,yahoo
2017-12-07,264.07000732421875,264.42999267578125,262.94000244140625,264.07000732421875,230.6492156982422,77218600,yahoo
2017-12-08,265.1600036621094,265.5199890136719,264.0299987792969,265.510009765625,231.90689086914065,76563900,yahoo
2017-12-11,266.3099975585937,266.3800048828125,265.4800109863281,266.3099975585937,232.60574340820312,83077500,yahoo
2017-12-12,267.2099914550781,267.32000732421875,266.3500061035156,266.7799987792969,233.0161895751953,85195800,yahoo
2017-12-13,267.0599975585937,267.5599975585937,266.6499938964844,266.75,232.99002075195312,102905400,yahoo
2017-12-14,267.0899963378906,267.2200012207031,265.6000061035156,265.6600036621094,232.0379180908203,100666700,yahoo
2017-12-15,265.45001220703125,267.0400085449219,265.3900146484375,266.510009765625,233.9702606201172,144610300,yahoo
2017-12-18,268.1000061035156,268.6000061035156,267.9800109863281,268.20001220703125,235.45391845703125,83653600,yahoo
2017-12-19,268.4800109863281,268.5299987792969,267.0899963378906,267.1700134277344,234.5496368408203,82382900,yahoo
2017-12-20,268.2699890136719,268.3299865722656,266.69000244140625,267.0299987792969,234.42672729492188,76751500,yahoo
2017-12-21,267.739990234375,268.3900146484375,267.29998779296875,267.5799865722656,234.90956115722656,67032300,yahoo
2017-12-22,267.6000061035156,267.6400146484375,266.8999938964844,267.510009765625,234.84814453125,78720900,yahoo
2017-12-26,267.04998779296875,267.44000244140625,266.8900146484375,267.19000244140625,234.5671844482422,45244400,yahoo
2017-12-27,267.3800048828125,267.7300109863281,267.010009765625,267.32000732421875,234.6813201904297,57751000,yahoo
2017-12-28,267.8900146484375,267.9200134277344,267.45001220703125,267.8699951171875,235.1641540527344,45116100,yahoo
2017-12-29,268.5299987792969,268.54998779296875,266.6400146484375,266.8599853515625,234.2774658203125,96007400,yahoo
2018-01-02,267.8399963378906,268.8099975585937,267.3999938964844,268.7699890136719,235.9542999267578,86655700,yahoo
2018-01-03,268.9599914550781,270.6400146484375,268.9599914550781,270.4700012207031,237.4467315673828,90070400,yahoo
2018-01-04,271.20001220703125,272.1600036621094,270.5400085449219,271.6099853515625,238.44747924804688,80636400,yahoo
2018-01-05,272.510009765625,273.5599975585937,271.95001220703125,273.4200134277344,240.0365600585937,83524000,yahoo
2018-01-08,273.3099975585937,274.1000061035156,272.9800109863281,273.9200134277344,240.4754943847656,57319200,yahoo
2018-01-09,274.3999938964844,275.25,274.0799865722656,274.5400085449219,241.0197906494141,57254000,yahoo
2018-01-10,273.67999267578125,274.4200134277344,272.9200134277344,274.1199951171875,240.65115356445312,69574300,yahoo
2018-01-11,274.75,276.1199951171875,274.5599975585937,276.1199951171875,242.4069366455078,62361500,yahoo
2018-01-12,276.4200134277344,278.1099853515625,276.0799865722656,277.9200134277344,243.9871520996093,90816100,yahoo
2018-01-16,279.3500061035156,280.0899963378906,276.17999267578125,276.9700012207031,243.15313720703125,106555100,yahoo
2018-01-17,278.0299987792969,280.04998779296875,276.9700012207031,279.6099853515625,245.4707946777344,113258800,yahoo
2018-01-18,279.4800109863281,279.9599914550781,278.5799865722656,279.1400146484375,245.0582275390625,100728000,yahoo
2018-01-19,279.79998779296875,280.4100036621094,279.1400146484375,280.4100036621094,246.1730499267578,140920100,yahoo
2018-01-22,280.1700134277344,282.69000244140625,280.1099853515625,282.69000244140625,248.1747589111328,91322400,yahoo
2018-01-23,282.739990234375,283.6199951171875,282.3699951171875,283.2900085449219,248.70152282714844,97084700,yahoo
2018-01-24,284.0199890136719,284.70001220703125,281.8399963378906,283.17999267578125,248.60487365722656,134816100,yahoo
2018-01-25,284.1600036621094,284.2699890136719,282.3999938964844,283.29998779296875,248.710189819336,84587300,yahoo
2018-01-26,284.25,286.6300048828125,283.9599914550781,286.5799865722656,251.5897674560547,107743100,yahoo
2018-01-29,285.92999267578125,286.42999267578125,284.5,284.67999267578125,249.9217987060547,90118300,yahoo
2018-01-30,282.6000061035156,284.739990234375,281.2200012207031,281.760009765625,247.35829162597656,131796400,yahoo
2018-01-31,282.7300109863281,283.29998779296875,280.67999267578125,281.8999938964844,247.48114013671875,108364800,yahoo
2018-02-01,281.07000732421875,283.0599975585937,280.67999267578125,281.5799865722656,247.2001800537109,90102500,yahoo
2018-02-02,280.0799865722656,280.2300109863281,275.4100036621094,275.45001220703125,241.8187561035156,173174800,yahoo
2018-02-05,273.45001220703125,275.8500061035156,263.3099975585937,263.92999267578125,231.70523071289065,294681800,yahoo
2018-02-06,259.94000244140625,269.70001220703125,258.70001220703125,269.1300048828125,236.2703552246093,355026800,yahoo
2018-02-07,268.5,272.3599853515625,267.5799865722656,267.6700134277344,234.98866271972656,167376100,yahoo
2018-02-08,268.010009765625,268.1700134277344,257.5899963378906,257.6300048828125,226.17442321777344,246449500,yahoo
2018-02-09,260.79998779296875,263.6099853515625,252.9199981689453,261.5,229.57192993164065,283565300,yahoo
2018-02-12,263.8299865722656,267.010009765625,261.6600036621094,265.3399963378906,232.94305419921875,143736000,yahoo
2018-02-13,263.9700012207031,266.6199951171875,263.3099975585937,266.0,233.52247619628903,81223600,yahoo
2018-02-14,264.3099975585937,270.0,264.29998779296875,269.5899963378906,236.6741638183593,120735700,yahoo
2018-02-15,271.57000732421875,273.0400085449219,268.7699890136719,273.0299987792969,239.6941833496093,111200300,yahoo
2018-02-16,272.32000732421875,275.32000732421875,272.2699890136719,273.1099853515625,239.764404296875,160420100,yahoo
2018-02-20,272.0299987792969,273.6700134277344,270.5,271.3999938964844,238.2631683349609,86369700,yahoo
2018-02-21,271.8999938964844,274.7200012207031,269.94000244140625,270.04998779296875,237.0780639648437,98883700,yahoo
2018-02-22,271.1000061035156,273.04998779296875,269.6400146484375,270.3999938964844,237.3852386474609,110511300,yahoo
2018-02-23,271.7900085449219,274.7099914550781,271.25,274.7099914550781,241.1690826416016,92766400,yahoo
2018-02-26,275.92999267578125,278.010009765625,275.260009765625,277.8999938964844,243.969482421875,86491400,yahoo
2018-02-27,278.1099853515625,278.9200134277344,274.3599853515625,274.42999267578125,240.9232482910156,99099200,yahoo
2018-02-28,275.67999267578125,276.19000244140625,271.2900085449219,271.6499938964844,238.4826202392578,121907800,yahoo
2018-03-01,271.4100036621094,273.1700134277344,266.0,267.70001220703125,235.01495361328125,176855100,yahoo
2018-03-02,265.79998779296875,269.7200012207031,264.82000732421875,269.0799865722656,236.22634887695312,139083200,yahoo
2018-03-05,267.7300109863281,272.8900146484375,267.6099853515625,272.19000244140625,238.956771850586,97307400,yahoo
2018-03-06,273.29998779296875,273.3900146484375,271.17999267578125,272.8800048828125,239.5624847412109,79213200,yahoo
2018-03-07,270.4200134277344,273.17999267578125,270.20001220703125,272.7799987792969,239.4746856689453,87063500,yahoo
2018-03-08,273.54998779296875,274.239990234375,272.4200134277344,274.1000061035156,240.633529663086,66901200,yahoo
2018-03-09,275.70001220703125,278.8699951171875,275.3399963378906,278.8699951171875,244.8211364746093,113625300,yahoo
2018-03-12,279.20001220703125,279.9100036621094,278.0799865722656,278.5199890136719,244.5138702392578,71924800,yahoo
2018-03-13,279.8399963378906,280.4100036621094,276.0299987792969,276.7200012207031,242.93365478515625,91968900,yahoo
2018-03-14,277.8099975585937,278.0199890136719,274.6700134277344,275.29998779296875,241.6870574951172,105895100,yahoo
2018-03-15,275.8800048828125,276.6099853515625,274.42999267578125,275.0,241.42369079589844,83433000,yahoo
2018-03-16,274.5,275.3900146484375,274.1400146484375,274.20001220703125,241.6854248046875,100343700,yahoo
2018-03-19,273.3500061035156,274.3999938964844,268.6199951171875,270.489990234375,238.4153747558593,109208400,yahoo
2018-03-20,270.94000244140625,271.6700134277344,270.17999267578125,270.95001220703125,238.8207855224609,59757300,yahoo
2018-03-21,270.8999938964844,273.2699890136719,270.19000244140625,270.42999267578125,238.3624420166016,78709600,yahoo
2018-03-22,267.9100036621094,268.8699951171875,263.3599853515625,263.6700134277344,232.404052734375,148785900,yahoo
2018-03-23,264.1700134277344,264.5400085449219,257.8299865722656,258.04998779296875,227.450439453125,183534800,yahoo
2018-03-26,262.1300048828125,265.42999267578125,259.4100036621094,265.1099853515625,233.67330932617188,141956100,yahoo
2018-03-27,266.1700134277344,266.7699890136719,258.8399963378906,260.6000061035156,229.6980895996093,129941400,yahoo
2018-03-28,260.75,262.6400146484375,258.5799865722656,259.8299865722656,229.01942443847656,146452300,yahoo
2018-03-29,261.1199951171875,265.260009765625,259.8399963378906,263.1499938964844,231.94577026367188,111601600,yahoo
2018-04-02,262.54998779296875,263.1300048828125,254.6699981689453,257.4700012207031,226.93923950195312,186286300,yahoo
2018-04-03,258.8699951171875,261.3099975585937,256.8399963378906,260.7699890136719,229.847900390625,119956900,yahoo
2018-04-04,256.75,264.3599853515625,256.6000061035156,263.5599975585937,232.30712890625,123715300,yahoo
2018-04-05,265.54998779296875,266.6400146484375,264.32000732421875,265.6400146484375,234.14048767089844,82652600,yahoo
2018-04-06,263.4200134277344,265.1099853515625,258.0,259.7200012207031,228.9224548339844,179521200,yahoo
2018-04-09,261.3699951171875,264.8399963378906,259.94000244140625,261.0,230.05067443847656,105442900,yahoo
2018-04-10,264.2699890136719,266.0400085449219,262.9800109863281,265.1499938964844,233.70852661132807,103529000,yahoo
2018-04-11,263.4700012207031,265.6400146484375,263.3900146484375,263.760009765625,232.4833984375,91140200,yahoo
2018-04-12,265.260009765625,267.0,265.0599975585937,265.92999267578125,234.39610290527344,68890500,yahoo
2018-04-13,267.4100036621094,267.5400085449219,264.010009765625,265.1499938964844,233.70852661132807,85079200,yahoo
2018-04-16,267.0,268.20001220703125,266.07000732421875,267.3299865722656,235.630111694336,63405300,yahoo
2018-04-17,269.3299865722656,270.8699951171875,268.75,270.19000244140625,238.15090942382807,64682000,yahoo
2018-04-18,270.69000244140625,271.29998779296875,269.8699951171875,270.3900146484375,238.3272247314453,57303900,yahoo
2018-04-19,269.6499938964844,269.8800048828125,267.7200012207031,268.8900146484375,237.0050811767578,77655900,yahoo
2018-04-20,268.8099975585937,269.0599975585937,265.6099853515625,266.6099853515625,234.9954528808593,99953100,yahoo
2018-04-23,267.260009765625,267.8900146484375,265.3500061035156,266.57000732421875,234.9602966308593,65558000,yahoo
2018-04-24,267.7300109863281,267.9800109863281,261.2799987792969,262.9800109863281,231.79586791992188,112885500,yahoo
2018-04-25,262.9100036621094,264.1300048828125,260.8500061035156,263.6300048828125,232.36886596679688,103840900,yahoo
2018-04-26,264.7900085449219,267.25,264.2900085449219,266.3099975585937,234.7310791015625,67731900,yahoo
2018-04-27,267.0,267.3399963378906,265.5,266.5599975585937,234.951416015625,57053600,yahoo
2018-04-30,267.260009765625,267.8900146484375,264.42999267578125,264.510009765625,233.1444396972656,82182300,yahoo
2018-05-01,263.8699951171875,265.1000061035156,262.1099853515625,264.9800109863281,233.5587615966797,74203400,yahoo
2018-05-02,264.760009765625,265.67999267578125,262.760009765625,263.20001220703125,231.9897918701172,86368900,yahoo
2018-05-03,262.260009765625,263.3599853515625,259.04998779296875,262.6199951171875,231.47857666015625,136311500,yahoo
2018-05-04,261.5199890136719,266.7900085449219,261.1499938964844,266.0199890136719,234.47537231445312,91222100,yahoo
2018-05-07,266.8900146484375,268.0199890136719,266.1099853515625,266.9200134277344,235.2687225341797,55304900,yahoo
2018-05-08,266.5,267.3299865722656,265.1499938964844,266.9200134277344,235.2687225341797,67499200,yahoo
2018-05-09,267.67999267578125,269.8699951171875,267.0899963378906,269.5,237.542724609375,59666100,yahoo
2018-05-10,270.3399963378906,272.3900146484375,270.2200012207031,272.0199890136719,239.763900756836,72063900,yahoo
2018-05-11,272.1600036621094,273.1499938964844,271.5799865722656,272.8500061035156,240.49549865722656,59871500,yahoo
2018-05-14,273.3399963378906,274.0799865722656,272.3599853515625,272.9800109863281,240.6101226806641,54790600,yahoo
2018-05-15,271.5899963378906,271.6099853515625,270.0299987792969,271.1000061035156,238.95301818847656,87036100,yahoo
2018-05-16,271.1400146484375,272.760009765625,271.1099853515625,272.239990234375,239.95779418945312,53942600,yahoo
2018-05-17,271.94000244140625,273.2300109863281,271.1300048828125,272.010009765625,239.7552032470703,56536400,yahoo
2018-05-18,271.6199951171875,272.0299987792969,270.92999267578125,271.3299865722656,239.15577697753903,64368000,yahoo
2018-05-21,273.010009765625,273.9800109863281,272.57000732421875,273.3699951171875,240.95376586914065,58025900,yahoo
2018-05-22,273.9599914550781,274.25,272.239990234375,272.6099853515625,240.28390502929688,52966400,yahoo
2018-05-23,271.1700134277344,273.3900146484375,270.989990234375,273.3599853515625,240.9449920654297,64694200,yahoo
2018-05-24,272.9100036621094,273.2200012207031,270.7799987792969,272.79998779296875,240.451400756836,76043800,yahoo
2018-05-25,272.1499938964844,272.8599853515625,271.5799865722656,272.1499938964844,239.8784942626953,56374800,yahoo
2018-05-29,270.3099975585937,271.1700134277344,267.760009765625,269.0199890136719,237.1196746826172,115908600,yahoo
2018-05-30,270.5,273.1099853515625,270.4200134277344,272.6099853515625,240.28390502929688,69678400,yahoo
2018-05-31,272.1499938964844,272.489990234375,270.260009765625,270.94000244140625,238.81204223632807,93519900,yahoo
2018-06-01,272.4100036621094,273.94000244140625,272.3299865722656,273.6000061035156,241.15655517578125,71258400,yahoo
2018-06-04,274.5299987792969,275.19000244140625,274.260009765625,274.8999938964844,242.3024139404297,45385200,yahoo
2018-06-05,275.04998779296875,275.5299987792969,274.17999267578125,275.1000061035156,242.47866821289065,51135000,yahoo
2018-06-06,275.7900085449219,277.5199890136719,275.0899963378906,277.3999938964844,244.5059814453125,62732200,yahoo
2018-06-07,277.95001220703125,278.2799987792969,276.3399963378906,277.3699951171875,244.4795379638672,72969400,yahoo
2018-06-08,276.8500061035156,278.25,276.6600036621094,278.19000244140625,245.2023162841797,72139700,yahoo
2018-06-11,278.44000244140625,279.3699951171875,278.3099975585937,278.5599975585937,245.52842712402344,58892500,yahoo
2018-06-12,279.0299987792969,279.3299865722656,278.19000244140625,278.9200134277344,245.8456878662109,72329000,yahoo
2018-06-13,279.19000244140625,279.4800109863281,277.79998779296875,278.0299987792969,245.0613250732422,79070600,yahoo
2018-06-14,279.010009765625,279.3299865722656,278.0599975585937,278.7300109863281,245.6782989501953,77097600,yahoo
2018-06-15,276.6000061035156,277.510009765625,275.3500061035156,277.1300048828125,245.3648223876953,120041600,yahoo
2018-06-18,275.489990234375,276.70001220703125,274.95001220703125,276.5599975585937,244.8601531982422,52917600,yahoo
2018-06-19,274.0,275.75,273.5299987792969,275.5,243.9217224121093,97531500,yahoo
2018-06-20,276.2699890136719,276.7200012207031,275.5899963378906,275.9700012207031,244.3377685546875,53785500,yahoo
2018-06-21,275.9599914550781,275.9800109863281,273.67999267578125,274.239990234375,242.80615234375,71061400,yahoo
2018-06-22,275.6600036621094,275.7900085449219,274.489990234375,274.739990234375,243.24884033203125,54898500,yahoo
2018-06-25,273.44000244140625,273.6199951171875,269.1000061035156,271.0,239.9375,137854200,yahoo
2018-06-26,271.6400146484375,272.5599975585937,270.7900085449219,271.6000061035156,240.4686889648437,68547400,yahoo
2018-06-27,272.260009765625,273.8699951171875,269.17999267578125,269.3500061035156,238.47657775878903,105110700,yahoo
2018-06-28,269.2900085449219,271.75,268.489990234375,270.8900146484375,239.840087890625,76650500,yahoo
2018-06-29,272.1199951171875,273.6600036621094,271.1499938964844,271.2799987792969,240.1854553222656,97592500,yahoo
2018-07-02,269.510009765625,272.0400085449219,269.239990234375,271.8599853515625,240.69888305664065,63554800,yahoo
2018-07-03,272.8699951171875,272.9800109863281,270.4200134277344,270.8999938964844,239.84893798828125,42187100,yahoo
2018-07-05,272.1700134277344,273.17999267578125,270.9599914550781,273.1099853515625,241.8055725097656,56925900,yahoo
2018-07-06,273.1400146484375,275.8399963378906,272.7099914550781,275.4200134277344,243.85086059570312,66493700,yahoo
2018-07-09,276.54998779296875,277.9599914550781,276.5,277.8999938964844,246.0465850830078,50550400,yahoo
2018-07-10,278.4100036621094,279.010009765625,278.0799865722656,278.8999938964844,246.93194580078125,51966800,yahoo
2018-07-11,277.1499938964844,278.0400085449219,276.5199890136719,276.8599853515625,245.1258544921875,77054700,yahoo
2018-07-12,278.2799987792969,279.42999267578125,277.6000061035156,279.3699951171875,247.3480682373047,60124700,yahoo
2018-07-13,279.1700134277344,279.92999267578125,278.6600036621094,279.5899963378906,247.54293823242188,48216000,yahoo
2018-07-16,279.6400146484375,279.79998779296875,278.8399963378906,279.3399963378906,247.32147216796875,48201000,yahoo
2018-07-17,278.4700012207031,280.9100036621094,278.4100036621094,280.4700012207031,248.32196044921875,52315500,yahoo
2018-07-18,280.5599975585937,281.17999267578125,280.0599975585937,281.0599975585937,248.84442138671875,44593500,yahoo
2018-07-19,280.3099975585937,280.739990234375,279.4599914550781,280.0,247.9058990478516,61412100,yahoo
2018-07-20,279.7699890136719,280.4800109863281,279.5,279.67999267578125,247.6226043701172,82337700,yahoo
2018-07-23,279.45001220703125,280.42999267578125,279.0599975585937,280.20001220703125,248.0829620361328,47047600,yahoo
2018-07-24,281.7900085449219,282.5599975585937,280.6300048828125,281.6099853515625,249.33135986328125,68026900,yahoo
2018-07-25,281.3299865722656,284.3699951171875,281.2799987792969,284.010009765625,251.45620727539065,78882900,yahoo
2018-07-26,283.20001220703125,284.1099853515625,283.0899963378906,283.3399963378906,250.86309814453125,57919500,yahoo
2018-07-27,283.7099914550781,283.82000732421875,280.3800048828125,281.4200134277344,249.16314697265625,76768700,yahoo
2018-07-30,281.510009765625,281.69000244140625,279.3599853515625,279.95001220703125,247.86154174804688,63742500,yahoo
2018-07-31,280.8099975585937,282.0199890136719,280.3800048828125,281.3299865722656,249.08335876464844,68570500,yahoo
2018-08-01,281.5599975585937,282.1300048828125,280.1300048828125,280.8599853515625,248.6672515869141,53853300,yahoo
2018-08-02,279.3900146484375,282.5799865722656,279.1600036621094,282.3900146484375,250.02200317382807,63426400,yahoo
2018-08-03,282.5299987792969,283.6600036621094,282.3299865722656,283.6000061035156,251.0931854248047,53935400,yahoo
2018-08-06,283.6400146484375,284.989990234375,283.20001220703125,284.6400146484375,252.0140380859375,39400900,yahoo
2018-08-07,285.3900146484375,286.010009765625,285.239990234375,285.5799865722656,252.8462677001953,43196600,yahoo
2018-08-08,285.3900146484375,285.9100036621094,284.94000244140625,285.4599914550781,252.7400665283203,42114600,yahoo
2018-08-09,285.5299987792969,285.9700012207031,284.9200134277344,285.07000732421875,252.39474487304688,35717000,yahoo
2018-08-10,283.45001220703125,284.0599975585937,282.3599853515625,283.1600036621094,250.70372009277344,77076000,yahoo
2018-08-13,283.4700012207031,284.1600036621094,281.7699890136719,282.1000061035156,249.76513671875,65732900,yahoo
2018-08-14,282.9200134277344,284.1700134277344,282.4800109863281,283.8999938964844,251.35885620117188,43842000,yahoo
2018-08-15,282.3800048828125,282.5400085449219,280.1600036621094,281.7799987792969,249.4818420410156,102925400,yahoo
2018-08-16,283.3999938964844,285.0400085449219,283.3599853515625,284.0599975585937,251.5004425048828,69967900,yahoo
2018-08-17,283.8299865722656,285.5599975585937,283.3699951171875,285.0599975585937,252.38589477539065,65618500,yahoo
2018-08-20,285.57000732421875,285.9700012207031,285.0599975585937,285.6700134277344,252.92605590820312,39807500,yahoo
2018-08-21,286.25,287.3099975585937,285.7099914550781,286.3399963378906,253.5191802978516,67272000,yahoo
2018-08-22,285.8800048828125,286.760009765625,285.5799865722656,286.1700134277344,253.36865234375,44993300,yahoo
2018-08-23,285.9700012207031,286.94000244140625,285.42999267578125,285.7900085449219,253.03224182128903,49204900,yahoo
2018-08-24,286.44000244140625,287.6700134277344,286.3800048828125,287.510009765625,254.5550842285156,57487400,yahoo
2018-08-27,288.8599853515625,289.8999938964844,288.67999267578125,289.7799987792969,256.5648803710937,57072400,yahoo
2018-08-28,290.29998779296875,290.4200134277344,289.3999938964844,289.9200134277344,256.6888122558594,46943500,yahoo
2018-08-29,290.1600036621094,291.739990234375,289.8900146484375,291.4800109863281,258.07000732421875,61485500,yahoo
2018-08-30,290.94000244140625,291.3599853515625,289.6300048828125,290.29998779296875,257.0252380371094,61229500,yahoo
2018-08-31,289.8399963378906,290.8099975585937,289.2900085449219,290.3099975585937,257.0341186523437,66140800,yahoo
2018-09-04,289.8399963378906,290.2099914550781,288.67999267578125,289.8099975585937,256.59149169921875,57594400,yahoo
2018-09-05,289.4100036621094,289.6400146484375,287.8900146484375,289.0299987792969,255.9008026123047,72452400,yahoo
2018-09-06,289.1499938964844,289.489990234375,287.0,288.1600036621094,255.130599975586,65909900,yahoo
2018-09-07,286.9800109863281,288.70001220703125,286.7099914550781,287.6000061035156,254.63473510742188,73524800,yahoo
2018-09-10,288.739990234375,289.0400085449219,287.8800048828125,288.1000061035156,255.0774383544922,50210900,yahoo
2018-09-11,287.3699951171875,289.54998779296875,286.9800109863281,289.04998779296875,255.91845703125,50530500,yahoo
2018-09-12,289.0599975585937,289.79998779296875,288.2300109863281,289.1199951171875,255.98057556152344,59810800,yahoo
2018-09-13,290.32000732421875,291.0400085449219,290.0,290.8299865722656,257.4944763183594,51034200,yahoo
2018-09-14,291.0599975585937,291.2699890136719,290.0,290.8800048828125,257.5387268066406,55079900,yahoo
2018-09-17,290.82000732421875,290.8599853515625,289.0299987792969,289.3399963378906,256.1753234863281,68244000,yahoo
2018-09-18,289.5799865722656,291.5799865722656,289.54998779296875,290.9100036621094,257.5653076171875,61930400,yahoo
2018-09-19,290.9700012207031,291.69000244140625,290.8299865722656,291.2200012207031,257.83984375,49080600,yahoo
2018-09-20,292.6400146484375,293.94000244140625,291.239990234375,293.5799865722656,259.92919921875,100360600,yahoo
2018-09-21,293.0899963378906,293.2200012207031,291.8099975585937,291.989990234375,259.6918029785156,105479700,yahoo
2018-09-24,291.3399963378906,291.5,290.3699951171875,291.0199890136719,258.8291320800781,53409600,yahoo
2018-09-25,291.5299987792969,291.6499938964844,290.4800109863281,290.75,258.5889587402344,44370000,yahoo
2018-09-26,290.9100036621094,292.239990234375,289.4100036621094,289.8800048828125,257.8151550292969,79739700,yahoo
2018-09-27,290.4100036621094,291.9100036621094,290.1000061035156,290.69000244140625,258.53564453125,59249500,yahoo
2018-09-28,289.989990234375,291.2799987792969,289.95001220703125,290.7200012207031,258.5622253417969,70091400,yahoo
2018-10-01,292.1099853515625,292.92999267578125,290.9800109863281,291.7300109863281,259.4606018066406,62078900,yahoo
2018-10-02,291.5599975585937,292.3599853515625,291.1400146484375,291.5599975585937,259.3094177246094,47258200,yahoo
2018-10-03,292.739990234375,293.2099914550781,291.32000732421875,291.7200012207031,259.45166015625,64694600,yahoo
2018-10-04,291.17999267578125,291.239990234375,287.6600036621094,289.44000244140625,257.42388916015625,111545900,yahoo
2018-10-05,289.69000244140625,290.2699890136719,286.2200012207031,287.82000732421875,255.98312377929688,105951700,yahoo
2018-10-08,287.04998779296875,288.2200012207031,285.5,287.82000732421875,255.98312377929688,87742200,yahoo
2018-10-09,287.3900146484375,288.8599853515625,286.7699890136719,287.3999938964844,255.6095123291016,74339000,yahoo
2018-10-10,286.8299865722656,286.9100036621094,277.8800048828125,278.29998779296875,247.5162048339844,214731000,yahoo
2018-10-11,277.0799865722656,278.8999938964844,270.3599853515625,272.1700134277344,242.064208984375,274840500,yahoo
2018-10-12,276.7699890136719,277.0899963378906,272.3699951171875,275.95001220703125,245.42608642578125,183186500,yahoo
2018-10-15,275.54998779296875,277.0400085449219,274.29998779296875,274.3999938964844,244.0475006103516,102263700,yahoo
2018-10-16,276.6000061035156,280.82000732421875,276.07000732421875,280.3999938964844,249.3838653564453,118255800,yahoo
2018-10-17,280.44000244140625,281.1499938964844,277.5599975585937,280.45001220703125,249.4283142089844,110626000,yahoo
2018-10-18,279.3999938964844,280.07000732421875,274.9700012207031,276.3999938964844,245.8263702392578,134557500,yahoo
2018-10-19,277.1300048828125,279.29998779296875,275.4700012207031,276.25,245.69290161132807,139901600,yahoo
2018-10-22,277.0,277.3599853515625,274.4100036621094,275.010009765625,244.5901031494141,82415800,yahoo
2018-10-23,270.95001220703125,274.8699951171875,268.6099853515625,273.6099853515625,243.3448944091797,146352700,yahoo
2018-10-24,273.3299865722656,273.760009765625,264.70001220703125,265.32000732421875,235.9719390869141,177806700,yahoo
2018-10-25,267.3800048828125,271.8099975585937,266.2300109863281,270.0799865722656,240.2053985595703,138061500,yahoo
2018-10-26,265.9200134277344,271.0,262.2900085449219,265.3299865722656,235.9807586669922,201574600,yahoo
2018-10-29,268.79998779296875,270.25,259.8500061035156,263.8599853515625,234.67337036132807,160749100,yahoo
2018-10-30,263.6700134277344,268.1199951171875,263.1199951171875,267.7699890136719,238.15089416503903,157116000,yahoo
2018-10-31,270.6499938964844,273.2300109863281,270.1199951171875,270.6300048828125,240.694580078125,128296300,yahoo
2018-11-01,271.6000061035156,273.7300109863281,270.3800048828125,273.510009765625,243.2559814453125,99495000,yahoo
2018-11-02,274.75,275.2300109863281,269.5899963378906,271.8900146484375,241.815170288086,122634100,yahoo
2018-11-05,272.44000244140625,274.010009765625,271.3500061035156,273.3900146484375,243.1492614746093,65622500,yahoo
2018-11-06,273.32000732421875,275.29998779296875,273.25,275.1199951171875,244.6879272460937,60085900,yahoo
2018-11-07,277.5599975585937,281.1000061035156,277.0799865722656,281.010009765625,249.92642211914065,102752100,yahoo
2018-11-08,280.1099853515625,281.2200012207031,279.2200012207031,280.5,249.47283935546875,65584900,yahoo
2018-11-09,279.0299987792969,279.239990234375,276.17999267578125,277.760009765625,247.0358428955078,98812600,yahoo
2018-11-12,277.19000244140625,277.4599914550781,271.989990234375,272.57000732421875,242.4199981689453,99673600,yahoo
2018-11-13,273.0899963378906,275.3299865722656,271.25,272.0599975585937,241.96636962890625,98176600,yahoo
2018-11-14,274.1600036621094,274.6099853515625,268.45001220703125,270.20001220703125,240.3120574951172,125335900,yahoo
2018-11-15,268.7799987792969,273.5400085449219,267.010009765625,273.0199890136719,242.82012939453125,135101400,yahoo
2018-11-16,271.7900085449219,274.75,271.2099914550781,273.7300109863281,243.4516448974609,126668000,yahoo
2018-11-19,273.04998779296875,273.3800048828125,268.07000732421875,269.1000061035156,239.3338317871093,103061700,yahoo
2018-11-20,265.3599853515625,267.0,263.1499938964844,264.1199951171875,234.90460205078125,136021300,yahoo
2018-11-21,265.8599853515625,267.1499938964844,265.010009765625,265.0199890136719,235.7051544189453,75563700,yahoo
2018-11-23,263.17999267578125,264.82000732421875,263.07000732421875,263.25,234.1308441162109,42807900,yahoo
2018-11-26,265.7799987792969,267.75,265.3399963378906,267.5,237.91070556640625,79981400,yahoo
2018-11-27,266.3399963378906,268.3999938964844,265.6600036621094,268.3999938964844,238.71121215820312,75502400,yahoo
2018-11-28,269.6000061035156,274.5799865722656,268.3299865722656,274.5799865722656,244.2076416015625,127629600,yahoo
2018-11-29,273.7099914550781,275.54998779296875,272.42999267578125,273.9800109863281,243.6739959716797,82346400,yahoo
2018-11-30,273.8099975585937,276.2799987792969,273.45001220703125,275.6499938964844,245.1593017578125,98204200,yahoo
2018-12-03,280.2799987792969,280.3999938964844,277.510009765625,279.29998779296875,248.405517578125,103176300,yahoo
2018-12-04,278.3699951171875,278.8500061035156,269.8999938964844,270.25,240.3566131591797,177986000,yahoo
2018-12-06,265.9200134277344,269.9700012207031,262.44000244140625,269.8399963378906,239.99185180664065,204185400,yahoo
2018-12-07,269.4599914550781,271.2200012207031,262.6300048828125,263.57000732421875,234.4154663085937,161018900,yahoo
2018-12-10,263.3699951171875,265.1600036621094,258.6199951171875,264.07000732421875,234.8601837158203,151445900,yahoo
2018-12-11,267.6600036621094,267.8699951171875,262.4800109863281,264.1300048828125,234.9134979248047,121504400,yahoo
2018-12-12,267.4700012207031,269.0,265.3699951171875,265.4599914550781,236.096435546875,97976700,yahoo
2018-12-13,266.5199890136719,267.489990234375,264.1199951171875,265.3699951171875,236.01632690429688,96662700,yahoo
2018-12-14,262.9599914550781,264.0299987792969,259.8500061035156,260.4700012207031,231.65838623046875,116961100,yahoo
2018-12-17,259.3999938964844,260.6499938964844,253.52999877929688,255.3600006103516,227.11363220214844,165492300,yahoo
2018-12-18,257.20001220703125,257.95001220703125,253.27999877929688,255.0800018310547,226.86460876464844,134515100,yahoo
2018-12-19,255.1699981689453,259.3999938964844,249.3500061035156,251.259994506836,223.46714782714844,214992800,yahoo
2018-12-20,249.8600006103516,251.6199951171875,244.6499938964844,247.1699981689453,219.8295440673828,252053400,yahoo
2018-12-21,246.7400054931641,249.7100067138672,239.97999572753903,240.6999969482422,215.3253326416016,255345600,yahoo
2018-12-24,239.0399932861328,240.83999633789065,234.2700042724609,234.33999633789065,209.6358642578125,147311600,yahoo
2018-12-26,235.97000122070312,246.17999267578125,233.759994506836,246.17999267578125,220.2276306152344,218485400,yahoo
2018-12-27,242.57000732421875,248.2899932861328,238.9600067138672,248.07000732421875,221.9184112548828,186267300,yahoo
2018-12-28,249.5800018310547,251.3999938964844,246.4499969482422,247.75,221.6321258544922,153100200,yahoo
2018-12-31,249.5599975585937,250.19000244140625,247.47000122070312,249.9199981689453,223.57339477539065,144299400,yahoo
2019-01-02,245.97999572753903,251.2100067138672,245.9499969482422,250.17999267578125,223.8059234619141,126925200,yahoo
2019-01-03,248.22999572753903,248.57000732421875,243.6699981689453,244.2100067138672,218.4653167724609,144140700,yahoo
2019-01-04,247.58999633789065,253.1100006103516,247.1699981689453,252.38999938964844,225.78298950195312,142628800,yahoo
2019-01-07,252.69000244140625,255.9499969482422,251.69000244140625,254.3800048828125,227.56317138671875,103139100,yahoo
2019-01-08,256.82000732421875,257.3099975585937,254.0,256.7699890136719,229.70127868652344,102512600,yahoo
2019-01-09,257.5599975585937,258.9100036621094,256.19000244140625,257.9700012207031,230.7747344970703,95006600,yahoo
2019-01-10,256.260009765625,259.1600036621094,255.5,258.8800048828125,231.5888214111328,96823900,yahoo
2019-01-11,257.67999267578125,259.010009765625,257.0299987792969,258.9800109863281,231.6782684326172,73858100,yahoo
2019-01-14,256.8599853515625,258.29998779296875,256.4100036621094,257.3999938964844,230.26483154296875,70908200,yahoo
2019-01-15,257.82000732421875,260.70001220703125,257.8099975585937,260.3500061035156,232.9038543701172,85208300,yahoo
2019-01-16,260.8299865722656,261.9700012207031,260.6000061035156,260.9800109863281,233.4674224853516,77636700,yahoo
2019-01-17,260.010009765625,263.9200134277344,259.9599914550781,262.9599914550781,235.23866271972656,96118400,yahoo
2019-01-18,264.9800109863281,266.9800109863281,263.0,266.4599914550781,238.36968994140625,127900300,yahoo
2019-01-22,264.82000732421875,265.0599975585937,261.0599975585937,262.8599853515625,235.14920043945312,115531200,yahoo
2019-01-23,264.010009765625,264.7900085449219,260.6600036621094,263.4100036621094,235.64126586914065,86030300,yahoo
2019-01-24,263.2099914550781,264.20001220703125,262.0799865722656,263.54998779296875,235.76649475097656,59204100,yahoo
2019-01-25,265.6099853515625,266.70001220703125,263.6600036621094,265.7799987792969,237.7614288330078,96883400,yahoo
2019-01-28,263.3900146484375,263.8299865722656,261.7900085449219,263.760009765625,235.9543609619141,85613700,yahoo
2019-01-29,263.9200134277344,264.54998779296875,262.4800109863281,263.4100036621094,235.64126586914065,66136300,yahoo
2019-01-30,265.1000061035156,268.5199890136719,264.25,267.5799865722656,239.3716735839844,92473700,yahoo
2019-01-31,267.510009765625,270.4700012207031,267.2699890136719,269.92999267578125,241.47390747070312,104012100,yahoo
2019-02-01,270.1499938964844,271.20001220703125,269.17999267578125,270.0599975585937,241.5901794433593,85782500,yahoo
2019-02-04,270.1099853515625,272.0299987792969,269.3599853515625,271.9599914550781,243.28990173339844,60744800,yahoo
2019-02-05,272.44000244140625,273.44000244140625,271.8800048828125,273.1000061035156,244.3097686767578,79552800,yahoo
2019-02-06,272.7900085449219,273.3399963378906,271.9200134277344,272.739990234375,243.98765563964844,58347800,yahoo
2019-02-07,270.94000244140625,271.54998779296875,268.2900085449219,270.1400146484375,241.66183471679688,95482000,yahoo
2019-02-08,268.75,270.5799865722656,267.8299865722656,270.4700012207031,241.9570159912109,75788900,yahoo
2019-02-11,271.20001220703125,271.489990234375,270.0299987792969,270.6199951171875,242.0911865234375,68021400,yahoo
2019-02-12,272.4200134277344,274.5199890136719,272.3399963378906,274.1000061035156,245.204330444336,72270200,yahoo
2019-02-13,275.0299987792969,275.92999267578125,274.5599975585937,274.989990234375,246.00045776367188,65277200,yahoo
2019-02-14,273.7799987792969,275.6400146484375,272.8699951171875,274.3800048828125,245.45477294921875,83234400,yahoo
2019-02-15,276.3599853515625,277.4100036621094,276.1300048828125,277.3699951171875,248.129623413086,97088700,yahoo
2019-02-19,276.4800109863281,278.5799865722656,276.4700012207031,277.8500061035156,248.5590057373047,59120800,yahoo
2019-02-20,277.8099975585937,278.9200134277344,277.25,278.4100036621094,249.05992126464844,76610800,yahoo
2019-02-21,277.70001220703125,278.1000061035156,276.3500061035156,277.4200134277344,248.17431640625,64214700,yahoo
2019-02-22,278.1099853515625,279.3599853515625,277.3999938964844,279.1400146484375,249.71310424804688,78114600,yahoo
2019-02-25,280.7300109863281,281.3099975585937,279.42999267578125,279.5199890136719,250.052978515625,69030700,yahoo
2019-02-26,279.1300048828125,280.29998779296875,278.8999938964844,279.32000732421875,249.8739776611328,56844100,yahoo
2019-02-27,278.5199890136719,279.5899963378906,277.4800109863281,279.20001220703125,249.76666259765625,56921600,yahoo
2019-02-28,278.9599914550781,279.45001220703125,278.32000732421875,278.67999267578125,249.3014678955078,69268300,yahoo
2019-03-01,280.44000244140625,280.8800048828125,278.82000732421875,280.4200134277344,250.8579864501953,78880500,yahoo
2019-03-04,281.6000061035156,281.8699951171875,276.8399963378906,279.3999938964844,249.9456329345703,106494600,yahoo
2019-03-05,279.5400085449219,279.760009765625,278.4100036621094,279.0199890136719,249.60562133789065,59114600,yahoo
2019-03-06,279.1499938964844,279.1600036621094,276.9700012207031,277.3299865722656,248.09378051757807,75039800,yahoo
2019-03-07,276.8299865722656,276.989990234375,274.07000732421875,275.010009765625,246.0183868408203,94885100,yahoo
2019-03-08,272.94000244140625,274.6499938964844,272.4200134277344,274.4599914550781,245.52638244628903,85795800,yahoo
2019-03-11,275.260009765625,278.6199951171875,275.2300109863281,278.44000244140625,249.0867919921875,65098900,yahoo
2019-03-12,279.0599975585937,280.07000732421875,278.8500061035156,279.489990234375,250.02603149414065,79667500,yahoo
2019-03-13,280.4800109863281,282.3800048828125,280.29998779296875,281.3399963378906,251.6810913085937,80639200,yahoo
2019-03-14,281.3699951171875,281.8399963378906,280.6700134277344,281.1600036621094,251.52008056640625,67518400,yahoo
2019-03-15,280.5400085449219,282.2099914550781,280.3299865722656,281.3099975585937,252.76271057128903,81309000,yahoo
2019-03-18,281.54998779296875,282.6600036621094,281.29998779296875,282.3299865722656,253.6791839599609,62199800,yahoo
2019-03-19,283.510009765625,284.3599853515625,281.4100036621094,282.3999938964844,253.74205017089844,90268100,yahoo
2019-03-20,282.1600036621094,283.5,280.32000732421875,281.54998779296875,252.9783630371093,84609200,yahoo
2019-03-21,280.6400146484375,285.17999267578125,280.5899963378906,284.7300109863281,255.835678100586,79550400,yahoo
2019-03-22,283.2200012207031,283.79998779296875,279.17999267578125,279.25,250.91172790527344,122659300,yahoo
2019-03-25,278.8699951171875,280.19000244140625,277.6400146484375,279.0400085449219,250.72296142578125,85575200,yahoo
2019-03-26,280.989990234375,282.17999267578125,279.5599975585937,281.1199951171875,252.5919647216797,68125900,yahoo
2019-03-27,281.1099853515625,281.760009765625,277.92999267578125,279.6499938964844,251.27117919921875,72224700,yahoo
2019-03-28,280.3500061035156,281.2099914550781,279.07000732421875,280.7099914550781,252.22360229492188,56238500,yahoo
2019-03-29,282.3900146484375,282.8399963378906,281.1400146484375,282.4800109863281,253.81396484375,82186800,yahoo
2019-04-01,284.70001220703125,286.1600036621094,284.3999938964844,285.8299865722656,256.8241271972656,77617900,yahoo
2019-04-02,286.0400085449219,286.2300109863281,285.0899963378906,285.9700012207031,256.9497985839844,40070400,yahoo
2019-04-03,287.32000732421875,287.760009765625,285.75,286.4200134277344,257.3541564941406,68243200,yahoo
2019-04-04,286.7799987792969,287.4599914550781,286.010009765625,287.17999267578125,258.0370483398437,48997500,yahoo
2019-04-05,287.9200134277344,288.6300048828125,287.6000061035156,288.57000732421875,259.2860107421875,58621700,yahoo
2019-04-08,288.1000061035156,288.9100036621094,287.3699951171875,288.7900085449219,259.48358154296875,53566300,yahoo
2019-04-09,287.7200012207031,288.0799865722656,286.70001220703125,287.3099975585937,258.15386962890625,66142300,yahoo
2019-04-10,287.7699890136719,288.3900146484375,287.3099975585937,288.2900085449219,259.0343322753906,52601500,yahoo
2019-04-11,288.8299865722656,288.8399963378906,287.5799865722656,288.2099914550781,258.96246337890625,55093100,yahoo
2019-04-12,290.0,290.4700012207031,288.260009765625,290.1600036621094,260.7146301269531,69727800,yahoo
2019-04-15,290.239990234375,290.3500061035156,289.0799865722656,289.9700012207031,260.5438232421875,49596700,yahoo
2019-04-16,290.95001220703125,291.010009765625,289.5,290.1600036621094,260.7146301269531,52153200,yahoo
2019-04-17,291.3999938964844,291.42999267578125,288.989990234375,289.45001220703125,260.0767517089844,58268300,yahoo
2019-04-18,290.1000061035156,290.32000732421875,288.6600036621094,290.0199890136719,260.5887756347656,68708500,yahoo
2019-04-22,289.1700134277344,290.44000244140625,289.07000732421875,290.2699890136719,260.8134460449219,40160100,yahoo
2019-04-23,290.67999267578125,293.1400146484375,290.4200134277344,292.8800048828125,263.1586303710937,52246600,yahoo
2019-04-24,292.7900085449219,293.1600036621094,292.07000732421875,292.2300109863281,262.5745849609375,50392900,yahoo
2019-04-25,292.1199951171875,292.7799987792969,290.7300109863281,292.04998779296875,262.41278076171875,57770900,yahoo
2019-04-26,292.1000061035156,293.489990234375,291.239990234375,293.4100036621094,263.6347961425781,50916400,yahoo
2019-04-29,293.510009765625,294.45001220703125,293.4100036621094,293.8699951171875,264.0480651855469,57197700,yahoo
2019-04-30,293.489990234375,294.3399963378906,291.9200134277344,294.0199890136719,264.182861328125,81111700,yahoo
2019-05-01,294.7200012207031,294.95001220703125,291.79998779296875,291.8099975585937,262.1971435546875,71671900,yahoo
2019-05-02,291.67999267578125,292.70001220703125,289.5199890136719,291.17999267578125,261.631103515625,65030200,yahoo
2019-05-03,292.82000732421875,294.3399963378906,291.29998779296875,294.0299987792969,264.1918640136719,56543700,yahoo
2019-05-06,289.25,293.3099975585937,288.8999938964844,292.82000732421875,263.10467529296875,107198100,yahoo
2019-05-07,290.1499938964844,290.8099975585937,285.8099975585937,287.92999267578125,258.7109375,144729900,yahoo
2019-05-08,287.5299987792969,289.42999267578125,286.8699951171875,287.5299987792969,258.3515014648437,91568300,yahoo
2019-05-09,285.2300109863281,287.3299865722656,283.29998779296875,286.6600036621094,257.56988525390625,103471100,yahoo
2019-05-10,285.6199951171875,288.94000244140625,282.29998779296875,288.1000061035156,258.8636474609375,112429300,yahoo
2019-05-13,282.4200134277344,283.489990234375,279.92999267578125,280.8599853515625,252.35836791992188,127290500,yahoo
2019-05-14,281.989990234375,285.1000061035156,281.8500061035156,283.3999938964844,254.6405639648437,77003200,yahoo
2019-05-15,281.5899963378906,285.7699890136719,281.3599853515625,285.0599975585937,256.13214111328125,73956400,yahoo
2019-05-16,285.8399963378906,289.2099914550781,285.760009765625,287.70001220703125,258.50421142578125,76749600,yahoo
2019-05-17,285.1400146484375,288.6000061035156,285.1199951171875,285.8399963378906,256.8329772949219,100353000,yahoo
2019-05-20,284.0599975585937,285.9599914550781,283.1199951171875,283.95001220703125,255.1347503662109,62877600,yahoo
2019-05-21,285.8299865722656,286.92999267578125,285.54998779296875,286.510009765625,257.4349670410156,46847100,yahoo
2019-05-22,285.45001220703125,286.69000244140625,285.1000061035156,285.6300048828125,256.6443176269531,49482500,yahoo
2019-05-23,283.1600036621094,283.2099914550781,280.57000732421875,282.1400146484375,253.5084991455078,98733800,yahoo
2019-05-24,283.739990234375,284.20001220703125,282.0899963378906,282.7799987792969,254.08346557617188,55268100,yahoo
2019-05-28,283.0899963378906,284.1499938964844,280.1300048828125,280.1499938964844,251.7203826904297,70029400,yahoo
2019-05-29,278.9100036621094,279.3599853515625,276.7099914550781,278.2699890136719,250.0311584472656,104972900,yahoo
2019-05-30,279.1099853515625,280.0400085449219,277.8099975585937,279.0299987792969,250.714111328125,62523800,yahoo
2019-05-31,276.20001220703125,277.1199951171875,275.239990234375,275.2699890136719,247.33555603027344,86862800,yahoo
2019-06-03,275.3099975585937,276.54998779296875,273.0899963378906,274.57000732421875,246.7067108154297,96428000,yahoo
2019-06-04,277.1199951171875,280.67999267578125,276.6199951171875,280.5299987792969,252.0618438720703,77231900,yahoo
2019-06-05,282.3299865722656,282.989990234375,280.32000732421875,282.9599914550781,254.2452087402344,71169700,yahoo
2019-06-06,283.2900085449219,285.54998779296875,282.57000732421875,284.79998779296875,255.89854431152344,69430400,yahoo
2019-06-07,285.92999267578125,288.8500061035156,285.739990234375,287.6499938964844,258.4593505859375,74272200,yahoo
2019-06-10,289.3699951171875,290.82000732421875,288.8699951171875,288.9700012207031,259.6453552246094,60799100,yahoo
2019-06-11,290.989990234375,291.3999938964844,288.17999267578125,288.8999938964844,259.58251953125,58641300,yahoo
2019-06-12,288.6400146484375,289.260009765625,287.82000732421875,288.3900146484375,259.1242980957031,47096300,yahoo
2019-06-13,289.3999938964844,289.9800109863281,288.6199951171875,289.5799865722656,260.1934814453125,48945200,yahoo
2019-06-14,289.260009765625,289.92999267578125,288.4100036621094,289.260009765625,259.9059753417969,52324700,yahoo
2019-06-17,289.5199890136719,290.2200012207031,289.17999267578125,289.3699951171875,260.0047912597656,39205700,yahoo
2019-06-18,291.3900146484375,293.57000732421875,290.989990234375,292.3999938964844,262.72723388671875,85434800,yahoo
2019-06-19,292.54998779296875,293.6499938964844,291.4700012207031,293.0599975585937,263.3203430175781,78674400,yahoo
2019-06-20,296.0400085449219,296.3099975585937,293.1300048828125,295.8599853515625,265.8361511230469,116570000,yahoo
2019-06-21,294.1300048828125,295.5199890136719,293.760009765625,294.0,265.4497375488281,83309500,yahoo
2019-06-24,294.2300109863281,294.5799865722656,293.4700012207031,293.6400146484375,265.1247253417969,47582700,yahoo
2019-06-25,293.70001220703125,293.7300109863281,290.6400146484375,290.760009765625,262.5243530273437,82028700,yahoo
2019-06-26,291.75,292.3099975585937,290.3500061035156,290.4700012207031,262.26251220703125,51584900,yahoo
2019-06-27,291.3099975585937,292.0599975585937,290.8900146484375,291.5,263.19244384765625,40355200,yahoo
2019-06-28,292.5799865722656,293.54998779296875,292.010009765625,293.0,264.5468139648437,59350900,yahoo
2019-07-01,296.67999267578125,296.9200134277344,294.3299865722656,295.6600036621094,266.94854736328125,78705600,yahoo
2019-07-02,295.6099853515625,296.489990234375,294.67999267578125,296.42999267578125,267.6437683105469,61504500,yahoo
2019-07-03,297.17999267578125,298.82000732421875,297.0199890136719,298.79998779296875,269.7835693359375,40898900,yahoo
2019-07-05,297.44000244140625,298.6400146484375,296.010009765625,298.4599914550781,269.4766540527344,51677300,yahoo
2019-07-08,297.010009765625,298.260009765625,296.2200012207031,296.82000732421875,267.995849609375,45841800,yahoo
2019-07-09,295.5400085449219,297.5199890136719,295.4800109863281,297.19000244140625,268.32989501953125,41101300,yahoo
2019-07-10,298.3699951171875,299.6600036621094,297.7799987792969,298.6099853515625,269.6120300292969,58448500,yahoo
2019-07-11,299.32000732421875,299.5799865722656,298.20001220703125,299.3099975585937,270.2440795898437,50826100,yahoo
2019-07-12,299.8500061035156,300.7300109863281,299.510009765625,300.6499938964844,271.4539489746094,40326000,yahoo
2019-07-15,301.1300048828125,301.1300048828125,300.19000244140625,300.75,271.54425048828125,33900000,yahoo
2019-07-16,300.6499938964844,300.8800048828125,299.44000244140625,299.7799987792969,270.66845703125,36650100,yahoo
2019-07-17,299.75,299.92999267578125,297.739990234375,297.739990234375,268.8265380859375,36036300,yahoo
2019-07-18,297.19000244140625,299.25,296.70001220703125,298.8299865722656,269.81072998046875,51392600,yahoo
2019-07-19,300.0400085449219,300.07000732421875,296.9800109863281,297.1700134277344,268.3118591308594,58678600,yahoo
2019-07-22,297.6099853515625,298.5,297.0400085449219,297.8999938964844,268.9709167480469,43638100,yahoo
2019-07-23,299.1400146484375,300.0299987792969,298.2200012207031,300.0299987792969,270.8941955566406,44564500,yahoo
2019-07-24,299.19000244140625,301.44000244140625,299.0899963378906,301.44000244140625,272.167236328125,47213200,yahoo
2019-07-25,300.94000244140625,301.0,299.1099853515625,300.0,270.8670654296875,55394100,yahoo
2019-07-26,300.760009765625,302.2300109863281,300.6199951171875,302.010009765625,272.68182373046875,45084100,yahoo
2019-07-29,301.8800048828125,302.010009765625,300.8500061035156,301.4599914550781,272.18524169921875,38126500,yahoo
2019-07-30,299.9100036621094,301.1700134277344,299.489990234375,300.7200012207031,271.5171813964844,45849000,yahoo
2019-07-31,300.989990234375,301.20001220703125,295.20001220703125,297.42999267578125,268.5466613769531,104245200,yahoo
2019-08-01,297.6000061035156,300.8699951171875,293.9599914550781,294.8399963378906,266.20819091796875,142646600,yahoo
2019-08-02,293.8500061035156,294.1199951171875,290.8999938964844,292.6199951171875,264.2037353515625,116749700,yahoo
2019-08-05,288.0899963378906,288.2099914550781,281.7200012207031,283.82000732421875,256.2583312988281,178745400,yahoo
2019-08-06,285.9100036621094,288.0400085449219,284.2799987792969,287.79998779296875,259.8517761230469,120711700,yahoo
2019-08-07,284.3999938964844,288.82000732421875,282.0400085449219,287.9700012207031,260.0053100585937,140572300,yahoo
2019-08-08,289.6199951171875,293.6199951171875,289.010009765625,293.6199951171875,265.1065673828125,87713900,yahoo
2019-08-09,292.5799865722656,293.239990234375,289.6499938964844,291.6199951171875,263.3009033203125,93730000,yahoo
2019-08-12,289.9599914550781,291.6099853515625,287.0199890136719,288.07000732421875,260.0955810546875,65527600,yahoo
2019-08-13,287.739990234375,294.1499938964844,287.3599853515625,292.54998779296875,264.14044189453125,94299800,yahoo
2019-08-14,288.07000732421875,288.739990234375,283.760009765625,283.8999938964844,256.3305358886719,135622100,yahoo
2019-08-15,284.8800048828125,285.6400146484375,282.3900146484375,284.6499938964844,257.0076904296875,99556600,yahoo
2019-08-16,286.4800109863281,289.3299865722656,284.7099914550781,288.8500061035156,260.7998352050781,83018300,yahoo
2019-08-19,292.19000244140625,293.0799865722656,291.44000244140625,292.3299865722656,263.9419250488281,53571800,yahoo
2019-08-20,291.7699890136719,292.3599853515625,289.95001220703125,290.0899963378906,261.9194641113281,51596400,yahoo
2019-08-21,292.4800109863281,292.8599853515625,291.7200012207031,292.45001220703125,264.0502319335937,49524700,yahoo
2019-08-22,293.2300109863281,293.92999267578125,290.3999938964844,292.3599853515625,263.9689636230469,51666400,yahoo
2019-08-23,290.9200134277344,292.760009765625,283.4700012207031,284.8500061035156,257.1882629394531,149161500,yahoo
2019-08-26,287.2699890136719,288.0,285.5799865722656,288.0,260.0323791503906,72423800,yahoo
2019-08-27,289.5400085449219,289.95001220703125,286.0299987792969,286.8699951171875,259.0120849609375,66668900,yahoo
2019-08-28,286.1400146484375,289.07000732421875,285.25,288.8900146484375,260.8360595703125,59696700,yahoo
2019-08-29,291.7200012207031,293.1600036621094,290.6099853515625,292.5799865722656,264.1676025390625,57899400,yahoo
2019-08-30,294.2200012207031,294.239990234375,291.4200134277344,292.45001220703125,264.0502319335937,62901200,yahoo
2019-09-03,290.57000732421875,291.5799865722656,289.2699890136719,290.739990234375,262.5062561035156,69101400,yahoo
2019-09-04,293.1400146484375,294.0599975585937,292.3099975585937,294.0400085449219,265.4858703613281,46887300,yahoo
2019-09-05,296.7900085449219,298.8299865722656,294.0,297.82000732421875,268.8988342285156,83258100,yahoo
2019-09-06,298.1700134277344,298.760009765625,297.4200134277344,298.04998779296875,269.1064758300781,49584300,yahoo
2019-09-09,299.1400146484375,299.239990234375,297.1600036621094,298.20001220703125,269.2419128417969,51260300,yahoo
2019-09-10,297.3599853515625,298.20001220703125,295.9700012207031,298.1300048828125,269.1786193847656,57947100,yahoo
2019-09-11,298.4700012207031,300.3399963378906,297.75,300.25,271.0928649902344,68821100,yahoo
2019-09-12,301.25,302.4599914550781,300.4100036621094,301.2900085449219,272.0317687988281,72908700,yahoo
2019-09-13,301.7799987792969,302.1700134277344,300.67999267578125,301.0899963378906,271.8511962890625,62104800,yahoo
2019-09-16,299.8399963378906,301.1400146484375,299.45001220703125,300.1600036621094,271.0115661621094,58191200,yahoo
2019-09-17,299.94000244140625,301.0199890136719,299.75,300.9200134277344,271.6977233886719,41475500,yahoo
2019-09-18,300.489990234375,301.2200012207031,298.239990234375,301.1000061035156,271.8601379394531,73375800,yahoo
2019-09-19,301.5299987792969,302.6300048828125,300.7099914550781,301.0799865722656,271.8421630859375,76560500,yahoo
2019-09-20,300.3599853515625,300.6700134277344,297.4100036621094,298.2799987792969,270.5578308105469,89565000,yahoo
2019-09-23,297.54998779296875,299.0,297.2699890136719,298.2099914550781,270.4942626953125,43476800,yahoo
2019-09-24,299.4100036621094,299.8399963378906,294.8099975585937,295.8699951171875,268.37176513671875,94869400,yahoo
2019-09-25,295.9599914550781,298.1099853515625,294.3299865722656,297.6199951171875,269.9591064453125,71854000,yahoo
2019-09-26,297.6300048828125,297.8599853515625,295.45001220703125,297.0,269.396728515625,56179700,yahoo
2019-09-27,297.8299865722656,297.95001220703125,293.69000244140625,295.3999938964844,267.94549560546875,84746600,yahoo
2019-09-30,295.9700012207031,297.54998779296875,295.9200134277344,296.7699890136719,269.1881408691406,51662400,yahoo
2019-10-01,297.739990234375,298.4599914550781,293.0,293.239990234375,265.9861755371094,88242400,yahoo
2019-10-02,291.5,291.510009765625,286.6400146484375,288.0599975585937,261.28759765625,122539500,yahoo
2019-10-03,287.8099975585937,290.45001220703125,284.82000732421875,290.4200134277344,263.4282531738281,85278800,yahoo
2019-10-04,291.1400146484375,294.6300048828125,291.0799865722656,294.3500061035156,266.9930114746094,65091200,yahoo
2019-10-07,293.4700012207031,295.260009765625,292.7699890136719,293.0799865722656,265.84100341796875,59610500,yahoo
2019-10-08,291.0400085449219,291.8500061035156,288.489990234375,288.5299987792969,261.7138977050781,95708100,yahoo
2019-10-09,290.75,292.29998779296875,290.0599975585937,291.2699890136719,264.1993408203125,62359400,yahoo
2019-10-10,291.17999267578125,294.2099914550781,291.0,293.239990234375,265.9861755371094,55296300,yahoo
2019-10-11,296.2699890136719,298.739990234375,296.1400146484375,296.2799987792969,268.74365234375,98720400,yahoo
2019-10-14,295.92999267578125,296.6700134277344,295.57000732421875,295.95001220703125,268.4443359375,40394800,yahoo
2019-10-15,297.1000061035156,299.70001220703125,296.9700012207031,298.8800048828125,271.1020812988281,46754500,yahoo
2019-10-16,298.3699951171875,299.1600036621094,297.9200134277344,298.3999938964844,270.6665954589844,48928200,yahoo
2019-10-17,299.67999267578125,300.239990234375,298.5199890136719,299.2799987792969,271.46490478515625,45736600,yahoo
2019-10-18,298.69000244140625,299.3999938964844,297.0299987792969,297.9700012207031,270.276611328125,64304000,yahoo
2019-10-21,299.4200134277344,300.2099914550781,298.94000244140625,299.989990234375,272.1088256835937,39048600,yahoo
2019-10-22,300.5799865722656,300.8999938964844,298.9100036621094,299.010009765625,271.2199401855469,48594700,yahoo
2019-10-23,298.7300109863281,299.94000244140625,298.5,299.8800048828125,272.00909423828125,34352200,yahoo
2019-10-24,300.9100036621094,301.07000732421875,299.4599914550781,300.3699951171875,272.4535217285156,35453100,yahoo
2019-10-25,299.739990234375,302.20001220703125,299.67999267578125,301.6000061035156,273.5692138671875,45205400,yahoo
2019-10-28,302.94000244140625,303.8500061035156,302.9100036621094,303.29998779296875,275.1112060546875,42147000,yahoo
2019-10-29,303.0,304.2300109863281,302.8599853515625,303.2099914550781,275.029541015625,44284900,yahoo
2019-10-30,303.42999267578125,304.54998779296875,301.989990234375,304.1400146484375,275.8731994628906,49643900,yahoo
2019-10-31,304.1300048828125,304.1300048828125,301.7300109863281,303.3299865722656,275.1385192871094,69053800,yahoo
2019-11-01,304.9200134277344,306.19000244140625,304.739990234375,306.1400146484375,277.6872863769531,71141500,yahoo
2019-11-04,307.8500061035156,308.0,306.9599914550781,307.3699951171875,278.802978515625,60606900,yahoo
2019-11-05,307.5899963378906,307.9200134277344,306.7099914550781,307.0299987792969,278.4944763183594,42933200,yahoo
2019-11-06,307.0299987792969,307.3999938964844,306.0599975585937,307.1000061035156,278.55816650390625,46487100,yahoo
2019-11-07,308.57000732421875,309.6499938964844,307.6600036621094,308.17999267578125,279.5376892089844,54272300,yahoo
2019-11-08,307.79998779296875,309.0,307.0299987792969,308.94000244140625,280.22705078125,49032100,yahoo
2019-11-11,307.4200134277344,308.5400085449219,307.2699890136719,308.3500061035156,279.6918334960937,35797300,yahoo
2019-11-12,308.75,309.989990234375,308.1499938964844,309.0,280.28155517578125,46484600,yahoo
2019-11-13,307.9100036621094,309.5400085449219,307.6600036621094,309.1000061035156,280.3722229003906,53917700,yahoo
2019-11-14,308.7900085449219,309.6400146484375,308.0899963378906,309.54998779296875,280.7803039550781,51219900,yahoo
2019-11-15,311.0199890136719,311.8399963378906,310.260009765625,311.7900085449219,282.81219482421875,62023600,yahoo
2019-11-18,311.5299987792969,312.2799987792969,311.0299987792969,312.0199890136719,283.020751953125,49228000,yahoo
2019-11-19,312.67999267578125,312.69000244140625,311.2200012207031,311.92999267578125,282.9391784667969,67804700,yahoo
2019-11-20,311.2799987792969,311.8500061035156,309.0599975585937,310.7699890136719,281.88690185546875,79406200,yahoo
2019-11-21,310.8900146484375,311.010009765625,309.3900146484375,310.2699890136719,281.4334411621094,54664700,yahoo
2019-11-22,311.0899963378906,311.239990234375,309.8500061035156,310.9599914550781,282.05926513671875,44850200,yahoo
2019-11-25,311.9800109863281,313.3699951171875,311.9800109863281,313.3699951171875,284.24530029296875,48647200,yahoo
2019-11-26,313.4100036621094,314.2799987792969,313.0599975585937,314.0799865722656,284.8893127441406,37569000,yahoo
2019-11-27,314.6099853515625,315.4800109863281,314.3699951171875,315.4800109863281,286.1593017578125,44444600,yahoo
2019-11-29,314.8599853515625,315.1300048828125,314.0599975585937,314.3099975585937,285.0979919433594,36592700,yahoo
2019-12-02,314.5899963378906,314.6600036621094,311.1700134277344,311.6400146484375,282.6761474609375,75767800,yahoo
2019-12-03,308.6499938964844,309.6400146484375,307.1300048828125,309.54998779296875,280.7803039550781,73941700,yahoo
2019-12-04,310.70001220703125,312.1199951171875,310.32000732421875,311.4599914550781,282.5127258300781,49080000,yahoo
2019-12-05,312.2300109863281,312.25,310.5799865722656,312.0199890136719,283.020751953125,40709000,yahoo
2019-12-06,314.1199951171875,315.3099975585937,314.1099853515625,314.8699951171875,285.6058959960937,48927000,yahoo
2019-12-09,314.44000244140625,315.17999267578125,313.79998779296875,313.8800048828125,284.7080078125,34838500,yahoo
2019-12-10,313.82000732421875,314.54998779296875,312.8099975585937,313.5299987792969,284.3904724121094,52649800,yahoo
2019-12-11,314.0299987792969,314.70001220703125,313.44000244140625,314.4200134277344,285.1978454589844,53429100,yahoo
2019-12-12,314.42999267578125,317.989990234375,314.1700134277344,317.1300048828125,287.6558532714844,96389600,yahoo
2019-12-13,316.8699951171875,318.6700134277344,316.0199890136719,317.32000732421875,287.828125,81503900,yahoo
2019-12-16,319.2200012207031,320.1499938964844,317.25,319.5,289.8056335449219,82749700,yahoo
2019-12-17,319.9200134277344,320.25,319.4800109863281,319.57000732421875,289.8691101074219,61097700,yahoo
2019-12-18,320.0,320.25,319.5299987792969,319.5899963378906,289.8871765136719,48133000,yahoo
2019-12-19,319.79998779296875,320.9800109863281,319.5199890136719,320.8999938964844,291.07550048828125,85310500,yahoo
2019-12-20,320.4599914550781,321.9700012207031,319.3900146484375,320.7300109863281,292.3516540527344,147142100,yahoo
2019-12-23,321.5899963378906,321.6499938964844,321.0599975585937,321.2200012207031,292.7982788085937,52990000,yahoo
2019-12-24,321.4700012207031,321.5199890136719,320.8999938964844,321.2300109863281,292.8073425292969,20270000,yahoo
2019-12-26,321.6499938964844,322.95001220703125,321.6400146484375,322.94000244140625,294.36602783203125,30911200,yahoo
2019-12-27,323.739990234375,323.79998779296875,322.2799987792969,322.8599853515625,294.2931213378906,42528800,yahoo
2019-12-30,322.95001220703125,323.1000061035156,320.54998779296875,321.0799865722656,292.67059326171875,49729100,yahoo
2019-12-31,320.5299987792969,322.1300048828125,320.1499938964844,321.8599853515625,293.3815612792969,57077300,yahoo
2020-01-02,323.5400085449219,324.8900146484375,322.5299987792969,324.8699951171875,296.125244140625,59151200,yahoo
2020-01-03,321.1600036621094,323.6400146484375,321.1000061035156,322.4100036621094,293.8829345703125,77709700,yahoo
2020-01-06,320.489990234375,323.7300109863281,320.3599853515625,323.6400146484375,295.004150390625,55653900,yahoo
2020-01-07,323.0199890136719,323.5400085449219,322.239990234375,322.7300109863281,294.1746826171875,40496400,yahoo
2020-01-08,322.94000244140625,325.7799987792969,322.6700134277344,324.45001220703125,295.74249267578125,68296000,yahoo
2020-01-09,326.1600036621094,326.7300109863281,325.5199890136719,326.6499938964844,297.747802734375,48473300,yahoo
2020-01-10,327.2900085449219,327.4599914550781,325.20001220703125,325.7099914550781,296.8910217285156,53029300,yahoo
2020-01-13,326.3900146484375,327.9599914550781,325.9200134277344,327.95001220703125,298.9328308105469,47086800,yahoo
2020-01-14,327.4700012207031,328.6199951171875,326.8399963378906,327.45001220703125,298.4769592285156,62832800,yahoo
2020-01-15,327.3500061035156,329.0199890136719,327.260009765625,328.19000244140625,299.1515808105469,72056600,yahoo
2020-01-16,329.70001220703125,330.9200134277344,329.45001220703125,330.9200134277344,301.6399841308594,54050300,yahoo
2020-01-17,331.70001220703125,332.17999267578125,330.8500061035156,331.95001220703125,302.57879638671875,95846000,yahoo
2020-01-21,330.8999938964844,332.17999267578125,330.82000732421875,331.29998779296875,301.9862365722656,77742400,yahoo
2020-01-22,332.239990234375,332.95001220703125,331.1700134277344,331.3399963378906,302.0228881835937,48914900,yahoo
2020-01-23,330.6300048828125,332.1700134277344,329.4100036621094,331.7200012207031,302.36920166015625,51963000,yahoo
2020-01-24,332.44000244140625,332.5299987792969,327.3599853515625,328.7699890136719,299.6802062988281,87578400,yahoo
2020-01-27,323.0299987792969,325.1199951171875,322.6600036621094,323.5,294.87646484375,84062500,yahoo
2020-01-28,325.0599975585937,327.8500061035156,323.6000061035156,326.8900146484375,297.9665222167969,63834000,yahoo
2020-01-29,328.3800048828125,328.6300048828125,326.3999938964844,326.6199951171875,297.720458984375,53888900,yahoo
2020-01-30,324.3599853515625,327.9100036621094,323.5400085449219,327.67999267578125,298.6866455078125,75491800,yahoo
2020-01-31,327.0,327.1700134277344,320.7300109863281,321.7300109863281,293.2631530761719,113845600,yahoo
2020-02-03,323.3500061035156,326.1600036621094,323.2200012207031,324.1199951171875,295.44171142578125,69083000,yahoo
2020-02-04,328.07000732421875,330.010009765625,327.7200012207031,329.0599975585937,299.9444885253906,62573200,yahoo
2020-02-05,332.2699890136719,333.0899963378906,330.6700134277344,332.8599853515625,303.4082946777344,65951100,yahoo
2020-02-06,333.9100036621094,334.19000244140625,332.79998779296875,333.9800109863281,304.4292907714844,50359700,yahoo
2020-02-07,332.82000732421875,333.989990234375,331.6000061035156,332.20001220703125,302.8067626953125,64139400,yahoo
2020-02-10,331.2300109863281,334.75,331.19000244140625,334.67999267578125,305.0673522949219,42070000,yahoo
2020-02-11,336.1600036621094,337.0199890136719,334.67999267578125,335.260009765625,305.59600830078125,54864500,yahoo
2020-02-12,336.8299865722656,337.6499938964844,336.42999267578125,337.4200134277344,307.5649108886719,43992700,yahoo
2020-02-13,335.8599853515625,338.1199951171875,335.5599975585937,337.0599975585937,307.2367553710937,54501900,yahoo
2020-02-14,337.510009765625,337.7300109863281,336.20001220703125,337.6000061035156,307.7288818359375,64582200,yahoo
2020-02-18,336.510009765625,337.6700134277344,335.2099914550781,336.7300109863281,306.93585205078125,57226200,yahoo
2020-02-19,337.7900085449219,339.0799865722656,337.4800109863281,338.3399963378906,308.4035339355469,48814700,yahoo
2020-02-20,337.739990234375,338.6400146484375,333.67999267578125,336.95001220703125,307.1364440917969,74163400,yahoo
2020-02-21,335.4700012207031,335.8099975585937,332.5799865722656,333.4800109863281,303.9734802246094,113788200,yahoo
2020-02-24,323.1400146484375,333.5599975585937,321.239990234375,322.4200134277344,293.8919982910156,161088400,yahoo
2020-02-25,323.94000244140625,324.6099853515625,311.69000244140625,312.6499938964844,284.9864501953125,218913200,yahoo
2020-02-26,314.17999267578125,318.1099853515625,310.70001220703125,311.5,283.9382629394531,194773800,yahoo
2020-02-27,305.4599914550781,311.5599975585937,297.510009765625,297.510009765625,271.1861877441406,284353500,yahoo
2020-02-28,288.70001220703125,297.8900146484375,285.5400085449219,296.260009765625,270.0467834472656,384975800,yahoo
2020-03-02,298.2099914550781,309.1600036621094,294.4599914550781,309.0899963378906,281.741455078125,238703600,yahoo
2020-03-03,309.5,313.8399963378906,297.57000732421875,300.239990234375,273.6745910644531,300139100,yahoo
2020-03-04,306.1199951171875,313.1000061035156,303.3299865722656,312.8599853515625,285.1778869628906,176613400,yahoo
2020-03-05,304.9800109863281,308.4700012207031,300.010009765625,302.4599914550781,275.6981506347656,186366800,yahoo
2020-03-06,293.1499938964844,298.7799987792969,290.2300109863281,297.4599914550781,271.1405029296875,228667200,yahoo
2020-03-09,275.29998779296875,284.19000244140625,273.45001220703125,274.2300109863281,249.966049194336,309417300,yahoo
2020-03-10,284.6400146484375,288.5199890136719,273.5,288.4200134277344,262.9003601074219,276444100,yahoo
2020-03-11,280.70001220703125,281.94000244140625,270.8800048828125,274.3599853515625,250.08447265625,255316300,yahoo
2020-03-12,256.0,266.6600036621094,247.67999267578125,248.1100006103516,226.1570739746093,392220700,yahoo
2020-03-13,263.0899963378906,271.4800109863281,248.5200042724609,269.32000732421875,245.4903259277344,329566100,yahoo
2020-03-16,241.17999267578125,256.8999938964844,237.3600006103516,239.8500061035156,218.6279296875,297240000,yahoo
2020-03-17,245.0399932861328,256.1700134277344,237.07000732421875,252.8000030517578,230.43209838867188,262070500,yahoo
2020-03-18,236.25,248.3699951171875,228.0200042724609,240.0,218.7646484375,327597100,yahoo
2020-03-19,239.25,247.3800048828125,232.22000122070312,240.509994506836,219.22950744628903,289322000,yahoo
2020-03-20,242.52999877929688,244.47000122070312,228.5,228.8000030517578,209.78201293945312,347158800,yahoo
2020-03-23,228.19000244140625,229.67999267578125,218.259994506836,222.9499969482422,204.418212890625,326025200,yahoo
2020-03-24,234.4199981689453,244.1000061035156,233.8000030517578,243.1499938964844,222.939208984375,235494500,yahoo
2020-03-25,244.8699951171875,256.3500061035156,239.75,246.7899932861328,226.2766265869141,299430300,yahoo
2020-03-26,249.5200042724609,262.79998779296875,249.0500030517578,261.20001220703125,239.4888610839844,257632800,yahoo
2020-03-27,253.2700042724609,260.8099975585937,251.0500030517578,253.4199981689453,232.3555603027344,224341200,yahoo
2020-03-30,255.6999969482422,262.42999267578125,253.52999877929688,261.6499938964844,239.90151977539065,171369500,yahoo
2020-03-31,260.5599975585937,263.3299865722656,256.2200012207031,257.75,236.3256378173828,194881100,yahoo
2020-04-01,247.97999572753903,257.6600036621094,243.8999938964844,246.1499938964844,225.6898498535156,189554600,yahoo
2020-04-02,245.19000244140625,252.67999267578125,244.58999633789065,251.8300018310547,230.8977203369141,177660400,yahoo
2020-04-03,250.759994506836,253.32000732421875,245.22000122070312,248.19000244140625,227.5603179931641,135561200,yahoo
2020-04-06,257.8399963378906,267.0,248.1699981689453,264.8599853515625,242.84469604492188,188061200,yahoo
2020-04-07,274.2099914550781,275.0299987792969,264.8900146484375,265.1300048828125,243.0922393798828,201427200,yahoo
2020-04-08,267.9599914550781,276.0,265.25,274.0299987792969,251.25241088867188,153774500,yahoo
2020-04-09,277.5799865722656,281.20001220703125,275.4700012207031,278.20001220703125,255.0758056640625,189999200,yahoo
2020-04-13,277.1400146484375,277.510009765625,271.4100036621094,275.6600036621094,252.7469787597656,114839100,yahoo
2020-04-14,280.9800109863281,284.8999938964844,275.510009765625,283.7900085449219,260.201171875,134143400,yahoo
2020-04-15,277.57000732421875,283.94000244140625,275.4599914550781,277.760009765625,254.67247009277344,121775000,yahoo
2020-04-16,279.1499938964844,280.0299987792969,275.760009765625,279.1000061035156,255.90098571777344,131798300,yahoo
2020-04-17,285.3800048828125,287.29998779296875,282.3999938964844,286.6400146484375,262.81427001953125,146684800,yahoo
2020-04-20,282.6099853515625,286.7900085449219,281.3500061035156,281.5899963378906,258.1840515136719,100109300,yahoo
2020-04-21,276.7300109863281,278.0400085449219,272.0199890136719,273.0400085449219,250.3447265625,126385700,yahoo
2020-04-22,278.3500061035156,281.0,276.9100036621094,279.1000061035156,255.90098571777344,92951600,yahoo
2020-04-23,280.489990234375,283.94000244140625,278.75,279.0799865722656,255.88259887695312,104709700,yahoo
2020-04-24,280.7300109863281,283.70001220703125,278.5,282.9700012207031,259.4493713378906,85063200,yahoo
2020-04-27,285.1199951171875,288.2699890136719,284.6199951171875,287.04998779296875,263.1901550292969,77896600,yahoo
2020-04-28,291.0199890136719,291.3999938964844,285.3999938964844,285.7300109863281,261.97998046875,105270000,yahoo
2020-04-29,291.5299987792969,294.8800048828125,290.4100036621094,293.2099914550781,268.838134765625,118745600,yahoo
2020-04-30,291.7099914550781,293.32000732421875,288.5899963378906,290.4800109863281,266.33514404296875,122901700,yahoo
2020-05-01,285.3099975585937,290.6600036621094,281.5199890136719,282.7900085449219,259.2842712402344,125180000,yahoo
2020-05-04,280.739990234375,283.8999938964844,279.1300048828125,283.57000732421875,259.9994812011719,80873200,yahoo
2020-05-05,286.6400146484375,289.25,283.7099914550781,286.19000244140625,262.4017333984375,79569900,yahoo
2020-05-06,288.0400085449219,288.4599914550781,283.7799987792969,284.25,260.6229553222656,73632600,yahoo
2020-05-07,287.75,289.7799987792969,287.1300048828125,287.67999267578125,263.7678527832031,75250400,yahoo
2020-05-08,291.0899963378906,292.95001220703125,289.8599853515625,292.44000244140625,268.1321716308594,76452400,yahoo
2020-05-11,290.3399963378906,294.0,289.8800048828125,292.5,268.1872253417969,79514200,yahoo
2020-05-12,293.7900085449219,294.239990234375,286.5199890136719,286.6700134277344,262.8418273925781,95870800,yahoo
2020-05-13,286.0599975585937,287.19000244140625,278.9599914550781,281.6000061035156,258.1932373046875,144721100,yahoo
2020-05-14,278.95001220703125,285.1099853515625,272.989990234375,284.9700012207031,261.2830810546875,121977900,yahoo
2020-05-15,282.3699951171875,286.3299865722656,281.3399963378906,286.2799987792969,262.4842224121094,111146300,yahoo
2020-05-18,293.04998779296875,296.75,292.70001220703125,295.0,270.4794616699219,119703800,yahoo
2020-05-19,294.3500061035156,296.2099914550781,291.95001220703125,291.9700012207031,267.70123291015625,95189300,yahoo
2020-05-20,295.82000732421875,297.8699951171875,295.57000732421875,296.92999267578125,272.2489318847656,85861700,yahoo
2020-05-21,296.7900085449219,297.6700134277344,293.69000244140625,294.8800048828125,270.36944580078125,78293900,yahoo
2020-05-22,294.57000732421875,295.6300048828125,293.2200012207031,295.44000244140625,270.88287353515625,63958200,yahoo
2020-05-26,301.92999267578125,302.19000244140625,295.4599914550781,299.0799865722656,274.22027587890625,88951400,yahoo
2020-05-27,302.1199951171875,303.57000732421875,296.8699951171875,303.5299987792969,278.3003845214844,104817400,yahoo
2020-05-28,304.6499938964844,306.8399963378906,302.239990234375,302.9700012207031,277.78692626953125,90405200,yahoo
2020-05-29,302.4599914550781,304.9599914550781,299.4700012207031,304.32000732421875,279.0246887207031,119090800,yahoo
2020-06-01,303.6199951171875,306.2099914550781,303.0599975585937,305.54998779296875,280.15252685546875,55758300,yahoo
2020-06-02,306.54998779296875,308.1300048828125,305.1000061035156,308.0799865722656,282.4721984863281,74267200,yahoo
2020-06-03,310.239990234375,313.2200012207031,309.94000244140625,312.17999267578125,286.2314147949219,92567600,yahoo
2020-06-04,311.1099853515625,313.0,309.0799865722656,311.3599853515625,285.4795227050781,75794400,yahoo
2020-06-05,317.2300109863281,321.2699890136719,317.1600036621094,319.3399963378906,292.7962341308594,150524700,yahoo
2020-06-08,320.2200012207031,323.4100036621094,319.6300048828125,323.20001220703125,296.33544921875,73641200,yahoo
2020-06-09,320.29998779296875,323.2799987792969,319.3599853515625,320.7900085449219,294.125732421875,77479200,yahoo
2020-06-10,321.4200134277344,322.3900146484375,318.2200012207031,319.0,292.4845275878906,95000800,yahoo
2020-06-11,311.4599914550781,312.1499938964844,300.010009765625,300.6099853515625,275.62310791015625,209243600,yahoo
2020-06-12,308.239990234375,309.0799865722656,298.6000061035156,304.2099914550781,278.9239501953125,194678900,yahoo
2020-06-15,298.0199890136719,308.2799987792969,296.739990234375,307.04998779296875,281.52783203125,135782700,yahoo
2020-06-16,315.4800109863281,315.6400146484375,307.6700134277344,312.9599914550781,286.9465637207031,137627500,yahoo
2020-06-17,314.07000732421875,314.3900146484375,310.8599853515625,311.6600036621094,285.7546691894531,83398900,yahoo
2020-06-18,310.010009765625,312.29998779296875,309.510009765625,311.7799987792969,285.86456298828125,80828700,yahoo
2020-06-19,314.1700134277344,314.3800048828125,306.5299987792969,308.6400146484375,284.2309265136719,135549600,yahoo
2020-06-22,307.989990234375,311.04998779296875,306.75,310.6199951171875,286.0542907714844,74649400,yahoo
2020-06-23,313.489990234375,314.5,311.6099853515625,312.04998779296875,287.37127685546875,68471200,yahoo
2020-06-24,309.8399963378906,310.510009765625,302.1000061035156,304.0899963378906,280.040771484375,132813500,yahoo
2020-06-25,303.4700012207031,307.6400146484375,301.2799987792969,307.3500061035156,283.04296875,89468000,yahoo
2020-06-26,306.1600036621094,306.3900146484375,299.4200134277344,300.04998779296875,276.3202209472656,127961000,yahoo
2020-06-29,301.4100036621094,304.6099853515625,298.92999267578125,304.4599914550781,280.3815612792969,79773300,yahoo
2020-06-30,303.989990234375,310.20001220703125,303.82000732421875,308.3599853515625,283.9730224609375,113394800,yahoo
2020-07-01,309.57000732421875,311.8900146484375,309.07000732421875,310.5199890136719,285.9621887207031,72396500,yahoo
2020-07-02,314.239990234375,315.70001220703125,311.510009765625,312.2300109863281,287.5369873046875,69344200,yahoo
2020-07-06,316.3699951171875,317.67999267578125,315.5599975585937,317.04998779296875,291.975830078125,61713800,yahoo
2020-07-07,315.3800048828125,317.5199890136719,313.3699951171875,313.7799987792969,288.9644775390625,82910000,yahoo
2020-07-08,314.6099853515625,316.29998779296875,312.70001220703125,316.17999267578125,291.1746520996094,54638600,yahoo
2020-07-09,316.8399963378906,317.1000061035156,310.67999267578125,314.3800048828125,289.5169982910156,83354200,yahoo
2020-07-10,314.3099975585937,317.8800048828125,312.760009765625,317.5899963378906,292.4731140136719,57550400,yahoo
2020-07-13,320.1300048828125,322.7099914550781,314.1300048828125,314.8399963378906,289.9406433105469,102997500,yahoo
2020-07-14,313.29998779296875,319.760009765625,312.0,318.9200134277344,293.6979064941406,93657000,yahoo
2020-07-15,322.4100036621094,323.0400085449219,319.2699890136719,321.8500061035156,296.3961181640625,87196500,yahoo
2020-07-16,319.7900085449219,321.2799987792969,319.0899963378906,320.7900085449219,295.4200439453125,54622500,yahoo
2020-07-17,321.8800048828125,322.57000732421875,319.739990234375,321.7200012207031,296.27642822265625,62774900,yahoo
2020-07-20,321.42999267578125,325.1300048828125,320.6199951171875,324.32000732421875,298.6708679199219,56308800,yahoo
2020-07-21,326.45001220703125,326.92999267578125,323.94000244140625,325.010009765625,299.30633544921875,57292200,yahoo
2020-07-22,324.6199951171875,327.20001220703125,324.5,326.8599853515625,301.010009765625,57792900,yahoo
2020-07-23,326.4700012207031,327.2300109863281,321.4800109863281,322.9599914550781,297.4184265136719,75738000,yahoo
2020-07-24,320.95001220703125,321.989990234375,319.25,320.8800048828125,295.5028991699219,73766600,yahoo
2020-07-27,321.6300048828125,323.4100036621094,320.7699890136719,323.2200012207031,297.65789794921875,48293000,yahoo
2020-07-28,322.42999267578125,323.6400146484375,320.8500061035156,321.1700134277344,295.77008056640625,57495000,yahoo
2020-07-29,322.1199951171875,325.7300109863281,322.0799865722656,325.1199951171875,299.4076232910156,48454200,yahoo
2020-07-30,321.8999938964844,324.4100036621094,319.6400146484375,323.9599914550781,298.33935546875,61861700,yahoo
2020-07-31,325.8999938964844,326.6300048828125,321.3299865722656,326.5199890136719,300.69683837890625,84986800,yahoo
2020-08-03,328.32000732421875,329.6199951171875,327.7300109863281,328.7900085449219,302.787353515625,53077900,yahoo
2020-08-04,327.8599853515625,330.0599975585937,327.8599853515625,330.0599975585937,303.9569396972656,41917900,yahoo
2020-08-05,331.4700012207031,332.3900146484375,331.17999267578125,332.1099853515625,305.8448181152344,42697700,yahoo
2020-08-06,331.4800109863281,334.4599914550781,331.1300048828125,334.3299865722656,307.8892517089844,43679400,yahoo
2020-08-07,333.2799987792969,334.8800048828125,332.29998779296875,334.57000732421875,308.1102294921875,57308300,yahoo
2020-08-10,335.0599975585937,335.7699890136719,332.9599914550781,335.57000732421875,309.0311584472656,44282100,yahoo
2020-08-11,336.8500061035156,337.5400085449219,332.010009765625,332.79998779296875,306.48028564453125,69601100,yahoo
2020-08-12,335.44000244140625,338.2799987792969,335.4100036621094,337.44000244140625,310.7532958984375,53774400,yahoo
2020-08-13,336.6099853515625,338.25,335.8299865722656,336.8299865722656,310.1914978027344,41816100,yahoo
2020-08-14,336.4100036621094,337.4200134277344,335.6199951171875,336.8399963378906,310.2007141113281,47260400,yahoo
2020-08-17,337.94000244140625,338.3399963378906,336.8500061035156,337.9100036621094,311.18609619140625,35481000,yahoo
2020-08-18,338.3399963378906,339.1000061035156,336.6099853515625,338.6400146484375,311.8583374023437,38733900,yahoo
2020-08-19,339.04998779296875,339.6099853515625,336.6199951171875,337.2300109863281,310.5599060058594,68054200,yahoo
2020-08-20,335.3599853515625,338.79998779296875,335.2200012207031,338.2799987792969,311.5268859863281,42207800,yahoo
2020-08-21,337.9200134277344,339.7200012207031,337.54998779296875,339.4800109863281,312.6319274902344,55106600,yahoo
2020-08-24,342.1199951171875,343.0,339.45001220703125,342.9200134277344,315.79986572265625,48588700,yahoo
2020-08-25,343.5299987792969,344.2099914550781,342.2699890136719,344.1199951171875,316.9049377441406,38463400,yahoo
2020-08-26,344.760009765625,347.8599853515625,344.1700134277344,347.57000732421875,320.0821533203125,50790200,yahoo
2020-08-27,348.510009765625,349.8999938964844,346.5299987792969,348.3299865722656,320.7819519042969,58034100,yahoo
2020-08-28,349.44000244140625,350.7200012207031,348.1499938964844,350.5799865722656,322.8540344238281,48588900,yahoo
2020-08-31,350.3500061035156,351.29998779296875,349.0599975585937,349.3099975585937,321.6845703125,66099200,yahoo
2020-09-01,350.2099914550781,352.7099914550781,349.239990234375,352.6000061035156,324.7142944335937,54908700,yahoo
2020-09-02,354.6700134277344,358.75,353.42999267578125,357.70001220703125,329.4110717773437,69540000,yahoo
2020-09-03,355.8699951171875,356.3800048828125,342.5899963378906,345.3900146484375,318.0745849609375,148011100,yahoo
2020-09-04,346.1300048828125,347.8299865722656,334.8699951171875,342.57000732421875,315.4775695800781,139156300,yahoo
2020-09-08,336.7099914550781,342.6400146484375,332.8800048828125,333.2099914550781,306.8577880859375,114465300,yahoo
2020-09-09,337.54998779296875,342.4599914550781,336.6099853515625,339.7900085449219,312.9174499511719,91462300,yahoo
2020-09-10,341.82000732421875,342.5299987792969,332.8500061035156,333.8900146484375,307.48406982421875,90569500,yahoo
2020-09-11,335.82000732421875,336.9700012207031,331.0,334.0599975585937,307.6405639648437,84680200,yahoo
2020-09-14,337.489990234375,340.3800048828125,334.2200012207031,338.4599914550781,311.69256591796875,65605700,yahoo
2020-09-15,341.1199951171875,342.0199890136719,338.4700012207031,340.1700134277344,313.2674255371094,52920900,yahoo
2020-09-16,341.510009765625,343.0599975585937,338.5199890136719,338.82000732421875,312.024169921875,82096000,yahoo
2020-09-17,333.5599975585937,337.70001220703125,332.989990234375,335.8399963378906,309.27984619140625,91523300,yahoo
2020-09-18,335.3699951171875,335.489990234375,327.9700012207031,330.6499938964844,305.7191772460937,105877900,yahoo
2020-09-21,325.70001220703125,327.1300048828125,321.7300109863281,326.9700012207031,302.316650390625,99450800,yahoo
2020-09-22,328.57000732421875,330.8999938964844,325.8599853515625,330.29998779296875,305.39556884765625,63612100,yahoo
2020-09-23,330.8999938964844,331.20001220703125,322.1000061035156,322.6400146484375,298.3131408691406,93112200,yahoo
2020-09-24,321.2200012207031,326.79998779296875,319.79998779296875,323.5,299.10821533203125,76681300,yahoo
2020-09-25,322.5799865722656,329.5799865722656,321.6400146484375,328.7300109863281,303.9439697265625,71069400,yahoo
2020-09-28,333.2200012207031,334.9599914550781,332.1499938964844,334.19000244140625,308.9922180175781,64584600,yahoo
2020-09-29,333.9700012207031,334.7699890136719,331.6199951171875,332.3699951171875,307.3094787597656,51304000,yahoo
2020-09-30,333.0899963378906,338.2900085449219,332.8800048828125,334.8900146484375,309.639404296875,104081100,yahoo
2020-10-01,337.69000244140625,338.739990234375,335.010009765625,337.0400085449219,311.6273498535156,88698700,yahoo
2020-10-02,331.70001220703125,337.010009765625,331.19000244140625,333.8399963378906,308.66864013671875,89431100,yahoo
2020-10-05,336.0599975585937,339.9599914550781,336.010009765625,339.760009765625,314.142333984375,45713100,yahoo
2020-10-06,339.9100036621094,342.1700134277344,334.3800048828125,334.92999267578125,309.6764221191406,90128900,yahoo
2020-10-07,338.1199951171875,341.6300048828125,338.0899963378906,340.760009765625,315.06695556640625,56999600,yahoo
2020-10-08,342.8500061035156,343.8500061035156,341.8599853515625,343.7799987792969,317.8591613769531,45242500,yahoo
2020-10-09,345.5599975585937,347.3500061035156,344.8900146484375,346.8500061035156,320.6976928710937,59528600,yahoo
2020-10-12,349.5899963378906,354.0199890136719,349.0599975585937,352.42999267578125,325.8569030761719,80388500,yahoo
2020-10-13,352.2799987792969,352.4700012207031,349.0899963378906,350.1300048828125,323.7303161621094,73255500,yahoo
2020-10-14,350.75,351.92999267578125,347.1400146484375,347.92999267578125,321.6962280273437,57727900,yahoo
2020-10-15,343.7099914550781,348.0199890136719,343.1300048828125,347.5,321.2986755371094,60357700,yahoo
2020-10-16,348.9599914550781,350.75,347.1000061035156,347.2900085449219,321.1044921875,89501900,yahoo
2020-10-19,348.6499938964844,349.3299865722656,341.0400085449219,342.010009765625,316.2226257324219,68425600,yahoo
2020-10-20,343.4599914550781,346.8800048828125,342.6400146484375,343.3800048828125,317.48931884765625,60051900,yahoo
2020-10-21,343.3299865722656,345.6700134277344,342.3999938964844,342.7300109863281,316.8882751464844,63575000,yahoo
2020-10-22,342.9599914550781,345.239990234375,340.6499938964844,344.6099853515625,318.6265869140625,55399300,yahoo
2020-10-23,345.92999267578125,345.989990234375,343.1300048828125,345.7799987792969,319.70831298828125,49143900,yahoo
2020-10-26,342.1300048828125,342.9800109863281,335.6199951171875,339.3900146484375,313.8000793457031,91473000,yahoo
2020-10-27,339.760009765625,340.1199951171875,337.989990234375,338.2200012207031,312.7183837890625,65994100,yahoo
2020-10-28,332.1000061035156,338.25,326.1300048828125,326.6600036621094,302.0299987792969,127094300,yahoo
2020-10-29,326.9100036621094,333.3999938964844,325.0899963378906,329.9800109863281,305.0997009277344,90597700,yahoo
2020-10-30,328.2799987792969,329.69000244140625,322.6000061035156,326.5400085449219,301.9190979003906,120287300,yahoo
2020-11-02,330.20001220703125,332.3599853515625,327.239990234375,330.20001220703125,305.3030090332031,86068300,yahoo
2020-11-03,333.69000244140625,338.25,330.2900085449219,336.0299987792969,310.6935119628906,93294200,yahoo
2020-11-04,340.8599853515625,347.94000244140625,339.5899963378906,343.5400085449219,317.63726806640625,126959700,yahoo
2020-11-05,349.239990234375,352.19000244140625,348.8599853515625,350.239990234375,323.8320617675781,82039700,yahoo
2020-11-06,349.92999267578125,351.510009765625,347.6499938964844,350.1600036621094,323.7580871582031,74973000,yahoo
2020-11-09,363.9700012207031,364.3800048828125,354.0599975585937,354.5599975585937,327.8263854980469,172304200,yahoo
2020-11-10,353.489990234375,355.17999267578125,350.510009765625,354.0400085449219,327.3455810546875,85552000,yahoo
2020-11-11,356.3999938964844,357.5599975585937,355.0599975585937,356.6700134277344,329.7773132324219,58649000,yahoo
2020-11-12,355.5799865722656,356.7200012207031,351.260009765625,353.2099914550781,326.5780639648437,67546200,yahoo
2020-11-13,355.2699890136719,358.8999938964844,354.7099914550781,358.1000061035156,331.0994873046875,62892200,yahoo
2020-11-16,360.9800109863281,362.7799987792969,359.5899963378906,362.5700073242188,335.2324523925781,74541100,yahoo
2020-11-17,359.9700012207031,361.9200134277344,358.3399963378906,360.6199951171875,333.4294128417969,66111000,yahoo
2020-11-18,360.9100036621094,361.5,356.239990234375,356.2799987792969,329.41668701171875,70591300,yahoo
2020-11-19,355.6000061035156,358.17999267578125,354.1499938964844,357.7799987792969,330.8035583496094,59940900,yahoo
2020-11-20,357.5,357.7200012207031,355.25,355.3299865722656,328.53826904296875,70417300,yahoo
2020-11-23,357.2799987792969,358.82000732421875,354.8699951171875,357.4599914550781,330.5077514648437,63230600,yahoo
2020-11-24,360.2099914550781,363.80999755859375,359.2900085449219,363.2200012207031,335.8334655761719,62415900,yahoo
2020-11-25,363.1300048828125,363.1600036621094,361.4800109863281,362.6600036621094,335.3156433105469,45330900,yahoo
2020-11-27,363.8399963378906,364.1799926757813,362.5799865722656,363.6700134277344,336.2494812011719,28514100,yahoo
2020-11-30,362.8299865722656,363.1199951171875,359.1700134277344,362.05999755859375,334.76080322265625,83872700,yahoo
2020-12-01,365.5700073242188,367.6799926757813,364.9299926757813,366.0199890136719,338.4222106933594,74231400,yahoo
2020-12-02,364.8200073242188,366.9599914550781,364.2000122070313,366.7900085449219,339.1341857910156,45927000,yahoo
2020-12-03,366.6799926757813,368.1900024414063,365.5,366.6900024414063,339.04180908203125,62882000,yahoo
2020-12-04,367.3200073242188,369.8500061035156,367.2200012207031,369.8500061035156,341.96356201171875,50749900,yahoo
2020-12-07,369.0199890136719,369.6199951171875,367.7200012207031,369.0899963378906,341.2607727050781,48944300,yahoo
2020-12-08,367.7200012207031,370.7799987792969,367.6700134277344,370.1700134277344,342.2593688964844,42458900,yahoo
2020-12-09,370.8800048828125,371.0499877929688,365.9500122070313,366.8500061035156,339.1897277832031,74098300,yahoo
2020-12-10,365.3699951171875,367.8599853515625,364.4299926757813,366.7300109863281,339.0787658691406,57735400,yahoo
2020-12-11,364.8999938964844,366.739990234375,363.260009765625,366.2999877929688,338.68115234375,57698600,yahoo
2020-12-14,368.6400146484375,369.7999877929688,364.4700012207031,364.6600036621094,337.1648864746094,69216200,yahoo
2020-12-15,367.3999938964844,369.5899963378906,365.9200134277344,369.5899963378906,341.7231140136719,63865300,yahoo
2020-12-16,369.8200073242188,371.1600036621094,368.8699951171875,370.1700134277344,342.2593688964844,58420500,yahoo
2020-12-17,371.9400024414063,372.4599914550781,371.0499877929688,372.239990234375,344.1733093261719,64119500,yahoo
2020-12-18,370.9700012207031,371.1499938964844,367.0199890136719,369.1799926757813,342.79901123046875,136542300,yahoo
2020-12-21,364.9700012207031,378.4599914550781,362.0299987792969,367.8599853515625,341.5733947753906,96386700,yahoo
2020-12-22,368.2099914550781,368.3299865722656,366.0299987792969,367.239990234375,340.99774169921875,47949000,yahoo
2020-12-23,368.2799987792969,369.6199951171875,367.2200012207031,367.5700073242188,341.3041687011719,46201400,yahoo
2020-12-24,368.0799865722656,369.0299987792969,367.4500122070313,369.0,342.6319580078125,26457900,yahoo
2020-12-28,371.739990234375,372.5899963378906,371.0700073242188,372.1700134277344,345.5754089355469,39000400,yahoo
2020-12-29,373.80999755859375,374.0,370.8299865722656,371.4599914550781,344.91607666015625,53680500,yahoo
2020-12-30,372.3399963378906,373.1000061035156,371.5700073242188,371.989990234375,345.4082946777344,49455300,yahoo
2020-12-31,371.7799987792969,374.6600036621094,371.2300109863281,373.8800048828125,347.16326904296875,78520700,yahoo
2021-01-04,375.30999755859375,375.4500122070313,364.8200073242188,368.7900085449219,342.4369201660156,110210800,yahoo
2021-01-05,368.1000061035156,372.5,368.0499877929688,371.3299865722656,344.7953491210937,66426200,yahoo
2021-01-06,369.7099914550781,376.9800109863281,369.1199951171875,373.5499877929688,346.8568115234375,107997700,yahoo
2021-01-07,376.1000061035156,379.8999938964844,375.9100036621094,379.1000061035156,352.0101623535156,68766800,yahoo
2021-01-08,380.5899963378906,381.489990234375,377.1000061035156,381.260009765625,354.0158386230469,71677200,yahoo
2021-01-11,377.8500061035156,380.5799865722656,377.7200012207031,378.6900024414063,351.6294860839844,51034700,yahoo
2021-01-12,378.8900146484375,379.8599853515625,376.3599853515625,378.7699890136719,351.7037048339844,52547700,yahoo
2021-01-13,378.6900024414063,380.8599853515625,377.8500061035156,379.7900085449219,352.6508483886719,45303600,yahoo
2021-01-14,380.5899963378906,381.1300048828125,378.1000061035156,378.4599914550781,351.4159545898437,49989100,yahoo
2021-01-15,376.7200012207031,377.5799865722656,373.7000122070313,375.7000122070313,348.8531188964844,107160000,yahoo
2021-01-19,378.3399963378906,379.2300109863281,376.75,378.6499938964844,351.5923156738281,51233300,yahoo
2021-01-20,381.1099853515625,384.7900085449219,380.6900024414063,383.8900146484375,356.4579772949219,61836100,yahoo
2021-01-21,384.489990234375,384.9500122070313,383.25,384.239990234375,356.78289794921875,47840100,yahoo
2021-01-22,382.25,384.1300048828125,381.8399963378906,382.8800048828125,355.5201110839844,52860500,yahoo
2021-01-25,383.6700134277344,384.7699890136719,378.4599914550781,384.3900146484375,356.92218017578125,70402000,yahoo
2021-01-26,385.4100036621094,385.8500061035156,383.5400085449219,383.7900085449219,356.3650207519531,42665300,yahoo
2021-01-27,380.2200012207031,380.3200073242188,372.010009765625,374.4100036621094,347.65533447265625,123351100,yahoo
2021-01-28,376.3599853515625,381.9299926757813,375.8900146484375,377.6300048828125,350.6452941894531,94198100,yahoo
2021-01-29,375.6300048828125,376.6700134277344,368.2699890136719,370.0700073242188,343.6254272460937,126765100,yahoo
2021-02-01,373.7200012207031,377.3399963378906,370.3800048828125,376.2300109863281,349.34527587890625,75817600,yahoo
2021-02-02,379.6499938964844,383.2200012207031,376.3200073242188,381.5499877929688,354.2850646972656,64450700,yahoo
2021-02-03,382.4400024414063,383.7000122070313,380.4800109863281,381.8500061035156,354.563720703125,52427100,yahoo
2021-02-04,382.9599914550781,386.239990234375,381.9700012207031,386.1900024414063,358.5935974121094,47142600,yahoo
2021-02-05,388.2000122070313,388.4700012207031,386.1400146484375,387.7099914550781,360.0049743652344,48669800,yahoo
2021-02-08,389.2699890136719,390.55999755859375,388.3500061035156,390.510009765625,362.6048889160156,38365200,yahoo
2021-02-09,389.6099853515625,390.8900146484375,389.1700134277344,390.25,362.3634033203125,35551100,yahoo
2021-02-10,392.1199951171875,392.2799987792969,387.5,390.0799865722656,362.2055969238281,59154400,yahoo
2021-02-11,391.239990234375,391.6900024414063,388.1000061035156,390.7099914550781,362.7905883789063,42913300,yahoo
2021-02-12,389.8500061035156,392.8999938964844,389.7699890136719,392.6400146484375,364.5826416015625,50593300,yahoo
2021-02-16,393.9599914550781,394.1700134277344,391.5299987792969,392.2999877929688,364.2669372558594,50972400,yahoo
2021-02-17,390.4200134277344,392.6600036621094,389.3299865722656,392.3900146484375,364.3505859375,52290600,yahoo
2021-02-18,389.5899963378906,391.5199890136719,387.739990234375,390.7200012207031,362.79986572265625,59712800,yahoo
2021-02-19,392.0700073242188,392.3800048828125,389.5499877929688,390.0299987792969,362.1591491699219,83241000,yahoo
2021-02-22,387.05999755859375,389.6199951171875,386.739990234375,387.0299987792969,359.37353515625,67414200,yahoo
2021-02-23,384.6600036621094,388.9500122070313,380.2000122070313,387.5,359.8099975585937,107284100,yahoo
2021-02-24,386.3299865722656,392.2300109863281,385.2699890136719,391.7699890136719,363.7748107910156,72433900,yahoo
2021-02-25,390.4100036621094,391.8800048828125,380.7799987792969,382.3299865722656,355.00933837890625,146670500,yahoo
2021-02-26,384.3500061035156,385.5799865722656,378.2300109863281,380.3599853515625,353.1801452636719,152701600,yahoo
2021-03-01,385.5899963378906,390.9200134277344,380.5700073242188,389.5799865722656,361.7413330078125,105348800,yahoo
2021-03-02,389.8200073242188,390.0700073242188,386.0,386.5400085449219,358.91851806640625,79595300,yahoo
2021-03-03,385.7900085449219,386.8299865722656,381.30999755859375,381.4200134277344,354.1644287109375,119940200,yahoo
2021-03-04,381.2200012207031,384.0,371.8800048828125,376.7000122070313,349.7816467285156,183433000,yahoo
2021-03-05,380.4599914550781,384.760009765625,372.6400146484375,383.6300048828125,356.2164306640625,152039600,yahoo
2021-03-08,384.6600036621094,387.6799926757813,381.4200134277344,381.7200012207031,354.44293212890625,123149200,yahoo
2021-03-09,385.8500061035156,389.9100036621094,385.30999755859375,387.1700134277344,359.5035705566406,113633600,yahoo
2021-03-10,389.6900024414063,391.3999938964844,388.1700134277344,389.5799865722656,361.7413330078125,109899400,yahoo
2021-03-11,392.2300109863281,395.6499938964844,391.739990234375,393.5299987792969,365.4090270996094,86245000,yahoo
2021-03-12,392.0700073242188,394.2099914550781,391.2000122070313,394.05999755859375,365.9011535644531,64653600,yahoo
2021-03-15,394.3299865722656,396.6900024414063,392.0299987792969,396.4100036621094,368.0832214355469,73427200,yahoo
2021-03-16,397.0700073242188,397.8299865722656,395.0799865722656,395.9100036621094,367.6190490722656,73722500,yahoo
2021-03-17,394.5299987792969,398.1199951171875,393.2999877929688,397.260009765625,368.87249755859375,97959300,yahoo
2021-03-18,394.4800109863281,396.7200012207031,390.75,391.4800109863281,363.5055541992188,115349100,yahoo
2021-03-19,389.8800048828125,391.5700073242188,387.1499938964844,389.4800109863281,362.8330078125,113624500,yahoo
2021-03-22,390.0299987792969,394.0700073242188,389.9700012207031,392.5899963378906,365.7301025390625,73778600,yahoo
2021-03-23,391.9100036621094,393.4599914550781,388.6600036621094,389.5,362.8515625,90686600,yahoo
2021-03-24,391.0,392.75,387.4700012207031,387.5199890136719,361.007080078125,97588600,yahoo
2021-03-25,385.9800109863281,390.5499877929688,383.8999938964844,389.7000122070313,363.0379028320313,116128600,yahoo
2021-03-26,390.9299926757813,396.4100036621094,390.2900085449219,395.9800109863281,368.8882141113281,114409100,yahoo
2021-03-29,394.3999938964844,396.75,392.80999755859375,395.7799987792969,368.7018737792969,108107600,yahoo
2021-03-30,394.4200134277344,395.4500122070313,393.0199890136719,394.7300109863281,367.72369384765625,76262200,yahoo
2021-03-31,395.3399963378906,398.0,395.30999755859375,396.3299865722656,369.2142333984375,112734200,yahoo
2021-04-01,398.3999938964844,400.6700134277344,398.1799926757813,400.6099853515625,373.2013549804688,99682900,yahoo
2021-04-05,403.4599914550781,406.9400024414063,403.3800048828125,406.3599853515625,378.5580139160156,91684800,yahoo
2021-04-06,405.760009765625,407.239990234375,405.3999938964844,406.1199951171875,378.3345336914063,62021000,yahoo
2021-04-07,405.9400024414063,406.9599914550781,405.4500122070313,406.5899963378906,378.7723083496094,55836300,yahoo
2021-04-08,407.9299926757813,408.5799865722656,406.9299926757813,408.5199890136719,380.5703430175781,57863100,yahoo
2021-04-09,408.3900146484375,411.6700134277344,408.260009765625,411.489990234375,383.3370666503906,61104600,yahoo
2021-04-12,410.8500061035156,411.9299926757813,410.2000122070313,411.6400146484375,383.4768676757813,56704900,yahoo
2021-04-13,411.5299987792969,413.5299987792969,411.1199951171875,412.8599853515625,384.61328125,56551000,yahoo
2021-04-14,412.8299865722656,413.9599914550781,410.8699951171875,411.4500122070313,383.2998962402344,61659900,yahoo
2021-04-15,413.739990234375,416.1600036621094,413.6900024414063,415.8699951171875,387.4173889160156,60229800,yahoo
2021-04-16,417.25,417.9100036621094,415.7300109863281,417.260009765625,388.7123107910156,82037300,yahoo
2021-04-19,416.260009765625,416.739990234375,413.7900085449219,415.2099914550781,386.8025817871094,78498500,yahoo
2021-04-20,413.9100036621094,415.0899963378906,410.5899963378906,412.1700134277344,383.9706115722656,81851800,yahoo
2021-04-21,411.510009765625,416.2900085449219,411.3599853515625,416.0700073242188,387.6036987304688,66793000,yahoo
2021-04-22,415.8900146484375,416.7799987792969,411.1300048828125,412.2699890136719,384.0636291503906,97582800,yahoo
2021-04-23,412.8699951171875,418.25,412.7900085449219,416.739990234375,388.2279357910156,73209200,yahoo
2021-04-26,417.4400024414063,418.2200012207031,416.80999755859375,417.6099853515625,389.0383605957031,52182400,yahoo
2021-04-27,417.9299926757813,418.1400146484375,416.2999877929688,417.5199890136719,388.9544982910156,51303100,yahoo
2021-04-28,417.80999755859375,419.010009765625,416.8999938964844,417.3999938964844,388.8428039550781,51238900,yahoo
2021-04-29,420.3200073242188,420.7200012207031,416.4400024414063,420.05999755859375,391.3207092285156,78544300,yahoo
2021-04-30,417.6300048828125,418.5400085449219,416.3399963378906,417.2999877929688,388.7496032714844,85527000,yahoo
2021-05-03,419.4299926757813,419.8399963378906,417.6700134277344,418.2000122070313,389.5880432128906,68128300,yahoo
2021-05-04,416.0700073242188,416.6000061035156,411.6700134277344,415.6199951171875,387.1844787597656,101591200,yahoo
2021-05-05,417.3800048828125,417.6300048828125,415.1499938964844,415.75,387.3055725097656,60162200,yahoo
2021-05-06,415.8299865722656,419.2099914550781,413.6799926757813,419.0700073242188,390.3984375,74321400,yahoo
2021-05-07,419.8900146484375,422.8200073242188,419.1600036621094,422.1199951171875,393.2397766113281,67733800,yahoo
2021-05-10,422.5,422.739990234375,417.80999755859375,417.9400024414063,389.345703125,81852400,yahoo
2021-05-11,413.1000061035156,415.2699890136719,410.05999755859375,414.2099914550781,385.8709716796875,116888000,yahoo
2021-05-12,411.2300109863281,412.5899963378906,404.0,405.4100036621094,377.6730651855469,134811000,yahoo
2021-05-13,407.0700073242188,412.3500061035156,407.0199890136719,410.2799987792969,382.2098693847656,106394000,yahoo
2021-05-14,413.2099914550781,417.489990234375,413.1799926757813,416.5799865722656,388.0788269042969,82201600,yahoo
2021-05-17,415.3900146484375,416.3900146484375,413.3599853515625,415.5199890136719,387.0913391113281,65129200,yahoo
2021-05-18,415.7999877929688,416.05999755859375,411.7699890136719,411.9400024414063,383.75634765625,59810200,yahoo
2021-05-19,406.9200134277344,411.0499877929688,405.3299865722656,410.8599853515625,382.7501831054688,106467100,yahoo
2021-05-20,411.7999877929688,416.6300048828125,411.6700134277344,415.2799987792969,386.8677368164063,78022200,yahoo
2021-05-21,416.8699951171875,418.2000122070313,414.4500122070313,414.9400024414063,386.5509948730469,76578700,yahoo
2021-05-24,417.3399963378906,420.3200073242188,417.0799865722656,419.1700134277344,390.49163818359375,51376700,yahoo
2021-05-25,420.3299865722656,420.7099914550781,417.6199951171875,418.239990234375,389.625244140625,57451400,yahoo
2021-05-26,418.8699951171875,419.6099853515625,417.760009765625,419.0700073242188,390.3984375,43088600,yahoo
2021-05-27,420.1700134277344,420.7200012207031,418.989990234375,419.2900085449219,390.6034851074219,56707700,yahoo
2021-05-28,420.9700012207031,421.25,419.7900085449219,420.0400085449219,391.3021240234375,58520200,yahoo
2021-06-01,422.5700073242188,422.7200012207031,419.2000122070313,419.6700134277344,390.95745849609375,54216600,yahoo
2021-06-02,420.3699951171875,421.2300109863281,419.2900085449219,420.3299865722656,391.5722351074219,49097100,yahoo
2021-06-03,417.8500061035156,419.989990234375,416.2799987792969,418.7699890136719,390.1189270019531,58138800,yahoo
2021-06-04,420.75,422.9200134277344,418.8399963378906,422.6000061035156,393.68695068359375,55938800,yahoo
2021-06-07,422.5899963378906,422.7799987792969,421.1900024414063,422.1900024414063,393.3049621582031,51555000,yahoo
2021-06-08,423.1099853515625,423.2099914550781,420.3200073242188,422.2799987792969,393.388916015625,47134300,yahoo
2021-06-09,423.1799926757813,423.260009765625,421.4100036621094,421.6499938964844,392.8019409179688,48436300,yahoo
2021-06-10,422.9599914550781,424.6300048828125,421.5499877929688,423.6099853515625,394.6278991699219,51020100,yahoo
2021-06-11,424.2000122070313,424.4299926757813,422.8200073242188,424.30999755859375,395.2799987792969,45570800,yahoo
2021-06-14,424.4299926757813,425.3699951171875,423.1000061035156,425.260009765625,396.1649475097656,42358500,yahoo
2021-06-15,425.4200134277344,425.4599914550781,423.5400085449219,424.4800109863281,395.43841552734375,51508500,yahoo
2021-06-16,424.6300048828125,424.8699951171875,419.9200134277344,422.1099853515625,393.2304992675781,80386100,yahoo
2021-06-17,421.6700134277344,423.0199890136719,419.3200073242188,421.9700012207031,393.1000671386719,90949700,yahoo
2021-06-18,417.0899963378906,417.8299865722656,414.7000122070313,414.9200134277344,387.7969665527344,118676300,yahoo
2021-06-21,416.7999877929688,421.05999755859375,415.9299926757813,420.8599853515625,393.3486633300781,72822000,yahoo
2021-06-22,420.8500061035156,424.0,420.0799865722656,423.1099853515625,395.45159912109375,57700300,yahoo
2021-06-23,423.1900024414063,424.0499877929688,422.510009765625,422.6000061035156,394.9749145507813,49445400,yahoo
2021-06-24,424.8900146484375,425.5499877929688,424.6199951171875,425.1000061035156,397.31158447265625,45110300,yahoo
2021-06-25,425.8999938964844,427.0899963378906,425.5499877929688,426.6099853515625,398.7228393554688,58129500,yahoo
2021-06-28,427.1700134277344,427.6499938964844,425.8900146484375,427.4700012207031,399.5265808105469,53159600,yahoo
2021-06-29,427.8800048828125,428.55999755859375,427.1300048828125,427.7000122070313,399.7416076660156,35970500,yahoo
2021-06-30,427.2099914550781,428.7799987792969,427.1799926757813,428.05999755859375,400.0780334472656,64827900,yahoo
2021-07-01,428.8699951171875,430.6000061035156,428.7999877929688,430.4299926757813,402.2931213378906,53441000,yahoo
2021-07-02,431.6700134277344,434.1000061035156,430.5199890136719,433.7200012207031,405.3680419921875,57697700,yahoo
2021-07-06,433.7799987792969,434.010009765625,430.010009765625,432.9299926757813,404.6297607421875,68710400,yahoo
2021-07-07,433.6600036621094,434.760009765625,431.510009765625,434.4599914550781,406.0596923828125,63549500,yahoo
2021-07-08,428.7799987792969,431.7300109863281,427.5199890136719,430.9200134277344,402.7510681152344,97595200,yahoo
2021-07-09,432.5299987792969,435.8399963378906,430.7099914550781,435.5199890136719,407.0503540039063,76238600,yahoo
2021-07-12,435.4299926757813,437.3500061035156,434.9700012207031,437.0799865722656,408.5083923339844,52889600,yahoo
2021-07-13,436.239990234375,437.8399963378906,435.30999755859375,435.5899963378906,407.1157836914063,52911300,yahoo
2021-07-14,437.3999938964844,437.9200134277344,434.9100036621094,436.239990234375,407.7233581542969,64130400,yahoo
2021-07-15,434.80999755859375,435.5299987792969,432.7200012207031,434.75,406.3307495117188,55126400,yahoo
2021-07-16,436.010009765625,436.05999755859375,430.9200134277344,431.3399963378906,403.1436462402344,75874700,yahoo
2021-07-19,426.1900024414063,431.4100036621094,421.9700012207031,424.9700012207031,397.1900024414063,147987000,yahoo
2021-07-20,425.6799926757813,432.4200134277344,424.8299865722656,431.05999755859375,402.8818664550781,99608200,yahoo
2021-07-21,432.3399963378906,434.7000122070313,431.010009765625,434.5499877929688,406.143798828125,64724400,yahoo
2021-07-22,434.739990234375,435.7200012207031,433.6900024414063,435.4599914550781,406.9942932128906,47878500,yahoo
2021-07-23,437.5199890136719,440.2999877929688,436.7900085449219,439.9400024414063,411.1814880371094,63766600,yahoo
2021-07-26,439.30999755859375,441.0299987792969,439.260009765625,441.0199890136719,412.19085693359375,43719200,yahoo
2021-07-27,439.9100036621094,439.9400024414063,435.989990234375,439.010009765625,410.3122253417969,67397100,yahoo
2021-07-28,439.6799926757813,440.2999877929688,437.30999755859375,438.8299865722656,410.14398193359375,52472400,yahoo
2021-07-29,439.8200073242188,441.7999877929688,439.80999755859375,440.6499938964844,411.8450927734375,47435300,yahoo
2021-07-30,437.9100036621094,440.05999755859375,437.7699890136719,438.510009765625,409.8449096679688,68951200,yahoo
2021-08-02,440.3399963378906,440.9299926757813,437.2099914550781,437.5899963378906,408.9849853515625,58783300,yahoo
2021-08-03,438.4400024414063,441.2799987792969,436.1000061035156,441.1499938964844,412.3123474121094,58053900,yahoo
2021-08-04,439.7799987792969,441.1199951171875,438.7300109863281,438.9800109863281,410.28424072265625,46732200,yahoo
2021-08-05,440.2200012207031,441.8500061035156,439.8800048828125,441.760009765625,412.8825073242188,38969700,yahoo
2021-08-06,442.1000061035156,442.9400024414063,441.7999877929688,442.489990234375,413.5647277832031,46930000,yahoo
2021-08-09,442.4599914550781,442.7999877929688,441.30999755859375,442.1300048828125,413.2283020019531,41222600,yahoo
2021-08-10,442.6099853515625,443.4400024414063,441.8800048828125,442.6799926757813,413.7423706054688,43339300,yahoo
2021-08-11,443.8200073242188,443.8800048828125,442.6199951171875,443.7799987792969,414.7703857421875,44034300,yahoo
2021-08-12,443.6199951171875,445.260009765625,442.6600036621094,445.1099853515625,416.0134582519531,38909400,yahoo
2021-08-13,445.5899963378906,445.9400024414063,445.0700073242188,445.9200134277344,416.7705078125,39470300,yahoo
2021-08-16,444.5299987792969,447.1099853515625,442.8699951171875,446.9700012207031,417.75189208984375,73740000,yahoo
2021-08-17,444.239990234375,444.9599914550781,440.8500061035156,444.0400085449219,415.0134887695313,92673900,yahoo
2021-08-18,442.9599914550781,444.6300048828125,438.9200134277344,439.1799926757813,410.4710693359375,89351900,yahoo
2021-08-19,436.2699890136719,441.1400146484375,436.1199951171875,439.8599853515625,411.106689453125,92812200,yahoo
2021-08-20,440.2300109863281,443.7099914550781,439.7099914550781,443.3599853515625,414.37786865234375,72008700,yahoo
2021-08-23,445.1600036621094,448.2300109863281,443.4400024414063,447.260009765625,418.0230407714844,54973000,yahoo
2021-08-24,447.9700012207031,448.5400085449219,447.4200134277344,447.9700012207031,418.6865539550781,38744700,yahoo
2021-08-25,448.1700134277344,449.4599914550781,447.7699890136719,448.9100036621094,419.5651245117188,40529700,yahoo
2021-08-26,448.6099853515625,448.8599853515625,446.1600036621094,446.260009765625,417.0883483886719,57829600,yahoo
2021-08-27,447.1199951171875,450.6499938964844,447.05999755859375,450.25,420.8174743652344,77235100,yahoo
2021-08-30,450.9700012207031,453.0700073242188,450.7099914550781,452.2300109863281,422.6680908203125,48357400,yahoo
2021-08-31,452.1300048828125,452.489990234375,450.9200134277344,451.55999755859375,422.0418395996094,59300200,yahoo
2021-09-01,452.55999755859375,453.1099853515625,451.5499877929688,451.7999877929688,422.26611328125,48721400,yahoo
2021-09-02,453.3200073242188,454.0499877929688,451.9100036621094,453.1900024414063,423.5653381347656,42501000,yahoo
2021-09-03,451.9800109863281,453.6300048828125,451.5499877929688,453.0799865722656,423.4624633789063,47170500,yahoo
2021-09-07,452.7099914550781,452.80999755859375,450.739990234375,451.4599914550781,421.9483947753906,51671500,yahoo
2021-09-08,450.8900146484375,451.6700134277344,448.8599853515625,450.9100036621094,421.4343872070313,56181900,yahoo
2021-09-09,450.7000122070313,452.5700073242188,448.7200012207031,448.9800109863281,419.6305236816406,57970400,yahoo
2021-09-10,451.0400085449219,451.489990234375,445.30999755859375,445.4400024414063,416.3218994140625,89948200,yahoo
2021-09-13,448.6400146484375,448.9200134277344,444.1099853515625,446.5799865722656,417.3874206542969,83738600,yahoo
2021-09-14,448.1199951171875,448.3399963378906,443.2200012207031,444.1700134277344,415.1349487304688,78197100,yahoo
2021-09-15,444.6199951171875,448.4100036621094,443.4400024414063,447.8800048828125,418.60247802734375,78792200,yahoo
2021-09-16,447.3200073242188,448.3599853515625,444.0199890136719,447.1700134277344,417.9388427734375,77786700,yahoo
2021-09-17,444.9200134277344,445.3699951171875,441.0199890136719,441.3999938964844,413.86761474609375,118425000,yahoo
2021-09-20,434.8800048828125,436.55999755859375,428.8599853515625,434.0400085449219,406.9667663574219,166445500,yahoo
2021-09-21,436.5299987792969,437.9100036621094,433.0700073242188,433.6300048828125,406.5823669433594,92526100,yahoo
2021-09-22,436.0499877929688,440.0299987792969,433.75,437.8599853515625,410.5484313964844,102350100,yahoo
2021-09-23,439.8500061035156,444.8900146484375,439.6000061035156,443.1799926757813,415.5366516113281,76396000,yahoo
2021-09-24,441.4400024414063,444.6700134277344,441.2099914550781,443.9100036621094,416.22113037109375,62094800,yahoo
2021-09-27,442.80999755859375,444.0499877929688,441.8999938964844,442.6400146484375,415.03033447265625,61371100,yahoo
2021-09-28,439.6900024414063,440.0400085449219,432.9400024414063,433.7200012207031,406.6666870117188,130436300,yahoo
2021-09-29,435.1900024414063,437.0400085449219,433.8500061035156,434.4500122070313,407.3511962890625,82329200,yahoo
2021-09-30,436.0199890136719,436.7699890136719,428.7799987792969,429.1400146484375,402.3724060058594,140506000,yahoo
2021-10-01,430.9800109863281,436.0299987792969,427.2300109863281,434.239990234375,407.154296875,129240100,yahoo
2021-10-04,433.0,433.9599914550781,426.3599853515625,428.6400146484375,401.9036254882813,128570000,yahoo
2021-10-05,430.239990234375,435.489990234375,429.3900146484375,433.1000061035156,406.0853576660156,90682500,yahoo
2021-10-06,429.2699890136719,435.1199951171875,427.5400085449219,434.8999938964844,407.7730712890625,113032200,yahoo
2021-10-07,438.3900146484375,441.6799926757813,438.2000122070313,438.6600036621094,411.2986145019531,72437500,yahoo
2021-10-08,439.4800109863281,439.8900146484375,437.1900024414063,437.8599853515625,410.5484313964844,74557400,yahoo
2021-10-11,437.1600036621094,440.260009765625,434.6199951171875,434.6900024414063,407.57623291015625,65233300,yahoo
2021-10-12,435.6700134277344,436.1000061035156,432.7799987792969,433.6199951171875,406.5729064941406,71181200,yahoo
2021-10-13,434.7099914550781,436.0499877929688,431.5400085449219,435.1799926757813,408.03558349609375,72974000,yahoo
2021-10-14,439.0799865722656,442.6600036621094,438.5799865722656,442.5,414.8990173339844,70236800,yahoo
2021-10-15,444.75,446.260009765625,444.0899963378906,445.8699951171875,418.0588073730469,66260200,yahoo
2021-10-18,443.9700012207031,447.5499877929688,443.2699890136719,447.1900024414063,419.2964782714844,62213200,yahoo
2021-10-19,448.9200134277344,450.7099914550781,448.2699890136719,450.6400146484375,422.5312805175781,46996800,yahoo
2021-10-20,451.1300048828125,452.7300109863281,451.010009765625,452.4100036621094,424.19091796875,49571600,yahoo
2021-10-21,451.7699890136719,453.8299865722656,451.30999755859375,453.5899963378906,425.29730224609375,41305400,yahoo
2021-10-22,453.1300048828125,454.6700134277344,451.0499877929688,453.1199951171875,424.8566589355469,58845100,yahoo
2021-10-25,454.2799987792969,455.8999938964844,452.3900146484375,455.5499877929688,427.1350708007813,45214500,yahoo
2021-10-26,457.2000122070313,458.489990234375,455.55999755859375,455.9599914550781,427.5194396972656,56075100,yahoo
2021-10-27,456.4500122070313,457.1600036621094,453.8599853515625,453.9400024414063,425.6254577636719,72438000,yahoo
2021-10-28,455.4599914550781,458.3999938964844,455.4500122070313,458.3200073242188,429.7322692871094,51437900,yahoo
2021-10-29,455.8699951171875,459.55999755859375,455.55999755859375,459.25,430.604248046875,70162400,yahoo
2021-11-01,460.2999877929688,460.7000122070313,458.2000122070313,460.0400085449219,431.3450012207031,48433600,yahoo
2021-11-02,460.2200012207031,462.2300109863281,460.0799865722656,461.8999938964844,433.0889892578125,48908400,yahoo
2021-11-03,461.2999877929688,465.1499938964844,460.8299865722656,464.7200012207031,435.7330627441406,52509800,yahoo
2021-11-04,465.3599853515625,467.0,464.989990234375,466.9100036621094,437.7864685058594,52847100,yahoo
2021-11-05,469.2799987792969,470.6499938964844,466.9200134277344,468.5299987792969,439.305419921875,66390600,yahoo
2021-11-08,469.7000122070313,470.2300109863281,468.2000122070313,468.9299926757813,439.6805419921875,50405200,yahoo
2021-11-09,469.3200073242188,469.5700073242188,465.8800048828125,467.3800048828125,438.2271118164063,51149100,yahoo
2021-11-10,465.5799865722656,467.3800048828125,462.0400085449219,463.6199951171875,434.7017517089844,69429700,yahoo
2021-11-11,465.2099914550781,465.2900085449219,463.75,463.7699890136719,434.8423156738281,34848500,yahoo
2021-11-12,465.1199951171875,467.8599853515625,464.1099853515625,467.2699890136719,438.1239929199219,53466700,yahoo
2021-11-15,468.6400146484375,468.80999755859375,466.2300109863281,467.4299926757813,438.2740173339844,46980500,yahoo
2021-11-16,467.1499938964844,470.489990234375,467.0700073242188,469.2799987792969,440.0086364746094,48857500,yahoo
2021-11-17,469.0,469.1900024414063,467.4800109863281,468.1400146484375,438.9397277832031,47858300,yahoo
2021-11-18,469.239990234375,470.010009765625,466.3399963378906,469.7300109863281,440.43060302734375,50625600,yahoo
2021-11-19,469.6099853515625,470.9400024414063,468.5,468.8900146484375,439.64300537109375,57315600,yahoo
2021-11-22,470.8900146484375,473.5400085449219,467.3500061035156,467.5700073242188,438.4053039550781,72762000,yahoo
2021-11-23,467.2200012207031,469.1000061035156,464.4500122070313,468.1900024414063,438.9866943359375,73206500,yahoo
2021-11-24,466.05999755859375,469.5700073242188,465.1900024414063,469.4400024414063,440.1586608886719,61858800,yahoo
2021-11-26,462.3399963378906,463.8999938964844,457.7699890136719,458.9700012207031,430.34173583984375,112669600,yahoo
2021-11-29,464.0700073242188,466.55999755859375,461.7300109863281,464.6000061035156,435.6205749511719,86268800,yahoo
2021-11-30,462.0,464.0299987792969,455.2999877929688,455.55999755859375,427.1445007324219,148559600,yahoo
2021-12-01,461.6400146484375,464.6700134277344,450.2900085449219,450.5,422.4000244140625,131939200,yahoo
2021-12-02,450.7300109863281,459.0700073242188,450.30999755859375,457.3999938964844,428.86962890625,127637800,yahoo
2021-12-03,459.1700134277344,460.2999877929688,448.9200134277344,453.4200134277344,425.137939453125,137331600,yahoo
2021-12-06,456.1300048828125,460.7900085449219,453.55999755859375,458.7900085449219,430.1729431152344,98977500,yahoo
2021-12-07,464.4100036621094,468.8800048828125,458.6499938964844,468.2799987792969,439.0710144042969,95484700,yahoo
2021-12-08,468.7000122070313,470.0,466.8299865722656,469.5199890136719,440.233642578125,72238800,yahoo
2021-12-09,468.1499938964844,469.6300048828125,466.1400146484375,466.3500061035156,437.261474609375,61272600,yahoo
2021-12-10,469.2300109863281,470.8999938964844,466.510009765625,470.739990234375,441.3775329589844,77159800,yahoo
2021-12-13,470.1900024414063,470.55999755859375,466.2699890136719,466.5700073242188,437.4676818847656,87724700,yahoo
2021-12-14,463.0899963378906,465.739990234375,460.25,463.3599853515625,434.4578552246094,97264100,yahoo
2021-12-15,463.4200134277344,470.8599853515625,460.739990234375,470.6000061035156,441.2463073730469,116899300,yahoo
2021-12-16,472.5700073242188,472.8699951171875,464.7999877929688,466.4500122070313,437.3551940917969,116568600,yahoo
2021-12-17,461.5499877929688,464.739990234375,458.05999755859375,459.8699951171875,432.7004699707031,135511600,yahoo
2021-12-20,454.4800109863281,455.3999938964844,451.1400146484375,454.9800109863281,428.099365234375,107134800,yahoo
2021-12-21,458.6099853515625,463.2099914550781,456.30999755859375,463.05999755859375,435.7020263671875,69806300,yahoo
2021-12-22,462.7900085449219,467.80999755859375,462.5799865722656,467.6900024414063,440.0584411621094,58890200,yahoo
2021-12-23,468.75,472.1900024414063,468.6400146484375,470.6000061035156,442.7965698242188,56439700,yahoo
2021-12-27,472.05999755859375,477.30999755859375,472.010009765625,477.260009765625,449.0630187988281,56808600,yahoo
2021-12-28,477.7200012207031,478.80999755859375,476.05999755859375,476.8699951171875,448.6960144042969,47274600,yahoo
2021-12-29,476.9800109863281,478.55999755859375,475.9200134277344,477.4800109863281,449.2700500488281,54503000,yahoo
2021-12-30,477.9299926757813,479.0,475.6700134277344,476.1600036621094,448.0281066894531,55329000,yahoo
2021-12-31,475.6400146484375,476.8599853515625,474.6700134277344,474.9599914550781,446.89892578125,65237400,yahoo
2022-01-03,476.2999877929688,477.8500061035156,473.8500061035156,477.7099914550781,449.4864807128906,72668200,yahoo
2022-01-04,479.2200012207031,479.9800109863281,475.5799865722656,477.5499877929688,449.33587646484375,71178700,yahoo
2022-01-05,477.1600036621094,477.9800109863281,468.2799987792969,468.3800048828125,440.7076721191406,104538900,yahoo
2022-01-06,467.8900146484375,470.8200073242188,465.4299926757813,467.9400024414063,440.2936096191406,86858900,yahoo
2022-01-07,467.9500122070313,469.2000122070313,464.6499938964844,466.0899963378906,438.5529174804688,85111600,yahoo
2022-01-10,462.7000122070313,465.739990234375,456.6000061035156,465.510009765625,438.0072021484375,119362000,yahoo
2022-01-11,465.2300109863281,469.8500061035156,462.0499877929688,469.75,441.9967346191406,74303100,yahoo
2022-01-12,471.5899963378906,473.2000122070313,468.9400024414063,471.0199890136719,443.1917419433594,67605400,yahoo
2022-01-13,472.1900024414063,472.8800048828125,463.4400024414063,464.5299987792969,437.0851745605469,91173100,yahoo
2022-01-14,461.1900024414063,465.0899963378906,459.8999938964844,464.7200012207031,437.2639465332031,95890900,yahoo
2022-01-18,459.739990234375,459.9599914550781,455.30999755859375,456.489990234375,429.5200500488281,109709100,yahoo
2022-01-19,458.1300048828125,459.6099853515625,451.4599914550781,451.75,425.0601196289063,109357600,yahoo
2022-01-20,453.75,458.739990234375,444.5,446.75,420.3555908203125,122379700,yahoo
2022-01-21,445.55999755859375,448.05999755859375,437.9500122070313,437.9800109863281,412.103759765625,202271200,yahoo
2022-01-24,432.0299987792969,440.3800048828125,420.760009765625,439.8399963378906,413.8538208007813,251783900,yahoo
2022-01-25,433.05999755859375,439.7200012207031,427.1499938964844,434.4700012207031,408.8010864257813,167997300,yahoo
2022-01-26,440.7200012207031,444.0400085449219,428.8599853515625,433.3800048828125,407.7755126953125,186391100,yahoo
2022-01-27,438.260009765625,441.5899963378906,429.4500122070313,431.239990234375,405.7618713378906,149878300,yahoo
2022-01-28,432.6799926757813,442.0,427.8200073242188,441.9500122070313,415.8392333984375,164457400,yahoo
2022-01-31,441.239990234375,450.2799987792969,439.80999755859375,449.9100036621094,423.3288269042969,152251400,yahoo
2022-02-01,450.6799926757813,453.6300048828125,446.9400024414063,452.9500122070313,426.1893310546875,123155400,yahoo
2022-02-02,455.5,458.1199951171875,453.0499877929688,457.3500061035156,430.329345703125,117361000,yahoo
2022-02-03,450.9500122070313,452.9700012207031,445.7099914550781,446.6000061035156,420.2144165039063,118024400,yahoo
2022-02-04,446.3500061035156,452.7799987792969,443.8299865722656,448.7000122070313,422.1903991699219,118454400,yahoo
2022-02-07,449.510009765625,450.989990234375,445.8500061035156,447.260009765625,420.8355102539063,84472900,yahoo
2022-02-08,446.7300109863281,451.9200134277344,445.2200012207031,450.9400024414063,424.2980346679688,81012000,yahoo
2022-02-09,455.2200012207031,457.8800048828125,455.010009765625,457.5400085449219,430.5081481933594,92589900,yahoo
2022-02-10,451.3399963378906,457.7099914550781,447.2000122070313,449.3200073242188,422.7737426757813,140103700,yahoo
2022-02-11,449.4100036621094,451.6099853515625,438.9400024414063,440.4599914550781,414.4371948242188,153214600,yahoo
2022-02-14,439.9200134277344,441.6000061035156,435.3399963378906,439.0199890136719,413.0822143554688,123006300,yahoo
2022-02-15,443.7300109863281,446.2799987792969,443.1799926757813,446.1000061035156,419.7439575195313,88482700,yahoo
2022-02-16,443.9299926757813,448.05999755859375,441.9400024414063,446.6000061035156,420.2144165039063,84863600,yahoo
2022-02-17,443.2200012207031,446.5700073242188,436.4200134277344,437.05999755859375,411.2380981445313,102259100,yahoo
2022-02-18,437.3299865722656,438.6600036621094,431.8200073242188,434.2300109863281,408.5753479003906,132642900,yahoo
2022-02-22,431.8900146484375,435.5,425.8599853515625,429.5700073242188,404.1906127929688,124391800,yahoo
2022-02-23,432.6600036621094,433.260009765625,421.3500061035156,421.9500122070313,397.0208435058594,132578000,yahoo
2022-02-24,411.0199890136719,428.760009765625,410.6400146484375,428.2999877929688,402.9955749511719,213942900,yahoo
2022-02-25,429.6099853515625,437.8399963378906,427.8599853515625,437.75,411.8872985839844,121804500,yahoo
2022-02-28,432.0299987792969,438.2000122070313,430.7000122070313,436.6300048828125,410.83349609375,145615000,yahoo
2022-03-01,435.0400085449219,437.1700134277344,427.1099853515625,429.9800109863281,404.5764465332031,137785900,yahoo
2022-03-02,432.3699951171875,439.7200012207031,431.5700073242188,437.8900146484375,412.0191040039063,117726500,yahoo
2022-03-03,440.4700012207031,441.1099853515625,433.7999877929688,435.7099914550781,409.9678955078125,105501700,yahoo
2022-03-04,431.75,433.3699951171875,427.8800048828125,432.1700134277344,406.6370544433594,113978200,yahoo
2022-03-07,431.5499877929688,432.2999877929688,419.3599853515625,419.4299926757813,394.6496887207031,137896600,yahoo
2022-03-08,419.6199951171875,427.2099914550781,415.1199951171875,416.25,391.6575622558594,164772700,yahoo
2022-03-09,425.1400146484375,429.510009765625,422.8200073242188,427.4100036621094,402.158203125,116990800,yahoo
2022-03-10,422.5199890136719,426.4299926757813,420.4400024414063,425.4800109863281,400.34228515625,93972700,yahoo
2022-03-11,428.1199951171875,428.7699890136719,419.5299987792969,420.0700073242188,395.2518310546875,95636300,yahoo
2022-03-14,420.8900146484375,424.5499877929688,415.7900085449219,417.0,392.36322021484375,95729200,yahoo
2022-03-15,419.7699890136719,426.8399963378906,418.4200134277344,426.1700134277344,400.991455078125,106219100,yahoo
2022-03-16,429.8900146484375,435.6799926757813,424.7999877929688,435.6199951171875,409.8831481933594,144954800,yahoo
2022-03-17,433.5899963378906,441.0700073242188,433.1900024414063,441.0700073242188,415.0111999511719,102676900,yahoo
2022-03-18,438.0,444.8599853515625,437.2200012207031,444.5199890136719,419.556640625,106345500,yahoo
2022-03-21,444.3399963378906,446.4599914550781,440.6799926757813,444.3900146484375,419.4340515136719,88349800,yahoo
2022-03-22,445.8599853515625,450.5799865722656,445.8599853515625,449.5899963378906,424.3419494628906,74650400,yahoo
2022-03-23,446.9100036621094,448.489990234375,443.7099914550781,443.7999877929688,418.8771362304688,79426100,yahoo
2022-03-24,445.9400024414063,450.5,444.760009765625,450.489990234375,425.19146728515625,64736900,yahoo
2022-03-25,451.1600036621094,452.9800109863281,448.4299926757813,452.6900024414063,427.2679748535156,77101300,yahoo
2022-03-28,452.05999755859375,455.9100036621094,450.05999755859375,455.9100036621094,430.3070373535156,68529800,yahoo
2022-03-29,460.0199890136719,462.0700073242188,457.1799926757813,461.5499877929688,435.63037109375,86581500,yahoo
2022-03-30,460.3399963378906,461.2000122070313,456.4700012207031,458.7000122070313,432.94036865234375,79666900,yahoo
2022-03-31,457.8900146484375,458.760009765625,451.1600036621094,451.6400146484375,426.2769165039063,121699900,yahoo
2022-04-01,453.30999755859375,453.4599914550781,449.1400146484375,452.9200134277344,427.4849853515625,89048800,yahoo
2022-04-04,453.1300048828125,456.9100036621094,452.260009765625,456.7999877929688,431.1470642089844,59601000,yahoo
2022-04-05,455.2200012207031,457.8299865722656,449.8200073242188,451.0299987792969,425.7011413574219,74214500,yahoo
2022-04-06,446.8900146484375,448.9299926757813,443.4700012207031,446.5199890136719,421.44439697265625,106898000,yahoo
2022-04-07,445.5899963378906,450.6900024414063,443.5299987792969,448.7699890136719,423.5680236816406,78097200,yahoo
2022-04-08,447.9700012207031,450.6300048828125,445.9400024414063,447.5700073242188,422.43548583984375,79272700,yahoo
2022-04-11,444.1099853515625,445.0,439.3900146484375,439.9200134277344,415.2150268554688,89770500,yahoo
2022-04-12,443.0799865722656,445.75,436.6499938964844,438.2900085449219,413.6765747070313,84363600,yahoo
2022-04-13,438.0299987792969,444.1099853515625,437.8399963378906,443.30999755859375,418.4147338867188,74070400,yahoo
2022-04-14,443.5499877929688,444.7300109863281,437.6799926757813,437.7900085449219,413.2047424316406,97869500,yahoo
2022-04-18,436.80999755859375,439.75,435.6099853515625,437.9700012207031,413.37451171875,66002500,yahoo
2022-04-19,437.8599853515625,445.7999877929688,437.6799926757813,445.0400085449219,420.0474853515625,77821000,yahoo
2022-04-20,446.9200134277344,447.5700073242188,443.4800109863281,444.7099914550781,419.7360534667969,65224400,yahoo
2022-04-21,448.5400085449219,450.010009765625,437.1000061035156,438.05999755859375,413.4595336914063,85417300,yahoo
2022-04-22,436.9100036621094,438.0799865722656,425.4400024414063,426.0400085449219,402.1145324707031,132471800,yahoo
2022-04-25,423.6700134277344,428.6900024414063,418.8399963378906,428.510009765625,404.44580078125,119647700,yahoo
2022-04-26,425.8299865722656,426.0400085449219,416.0700073242188,416.1000061035156,392.7327270507813,103996300,yahoo
2022-04-27,417.239990234375,422.9200134277344,415.010009765625,417.2699890136719,393.8370056152344,122030000,yahoo
2022-04-28,422.2900085449219,429.6400146484375,417.6000061035156,427.80999755859375,403.7851257324219,105449100,yahoo
2022-04-29,423.5899963378906,425.8699951171875,411.2099914550781,412.0,388.8629455566406,145491100,yahoo
2022-05-02,412.0700073242188,415.9200134277344,405.0199890136719,414.4800109863281,391.2037353515625,158312500,yahoo
2022-05-03,415.010009765625,418.9299926757813,413.3599853515625,416.3800048828125,392.9969787597656,100028200,yahoo
2022-05-04,417.0799865722656,429.6600036621094,413.7099914550781,429.05999755859375,404.96490478515625,144247900,yahoo
2022-05-05,424.5499877929688,425.0,409.4400024414063,413.80999755859375,390.57135009765625,172929100,yahoo
2022-05-06,411.1000061035156,414.7999877929688,405.7300109863281,411.3399963378906,388.2400512695313,151770800,yahoo
2022-05-09,405.1000061035156,406.4100036621094,396.5,398.1700134277344,375.8096008300781,155586100,yahoo
2022-05-10,404.489990234375,406.0799865722656,394.8200073242188,399.0899963378906,376.6780090332031,132497200,yahoo
2022-05-11,398.0700073242188,404.0400085449219,391.9599914550781,392.75,370.6940002441406,142361000,yahoo
2022-05-12,389.3699951171875,395.7999877929688,385.1499938964844,392.3399963378906,370.3070068359375,125090800,yahoo
2022-05-13,396.7099914550781,403.1799926757813,395.6099853515625,401.7200012207031,379.1603088378906,104174400,yahoo
2022-05-16,399.9800109863281,403.9700012207031,397.6000061035156,400.0899963378906,377.6217956542969,78622400,yahoo
2022-05-17,406.5299987792969,408.5700073242188,402.5799865722656,408.3200073242188,385.3896484375,83029700,yahoo
2022-05-18,403.5,403.7999877929688,390.5499877929688,391.8599853515625,369.85394287109375,117674500,yahoo
2022-05-19,388.6199951171875,394.1400146484375,387.1099853515625,389.4599914550781,367.5887756347656,98510700,yahoo
2022-05-20,393.25,397.0299987792969,380.5400085449219,389.6300048828125,367.749267578125,131432200,yahoo
2022-05-23,392.8299865722656,397.7300109863281,390.3800048828125,396.9200134277344,374.6298522949219,76414900,yahoo
2022-05-24,392.55999755859375,395.1499938964844,386.9599914550781,393.8900146484375,371.77001953125,91448800,yahoo
2022-05-25,392.30999755859375,399.4500122070313,391.8900146484375,397.3699951171875,375.0545654296875,91472900,yahoo
2022-05-26,398.6700134277344,407.0400085449219,398.4500122070313,405.30999755859375,382.5487060546875,82168300,yahoo
2022-05-27,407.9100036621094,415.3800048828125,407.7000122070313,415.260009765625,391.93988037109375,84768700,yahoo
2022-05-31,413.5499877929688,416.4599914550781,410.0299987792969,412.9299926757813,389.74072265625,95937000,yahoo
2022-06-01,415.1700134277344,416.239990234375,406.9299926757813,409.5899963378906,386.58831787109375,86585800,yahoo
2022-06-02,409.4200134277344,417.4400024414063,407.0400085449219,417.3900146484375,393.9502868652344,79609600,yahoo
2022-06-03,412.3999938964844,414.0400085449219,409.510009765625,410.5400085449219,387.4849548339844,71874300,yahoo
2022-06-06,414.7799987792969,416.6099853515625,410.5499877929688,411.7900085449219,388.664794921875,57508900,yahoo
2022-06-07,408.1000061035156,416.2200012207031,407.6099853515625,415.739990234375,392.3929443359375,59272400,yahoo
2022-06-08,413.9299926757813,415.8200073242188,410.3800048828125,411.2200012207031,388.1267395019531,64350000,yahoo
2022-06-09,409.3399963378906,411.739990234375,401.4400024414063,401.4400024414063,378.8960266113281,86289800,yahoo
2022-06-10,394.8800048828125,395.7799987792969,389.75,389.7999877929688,367.90966796875,132893900,yahoo
2022-06-13,379.8500061035156,381.80999755859375,373.2999877929688,375.0,353.9407958984375,170004900,yahoo
2022-06-14,376.8500061035156,377.9400024414063,370.5899963378906,373.8699951171875,352.874267578125,104011800,yahoo
2022-06-15,377.3599853515625,383.8999938964844,372.1199951171875,379.2000122070313,357.9049377441406,125666800,yahoo
2022-06-16,370.510009765625,370.9400024414063,364.0799865722656,366.6499938964844,346.0597229003906,134473300,yahoo
2022-06-17,365.510009765625,369.3800048828125,362.1700134277344,365.8599853515625,346.8057556152344,111113900,yahoo
2022-06-21,371.8900146484375,376.5299987792969,371.80999755859375,375.0700073242188,355.5360717773437,76811900,yahoo
2022-06-22,370.6199951171875,378.7200012207031,370.1799926757813,374.3900146484375,354.8915100097656,90059400,yahoo
2022-06-23,376.6400146484375,378.8299865722656,372.8900146484375,378.05999755859375,358.370361328125,79292100,yahoo
2022-06-24,381.3999938964844,390.0899963378906,381.3699951171875,390.0799865722656,369.7643737792969,98050300,yahoo
2022-06-27,391.0499877929688,391.3599853515625,387.4400024414063,388.5899963378906,368.3519592285156,66009600,yahoo
2022-06-28,390.2300109863281,393.1600036621094,380.5299987792969,380.6499938964844,360.8254699707031,86548900,yahoo
2022-06-29,381.2300109863281,382.2699890136719,378.4200134277344,380.3399963378906,360.5316162109375,65676000,yahoo
2022-06-30,376.239990234375,380.6600036621094,372.55999755859375,377.25,357.60260009765625,112508300,yahoo
2022-07-01,376.55999755859375,381.7000122070313,373.7999877929688,381.239990234375,361.3847351074219,74839700,yahoo
2022-07-05,375.8800048828125,381.9800109863281,372.8999938964844,381.9599914550781,362.0672607421875,81438000,yahoo
2022-07-06,382.1099853515625,385.8699951171875,379.6000061035156,383.25,363.2901306152344,70426200,yahoo
2022-07-07,385.1199951171875,389.8299865722656,383.2699890136719,388.989990234375,368.7310791015625,64525900,yahoo
2022-07-08,387.2699890136719,390.6400146484375,385.6600036621094,388.6700134277344,368.4278564453125,72397800,yahoo
2022-07-11,385.8500061035156,386.8699951171875,383.5,384.2300109863281,364.2190246582031,58366900,yahoo
2022-07-12,383.6499938964844,386.1600036621094,378.989990234375,380.8299865722656,360.99609375,62219200,yahoo
2022-07-13,375.1000061035156,381.9200134277344,374.6600036621094,378.8299865722656,359.1002197265625,84224600,yahoo
2022-07-14,373.6099853515625,379.0499877929688,371.0400085449219,377.9100036621094,358.2281799316406,89704800,yahoo
2022-07-15,382.5499877929688,385.25,380.5400085449219,385.1300048828125,365.0721435546875,79060400,yahoo
2022-07-18,388.3800048828125,389.0899963378906,380.6600036621094,381.9500122070313,362.0578002929688,63203600,yahoo
2022-07-19,386.0799865722656,392.8699951171875,385.3900146484375,392.2699890136719,371.8402099609375,78506000,yahoo
2022-07-20,392.4700012207031,396.260009765625,391.0299987792969,394.7699890136719,374.2100830078125,71843800,yahoo
2022-07-21,394.1600036621094,398.8399963378906,391.6300048828125,398.7900085449219,378.0207214355469,64903900,yahoo
2022-07-22,398.9200134277344,400.1799926757813,392.75,395.0899963378906,374.5133972167969,72197300,yahoo
2022-07-25,395.75,396.4700012207031,393.2099914550781,395.5700073242188,374.9684143066406,53631500,yahoo
2022-07-26,393.8399963378906,394.05999755859375,389.9500122070313,390.8900146484375,370.53216552734375,52946400,yahoo
2022-07-27,394.3599853515625,402.8800048828125,394.0499877929688,401.0400085449219,380.153564453125,82342100,yahoo
2022-07-28,401.8900146484375,406.7999877929688,398.1499938964844,406.0700073242188,384.9216003417969,73966600,yahoo
2022-07-29,407.5799865722656,413.0299987792969,406.7699890136719,411.989990234375,390.5332336425781,87003700,yahoo
2022-08-01,409.1499938964844,413.4100036621094,408.3999938964844,410.7699890136719,389.3767700195313,69997500,yahoo
2022-08-02,409.1199951171875,413.0,406.8200073242188,408.05999755859375,386.8079833984375,63435400,yahoo
2022-08-03,410.2999877929688,415.6799926757813,410.0,414.4500122070313,392.8651428222656,67820600,yahoo
2022-08-04,414.3699951171875,415.0899963378906,412.4400024414063,414.1700134277344,392.5997314453125,45656600,yahoo
2022-08-05,409.6600036621094,414.1499938964844,409.6000061035156,413.4700012207031,391.9361877441406,56814900,yahoo
2022-08-08,415.25,417.6199951171875,411.8299865722656,412.989990234375,391.481201171875,53886100,yahoo
2022-08-09,412.2200012207031,412.75,410.2200012207031,411.3500061035156,389.9266357421875,44931800,yahoo
2022-08-10,418.7799987792969,420.1400146484375,416.7200012207031,419.989990234375,398.1166076660156,68665700,yahoo
2022-08-11,422.989990234375,424.9500122070313,419.2099914550781,419.989990234375,398.1166076660156,59489700,yahoo
2022-08-12,422.0299987792969,427.2099914550781,421.0299987792969,427.1000061035156,404.8563232421875,61694500,yahoo
2022-08-15,424.7699890136719,429.4100036621094,424.7099914550781,428.8599853515625,406.5246276855469,54048300,yahoo
2022-08-16,427.7300109863281,431.7300109863281,426.8800048828125,429.7000122070313,407.3208923339844,59289000,yahoo
2022-08-17,425.9100036621094,429.5,424.5400085449219,426.6499938964844,404.42974853515625,63563400,yahoo
2022-08-18,426.8599853515625,428.6099853515625,425.5,427.8900146484375,405.6051330566406,49023200,yahoo
2022-08-19,424.9800109863281,425.260009765625,421.2200012207031,422.1400146484375,400.1546325683594,68016900,yahoo
2022-08-22,417.0499877929688,417.2300109863281,412.3999938964844,413.3500061035156,391.8223876953125,77695600,yahoo
2022-08-23,412.8999938964844,415.4200134277344,411.7699890136719,412.3500061035156,390.8745727539063,49105200,yahoo
2022-08-24,412.1099853515625,415.1099853515625,411.3900146484375,413.6700134277344,392.1257934570313,49177800,yahoo
2022-08-25,415.239990234375,419.55999755859375,414.0899963378906,419.510009765625,397.6616821289063,50942300,yahoo
2022-08-26,419.3900146484375,419.9599914550781,405.25,405.30999755859375,384.2012023925781,103087000,yahoo
2022-08-29,402.2000122070313,405.8399963378906,401.2000122070313,402.6300048828125,381.6607666015625,65370800,yahoo
2022-08-30,403.8500061035156,404.1000061035156,396.0,398.2099914550781,377.4709167480469,85652400,yahoo
2022-08-31,399.9299926757813,401.239990234375,395.0400085449219,395.1799926757813,374.5986633300781,76029700,yahoo
2022-09-01,392.8900146484375,396.7799987792969,390.0400085449219,396.4200134277344,375.774169921875,78740100,yahoo
2022-09-02,400.2799987792969,401.55999755859375,390.3299865722656,392.239990234375,371.8118896484375,99632100,yahoo
2022-09-06,393.1300048828125,394.1199951171875,388.4200134277344,390.760009765625,370.4089660644531,76637400,yahoo
2022-09-07,390.4299926757813,398.5899963378906,390.2000122070313,397.7799987792969,377.0633544921875,70964200,yahoo
2022-09-08,395.3900146484375,400.8599853515625,394.1199951171875,400.3800048828125,379.5278930664063,80821700,yahoo
2022-09-09,402.739990234375,407.510009765625,402.4599914550781,406.6000061035156,385.4239807128906,76706900,yahoo
2022-09-12,408.7799987792969,411.7300109863281,408.4599914550781,410.9700012207031,389.5663757324219,69256300,yahoo
2022-09-13,401.8299865722656,403.1000061035156,391.9200134277344,393.1000061035156,372.6271362304688,122947100,yahoo
2022-09-14,394.4700012207031,396.2000122070313,391.1199951171875,394.6000061035156,374.04888916015625,85023700,yahoo
2022-09-15,392.9599914550781,395.9599914550781,388.7799987792969,390.1199951171875,369.80224609375,87633800,yahoo
2022-09-16,384.1400146484375,386.25,382.1099853515625,385.55999755859375,366.9810791015625,103084800,yahoo
2022-09-19,382.260009765625,388.5499877929688,382.1799926757813,388.5499877929688,369.8270263671875,73278500,yahoo
2022-09-20,385.05999755859375,386.1199951171875,381.2000122070313,384.0899963378906,365.58197021484375,77274900,yahoo
2022-09-21,386.1099853515625,389.30999755859375,377.3800048828125,377.3900146484375,359.20477294921875,106746600,yahoo
2022-09-22,376.5799865722656,378.2999877929688,373.4400024414063,374.2200012207031,356.18756103515625,89472600,yahoo
2022-09-23,370.5799865722656,370.6199951171875,363.2900085449219,367.9500122070313,350.2197265625,122346900,yahoo
2022-09-26,366.4100036621094,370.2099914550781,363.0299987792969,364.30999755859375,346.755126953125,92581200,yahoo
2022-09-27,368.0199890136719,370.3999938964844,360.8699951171875,363.3800048828125,345.8697814941406,108294100,yahoo
2022-09-28,364.3800048828125,372.2999877929688,362.6000061035156,370.5299987792969,352.6753845214844,110802200,yahoo
2022-09-29,366.80999755859375,367.1099853515625,359.70001220703125,362.7900085449219,345.3082580566406,112952300,yahoo
2022-09-30,361.7999877929688,365.9100036621094,357.0400085449219,357.17999267578125,339.9686279296875,153711200,yahoo
2022-10-03,361.0799865722656,368.5499877929688,359.2099914550781,366.6099853515625,348.9442443847656,89756500,yahoo
2022-10-04,372.3999938964844,378.0,366.5700073242188,377.9700012207031,359.7568054199219,103602800,yahoo
2022-10-05,373.3900146484375,379.4599914550781,370.9500122070313,377.0899963378906,358.91925048828125,88065700,yahoo
2022-10-06,375.6199951171875,378.7200012207031,372.6799926757813,373.2000122070313,355.2167053222656,82333500,yahoo
2022-10-07,368.9700012207031,373.2900085449219,360.9400024414063,362.7900085449219,345.3082580566406,107789500,yahoo
2022-10-10,363.9599914550781,364.2099914550781,357.6700134277344,360.0199890136719,342.6717224121094,76042800,yahoo
2022-10-11,358.239990234375,363.0299987792969,355.7099914550781,357.739990234375,340.5016784667969,92482800,yahoo
2022-10-12,358.1700134277344,359.82000732421875,356.29998779296875,356.5599975585937,339.3785400390625,76991800,yahoo
2022-10-13,349.2099914550781,367.510009765625,348.1099853515625,365.9700012207031,348.3350830078125,147254500,yahoo
2022-10-14,368.5499877929688,370.260009765625,356.9599914550781,357.6300048828125,340.3969421386719,123737000,yahoo
2022-10-17,364.010009765625,367.9800109863281,357.2799987792969,366.8200073242188,349.1441345214844,93168200,yahoo
2022-10-18,375.1300048828125,375.4500122070313,367.5199890136719,371.1300048828125,353.2464294433594,97162900,yahoo
2022-10-19,368.989990234375,371.8500061035156,365.5499877929688,368.5,350.74322509765625,79746900,yahoo
2022-10-20,368.0299987792969,372.6700134277344,364.6099853515625,365.4100036621094,347.802001953125,88283100,yahoo
2022-10-21,365.1199951171875,374.7999877929688,363.5400085449219,374.2900085449219,356.254150390625,131038400,yahoo
2022-10-24,375.8900146484375,380.05999755859375,373.1099853515625,378.8699951171875,360.6134643554688,85436900,yahoo
2022-10-25,378.7900085449219,385.25,378.6700134277344,384.9200134277344,366.3719482421875,78846300,yahoo
2022-10-26,381.6199951171875,387.5799865722656,381.3500061035156,382.0199890136719,363.6116333007813,104087300,yahoo
2022-10-27,383.0700073242188,385.0,379.3299865722656,379.9800109863281,361.66998291015625,81971800,yahoo
2022-10-28,379.8699951171875,389.5199890136719,379.6799926757813,389.0199890136719,370.2743225097656,100302000,yahoo
2022-10-31,386.4400024414063,388.3999938964844,385.260009765625,386.2099914550781,367.5997924804688,96631300,yahoo
2022-11-01,390.1400146484375,390.3900146484375,383.2900085449219,384.5199890136719,365.9912109375,85407600,yahoo
2022-11-02,383.8999938964844,388.6300048828125,374.760009765625,374.8699951171875,356.8061218261719,126990400,yahoo
2022-11-03,371.4700012207031,374.2000122070313,368.7900085449219,371.010009765625,353.1321716308594,87100100,yahoo
2022-11-04,377.0,378.8699951171875,370.0,376.3500061035156,358.2148742675781,103505200,yahoo
2022-11-07,377.7099914550781,380.5700073242188,375.5299987792969,379.9500122070313,361.6414489746094,68286900,yahoo
2022-11-08,381.1099853515625,385.1199951171875,377.7200012207031,382.0,363.5926208496094,84641100,yahoo
2022-11-09,379.9299926757813,381.1400146484375,373.6099853515625,374.1300048828125,356.10186767578125,78495500,yahoo
2022-11-10,388.0499877929688,395.0400085449219,385.6400146484375,394.6900024414063,375.671142578125,141455800,yahoo
2022-11-11,395.5899963378906,399.3500061035156,393.6099853515625,398.510009765625,379.3070068359375,93839900,yahoo
2022-11-14,396.6600036621094,400.1799926757813,394.8299865722656,395.1199951171875,376.0804138183594,71903500,yahoo
2022-11-15,401.1499938964844,402.30999755859375,394.489990234375,398.489990234375,379.28802490234375,93194500,yahoo
2022-11-16,396.7799987792969,397.7799987792969,394.7900085449219,395.4500122070313,376.39453125,68508500,yahoo
2022-11-17,390.4599914550781,394.9500122070313,390.1400146484375,394.239990234375,375.2427978515625,74496300,yahoo
2022-11-18,397.739990234375,397.80999755859375,393.0400085449219,396.0299987792969,376.9465637207031,92922500,yahoo
2022-11-21,394.6400146484375,395.8200073242188,392.6600036621094,394.5899963378906,375.5759582519531,51243200,yahoo
2022-11-22,396.6300048828125,400.0700073242188,395.1499938964844,399.8999938964844,380.6300964355469,60429000,yahoo
2022-11-23,399.5499877929688,402.9299926757813,399.30999755859375,402.4200134277344,383.0286560058594,68261600,yahoo
2022-11-25,401.8299865722656,402.9100036621094,401.5400085449219,402.3299865722656,382.9429626464844,30545400,yahoo
2022-11-28,399.0899963378906,400.80999755859375,395.1099853515625,395.9100036621094,376.8323059082031,67881600,yahoo
2022-11-29,396.0499877929688,397.2999877929688,393.2999877929688,395.2300109863281,376.1851196289063,52310000,yahoo
2022-11-30,395.489990234375,407.6799926757813,393.4800109863281,407.6799926757813,388.03521728515625,144566700,yahoo
2022-12-01,408.7699890136719,410.0,404.75,407.3800048828125,387.7496337890625,76398200,yahoo
2022-12-02,402.25,407.8599853515625,402.1400146484375,406.9100036621094,387.3023071289063,85342700,yahoo
2022-12-05,403.9500122070313,404.9299926757813,398.1700134277344,399.5899963378906,380.3350524902344,77289800,yahoo
2022-12-06,399.4200134277344,399.989990234375,391.6400146484375,393.8299865722656,374.8526306152344,77972200,yahoo
2022-12-07,392.9400024414063,395.6400146484375,391.9700012207031,393.1600036621094,374.2149353027344,65927900,yahoo
2022-12-08,395.1400146484375,397.3599853515625,393.2699890136719,396.239990234375,377.146484375,60737900,yahoo
2022-12-09,394.9400024414063,397.6199951171875,393.1499938964844,393.2799987792969,374.3290710449219,81447700,yahoo
2022-12-12,394.1099853515625,398.9500122070313,393.4100036621094,398.9500122070313,379.7258911132813,75405800,yahoo
2022-12-13,410.2200012207031,410.489990234375,399.0700073242188,401.9700012207031,382.600341796875,123782500,yahoo
2022-12-14,401.6099853515625,405.5,396.30999755859375,399.3999938964844,380.1542053222656,108111300,yahoo
2022-12-15,394.2999877929688,395.25,387.8900146484375,389.6300048828125,370.8550109863281,117705900,yahoo
2022-12-16,385.1799926757813,386.5799865722656,381.0400085449219,383.2699890136719,366.47662353515625,119858000,yahoo
2022-12-19,383.4700012207031,383.8200073242188,378.2799987792969,380.0199890136719,363.3690185546875,79878100,yahoo
2022-12-20,379.2300109863281,382.2300109863281,377.8500061035156,380.5400085449219,363.8662109375,74427200,yahoo
2022-12-21,383.25,387.4100036621094,382.6900024414063,386.2300109863281,369.3069458007813,78167400,yahoo
2022-12-22,383.0499877929688,386.2099914550781,374.7699890136719,380.7200012207031,364.038330078125,100120900,yahoo
2022-12-23,379.6499938964844,383.05999755859375,378.0299987792969,382.9100036621094,366.1324462890625,59857300,yahoo
2022-12-27,382.7900085449219,383.1499938964844,379.6499938964844,381.3999938964844,364.6885070800781,51638200,yahoo
2022-12-28,381.3299865722656,383.3900146484375,376.4200134277344,376.6600036621094,360.1562194824219,70911500,yahoo
2022-12-29,379.6300048828125,384.3500061035156,379.0799865722656,383.4400024414063,366.6391906738281,66970900,yahoo
2022-12-30,380.6400146484375,382.5799865722656,378.4299926757813,382.4299926757813,365.6734008789063,84022200,yahoo
2023-01-03,384.3699951171875,386.4299926757813,377.8299865722656,380.8200073242188,364.1338806152344,74850700,yahoo
2023-01-04,383.1799926757813,385.8800048828125,380.0,383.760009765625,366.9451293945313,85934100,yahoo
2023-01-05,381.7200012207031,381.8399963378906,378.760009765625,379.3800048828125,362.7570495605469,76970500,yahoo
2023-01-06,382.6099853515625,389.25,379.4100036621094,388.0799865722656,371.0757751464844,104189600,yahoo
2023-01-09,390.3699951171875,393.7000122070313,387.6700134277344,387.8599853515625,370.8654479980469,73978100,yahoo
2023-01-10,387.25,390.6499938964844,386.2699890136719,390.5799865722656,373.4663391113281,65358100,yahoo
2023-01-11,392.2300109863281,395.6000061035156,391.3800048828125,395.5199890136719,378.1899108886719,68881100,yahoo
2023-01-12,396.6700134277344,398.489990234375,392.4200134277344,396.9599914550781,379.5667419433594,90157700,yahoo
2023-01-13,393.6199951171875,399.1000061035156,393.3399963378906,398.5,381.0392456054688,63903900,yahoo
2023-01-17,398.4800109863281,400.2300109863281,397.05999755859375,397.7699890136719,380.34124755859375,62677300,yahoo
2023-01-18,399.010009765625,400.1199951171875,391.2799987792969,391.489990234375,374.33642578125,99632300,yahoo
2023-01-19,389.3599853515625,391.0799865722656,387.260009765625,388.6400146484375,371.6113586425781,86958900,yahoo
2023-01-20,390.1000061035156,396.0400085449219,388.3800048828125,395.8800048828125,378.53411865234375,91806400,yahoo
2023-01-23,396.7200012207031,402.6499938964844,395.7200012207031,400.6300048828125,383.0759887695313,84178800,yahoo
2023-01-24,398.8800048828125,401.1499938964844,397.6400146484375,400.2000122070313,382.6648254394531,59524900,yahoo
2023-01-25,395.9500122070313,400.7000122070313,393.55999755859375,400.3500061035156,382.8082580566406,84800300,yahoo
2023-01-26,403.1300048828125,404.9200134277344,400.0299987792969,404.75,387.0154724121094,72287400,yahoo
2023-01-27,403.6600036621094,408.1600036621094,403.4400024414063,405.6799926757813,387.9046936035156,68346200,yahoo
2023-01-30,402.7999877929688,405.1300048828125,400.2799987792969,400.5899963378906,383.0377197265625,74202000,yahoo
2023-01-31,401.1300048828125,406.5299987792969,400.7699890136719,406.4800109863281,388.669677734375,86811800,yahoo
2023-02-01,405.2099914550781,413.6700134277344,402.3500061035156,410.7999877929688,392.8003540039063,101459200,yahoo
2023-02-02,414.8599853515625,418.30999755859375,412.8800048828125,416.7799987792969,398.518310546875,101654500,yahoo
2023-02-03,411.5899963378906,416.9700012207031,411.0899963378906,412.3500061035156,394.2824401855469,94736800,yahoo
2023-02-06,409.7900085449219,411.2900085449219,408.1000061035156,409.8299865722656,391.872802734375,60295300,yahoo
2023-02-07,408.8699951171875,416.489990234375,407.5700073242188,415.1900024414063,396.9980163574219,90990700,yahoo
2023-02-08,413.1300048828125,414.5299987792969,409.9299926757813,410.6499938964844,392.6569213867188,76227500,yahoo
2023-02-09,414.4100036621094,414.5700073242188,405.80999755859375,407.0899963378906,389.2529296875,78694900,yahoo
2023-02-10,405.8599853515625,408.4400024414063,405.010009765625,408.0400085449219,390.1612854003906,70769700,yahoo
2023-02-13,408.7200012207031,412.9700012207031,408.239990234375,412.8299865722656,394.7414245605469,64913500,yahoo
2023-02-14,411.239990234375,415.0499877929688,408.510009765625,412.6400146484375,394.5597534179688,88389300,yahoo
2023-02-15,410.3500061035156,414.05999755859375,409.4700012207031,413.9800109863281,395.8410339355469,61555700,yahoo
2023-02-16,408.7900085449219,412.9100036621094,408.1400146484375,408.2799987792969,390.3907775878906,76431500,yahoo
2023-02-17,406.05999755859375,407.510009765625,404.0499877929688,407.260009765625,389.4154357910156,89257800,yahoo
2023-02-21,403.05999755859375,404.1600036621094,398.8200073242188,399.0899963378906,381.6033935546875,82655900,yahoo
2023-02-22,399.5199890136719,401.1300048828125,397.0199890136719,398.5400085449219,381.0775451660156,83742300,yahoo
2023-02-23,401.55999755859375,402.2000122070313,396.25,400.6600036621094,383.1046142578125,96242400,yahoo
2023-02-24,395.4200134277344,397.25,393.6400146484375,396.3800048828125,379.01214599609375,108194400,yahoo
2023-02-27,399.8699951171875,401.2900085449219,396.75,397.7300109863281,380.3030090332031,80444700,yahoo
2023-02-28,397.2300109863281,399.2799987792969,396.1499938964844,396.260009765625,378.8974304199219,96438600,yahoo
2023-03-01,395.4100036621094,396.6900024414063,393.3800048828125,394.739990234375,377.4440612792969,99706800,yahoo
2023-03-02,392.6799926757813,398.6900024414063,392.3299865722656,397.80999755859375,380.3795166015625,85127800,yahoo
2023-03-03,399.7099914550781,404.4500122070313,399.0299987792969,404.1900024414063,386.4799499511719,90120000,yahoo
2023-03-06,405.0499877929688,407.4500122070313,404.010009765625,404.4700012207031,386.7477722167969,72795900,yahoo
2023-03-07,404.4200134277344,404.6700134277344,397.6300048828125,398.2699890136719,380.81939697265625,108310600,yahoo
2023-03-08,398.3900146484375,399.7099914550781,396.5899963378906,398.9200134277344,381.4409484863281,74746600,yahoo
2023-03-09,399.739990234375,401.4800109863281,390.5299987792969,391.55999755859375,374.40338134765625,111945300,yahoo
2023-03-10,390.989990234375,393.1600036621094,384.3200073242188,385.9100036621094,369.0009765625,189253000,yahoo
2023-03-13,381.80999755859375,390.3900146484375,380.6499938964844,385.3599853515625,368.4749755859375,157790000,yahoo
2023-03-14,390.5,393.4500122070313,387.0499877929688,391.7300109863281,374.56591796875,149752400,yahoo
2023-03-15,385.8900146484375,389.489990234375,383.7099914550781,389.2799987792969,372.2232666015625,172996900,yahoo
2023-03-16,386.8200073242188,396.4700012207031,386.2900085449219,396.1099853515625,378.7539978027344,143254200,yahoo
2023-03-17,393.2200012207031,394.3999938964844,388.5499877929688,389.989990234375,374.3253784179688,140553400,yahoo
2023-03-20,390.7999877929688,394.1700134277344,390.0700073242188,393.739990234375,377.92474365234375,93055800,yahoo
2023-03-21,397.239990234375,399.4100036621094,395.5799865722656,398.9100036621094,382.8870849609375,91524200,yahoo
2023-03-22,398.7300109863281,402.489990234375,392.0700073242188,392.1099853515625,376.3601989746094,111746600,yahoo
2023-03-23,395.0899963378906,399.2900085449219,390.3500061035156,393.1700134277344,377.3776550292969,119351300,yahoo
2023-03-24,391.8399963378906,395.8399963378906,389.3999938964844,395.75,379.85400390625,107682400,yahoo
2023-03-27,398.1199951171875,398.9200134277344,395.55999755859375,396.489990234375,380.5642395019531,74010400,yahoo
2023-03-28,395.7699890136719,396.489990234375,393.6900024414063,395.6000061035156,379.7100524902344,62871700,yahoo
2023-03-29,399.9299926757813,401.6000061035156,398.6799926757813,401.3500061035156,385.2290649414063,77497900,yahoo
2023-03-30,404.0899963378906,404.3500061035156,401.760009765625,403.7000122070313,387.4846496582031,69840000,yahoo
2023-03-31,404.6600036621094,409.7000122070313,404.5499877929688,409.3900146484375,392.9460754394531,112062600,yahoo
2023-04-03,408.8500061035156,411.3699951171875,408.4400024414063,410.9500122070313,394.4434509277344,67391100,yahoo
2023-04-04,411.6199951171875,411.9200134277344,407.239990234375,408.6700134277344,392.2550048828125,66601500,yahoo
2023-04-05,407.9100036621094,408.7000122070313,405.8800048828125,407.6000061035156,391.2279968261719,65200200,yahoo
2023-04-06,406.7699890136719,409.4800109863281,405.6799926757813,409.1900024414063,392.7541198730469,63743300,yahoo
2023-04-10,406.6099853515625,409.6900024414063,405.9700012207031,409.6099853515625,393.1572265625,63681000,yahoo
2023-04-11,410.260009765625,411.1799926757813,408.9200134277344,409.7200012207031,393.2629089355469,59297900,yahoo
2023-04-12,411.8699951171875,412.1700134277344,407.4400024414063,408.0499877929688,391.6598815917969,86420400,yahoo
2023-04-13,409.1799926757813,413.8399963378906,407.989990234375,413.4700012207031,396.8622741699219,85814800,yahoo
2023-04-14,412.80999755859375,415.0899963378906,410.05999755859375,412.4599914550781,395.8928527832031,78161500,yahoo
2023-04-17,412.3699951171875,413.9599914550781,411.0899963378906,413.9400024414063,397.3133239746094,66436400,yahoo
2023-04-18,415.5799865722656,415.7200012207031,412.7799987792969,414.2099914550781,397.5724792480469,63560000,yahoo
2023-04-19,412.2200012207031,415.0799865722656,412.1600036621094,414.1400146484375,397.5053405761719,55227300,yahoo
2023-04-20,411.2099914550781,413.7000122070313,410.2699890136719,411.8800048828125,395.3360595703125,75840400,yahoo
2023-04-21,412.1900024414063,412.6799926757813,410.1700134277344,412.2000122070313,395.6432800292969,73457400,yahoo
2023-04-24,411.989990234375,413.0700073242188,410.6000061035156,412.6300048828125,396.0559692382813,64332100,yahoo
2023-04-25,410.5799865722656,411.1600036621094,406.0199890136719,406.0799865722656,389.7690734863281,97766700,yahoo
2023-04-26,406.7200012207031,407.8399963378906,403.7799987792969,404.3599853515625,388.1181335449219,80447000,yahoo
2023-04-27,407.0,412.6900024414063,406.739990234375,412.4100036621094,395.8448486328125,92968400,yahoo
2023-04-28,411.489990234375,415.9400024414063,411.4299926757813,415.9299926757813,399.2234497070313,89433100,yahoo
2023-05-01,415.4700012207031,417.6199951171875,415.2699890136719,415.510009765625,398.8203125,62122300,yahoo
2023-05-02,414.7699890136719,414.8200073242188,407.8200073242188,410.8399963378906,394.337890625,103998500,yahoo
2023-05-03,411.3599853515625,413.8699951171875,407.7699890136719,408.0199890136719,391.6311340332031,91531800,yahoo
2023-05-04,406.9299926757813,407.2699890136719,403.739990234375,405.1300048828125,388.8572387695313,94901900,yahoo
2023-05-05,408.9100036621094,413.7200012207031,408.6400146484375,412.6300048828125,396.0559692382813,87891800,yahoo
2023-05-08,412.9700012207031,413.239990234375,411.2799987792969,412.739990234375,396.16156005859375,50046800,yahoo
2023-05-09,411.1300048828125,412.0899963378906,410.6900024414063,410.9299926757813,394.4242248535156,49220100,yahoo
2023-05-10,413.8800048828125,414.5400085449219,408.8699951171875,412.8500061035156,396.2671508789063,96142900,yahoo
2023-05-11,411.9500122070313,412.4299926757813,409.9700012207031,412.1300048828125,395.57611083984375,70157100,yahoo
2023-05-12,413.4200134277344,413.6400146484375,409.0700073242188,411.5899963378906,395.0577697753906,70481500,yahoo
2023-05-15,412.2200012207031,413.4299926757813,410.2300109863281,413.010009765625,396.4207458496094,54289400,yahoo
2023-05-16,411.8599853515625,412.8200073242188,410.239990234375,410.25,393.77154541015625,57705500,yahoo
2023-05-17,412.3500061035156,415.8599853515625,410.6400146484375,415.2300109863281,398.5515747070313,87287000,yahoo
2023-05-18,414.8999938964844,419.6700134277344,414.6700134277344,419.2300109863281,402.3908996582031,97177200,yahoo
2023-05-19,420.1700134277344,420.7200012207031,417.3500061035156,418.6199951171875,401.8054504394531,103793300,yahoo
2023-05-22,418.6400146484375,420.3900146484375,417.3500061035156,418.7900085449219,401.9685974121094,60745400,yahoo
2023-05-23,417.0799865722656,418.7200012207031,413.6799926757813,414.0899963378906,397.4573364257813,86383500,yahoo
2023-05-24,412.4200134277344,412.8200073242188,409.8800048828125,411.0899963378906,394.5778198242188,89213700,yahoo
2023-05-25,414.739990234375,416.1600036621094,412.4100036621094,414.6499938964844,397.9948120117188,90961600,yahoo
2023-05-26,415.3299865722656,420.7699890136719,415.25,420.0199890136719,403.1491088867188,93830000,yahoo
2023-05-30,422.0299987792969,422.5799865722656,418.739990234375,420.1799926757813,403.3027648925781,72216000,yahoo
2023-05-31,418.2799987792969,419.2200012207031,416.2200012207031,417.8500061035156,401.06634521484375,110811800,yahoo
2023-06-01,418.0899963378906,422.9200134277344,416.7900085449219,421.8200073242188,404.8768310546875,88865000,yahoo
2023-06-02,424.5,428.739990234375,423.9500122070313,427.9200134277344,410.7318420410156,91426200,yahoo
2023-06-05,428.2799987792969,429.6199951171875,426.3699951171875,427.1000061035156,409.9447326660156,65460200,yahoo
2023-06-06,426.6700134277344,428.5799865722656,425.989990234375,428.0299987792969,410.83740234375,64022200,yahoo
2023-06-07,428.4400024414063,429.6199951171875,426.1099853515625,426.5499877929688,409.4168395996094,85373300,yahoo
2023-06-08,426.6199951171875,429.6000061035156,425.8200073242188,429.1300048828125,411.8932189941406,61952800,yahoo
2023-06-09,429.9599914550781,431.989990234375,428.8699951171875,429.8999938964844,412.6323852539063,85742800,yahoo
2023-06-12,430.9200134277344,433.8800048828125,430.1700134277344,433.7999877929688,416.3756713867188,76104300,yahoo
2023-06-13,435.3200073242188,437.3299865722656,434.6300048828125,436.6600036621094,419.1207580566406,95899700,yahoo
2023-06-14,437.010009765625,439.05999755859375,433.5899963378906,437.1799926757813,419.619873046875,100612100,yahoo
2023-06-15,436.3299865722656,443.8999938964844,436.2300109863281,442.6000061035156,424.8221435546875,110303100,yahoo
2023-06-16,443.0199890136719,443.6099853515625,438.9700012207031,439.4599914550781,423.3751220703125,114165800,yahoo
2023-06-20,437.4500122070313,438.3699951171875,435.0299987792969,437.1799926757813,421.1786193847656,76160400,yahoo
2023-06-21,436.1600036621094,436.989990234375,434.3299865722656,434.9400024414063,419.02056884765625,76982300,yahoo
2023-06-22,433.9500122070313,436.6199951171875,433.6000061035156,436.510009765625,420.5331726074219,70637200,yahoo
2023-06-23,432.9299926757813,435.05999755859375,432.4700012207031,433.2099914550781,417.3538818359375,92074500,yahoo
2023-06-26,432.6199951171875,434.6099853515625,431.1900024414063,431.4400024414063,415.6487426757813,72823600,yahoo
2023-06-27,432.3500061035156,436.80999755859375,431.8800048828125,436.1700134277344,420.2056274414063,72813700,yahoo
2023-06-28,435.0499877929688,437.4400024414063,434.4100036621094,436.3900146484375,420.4175415039063,75636000,yahoo
2023-06-29,435.9599914550781,438.2799987792969,435.5400085449219,438.1099853515625,422.0745239257813,67882300,yahoo
2023-06-30,441.4400024414063,444.2999877929688,441.1099853515625,443.2799987792969,427.0553283691406,104964000,yahoo
2023-07-03,442.9200134277344,444.0799865722656,442.6300048828125,443.7900085449219,427.546630859375,32793400,yahoo
2023-07-05,441.9100036621094,443.8900146484375,441.8999938964844,443.1300048828125,426.9108581542969,58418400,yahoo
2023-07-06,439.4200134277344,440.1000061035156,437.05999755859375,439.6600036621094,423.56787109375,80658300,yahoo
2023-07-07,438.6300048828125,442.6400146484375,438.2999877929688,438.5499877929688,422.4984436035156,86134200,yahoo
2023-07-10,438.1799926757813,439.8399963378906,437.5899963378906,439.6600036621094,423.56787109375,62443500,yahoo
2023-07-11,440.4500122070313,442.9700012207031,439.4400024414063,442.4599914550781,426.2652893066406,64463800,yahoo
2023-07-12,446.3900146484375,447.4800109863281,444.9100036621094,446.0199890136719,429.6950378417969,91924500,yahoo
2023-07-13,447.8999938964844,450.3800048828125,447.4500122070313,449.55999755859375,433.1054382324219,72425200,yahoo
2023-07-14,450.4800109863281,451.3599853515625,448.489990234375,449.2799987792969,432.835693359375,69815800,yahoo
2023-07-17,449.1300048828125,451.9299926757813,449.0799865722656,450.8399963378906,434.3385925292969,52680200,yahoo
2023-07-18,450.5,454.8599853515625,450.0499877929688,454.1900024414063,437.5660095214844,80668200,yahoo
2023-07-19,455.010009765625,456.4299926757813,454.1099853515625,455.2000122070313,438.5390930175781,65891700,yahoo
2023-07-20,454.1700134277344,455.1000061035156,451.4400024414063,452.1799926757813,435.6295776367188,70591600,yahoo
2023-07-21,453.9599914550781,454.1700134277344,452.1700134277344,452.1799926757813,435.6295776367188,71275600,yahoo
2023-07-24,453.3699951171875,455.0400085449219,452.2999877929688,454.2000122070313,437.5756530761719,54023400,yahoo
2023-07-25,453.9200134277344,456.739990234375,453.8699951171875,455.4400024414063,438.7702331542969,55191200,yahoo
2023-07-26,454.4700012207031,456.989990234375,453.3800048828125,455.510009765625,438.8376770019531,71052900,yahoo
2023-07-27,459.0199890136719,459.4400024414063,451.5499877929688,452.489990234375,435.9282531738281,92194400,yahoo
2023-07-28,455.8800048828125,457.7799987792969,452.489990234375,456.9200134277344,440.196044921875,80011800,yahoo
2023-07-31,457.4100036621094,458.1600036621094,456.0499877929688,457.7900085449219,441.03424072265625,62040400,yahoo
2023-08-01,456.2699890136719,457.25,455.489990234375,456.4800109863281,439.7722473144531,55291500,yahoo
2023-08-02,453.25,453.5199890136719,449.3500061035156,450.1300048828125,433.6546325683594,93933400,yahoo
2023-08-03,448.0400085449219,450.7900085449219,447.3699951171875,448.8399963378906,432.4118957519531,64276100,yahoo
2023-08-04,450.7200012207031,452.8999938964844,446.2699890136719,446.80999755859375,430.4562072753906,100128900,yahoo
2023-08-07,448.7099914550781,450.8699951171875,447.989990234375,450.7099914550781,434.21337890625,58357500,yahoo
2023-08-08,448.0799865722656,450.7000122070313,445.2699890136719,448.75,432.32513427734375,71361300,yahoo
2023-08-09,449.0299987792969,449.2000122070313,444.9599914550781,445.75,429.4349365234375,78789600,yahoo
2023-08-10,448.1900024414063,451.7000122070313,444.7000122070313,445.9100036621094,429.5890502929688,93005500,yahoo
2023-08-11,443.9700012207031,446.7000122070313,443.3500061035156,445.6499938964844,429.3385620117188,68690900,yahoo
2023-08-14,444.7000122070313,448.1099853515625,444.3800048828125,448.1099853515625,431.70849609375,47867400,yahoo
2023-08-15,446.2699890136719,446.6400146484375,442.2999877929688,442.8900146484375,426.6796569824219,75707500,yahoo
2023-08-16,442.4599914550781,444.1799926757813,439.5299987792969,439.6400146484375,423.5486145019531,80107200,yahoo
2023-08-17,441.1600036621094,441.4299926757813,435.75,436.2900085449219,420.3211669921875,95711300,yahoo
2023-08-18,433.3699951171875,437.5700073242188,433.010009765625,436.5,420.52349853515625,98852000,yahoo
2023-08-21,437.5499877929688,440.1099853515625,435.3200073242188,439.3399963378906,423.2595825195313,68719000,yahoo
2023-08-22,441.1799926757813,441.1799926757813,437.5700073242188,438.1499938964844,422.1130676269531,64994200,yahoo
2023-08-23,439.25,443.6700134277344,439.1000061035156,443.0299987792969,426.8144836425781,68441000,yahoo
2023-08-24,444.6900024414063,445.2200012207031,436.8599853515625,436.8900146484375,420.8992309570313,88517300,yahoo
2023-08-25,438.6799926757813,441.2999877929688,435.0,439.9700012207031,423.866455078125,102325100,yahoo
2023-08-28,442.239990234375,443.3999938964844,439.9700012207031,442.760009765625,426.5543518066406,61595400,yahoo
2023-08-29,442.6499938964844,449.4500122070313,442.4599914550781,449.1600036621094,432.7201232910156,83081900,yahoo
2023-08-30,449.510009765625,451.6700134277344,448.7799987792969,451.010009765625,434.5024108886719,69053900,yahoo
2023-08-31,451.6499938964844,452.8299865722656,450.1600036621094,450.3500061035156,433.8665466308594,66084600,yahoo
2023-09-01,453.1700134277344,453.6700134277344,449.6799926757813,451.1900024414063,434.67578125,58944100,yahoo
2023-09-05,450.7300109863281,451.05999755859375,449.1700134277344,449.239990234375,432.7971496582031,55166200,yahoo
2023-09-06,448.3999938964844,448.510009765625,443.80999755859375,446.2200012207031,429.8876953125,70758500,yahoo
2023-09-07,443.1099853515625,445.5499877929688,442.75,444.8500061035156,428.5679016113281,70355400,yahoo
2023-09-08,444.8999938964844,447.1099853515625,444.5299987792969,445.5199890136719,429.21337890625,61659700,yahoo
2023-09-11,448.239990234375,448.7699890136719,446.4700012207031,448.4500122070313,432.03607177734375,60180100,yahoo
2023-09-12,446.9500122070313,448.5299987792969,445.3900146484375,445.989990234375,429.6661682128906,67565400,yahoo
2023-09-13,446.2200012207031,447.7099914550781,445.0799865722656,446.510009765625,430.1670837402344,60199300,yahoo
2023-09-14,449.0700073242188,451.0799865722656,447.7200012207031,450.3599853515625,433.8761901855469,83430800,yahoo
2023-09-15,447.1400146484375,447.4800109863281,442.9200134277344,443.3699951171875,428.6487121582031,111848900,yahoo
2023-09-18,443.0499877929688,444.9700012207031,442.55999755859375,443.6300048828125,428.9001159667969,55752200,yahoo
2023-09-19,442.6799926757813,443.2900085449219,439.9400024414063,442.7099914550781,428.0105895996094,66514600,yahoo
2023-09-20,444.010009765625,444.4400024414063,438.4299926757813,438.6400146484375,424.0757446289063,82562600,yahoo
2023-09-21,435.7000122070313,435.9700012207031,431.2300109863281,431.3900146484375,417.0664978027344,104095800,yahoo
2023-09-22,432.4500122070313,434.1000061035156,429.989990234375,430.4200134277344,416.1286926269531,100829700,yahoo
2023-09-25,429.1700134277344,432.2699890136719,428.7200012207031,432.2300109863281,417.8785705566406,70874500,yahoo
2023-09-26,429.0899963378906,429.8200073242188,425.0199890136719,425.8800048828125,411.7394714355469,96168400,yahoo
2023-09-27,427.0899963378906,427.6700134277344,422.2900085449219,426.0499877929688,411.9037780761719,104705800,yahoo
2023-09-28,425.4800109863281,430.25,424.8699951171875,428.5199890136719,414.291748046875,92258300,yahoo
2023-09-29,431.6700134277344,431.8500061035156,425.9100036621094,427.4800109863281,413.2863159179688,115111300,yahoo
2023-10-02,426.6199951171875,428.6000061035156,424.4599914550781,427.30999755859375,413.1219787597656,83798600,yahoo
2023-10-03,425.05999755859375,427.3699951171875,420.1799926757813,421.5899963378906,407.5918884277344,103760600,yahoo
2023-10-04,422.0700073242188,425.4299926757813,420.55999755859375,424.6600036621094,410.5599670410156,87453000,yahoo
2023-10-05,424.3599853515625,425.3699951171875,421.1700134277344,424.5,410.4052734375,70142700,yahoo
2023-10-06,421.9700012207031,431.1300048828125,420.6000061035156,429.5400085449219,415.2779235839844,113273300,yahoo
2023-10-09,427.5799865722656,432.8800048828125,427.010009765625,432.2900085449219,417.9365539550781,80374400,yahoo
2023-10-10,432.9400024414063,437.2200012207031,432.5299987792969,434.5400085449219,420.1118774414063,78607300,yahoo
2023-10-11,435.6400146484375,436.5799865722656,433.1799926757813,436.3200073242188,421.8328247070313,62451700,yahoo
2023-10-12,436.9500122070313,437.3399963378906,431.2300109863281,433.6600036621094,419.2611083984375,81154200,yahoo
2023-10-13,435.2099914550781,436.4500122070313,429.8800048828125,431.5,417.1728515625,95143100,yahoo
2023-10-16,433.8200073242188,437.1400146484375,433.5700073242188,436.0400085449219,421.5621032714844,75433200,yahoo
2023-10-17,432.80999755859375,438.1400146484375,432.4500122070313,436.0199890136719,421.542724609375,75324700,yahoo
2023-10-18,434.1900024414063,435.1799926757813,429.0899963378906,430.2099914550781,415.9256896972656,93559800,yahoo
2023-10-19,430.9500122070313,432.8200073242188,425.7300109863281,426.4299926757813,412.2711791992188,121323000,yahoo
2023-10-20,425.9800109863281,426.5400085449219,421.0799865722656,421.1900024414063,407.20513916015625,123919900,yahoo
2023-10-23,419.6099853515625,424.4500122070313,417.7999877929688,420.4599914550781,406.4993896484375,92035100,yahoo
2023-10-24,422.6499938964844,424.8200073242188,420.739990234375,423.6300048828125,409.5641479492188,78564200,yahoo
2023-10-25,421.8900146484375,421.9200134277344,417.0199890136719,417.5499877929688,403.6860046386719,94223200,yahoo
2023-10-26,416.4500122070313,417.3299865722656,411.6000061035156,412.5499877929688,398.8520202636719,115156800,yahoo
2023-10-27,414.1900024414063,414.6000061035156,409.2099914550781,410.6799926757813,397.0440979003906,107367700,yahoo
2023-10-30,413.55999755859375,416.6799926757813,412.2200012207031,415.5899963378906,401.79107666015625,86562700,yahoo
2023-10-31,416.1799926757813,418.5299987792969,414.2099914550781,418.2000122070313,404.3144836425781,79665200,yahoo
2023-11-01,419.2000122070313,423.5,418.6499938964844,422.6600036621094,408.6263732910156,98068100,yahoo
2023-11-02,426.5799865722656,430.9200134277344,426.55999755859375,430.760009765625,416.4573974609375,94938900,yahoo
2023-11-03,433.1400146484375,436.2900085449219,433.010009765625,434.6900024414063,420.2569580078125,100167800,yahoo
2023-11-06,435.4700012207031,436.1499938964844,433.6799926757813,435.6900024414063,421.22369384765625,67831700,yahoo
2023-11-07,435.6900024414063,437.5899963378906,434.510009765625,436.9299926757813,422.4225463867188,64256100,yahoo
2023-11-08,437.5499877929688,438.0899963378906,434.8699951171875,437.25,422.7319030761719,61746000,yahoo
2023-11-09,438.4299926757813,438.4700012207031,433.3999938964844,433.8399963378906,419.4351501464844,83174400,yahoo
2023-11-10,435.9800109863281,440.9299926757813,433.8299865722656,440.6099853515625,425.9803161621094,89462200,yahoo
2023-11-13,439.2300109863281,441.3299865722656,438.4200134277344,440.1900024414063,425.5742492675781,52236100,yahoo
2023-11-14,446.3200073242188,450.05999755859375,446.0899963378906,448.7300109863281,433.8307495117188,97176900,yahoo
2023-11-15,450.1099853515625,451.3800048828125,448.7999877929688,449.6799926757813,434.7491455078125,77327600,yahoo
2023-11-16,449.2200012207031,450.55999755859375,448.1199951171875,450.2300109863281,435.2809448242188,66665800,yahoo
2023-11-17,450.239990234375,451.4200134277344,449.2900085449219,450.7900085449219,435.82232666015625,83133200,yahoo
2023-11-20,450.5299987792969,455.1300048828125,450.5199890136719,454.260009765625,439.1771545410156,69936200,yahoo
2023-11-21,453.1799926757813,454.1300048828125,451.9599914550781,453.2699890136719,438.219970703125,49244600,yahoo
2023-11-22,454.9800109863281,456.3800048828125,453.8900146484375,455.0199890136719,439.9118957519531,59394900,yahoo
2023-11-24,455.0700073242188,455.5,454.7300109863281,455.2999877929688,440.1825866699219,29737400,yahoo
2023-11-27,454.6499938964844,455.489990234375,454.0799865722656,454.4800109863281,439.3898620605469,50506000,yahoo
2023-11-28,454.0799865722656,456.2699890136719,453.5,454.9299926757813,439.8248901367188,62115000,yahoo
2023-11-29,457.1499938964844,458.3200073242188,454.2000122070313,454.6099853515625,439.5154724121094,63146000,yahoo
2023-11-30,455.4800109863281,456.760009765625,453.3399963378906,456.3999938964844,441.2460632324219,79752700,yahoo
2023-12-01,455.7699890136719,459.6499938964844,455.1600036621094,459.1000061035156,443.8564147949219,89183400,yahoo
2023-12-04,455.6000061035156,459.1199951171875,454.3399963378906,456.6900024414063,441.5264587402344,72430900,yahoo
2023-12-05,455.260009765625,457.5899963378906,454.8699951171875,456.6000061035156,441.4394226074219,69793500,yahoo
2023-12-06,458.80999755859375,458.8399963378906,454.30999755859375,454.760009765625,439.6605224609375,69124700,yahoo
2023-12-07,456.9100036621094,458.8999938964844,456.2900085449219,458.2300109863281,443.0153198242188,66995400,yahoo
2023-12-08,457.4599914550781,460.75,457.2099914550781,460.2000122070313,444.919921875,83194400,yahoo
2023-12-11,459.6900024414063,462.1700134277344,459.4700012207031,461.989990234375,446.65045166015625,65002200,yahoo
2023-12-12,461.6300048828125,464.2000122070313,460.6000061035156,464.1000061035156,448.6904296875,68327600,yahoo
2023-12-13,464.489990234375,470.760009765625,464.1199951171875,470.5,454.8778991699219,93278000,yahoo
2023-12-14,472.5,473.7300109863281,469.25,472.010009765625,456.3377990722656,119026000,yahoo
2023-12-15,469.489990234375,470.7000122070313,467.4299926757813,469.3299865722656,455.5864868164063,141553700,yahoo
2023-12-18,470.9800109863281,472.9800109863281,469.8900146484375,471.9700012207031,458.1491088867188,70375300,yahoo
2023-12-19,472.5299987792969,474.9200134277344,472.4500122070313,474.8399963378906,460.9350891113281,55761800,yahoo
2023-12-20,473.9599914550781,475.8999938964844,467.8200073242188,468.260009765625,454.54779052734375,102921000,yahoo
2023-12-21,471.3299865722656,472.9800109863281,468.8399963378906,472.7000122070313,458.8577270507813,86667500,yahoo
2023-12-22,473.8599853515625,475.3800048828125,471.7000122070313,473.6499938964844,459.7799072265625,67160400,yahoo
2023-12-26,474.0700073242188,476.5799865722656,473.989990234375,475.6499938964844,461.7213134765625,55387000,yahoo
2023-12-27,475.4400024414063,476.6600036621094,474.8900146484375,476.510009765625,462.5562133789063,68000300,yahoo
2023-12-28,476.8800048828125,477.5499877929688,476.260009765625,476.6900024414063,462.7309265136719,77158100,yahoo
2023-12-29,476.489990234375,477.0299987792969,473.2999877929688,475.30999755859375,461.391357421875,122283100,yahoo
2024-01-02,472.1600036621094,473.6700134277344,470.489990234375,472.6499938964844,458.8092346191406,123623700,yahoo
2024-01-03,470.4299926757813,471.1900024414063,468.1700134277344,468.7900085449219,455.0622863769531,103585900,yahoo
2024-01-04,468.2999877929688,470.9599914550781,467.0499877929688,467.2799987792969,453.5964660644531,84232200,yahoo
2024-01-05,467.489990234375,470.4400024414063,466.4299926757813,467.9200134277344,454.2177734375,86118900,yahoo
2024-01-08,468.4299926757813,474.75,468.2999877929688,474.6000061035156,460.7021179199219,74879100,yahoo
2024-01-09,471.8699951171875,474.9299926757813,471.3500061035156,473.8800048828125,460.0031433105469,65931400,yahoo
2024-01-10,474.1600036621094,477.4500122070313,473.8699951171875,476.55999755859375,462.6047058105469,67310600,yahoo
2024-01-11,477.5899963378906,478.1199951171875,472.260009765625,476.3500061035156,462.4009094238281,77940700,yahoo
2024-01-12,477.8399963378906,478.6000061035156,475.2300109863281,476.6799926757813,462.7212219238281,58026400,yahoo
2024-01-16,475.260009765625,476.6099853515625,473.05999755859375,474.9299926757813,461.02252197265625,85014900,yahoo
2024-01-17,471.8200073242188,472.7900085449219,469.8699951171875,472.2900085449219,458.4597778320313,68843900,yahoo
2024-01-18,474.010009765625,477.05999755859375,472.4200134277344,476.489990234375,462.5367736816406,91856200,yahoo
2024-01-19,477.6499938964844,482.7200012207031,476.5400085449219,482.4299926757813,468.3028564453125,110834500,yahoo
2024-01-22,484.010009765625,485.2200012207031,482.7799987792969,483.4500122070313,469.29290771484375,75844900,yahoo
2024-01-23,484.010009765625,485.1099853515625,482.8900146484375,484.8599853515625,470.6616516113281,49945300,yahoo
2024-01-24,487.80999755859375,488.7699890136719,484.8800048828125,485.3900146484375,471.1761779785156,81765000,yahoo
2024-01-25,487.5799865722656,488.30999755859375,485.3900146484375,488.0299987792969,473.7388610839844,72525000,yahoo
2024-01-26,487.5899963378906,489.1199951171875,486.5400085449219,487.4100036621094,473.136962890625,76641600,yahoo
2024-01-29,487.7300109863281,491.4200134277344,487.1700134277344,491.2699890136719,476.8840026855469,61322800,yahoo
2024-01-30,490.55999755859375,491.6199951171875,490.1099853515625,490.8900146484375,476.5151062011719,58618400,yahoo
2024-01-31,488.6199951171875,489.0799865722656,482.8599853515625,482.8800048828125,468.7395935058594,126011100,yahoo
2024-02-01,484.6300048828125,489.2300109863281,483.7999877929688,489.2000122070313,474.8745727539063,91891600,yahoo
2024-02-02,489.6499938964844,496.0499877929688,489.2999877929688,494.3500061035156,479.8736877441406,99228200,yahoo
2024-02-05,493.7000122070313,494.3800048828125,490.2300109863281,492.5499877929688,478.12646484375,75757100,yahoo
2024-02-06,493.5199890136719,494.3200073242188,492.0499877929688,493.9800109863281,479.5146179199219,55918600,yahoo
2024-02-07,496.2900085449219,498.5299987792969,495.3599853515625,498.1000061035156,483.513916015625,70556500,yahoo
2024-02-08,498.1000061035156,498.7099914550781,497.260009765625,498.3200073242188,483.7275085449219,52343600,yahoo
2024-02-09,498.8399963378906,501.6499938964844,498.489990234375,501.2000122070313,486.523193359375,63979400,yahoo
2024-02-12,501.1700134277344,503.5,500.239990234375,500.9800109863281,486.30963134765625,56502300,yahoo
2024-02-13,494.5299987792969,497.0899963378906,490.7200012207031,494.0799865722656,479.6116943359375,113099200,yahoo
2024-02-14,496.7900085449219,499.0700073242188,494.3999938964844,498.5700073242188,483.9701843261719,68387800,yahoo
2024-02-15,499.2900085449219,502.2000122070313,498.7999877929688,502.010009765625,487.3094787597656,61683000,yahoo
2024-02-16,501.7000122070313,502.8699951171875,498.75,499.510009765625,484.8827209472656,75532900,yahoo
2024-02-20,497.7200012207031,498.4100036621094,494.4500122070313,496.760009765625,482.2132263183594,71736700,yahoo
2024-02-21,495.4200134277344,497.3699951171875,493.55999755859375,497.2099914550781,482.6500244140625,59293400,yahoo
2024-02-22,504.010009765625,508.489990234375,503.0199890136719,507.5,492.6387023925781,76402500,yahoo
2024-02-23,509.2699890136719,510.1300048828125,507.1000061035156,507.8500061035156,492.9784851074219,61321800,yahoo
2024-02-26,508.2999877929688,508.75,505.8599853515625,505.989990234375,491.1728515625,50386700,yahoo
2024-02-27,506.7000122070313,507.1600036621094,504.75,506.9299926757813,492.0853576660156,48854500,yahoo
2024-02-28,505.3299865722656,506.8599853515625,504.9599914550781,506.260009765625,491.43499755859375,56506600,yahoo
2024-02-29,508.0700073242188,509.739990234375,505.3500061035156,508.0799865722656,493.20166015625,83924800,yahoo
2024-03-01,508.9800109863281,513.2899780273438,508.55999755859375,512.8499755859375,497.83197021484375,76844800,yahoo
2024-03-04,512.030029296875,514.2000122070312,512.0,512.2999877929688,497.298095703125,49799300,yahoo
2024-03-05,510.239990234375,510.7000122070313,504.9100036621094,507.1799926757813,492.32806396484375,72855600,yahoo
2024-03-06,510.5499877929688,512.0700073242188,508.4200134277344,509.75,494.82275390625,68382400,yahoo
2024-03-07,513.1400146484375,515.8900146484375,509.80999755859375,514.8099975585938,499.734619140625,58652100,yahoo
2024-03-08,515.4600219726562,518.219970703125,511.1300048828125,511.7200012207031,496.735107421875,86532500,yahoo
2024-03-11,510.4800109863281,511.8800048828125,508.5,511.2799987792969,496.3080139160156,62557200,yahoo
2024-03-12,513.4500122070312,517.3800048828125,510.8599853515625,516.780029296875,501.6470031738281,73114400,yahoo
2024-03-13,517.1099853515625,517.2899780273438,514.489990234375,515.969970703125,500.8606262207031,55104100,yahoo
2024-03-14,516.969970703125,517.1300048828125,511.8200073242188,514.9500122070312,499.8705139160156,110171800,yahoo
2024-03-15,510.2099914550781,511.7000122070313,508.1199951171875,509.8299865722656,496.4381408691406,107646300,yahoo
2024-03-18,514.0,515.47998046875,512.4400024414062,512.8599853515625,499.3885192871094,88893300,yahoo
2024-03-19,512.1500244140625,516.0,511.1199951171875,515.7100219726562,502.1636352539063,60755300,yahoo
2024-03-20,515.77001953125,520.6199951171875,515.0800170898438,520.47998046875,506.808349609375,69594600,yahoo
2024-03-21,523.3900146484375,524.1099853515625,521.9099731445312,522.2000122070312,508.4831848144531,60256100,yahoo
2024-03-22,522.1099853515625,522.6099853515625,520.969970703125,521.2100219726562,507.5192565917969,79070800,yahoo
2024-03-25,519.7999877929688,520.9500122070312,519.6099853515625,519.77001953125,506.1170654296875,48512100,yahoo
2024-03-26,521.22998046875,521.5800170898438,518.4000244140625,518.8099975585938,505.1822814941406,65463700,yahoo
2024-03-27,521.7100219726562,523.2100219726562,519.489990234375,523.1699829101562,509.42767333984375,82999800,yahoo
2024-03-28,523.2100219726562,524.6099853515625,522.780029296875,523.0700073242188,509.3303527832031,96294900,yahoo
2024-04-01,523.8300170898438,524.3800048828125,520.969970703125,522.1599731445312,508.4442138671875,62477500,yahoo
2024-04-02,518.239990234375,518.97998046875,516.47998046875,518.8400268554688,505.2115173339844,74230300,yahoo
2024-04-03,517.719970703125,520.9500122070312,517.6699829101562,519.4099731445312,505.7665100097656,59155800,yahoo
2024-04-04,523.52001953125,523.8699951171875,512.760009765625,513.0700073242188,499.5930480957031,96858100,yahoo
2024-04-05,514.4600219726562,520.4400024414062,514.010009765625,518.4299926757812,504.8121337890625,74546500,yahoo
2024-04-08,519.1500244140625,520.1799926757812,517.8900146484375,518.719970703125,505.0946044921875,48401800,yahoo
2024-04-09,520.5,520.75,514.3499755859375,519.3200073242188,505.6788330078125,68049200,yahoo
2024-04-10,513.47998046875,516.1599731445312,512.0900268554688,514.1199951171875,500.6154479980469,82652800,yahoo
2024-04-11,515.6799926757812,519.47998046875,512.0800170898438,518.0,504.3935852050781,70099000,yahoo
2024-04-12,514.3699951171875,515.8200073242188,509.0799865722656,510.8500061035156,497.4313659667969,92561100,yahoo
2024-04-15,515.1300048828125,515.2999877929688,503.5799865722656,504.4500122070313,491.1995239257813,92101400,yahoo
2024-04-16,504.9400024414063,506.5,502.2099914550781,503.5299987792969,490.3036193847656,73484000,yahoo
2024-04-17,506.0499877929688,506.2200012207031,499.1199951171875,500.5499877929688,487.4018249511719,75910300,yahoo
2024-04-18,501.9800109863281,504.1300048828125,498.55999755859375,499.5199890136719,486.3989562988281,74548100,yahoo
2024-04-19,499.4400024414063,500.4599914550781,493.8599853515625,495.1600036621094,482.1535034179688,102212600,yahoo
2024-04-22,497.8299865722656,502.3800048828125,495.4299926757813,499.7200012207031,486.5937194824219,67961000,yahoo
2024-04-23,501.7799987792969,506.0899963378906,499.5299987792969,505.6499938964844,492.3678894042969,64633600,yahoo
2024-04-24,506.55999755859375,507.3699951171875,503.1300048828125,505.4100036621094,492.1341857910156,55928100,yahoo
2024-04-25,499.1799926757813,504.2699890136719,497.489990234375,503.489990234375,490.2646789550781,69122400,yahoo
2024-04-26,506.3500061035156,509.8800048828125,505.7000122070313,508.260009765625,494.9093933105469,64306100,yahoo
2024-04-29,510.0899963378906,510.75,507.25,510.05999755859375,496.6620788574219,46415400,yahoo
2024-04-30,508.55999755859375,509.55999755859375,501.9800109863281,501.9800109863281,488.7943420410156,77483600,yahoo
2024-05-01,501.3800048828125,508.1900024414063,499.8699951171875,500.3500061035156,487.2071533203125,80242800,yahoo
2024-05-02,504.1499938964844,505.8900146484375,499.5499877929688,505.0299987792969,491.7641906738281,62550200,yahoo
2024-05-03,511.1600036621094,512.5499877929688,508.55999755859375,511.2900085449219,497.8598327636719,72756700,yahoo
2024-05-06,513.75,516.6099853515625,513.2999877929688,516.5700073242188,503.0011291503906,47264700,yahoo
2024-05-07,517.5599975585938,518.5700073242188,516.4500122070312,517.1400146484375,503.5561218261719,52561300,yahoo
2024-05-08,515.260009765625,517.739990234375,515.1400146484375,517.1900024414062,503.6047668457031,42047200,yahoo
2024-05-09,517.3800048828125,520.2100219726562,516.7100219726562,520.1699829101562,506.5065002441406,43643700,yahoo
2024-05-10,521.8099975585938,522.6400146484375,519.5900268554688,520.8400268554688,507.1589660644531,52233200,yahoo
2024-05-13,522.5599975585938,522.6699829101562,519.739990234375,520.9099731445312,507.2270202636719,36716400,yahoo
2024-05-14,521.1099853515625,523.8300170898438,520.5599975585938,523.2999877929688,509.5542907714844,57535900,yahoo
2024-05-15,525.8300170898438,530.0800170898438,525.1799926757812,529.780029296875,515.8641357421875,59504900,yahoo
2024-05-16,529.8800048828125,531.52001953125,528.5399780273438,528.6900024414062,514.802734375,50244800,yahoo
2024-05-17,528.8099975585938,529.52001953125,527.3200073242188,529.4500122070312,515.5427856445312,59187600,yahoo
2024-05-20,529.5700073242188,531.5599975585938,529.1699829101562,530.0599975585938,516.1367797851562,37764200,yahoo
2024-05-21,529.280029296875,531.52001953125,529.0700073242188,531.3599853515625,517.402587890625,33437000,yahoo
2024-05-22,530.6500244140625,531.3800048828125,527.5999755859375,529.8300170898438,515.9129028320312,48390000,yahoo
2024-05-23,532.9600219726562,533.0700073242188,524.719970703125,525.9600219726562,512.1444702148438,57211200,yahoo
2024-05-24,527.8499755859375,530.27001953125,526.8800048828125,529.4400024414062,515.5330810546875,41291100,yahoo
2024-05-28,530.27001953125,530.510009765625,527.1099853515625,529.8099975585938,515.8932495117188,36269600,yahoo
2024-05-29,525.6799926757812,527.3099975585938,525.3699951171875,526.0999755859375,512.28076171875,45190300,yahoo
2024-05-30,524.52001953125,525.2000122070312,521.3300170898438,522.6099853515625,508.8823852539063,46377600,yahoo
2024-05-31,523.5900268554688,527.5,518.3599853515625,527.3699951171875,513.5174560546875,90785800,yahoo
2024-06-03,529.02001953125,529.3099975585938,522.5999755859375,527.7999877929688,513.9361572265625,46835700,yahoo
2024-06-04,526.4600219726562,529.1500244140625,524.9600219726562,528.3900146484375,514.510498046875,34632700,yahoo
2024-06-05,530.77001953125,534.6900024414062,528.72998046875,534.6699829101562,520.6255493164062,47610400,yahoo
2024-06-06,534.97998046875,535.4199829101562,532.6799926757812,534.6599731445312,520.615966796875,30808500,yahoo
2024-06-07,533.6599731445312,536.8900146484375,532.5399780273438,534.010009765625,519.9829711914062,43224500,yahoo
2024-06-10,533.1799926757812,535.989990234375,532.5700073242188,535.6599731445312,521.5895385742188,35686100,yahoo
2024-06-11,534.0700073242188,537.010009765625,532.0499877929688,536.9500122070312,522.845703125,36383400,yahoo
2024-06-12,541.6300048828125,544.1199951171875,540.2999877929688,541.3599853515625,527.139892578125,63251300,yahoo
2024-06-13,543.1500244140625,543.3300170898438,539.5900268554688,542.4500122070312,528.2012939453125,44760900,yahoo
2024-06-14,540.8800048828125,542.8099975585938,539.8499755859375,542.780029296875,528.5226440429688,40089900,yahoo
2024-06-17,542.0800170898438,548.530029296875,541.6099853515625,547.0999755859375,532.7290649414062,55839500,yahoo
2024-06-18,547.1599731445312,548.6199951171875,546.72998046875,548.489990234375,534.0827026367188,41376400,yahoo
2024-06-20,549.4400024414062,550.1199951171875,545.1799926757812,547.0,532.6317749023438,70328200,yahoo
2024-06-21,544.4000244140625,545.6500244140625,543.02001953125,544.510009765625,531.9176635742188,64338600,yahoo
2024-06-24,544.3300170898438,546.9500122070312,542.6199951171875,542.739990234375,530.1886596679688,45528700,yahoo
2024-06-25,543.989990234375,545.2000122070312,542.4400024414062,544.8300170898438,532.2302856445312,37936200,yahoo
2024-06-26,543.6900024414062,546.239990234375,543.030029296875,545.510009765625,532.8945922851562,38550600,yahoo
2024-06-27,545.3699951171875,546.9600219726562,544.6099853515625,546.3699951171875,533.7345581054688,35041500,yahoo
2024-06-28,547.1599731445312,550.280029296875,542.9500122070312,544.219970703125,531.6343383789062,76144500,yahoo
2024-07-01,545.6300048828125,545.8800048828125,542.52001953125,545.3400268554688,532.7284545898438,40297800,yahoo
2024-07-02,543.7000122070312,549.010009765625,543.6500244140625,549.010009765625,536.3135986328125,40434800,yahoo
2024-07-03,548.6900024414062,551.8300170898438,548.6500244140625,551.4600219726562,538.70703125,32789900,yahoo
2024-07-05,551.77001953125,555.0499877929688,551.1199951171875,554.6400146484375,541.8134155273438,41488400,yahoo
2024-07-08,555.4400024414062,556.25,554.1900024414062,555.280029296875,542.4386596679688,36110500,yahoo
2024-07-09,556.260009765625,557.1799926757812,555.52001953125,555.8200073242188,542.9661254882812,27289700,yahoo
2024-07-10,557.0700073242188,561.6699829101562,556.77001953125,561.3200073242188,548.3389282226562,38701200,yahoo
2024-07-11,561.4400024414062,562.3300170898438,555.8300170898438,556.47998046875,543.6107788085938,53054200,yahoo
2024-07-12,557.6300048828125,563.6699829101562,557.1500244140625,559.989990234375,547.0397338867188,53084400,yahoo
2024-07-15,562.030029296875,564.8400268554688,559.6300048828125,561.530029296875,548.5440673828125,40584300,yahoo
2024-07-16,562.8699951171875,565.1599731445312,562.0999755859375,564.8599853515625,551.7970581054688,36475300,yahoo
2024-07-17,558.7999877929688,560.510009765625,556.6099853515625,556.9400024414062,544.0602416992188,57119000,yahoo
2024-07-18,558.510009765625,559.52001953125,550.4299926757812,552.6599731445312,539.8792114257812,56270400,yahoo
2024-07-19,552.4199829101562,554.0800170898438,547.9099731445312,548.989990234375,536.2940673828125,65509100,yahoo
2024-07-22,553.0,555.27001953125,551.02001953125,554.6500244140625,541.8233032226562,43346700,yahoo
2024-07-23,554.5399780273438,556.739990234375,553.280029296875,553.780029296875,540.973388671875,34439600,yahoo
2024-07-24,548.8599853515625,549.1699829101562,540.2899780273438,541.22998046875,528.7135620117188,74515300,yahoo
2024-07-25,541.3499755859375,547.4600219726562,537.4500122070312,538.4099731445312,525.958740234375,61158300,yahoo
2024-07-26,542.280029296875,547.1900024414062,541.489990234375,544.4400024414062,531.8493041992188,53763800,yahoo
2024-07-29,546.02001953125,547.0499877929688,542.719970703125,544.760009765625,532.1619262695312,39515800,yahoo
2024-07-30,546.260009765625,547.3400268554688,538.52001953125,542.0,529.4656982421875,46853600,yahoo
2024-07-31,548.97998046875,553.5,547.5800170898438,550.8099975585938,538.0719604492188,65663400,yahoo
2024-08-01,552.5700073242188,554.8699951171875,539.4299926757812,543.010009765625,530.452392578125,76428700,yahoo
2024-08-02,535.75,536.989990234375,528.5999755859375,532.9000244140625,520.5762329101562,82789100,yahoo
2024-08-05,511.6400146484375,523.5800170898438,510.2699890136719,517.3800048828125,505.4151306152344,146267400,yahoo
2024-08-06,519.219970703125,529.75,517.8699951171875,522.1500244140625,510.0748291015625,84826300,yahoo
2024-08-07,528.469970703125,531.5900268554688,518.0499877929688,518.6599731445312,506.6654357910156,70698300,yahoo
2024-08-08,523.9099731445312,531.2899780273438,521.8400268554688,530.6500244140625,518.378173828125,63276600,yahoo
2024-08-09,529.8099975585938,534.510009765625,528.5599975585938,532.989990234375,520.6641235351562,45619600,yahoo
2024-08-12,534.2100219726562,535.72998046875,530.9500122070312,533.27001953125,520.9376831054688,42542100,yahoo
2024-08-13,536.530029296875,542.280029296875,536.280029296875,542.0399780273438,529.5046997070312,52333100,yahoo
2024-08-14,542.8499755859375,544.9600219726562,540.1199951171875,543.75,531.1753540039062,42446900,yahoo
2024-08-15,549.5,553.3599853515625,548.8800048828125,553.0700073242188,540.27978515625,60846800,yahoo
2024-08-16,551.4199829101562,555.02001953125,551.260009765625,554.3099975585938,541.4910278320312,44430700,yahoo
2024-08-19,554.72998046875,559.6099853515625,553.8599853515625,559.6099853515625,546.66845703125,39121800,yahoo
2024-08-20,559.1500244140625,560.8400268554688,557.3300170898438,558.7000122070312,545.7794799804688,33732300,yahoo
2024-08-21,559.77001953125,562.1099853515625,554.72998046875,560.6199951171875,547.6551513671875,41514600,yahoo
2024-08-22,562.5599975585938,563.1799926757812,554.97998046875,556.219970703125,543.3568725585938,56121500,yahoo
2024-08-23,559.530029296875,563.0900268554688,557.2899780273438,562.1300048828125,549.1301879882812,50639400,yahoo
2024-08-26,563.1799926757812,563.9099731445312,559.0499877929688,560.7899780273438,547.8211669921875,35788600,yahoo
2024-08-27,559.489990234375,562.0599975585938,558.3200073242188,561.5599975585938,548.5734252929688,32693900,yahoo
2024-08-28,561.2100219726562,561.6500244140625,555.0399780273438,558.2999877929688,545.3887329101562,41066000,yahoo
2024-08-29,560.3099975585938,563.6799926757812,557.1799926757812,558.3499755859375,545.4376220703125,38715200,yahoo
2024-08-30,560.77001953125,564.2000122070312,557.1400146484375,563.6799926757812,550.6444091796875,62700100,yahoo
2024-09-03,560.469970703125,560.8099975585938,549.510009765625,552.0800170898438,539.3126220703125,60600100,yahoo
2024-09-04,550.2000122070312,554.4299926757812,549.4600219726562,550.9500122070312,538.2086791992188,47224900,yahoo
2024-09-05,550.8900146484375,553.7999877929688,547.0999755859375,549.6099853515625,536.899658203125,44264300,yahoo
2024-09-06,549.9400024414062,551.5999755859375,539.4400024414062,540.3599853515625,527.8636474609375,68493800,yahoo
2024-09-09,544.6500244140625,547.7100219726562,542.6799926757812,546.4099731445312,533.7737426757812,40445800,yahoo
2024-09-10,548.3599853515625,549.1500244140625,543.3800048828125,548.7899780273438,536.0985717773438,36394600,yahoo
2024-09-11,548.7000122070312,555.3599853515625,539.9600219726562,554.4199829101562,541.5985717773438,75248600,yahoo
2024-09-12,555.010009765625,559.4000244140625,552.739990234375,559.0900268554688,546.1605224609375,51819600,yahoo
2024-09-13,559.7100219726562,563.030029296875,559.4500122070312,562.010009765625,549.0128784179688,39310500,yahoo
2024-09-16,561.739990234375,563.1099853515625,559.9000244140625,562.8400268554688,549.8237915039062,36656100,yahoo
2024-09-17,565.0999755859375,566.5800170898438,560.7899780273438,563.0700073242188,550.0485229492188,49321000,yahoo
2024-09-18,563.739990234375,568.6900024414062,560.8300170898438,561.4000244140625,548.4170532226562,59044900,yahoo
2024-09-19,571.010009765625,572.8800048828125,568.0800170898438,570.97998046875,557.7755737304688,75315500,yahoo
2024-09-20,567.8400268554688,569.3099975585938,565.1699829101562,568.25,556.8113403320312,77503100,yahoo
2024-09-23,569.3400268554688,570.3300170898438,568.0999755859375,569.6699829101562,558.2027587890625,44116900,yahoo
2024-09-24,570.47998046875,571.3599853515625,567.5999755859375,571.2999877929688,559.7999267578125,46805700,yahoo
2024-09-25,571.1400146484375,571.8900146484375,568.9099731445312,570.0399780273438,558.5653076171875,38428600,yahoo
2024-09-26,574.3800048828125,574.7100219726562,569.9000244140625,572.2999877929688,560.7798461914062,48336000,yahoo
2024-09-27,573.3900146484375,574.219970703125,570.4199829101562,571.469970703125,559.9664916992188,42100900,yahoo
2024-09-30,570.4199829101562,574.3800048828125,568.0800170898438,573.760009765625,562.2103881835938,63557400,yahoo
2024-10-01,573.4000244140625,574.0599975585938,566.0,568.6199951171875,557.1738891601562,72668800,yahoo
2024-10-02,567.7100219726562,569.9000244140625,565.27001953125,568.8599853515625,557.4090576171875,38097800,yahoo
2024-10-03,567.3599853515625,569.7999877929688,565.489990234375,567.8200073242188,556.3900756835938,40846500,yahoo
2024-10-04,572.3499755859375,573.3599853515625,568.0999755859375,572.97998046875,561.4461669921875,42939100,yahoo
2024-10-07,571.2999877929688,571.9600219726562,566.6300048828125,567.7999877929688,556.3704223632812,49964700,yahoo
2024-10-08,570.4199829101562,573.780029296875,569.530029296875,573.1699829101562,561.6323852539062,37398700,yahoo
2024-10-09,573.1599731445312,577.7100219726562,572.5499877929688,577.1400146484375,565.5223999023438,37912200,yahoo
2024-10-10,575.77001953125,577.5800170898438,574.489990234375,576.1300048828125,564.53271484375,44138100,yahoo
2024-10-11,576.0499877929688,580.3300170898438,575.9099731445312,579.5800170898438,567.9132690429688,42268000,yahoo
2024-10-14,581.219970703125,585.27001953125,580.72998046875,584.3200073242188,572.5579223632812,36217200,yahoo
2024-10-15,584.5900268554688,584.9000244140625,578.5399780273438,579.780029296875,568.1092529296875,54203600,yahoo
2024-10-16,579.780029296875,582.8300170898438,578.9600219726562,582.2999877929688,570.5784912109375,30725400,yahoo
2024-10-17,585.9099731445312,586.1199951171875,582.1599731445312,582.3499755859375,570.62744140625,34393700,yahoo
2024-10-18,584.0700073242188,585.3900146484375,582.5800170898438,584.5900268554688,572.8224487304688,37416800,yahoo
2024-10-21,583.8499755859375,584.8499755859375,580.5999755859375,583.6300048828125,571.8817138671875,36439000,yahoo
2024-10-22,581.0499877929688,584.5,580.3800048828125,583.3200073242188,571.5780029296875,34183800,yahoo
2024-10-23,581.260009765625,581.7100219726562,574.4199829101562,577.989990234375,566.355224609375,49314600,yahoo
2024-10-24,579.97998046875,580.0599975585938,576.5700073242188,579.239990234375,567.5802001953125,34979900,yahoo
2024-10-25,581.510009765625,584.4600219726562,578.0800170898438,579.0399780273438,567.384033203125,47268200,yahoo
2024-10-28,582.5800170898438,582.7100219726562,580.52001953125,580.8300170898438,569.13818359375,30174700,yahoo
2024-10-29,579.8499755859375,582.9099731445312,578.4299926757812,581.77001953125,570.0592651367188,42899700,yahoo
2024-10-30,581.2899780273438,583.3200073242188,579.2899780273438,580.010009765625,568.3346557617188,41435800,yahoo
2024-10-31,575.5599975585938,575.6300048828125,568.4400024414062,568.6400146484375,557.1934814453125,60182500,yahoo
2024-11-01,571.3200073242188,575.5499877929688,570.6199951171875,571.0399780273438,559.545166015625,45667500,yahoo
2024-11-04,571.1799926757812,572.5,567.8900146484375,569.8099975585938,558.3399047851562,38217000,yahoo
2024-11-05,570.739990234375,576.739990234375,570.52001953125,576.7000122070312,565.0912475585938,39478300,yahoo
2024-11-06,589.2000122070312,591.9299926757812,585.3900146484375,591.0399780273438,579.142578125,68182000,yahoo
2024-11-07,593.0800170898438,596.6500244140625,593.0,595.6099853515625,583.62060546875,47233200,yahoo
2024-11-08,596.1699829101562,599.6400146484375,596.1699829101562,598.1900024414062,586.148681640625,46444900,yahoo
2024-11-11,599.8099975585938,600.1699829101562,597.0,598.760009765625,586.7072143554688,37586800,yahoo
2024-11-12,598.6799926757812,599.2899780273438,594.3699951171875,596.9000244140625,584.8845825195312,43006100,yahoo
2024-11-13,597.3699951171875,599.22998046875,594.9600219726562,597.1900024414062,585.1687622070312,47388600,yahoo
2024-11-14,597.3200073242188,597.8099975585938,592.6500244140625,593.3499755859375,581.4060668945312,38904100,yahoo
2024-11-15,589.719970703125,590.2000122070312,583.8599853515625,585.75,573.9590454101562,75988800,yahoo
2024-11-18,586.219970703125,589.489990234375,585.3400268554688,588.1500244140625,576.3108520507812,37001700,yahoo
2024-11-19,584.7100219726562,591.0399780273438,584.030029296875,590.2999877929688,578.4175415039062,49412000,yahoo
2024-11-20,590.3800048828125,590.7899780273438,584.6300048828125,590.5,578.6134033203125,50032600,yahoo
2024-11-21,593.4000244140625,595.1199951171875,587.4500122070312,593.6699829101562,581.7196044921875,46750300,yahoo
2024-11-22,593.6599731445312,596.1500244140625,593.1500244140625,595.510009765625,583.5225219726562,38226400,yahoo
2024-11-25,599.52001953125,600.8599853515625,595.2000122070312,597.530029296875,585.5020141601562,42441400,yahoo
2024-11-26,598.7999877929688,601.3300170898438,598.0700073242188,600.6500244140625,588.5592041015625,45621300,yahoo
2024-11-27,600.4600219726562,600.8499755859375,597.280029296875,598.8300170898438,586.7758178710938,34000200,yahoo
2024-11-29,599.6599731445312,603.3499755859375,599.3800048828125,602.5499877929688,590.4209594726562,30177400,yahoo
2024-12-02,602.969970703125,604.3200073242188,602.469970703125,603.6300048828125,591.4791259765625,31746000,yahoo
2024-12-03,603.3900146484375,604.1599731445312,602.3400268554688,603.9099731445312,591.7534790039062,26906600,yahoo
2024-12-04,605.6300048828125,607.9099731445312,604.9500122070312,607.6599731445312,595.427978515625,42787600,yahoo
2024-12-05,607.6599731445312,608.47998046875,606.2999877929688,606.6599731445312,594.4480590820312,28762200,yahoo
2024-12-06,607.4400024414062,609.0700073242188,607.02001953125,607.8099975585938,595.5750122070312,31241500,yahoo
2024-12-09,607.6900024414062,607.8599853515625,604.0800170898438,604.6799926757812,592.508056640625,34742700,yahoo
2024-12-10,605.3699951171875,605.7999877929688,602.1300048828125,602.7999877929688,590.6658935546875,37234500,yahoo
2024-12-11,605.780029296875,608.4299926757812,605.5,607.4600219726562,595.2321166992188,28677700,yahoo
2024-12-12,606.5800170898438,607.1599731445312,604.3300170898438,604.3300170898438,592.1651000976562,31543800,yahoo
2024-12-13,606.4000244140625,607.1300048828125,602.8099975585938,604.2100219726562,592.0474853515625,35904700,yahoo
2024-12-16,606.0,607.780029296875,605.2100219726562,606.7899780273438,594.5755615234375,43695200,yahoo
2024-12-17,604.1900024414062,605.1699829101562,602.8900146484375,604.2899780273438,592.1257934570312,55773500,yahoo
2024-12-18,603.97998046875,606.4099731445312,585.8900146484375,586.280029296875,574.4784545898438,108248700,yahoo
2024-12-19,591.3599853515625,593.0,585.8499755859375,586.0999755859375,574.302001953125,85919500,yahoo
2024-12-20,581.77001953125,595.75,580.9099731445312,591.1500244140625,581.1998901367188,125716700,yahoo
2024-12-23,590.8900146484375,595.2999877929688,587.6599731445312,594.6900024414062,584.6803588867188,57635800,yahoo
2024-12-24,596.0599975585938,601.3400268554688,595.469970703125,601.2999877929688,591.1790771484375,33160100,yahoo
2024-12-26,599.5,602.47998046875,598.0800170898438,601.3400268554688,591.2184448242188,41219100,yahoo
2024-12-27,597.5399780273438,597.780029296875,590.760009765625,595.010009765625,584.9949951171875,64969300,yahoo
2024-12-30,587.8900146484375,591.739990234375,584.4099731445312,588.219970703125,578.3192138671875,56578800,yahoo
2024-12-31,589.9099731445312,590.6400146484375,584.4199829101562,586.0800170898438,576.2152709960938,57052700,yahoo
2025-01-02,589.3900146484375,591.1300048828125,580.5,584.6400146484375,574.799560546875,50204000,yahoo
2025-01-03,587.530029296875,592.5999755859375,586.4299926757812,591.9500122070312,581.9865112304688,37888500,yahoo
2025-01-06,596.27001953125,599.7000122070312,593.5999755859375,595.3599853515625,585.339111328125,47679400,yahoo
2025-01-07,597.4199829101562,597.75,586.780029296875,588.6300048828125,578.722412109375,60393100,yahoo
2025-01-08,588.7000122070312,590.5800170898438,585.2000122070312,589.489990234375,579.56787109375,47304700,yahoo
2025-01-10,585.8800048828125,585.9500122070312,578.5499877929688,580.489990234375,570.7192993164062,73105000,yahoo
2025-01-13,575.77001953125,581.75,575.3499755859375,581.3900146484375,571.6043090820312,47910100,yahoo
2025-01-14,584.3599853515625,585.0,578.3499755859375,582.1900024414062,572.3906860351562,48420600,yahoo
2025-01-15,590.3300170898438,593.9400024414062,589.2000122070312,592.780029296875,582.802490234375,56900200,yahoo
2025-01-16,594.1699829101562,594.3499755859375,590.9299926757812,591.6400146484375,581.6817626953125,43319700,yahoo
2025-01-17,596.9600219726562,599.3599853515625,595.6099853515625,597.5800170898438,587.521728515625,58070600,yahoo
2025-01-21,600.6699829101562,603.0599975585938,598.6699829101562,603.0499877929688,592.8995971679688,42532900,yahoo
2025-01-22,605.9199829101562,607.8200073242188,605.3599853515625,606.4400024414062,596.232666015625,48196000,yahoo
2025-01-23,605.7999877929688,609.75,605.52001953125,609.75,599.4869384765625,41152100,yahoo
2025-01-24,609.8099975585938,610.780029296875,606.7999877929688,607.969970703125,597.7367553710938,34604700,yahoo
2025-01-27,594.8099975585938,599.6900024414062,594.6400146484375,599.3699951171875,589.2816162109375,70361100,yahoo
2025-01-28,600.6199951171875,605.3699951171875,597.25,604.52001953125,594.3449096679688,44433300,yahoo
2025-01-29,603.719970703125,604.1300048828125,599.219970703125,601.8099975585938,591.6805419921875,37177400,yahoo
2025-01-30,603.9600219726562,606.5999755859375,600.719970703125,605.0399780273438,594.8561401367188,39281300,yahoo
2025-01-31,607.5,609.9600219726562,601.0499877929688,601.8200073242188,591.6903686523438,66566900,yahoo
2025-02-03,592.6699829101562,600.2899780273438,590.489990234375,597.77001953125,587.70849609375,65857200,yahoo
2025-02-04,597.8300170898438,602.2999877929688,597.280029296875,601.780029296875,591.6510620117188,33457800,yahoo
2025-02-05,600.6400146484375,604.3699951171875,598.5800170898438,604.219970703125,594.0498657226562,30653100,yahoo
2025-02-06,605.989990234375,606.4500122070312,602.6300048828125,606.3200073242188,596.1146240234375,35771500,yahoo
2025-02-07,606.8900146484375,608.1300048828125,600.0499877929688,600.77001953125,590.6580810546875,50788500,yahoo
2025-02-10,604.030029296875,605.5,602.739990234375,604.8499755859375,594.6693725585938,26048700,yahoo
2025-02-11,602.5499877929688,605.8599853515625,602.4299926757812,605.3099975585938,595.1215209960938,30056700,yahoo
2025-02-12,599.2000122070312,604.5499877929688,598.510009765625,603.3599853515625,593.2044677734375,45076100,yahoo
2025-02-13,604.47998046875,609.9400024414062,603.2000122070312,609.72998046875,599.4671630859375,40921300,yahoo
2025-02-14,609.9400024414062,610.989990234375,609.0700073242188,609.7000122070312,599.4376831054688,26910400,yahoo
2025-02-18,610.8800048828125,611.489990234375,608.3800048828125,611.489990234375,601.197509765625,26749000,yahoo
2025-02-19,610.0800170898438,613.22998046875,609.5599975585938,612.9299926757812,602.61328125,31011100,yahoo
2025-02-20,611.5399780273438,611.6799926757812,607.02001953125,610.3800048828125,600.1062622070312,36554000,yahoo
2025-02-21,610.1599731445312,610.2999877929688,599.469970703125,599.9400024414062,589.8419799804688,76519800,yahoo
2025-02-24,602.02001953125,603.030029296875,596.489990234375,597.2100219726562,587.1578979492188,50737200,yahoo
2025-02-25,597.1500244140625,597.8900146484375,589.5599975585938,594.239990234375,584.2379150390625,58266500,yahoo
2025-02-26,595.9299926757812,599.5800170898438,591.8599853515625,594.5399780273438,584.5328369140625,43321600,yahoo
2025-02-27,596.8499755859375,598.02001953125,584.6500244140625,585.0499877929688,575.2026977539062,74196700,yahoo
2025-02-28,585.5599975585938,594.719970703125,582.4400024414062,594.1799926757812,584.1788940429688,88744100,yahoo
2025-03-03,596.1799926757812,597.3400268554688,579.9000244140625,583.77001953125,573.9441528320312,74249200,yahoo
2025-03-04,579.7100219726562,585.3900146484375,572.25,576.8599853515625,567.1504516601562,109648200,yahoo
2025-03-05,576.6900024414062,584.8800048828125,573.0800170898438,583.0599975585938,573.24609375,71230500,yahoo
2025-03-06,575.47998046875,580.1699829101562,570.1199951171875,572.7100219726562,563.0703125,80094900,yahoo
2025-03-07,570.9000244140625,577.3900146484375,565.6300048828125,575.9199829101562,566.2262573242188,81158800,yahoo
2025-03-10,567.5900268554688,569.5399780273438,555.5900268554688,560.5800170898438,551.14453125,99326600,yahoo
2025-03-11,559.4000244140625,564.02001953125,552.02001953125,555.9199829101562,546.5628662109375,88102100,yahoo
2025-03-12,562.1699829101562,563.1099853515625,553.6900024414062,558.8699951171875,549.4631958007812,69588200,yahoo
2025-03-13,558.489990234375,559.1099853515625,549.6799926757812,551.4199829101562,542.1386108398438,74079400,yahoo
2025-03-14,556.1099853515625,563.8300170898438,551.489990234375,562.8099975585938,553.3369140625,62660300,yahoo
2025-03-17,562.7899780273438,569.7100219726562,562.3499755859375,567.1500244140625,557.6039428710938,49008700,yahoo
2025-03-18,564.7999877929688,565.02001953125,559.0599975585938,561.02001953125,551.5770263671875,66041400,yahoo
2025-03-19,562.8300170898438,570.9500122070312,561.6300048828125,567.1300048828125,557.5842895507812,66556000,yahoo
2025-03-20,563.3300170898438,570.5700073242188,562.5999755859375,565.489990234375,555.9718017578125,62958200,yahoo
2025-03-21,559.280029296875,564.8900146484375,558.030029296875,563.97998046875,556.1552734375,83763000,yahoo
2025-03-24,570.7999877929688,575.1500244140625,570.2000122070312,574.0800170898438,566.1151733398438,58766800,yahoo
2025-03-25,575.2999877929688,576.4099731445312,573.6900024414062,575.4600219726562,567.4760131835938,38355700,yahoo
2025-03-26,575.1900024414062,576.3300170898438,567.1900024414062,568.5900268554688,560.7013549804688,51848300,yahoo
2025-03-27,567.1799926757812,570.9000244140625,564.9400024414062,567.0800170898438,559.2122802734375,42164200,yahoo
2025-03-28,565.530029296875,566.27001953125,555.0700073242188,555.6599731445312,547.95068359375,71662700,yahoo
2025-03-31,549.8300170898438,560.7100219726562,546.8699951171875,559.3900146484375,551.62890625,95328200,yahoo
2025-04-01,557.4500122070312,562.9400024414062,553.6799926757812,560.969970703125,553.1870727539062,54609600,yahoo
2025-04-02,555.0499877929688,567.4199829101562,554.8099975585938,564.52001953125,556.6878051757812,76014500,yahoo
2025-04-03,545.1099853515625,547.969970703125,536.7000122070312,536.7000122070312,529.2537231445312,125986000,yahoo
2025-04-04,523.6699829101562,525.8699951171875,505.05999755859375,505.2799987792969,498.2696838378906,217965100,yahoo
2025-04-07,489.1900024414063,523.1699829101562,481.7999877929688,504.3800048828125,497.3821716308594,256611400,yahoo
2025-04-08,521.8599853515625,524.97998046875,489.1600036621094,496.4800109863281,489.591796875,165816600,yahoo
2025-04-09,493.4400024414063,548.6199951171875,493.0499877929688,548.6199951171875,541.0083618164062,241867300,yahoo
2025-04-10,532.1699829101562,533.5,509.3200073242188,524.5800170898438,517.3019409179688,162331200,yahoo
2025-04-11,523.010009765625,536.4299926757812,520.0700073242188,533.9400024414062,526.531982421875,97866300,yahoo
2025-04-14,544.0499877929688,544.280029296875,533.8599853515625,539.1199951171875,531.64013671875,68034000,yahoo
2025-04-15,539.6699829101562,543.22998046875,536.8099975585938,537.6099853515625,530.1510620117188,56892900,yahoo
2025-04-16,531.6799926757812,537.8900146484375,520.2899780273438,525.6599731445312,518.366943359375,83484800,yahoo
2025-04-17,527.6400146484375,531.1699829101562,523.9099731445312,526.4099731445312,519.1065063476562,79868100,yahoo
2025-04-21,521.1599731445312,521.7000122070312,508.4599914550781,513.8800048828125,506.7503662109375,69368100,yahoo
2025-04-22,520.1400146484375,529.2999877929688,519.1900024414062,527.25,519.9348754882812,75948100,yahoo
2025-04-23,540.4299926757812,545.4299926757812,533.8800048828125,535.4199829101562,527.9915161132812,90590700,yahoo
2025-04-24,536.719970703125,547.4299926757812,535.4500122070312,546.6900024414062,539.1051635742188,64150400,yahoo
2025-04-25,546.6500244140625,551.0499877929688,543.6900024414062,550.6400146484375,543.0003662109375,61119600,yahoo
2025-04-28,551.3900146484375,553.5499877929688,545.02001953125,550.8499755859375,543.2073364257812,47613800,yahoo
2025-04-29,548.9099731445312,555.4500122070312,548.5499877929688,554.3200073242188,546.6292724609375,47775100,yahoo
2025-04-30,547.5700073242188,556.52001953125,541.52001953125,554.5399780273438,546.8462524414062,93101500,yahoo
2025-05-01,560.3699951171875,564.0700073242188,557.8599853515625,558.469970703125,550.7216796875,63186100,yahoo
2025-05-02,564.72998046875,568.3800048828125,562.3800048828125,566.760009765625,558.8966674804688,60717300,yahoo
2025-05-05,562.5700073242188,566.6500244140625,561.7000122070312,563.510009765625,555.6917724609375,38659200,yahoo
2025-05-06,557.9299926757812,563.3499755859375,556.9600219726562,558.7999877929688,551.0470581054688,48264700,yahoo
2025-05-07,560.1500244140625,563.8200073242188,556.0399780273438,561.1500244140625,553.3645629882812,55588000,yahoo
2025-05-08,565.239990234375,570.3099975585938,561.7000122070312,565.0599975585938,557.22021484375,65130800,yahoo
2025-05-09,566.47998046875,567.5,562.760009765625,564.3400268554688,556.51025390625,37603400,yahoo
2025-05-12,581.469970703125,583.0,577.0399780273438,582.989990234375,574.9015502929688,78993600,yahoo
2025-05-13,583.4099731445312,589.0800170898438,582.8400268554688,586.8400268554688,578.6981811523438,67947200,yahoo
2025-05-14,587.8099975585938,588.97998046875,585.5399780273438,587.5900268554688,579.437744140625,66283500,yahoo
2025-05-15,585.5599975585938,590.969970703125,585.0999755859375,590.4600219726562,582.267822265625,71268100,yahoo
2025-05-16,591.25,594.5,589.280029296875,594.2000122070312,585.9559326171875,76052100,yahoo
2025-05-19,588.0999755859375,595.5399780273438,588.0999755859375,594.8499755859375,586.596923828125,68168500,yahoo
2025-05-20,593.0900268554688,594.0499877929688,589.5999755859375,592.8499755859375,584.6246948242188,60614500,yahoo
2025-05-21,588.4400024414062,592.5800170898438,581.8200073242188,582.8599853515625,574.7732543945312,95197700,yahoo
2025-05-22,582.6599731445312,586.6199951171875,581.4099731445312,583.0900268554688,575.0001831054688,70860400,yahoo
2025-05-23,575.97998046875,581.8099975585938,575.5999755859375,579.1099853515625,571.0753173828125,76029000,yahoo
2025-05-27,586.0700073242188,591.3099975585938,578.4299926757812,591.1500244140625,582.9483032226562,72588500,yahoo
2025-05-28,591.5599975585938,592.77001953125,586.989990234375,587.72998046875,579.5757446289062,68445500,yahoo
2025-05-29,593.0599975585938,593.2000122070312,586.0700073242188,590.0499877929688,581.8635864257812,69973300,yahoo
2025-05-30,588.9299926757812,591.1300048828125,583.239990234375,589.3900146484375,581.2128295898438,90601200,yahoo
2025-06-02,587.760009765625,592.7899780273438,585.0599975585938,592.7100219726562,584.4867553710938,61630500,yahoo
2025-06-03,592.3400268554688,597.0800170898438,591.8499755859375,596.0900268554688,587.8197631835938,63606200,yahoo
2025-06-04,596.9600219726562,597.9500122070312,595.489990234375,595.9299926757812,587.6619262695312,57314200,yahoo
2025-06-05,597.6300048828125,599.0,591.0499877929688,593.0499877929688,584.8218994140625,92278700,yahoo
2025-06-06,598.6599731445312,600.8300170898438,596.8599853515625,599.1400146484375,590.8274536132812,66588700,yahoo
2025-06-09,599.719970703125,601.25,598.489990234375,599.6799926757812,591.3599853515625,53016400,yahoo
2025-06-10,600.219970703125,603.469970703125,599.0900268554688,603.0800170898438,594.7128295898438,66247000,yahoo
2025-06-11,604.1900024414062,605.0599975585938,599.27001953125,601.3599853515625,593.0166625976562,73658200,yahoo
2025-06-12,600.010009765625,603.75,599.52001953125,603.75,595.37353515625,64129000,yahoo
2025-06-13,598.5,601.8499755859375,595.47998046875,597.0,588.7171630859375,89506000,yahoo
2025-06-16,600.4000244140625,604.4500122070312,600.219970703125,602.6799926757812,594.3182983398438,79984100,yahoo
2025-06-17,600.2100219726562,601.75,596.760009765625,597.530029296875,589.2398681640625,82209400,yahoo
2025-06-18,598.4400024414062,601.219970703125,596.469970703125,597.4400024414062,589.1510009765625,76605000,yahoo
2025-06-20,598.3800048828125,599.4600219726562,592.8599853515625,594.280029296875,587.7673950195312,94051400,yahoo
2025-06-23,595.0399780273438,600.5399780273438,591.8900146484375,600.1500244140625,593.5730590820312,87426000,yahoo
2025-06-24,604.3300170898438,607.8499755859375,603.4099731445312,606.780029296875,600.13037109375,67735300,yahoo
2025-06-25,607.9099731445312,608.6099853515625,605.5399780273438,607.1199951171875,600.4666748046875,62114800,yahoo
2025-06-26,608.989990234375,612.3099975585938,608.3699951171875,611.8699951171875,605.1646118164062,78548400,yahoo
2025-06-27,612.8800048828125,616.3900146484375,610.8300170898438,614.9099731445312,608.1712646484375,86258400,yahoo
2025-06-30,617.3800048828125,619.219970703125,615.0399780273438,617.8499755859375,611.0789794921875,92502500,yahoo
2025-07-01,616.3599853515625,618.8300170898438,615.52001953125,617.6500244140625,610.8812866210938,70030100,yahoo
2025-07-02,617.239990234375,620.489990234375,616.6099853515625,620.4500122070312,613.650634765625,66510400,yahoo
2025-07-03,622.4500122070312,626.280029296875,622.4299926757812,625.3400268554688,618.487060546875,51065800,yahoo
2025-07-07,623.3599853515625,624.030029296875,617.8699951171875,620.6799926757812,613.8779907226562,74814500,yahoo
2025-07-08,621.3499755859375,622.1099853515625,619.52001953125,620.3400268554688,613.5418090820312,59024600,yahoo
2025-07-09,622.77001953125,624.719970703125,620.9099731445312,624.0599975585938,617.2210083007812,66113300,yahoo
2025-07-10,624.2000122070312,626.8699951171875,623.010009765625,625.8200073242188,618.9617309570312,57529000,yahoo
2025-07-11,622.739990234375,624.8599853515625,621.530029296875,623.6199951171875,616.785888671875,63670200,yahoo
2025-07-14,623.1599731445312,625.1599731445312,621.7999877929688,624.8099975585938,617.9627685546875,51898500,yahoo
2025-07-15,627.52001953125,627.8599853515625,622.0599975585938,622.1400146484375,615.322021484375,74317300,yahoo
2025-07-16,623.739990234375,624.72998046875,618.0499877929688,624.219970703125,617.3792114257812,88987500,yahoo
2025-07-17,624.4000244140625,628.4000244140625,624.1799926757812,628.0399780273438,621.1573486328125,68885700,yahoo
2025-07-18,629.2999877929688,629.469970703125,626.4600219726562,627.5800170898438,620.7024536132812,65621600,yahoo
2025-07-21,628.77001953125,631.5399780273438,628.3400268554688,628.77001953125,621.87939453125,63375000,yahoo
2025-07-22,629.0999755859375,629.72998046875,626.1900024414062,628.8599853515625,621.9684448242188,60046300,yahoo
2025-07-23,631.5499877929688,634.2100219726562,629.72998046875,634.2100219726562,627.259765625,70511000,yahoo
2025-07-24,634.5999755859375,636.1500244140625,633.989990234375,634.4199829101562,627.4674682617188,71307100,yahoo
2025-07-25,635.0900268554688,637.5800170898438,634.8400268554688,637.0999755859375,630.1181030273438,56865400,yahoo
2025-07-28,637.47998046875,638.0399780273438,635.5399780273438,636.9400024414062,629.9598999023438,54917100,yahoo
2025-07-29,638.3499755859375,638.6699829101562,634.3400268554688,635.260009765625,628.29833984375,60556300,yahoo
2025-07-30,635.9199829101562,637.6799926757812,631.5399780273438,634.4600219726562,627.5070190429688,80418900,yahoo
2025-07-31,639.4600219726562,639.8499755859375,630.77001953125,632.0800170898438,625.1531372070312,103385200,yahoo
2025-08-01,626.2999877929688,626.3400268554688,619.2899780273438,621.719970703125,614.9065551757812,140103600,yahoo
2025-08-04,625.6699829101562,631.219970703125,625.5800170898438,631.1699829101562,624.2531127929688,73218000,yahoo
2025-08-05,631.7899780273438,632.6099853515625,627.0399780273438,627.969970703125,621.088134765625,68051400,yahoo
2025-08-06,629.0499877929688,633.4400024414062,628.1300048828125,632.780029296875,625.8455200195312,64357500,yahoo
2025-08-07,636.239990234375,636.97998046875,629.1099853515625,632.25,625.3212890625,74205800,yahoo
2025-08-08,634.0599975585938,637.6500244140625,633.739990234375,637.1799926757812,630.1972045898438,64051600,yahoo
2025-08-11,637.4600219726562,638.9500122070312,634.6599731445312,635.9199829101562,628.9510498046875,58742300,yahoo
2025-08-12,638.2899780273438,642.8499755859375,636.7899780273438,642.6900024414062,635.6468505859375,64730800,yahoo
2025-08-13,644.9099731445312,646.1900024414062,642.6799926757812,644.8900146484375,637.8228149414062,60092800,yahoo
2025-08-14,642.7899780273438,645.6199951171875,642.3400268554688,644.9500122070312,637.882080078125,59327500,yahoo
2025-08-15,645.989990234375,646.0900268554688,642.52001953125,643.4400024414062,636.3886108398438,68592500,yahoo
2025-08-18,642.8599853515625,644.0,642.1799926757812,643.2999877929688,636.2501831054688,43804900,yahoo
2025-08-19,643.1199951171875,644.1099853515625,638.47998046875,639.8099975585938,632.79833984375,69750700,yahoo
2025-08-20,639.4000244140625,639.6599731445312,632.9500122070312,638.1099853515625,631.1170043945312,88890300,yahoo
2025-08-21,636.280029296875,637.969970703125,633.8099975585938,635.5499877929688,628.5851440429688,54805800,yahoo
2025-08-22,637.760009765625,646.5,637.25,645.3099975585938,638.2381591796875,84083200,yahoo
2025-08-25,644.0399780273438,645.2899780273438,642.3499755859375,642.469970703125,635.4292602539062,51274300,yahoo
2025-08-26,642.2000122070312,645.510009765625,641.5700073242188,645.1599731445312,638.0897827148438,51581600,yahoo
2025-08-27,644.5700073242188,647.3699951171875,644.4199829101562,646.6300048828125,639.543701171875,48341100,yahoo
2025-08-28,647.239990234375,649.47998046875,645.3400268554688,648.9199829101562,641.8085327148438,61519500,yahoo
2025-08-29,647.469970703125,647.8400268554688,643.1400146484375,645.0499877929688,637.9810180664062,74522200,yahoo
2025-09-02,637.5,640.489990234375,634.9199829101562,640.27001953125,633.25341796875,81983500,yahoo
2025-09-03,642.6699829101562,644.2100219726562,640.4600219726562,643.739990234375,636.6853637695312,70820900,yahoo
2025-09-04,644.4199829101562,649.1500244140625,643.510009765625,649.1199951171875,642.0064086914062,65219200,yahoo
2025-09-05,651.47998046875,652.2100219726562,643.3300170898438,647.239990234375,640.14697265625,85178900,yahoo
2025-09-08,648.6199951171875,649.8400268554688,647.22998046875,648.8300170898438,641.7196044921875,63133100,yahoo
2025-09-09,648.969970703125,650.8599853515625,647.219970703125,650.3300170898438,643.203125,66133900,yahoo
2025-09-10,653.6199951171875,654.5499877929688,650.6300048828125,652.2100219726562,645.0625,78034500,yahoo
2025-09-11,654.1799926757812,658.3300170898438,653.5900268554688,657.6300048828125,650.4231567382812,69934400,yahoo
2025-09-12,657.5999755859375,659.1099853515625,656.9000244140625,657.4099731445312,650.2054443359375,72780100,yahoo
2025-09-15,659.6400146484375,661.0399780273438,659.3400268554688,660.9099731445312,653.6671752929688,63772400,yahoo
2025-09-16,661.469970703125,661.780029296875,659.2100219726562,660.0,652.7671508789062,61169000,yahoo
2025-09-17,660.010009765625,661.719970703125,654.2999877929688,659.1799926757812,651.9561157226562,101952200,yahoo
2025-09-18,661.8900146484375,664.8900146484375,660.27001953125,662.260009765625,655.0023193359375,90459200,yahoo
2025-09-19,662.3300170898438,664.5499877929688,660.3699951171875,663.7000122070312,658.2465209960938,97945600,yahoo
2025-09-22,662.2000122070312,667.2899780273438,662.1699829101562,666.8400268554688,661.3606567382812,69452200,yahoo
2025-09-23,666.719970703125,667.3400268554688,661.97998046875,663.2100219726562,657.7606201171875,81708900,yahoo
2025-09-24,664.510009765625,664.6099853515625,659.6699829101562,661.0999755859375,655.6677856445312,68082200,yahoo
2025-09-25,657.9400024414062,659.4099731445312,654.4099731445312,658.0499877929688,652.6429443359375,89622100,yahoo
2025-09-26,659.510009765625,662.3699951171875,657.8800048828125,661.8200073242188,656.3819580078125,69179200,yahoo
2025-09-29,664.3599853515625,665.280029296875,661.8599853515625,663.6799926757812,658.2266845703125,73499000,yahoo
2025-09-30,662.9299926757812,666.6500244140625,661.6099853515625,666.1799926757812,660.7061157226562,86288000,yahoo
2025-10-01,663.1699829101562,669.3699951171875,663.0599975585938,668.4500122070312,662.95751953125,72545400,yahoo
2025-10-02,670.4500122070312,670.5700073242188,666.780029296875,669.219970703125,663.7210693359375,56896000,yahoo
2025-10-03,669.989990234375,672.6799926757812,668.1599731445312,669.2100219726562,663.7112426757812,70494400,yahoo
2025-10-06,671.6199951171875,672.510009765625,669.4600219726562,671.6099853515625,666.0914916992188,54623300,yahoo
2025-10-07,672.5399780273438,672.989990234375,667.6699829101562,669.1199951171875,663.6219482421875,72020100,yahoo
2025-10-08,670.25,673.2100219726562,669.4199829101562,673.1099853515625,667.5791625976562,60702200,yahoo
2025-10-09,673.530029296875,673.9400024414062,669.2100219726562,671.1599731445312,665.6452026367188,66501900,yahoo
2025-10-10,672.1300048828125,673.9500122070312,652.8400268554688,653.02001953125,647.6542358398438,159422600,yahoo
2025-10-13,660.6500244140625,665.1300048828125,659.77001953125,663.0399780273438,657.5919189453125,79560500,yahoo
2025-10-14,657.1699829101562,665.8300170898438,653.1699829101562,662.22998046875,656.78857421875,88779600,yahoo
2025-10-15,666.8200073242188,670.22998046875,658.9299926757812,665.1699829101562,659.7044067382812,81702600,yahoo
2025-10-16,666.8200073242188,668.7100219726562,657.1099853515625,660.6400146484375,655.2117309570312,110563300,yahoo
2025-10-17,659.5,665.760009765625,658.1400146484375,664.3900146484375,658.9308471679688,96500900,yahoo
2025-10-20,667.3200073242188,672.2100219726562,667.27001953125,671.2999877929688,665.7840576171875,60493400,yahoo
2025-10-21,671.4400024414062,672.989990234375,669.97998046875,671.2899780273438,665.7741088867188,56249000,yahoo
2025-10-22,672.0,672.0,663.2999877929688,667.7999877929688,662.3128051757812,80564000,yahoo
2025-10-23,668.1199951171875,672.7100219726562,667.7999877929688,671.760009765625,666.2402954101562,65604500,yahoo
2025-10-24,676.4600219726562,678.469970703125,675.6500244140625,677.25,671.6851806640625,74356500,yahoo
2025-10-27,682.72998046875,685.5399780273438,682.1199951171875,685.239990234375,679.6094970703125,63339800,yahoo
2025-10-28,687.0499877929688,688.9099731445312,684.8300170898438,687.0599975585938,681.41455078125,61738100,yahoo
2025-10-29,688.719970703125,689.7000122070312,682.8699951171875,687.3900146484375,681.7418823242188,85657100,yahoo
2025-10-30,683.9000244140625,685.9400024414062,679.8300170898438,679.8300170898438,674.2439575195312,76335800,yahoo
2025-10-31,685.0399780273438,685.0800170898438,679.239990234375,682.0599975585938,676.4556274414062,87164100,yahoo
2025-11-03,685.6699829101562,685.7999877929688,679.9400024414062,683.3400268554688,677.7251586914062,57315000,yahoo
2025-11-04,676.1099853515625,679.9600219726562,674.5800170898438,675.239990234375,669.6917114257812,78427000,yahoo
2025-11-05,674.97998046875,680.8599853515625,674.1699829101562,677.5800170898438,672.0125122070312,74402400,yahoo
2025-11-06,676.469970703125,677.3800048828125,668.719970703125,670.3099975585938,664.8021850585938,85035300,yahoo
2025-11-07,667.9099731445312,671.0800170898438,661.2100219726562,670.969970703125,665.4567260742188,100592400,yahoo
2025-11-10,677.239990234375,682.1799926757812,675.030029296875,681.4400024414062,675.8407592773438,75842900,yahoo
2025-11-11,679.9500122070312,683.5700073242188,678.72998046875,683.0,677.3878784179688,58953400,yahoo
2025-11-12,684.7899780273438,684.9600219726562,680.9500122070312,683.3800048828125,677.7647705078125,62312500,yahoo
2025-11-13,680.5,680.8599853515625,670.52001953125,672.0399780273438,666.5179443359375,103457800,yahoo
2025-11-14,665.3800048828125,675.6599731445312,663.27001953125,671.9299926757812,666.408935546875,96846700,yahoo
2025-11-17,669.7000122070312,673.7100219726562,662.1699829101562,665.6699829101562,660.2002563476562,90456100,yahoo
2025-11-18,662.0999755859375,665.1199951171875,655.8599853515625,660.0800170898438,654.65625,114467500,yahoo
2025-11-19,660.780029296875,667.3400268554688,658.75,662.6300048828125,657.185302734375,94703000,yahoo
2025-11-20,672.9099731445312,675.5599975585938,651.8900146484375,652.530029296875,647.1683349609375,165293500,yahoo
2025-11-21,655.0499877929688,664.5499877929688,650.8499755859375,659.030029296875,653.6148681640625,123956200,yahoo
2025-11-24,662.6900024414062,670.0599975585938,661.5900268554688,668.72998046875,663.2351684570312,80437900,yahoo
2025-11-25,668.6300048828125,676.2100219726562,664.47998046875,675.02001953125,669.4734497070312,81077100,yahoo
2025-11-26,677.6300048828125,681.7000122070312,676.719970703125,679.6799926757812,674.09521484375,71879600,yahoo
2025-11-28,680.8599853515625,683.6699829101562,680.5,683.3900146484375,677.7747192382812,49212000,yahoo
2025-12-01,678.8099975585938,682.989990234375,678.739990234375,680.27001953125,674.6803588867188,61201200,yahoo
2025-12-02,681.9199829101562,683.8200073242188,679.3300170898438,681.530029296875,675.9300537109375,62953800,yahoo
2025-12-03,680.5700073242188,684.9099731445312,679.6900024414062,683.8900146484375,678.2706298828125,57238500,yahoo
2025-12-04,685.2999877929688,685.3699951171875,681.3400268554688,684.3900146484375,678.7665405273438,61970300,yahoo
2025-12-05,685.469970703125,688.3900146484375,684.5800170898438,685.6900024414062,680.0557861328125,79241000,yahoo
2025-12-08,686.5900268554688,686.6400146484375,681.5700073242188,683.6300048828125,678.0127563476562,55231500,yahoo
2025-12-09,683.1500244140625,685.3900146484375,682.5900268554688,683.0399780273438,677.4275512695312,58310100,yahoo
2025-12-10,682.5599975585938,688.969970703125,681.3099975585938,687.5700073242188,681.92041015625,85671300,yahoo
2025-12-11,685.1400146484375,689.25,682.1699829101562,689.1699829101562,683.5072021484375,86173700,yahoo
2025-12-12,688.1699829101562,688.8800048828125,679.1699829101562,681.760009765625,676.1580810546875,113160300,yahoo
2025-12-15,685.739990234375,685.760009765625,679.25,680.72998046875,675.1365356445312,90811000,yahoo
2025-12-16,679.22998046875,681.0800170898438,674.97998046875,678.8699951171875,673.2918701171875,122030600,yahoo
2025-12-17,679.8900146484375,680.4400024414062,671.2000122070312,671.4000244140625,665.8832397460938,110625200,yahoo
2025-12-18,677.5999755859375,680.739990234375,674.9000244140625,676.469970703125,670.9114990234375,108650100,yahoo
2025-12-19,676.5900268554688,681.0900268554688,676.469970703125,680.5900268554688,676.9923095703125,103599500,yahoo
2025-12-22,683.9400024414062,685.3599853515625,680.5900268554688,684.8300170898438,681.2098388671875,69556700,yahoo
2025-12-23,683.9199829101562,688.2000122070312,683.8699951171875,687.9600219726562,684.3233032226562,64840000,yahoo
2025-12-24,687.9500122070312,690.8300170898438,687.7999877929688,690.3800048828125,686.7305297851562,39445600,yahoo
2025-12-26,690.6400146484375,691.6599731445312,689.27001953125,690.3099975585938,686.660888671875,41613300,yahoo
2025-12-29,687.5399780273438,689.2000122070312,686.0700073242188,687.8499755859375,684.2138671875,62559500,yahoo
2025-12-30,687.4500122070312,688.5599975585938,686.5800170898438,687.010009765625,683.3782958984375,47160700,yahoo
2025-12-31,687.1400146484375,687.3599853515625,681.7100219726562,681.9199829101562,678.3152465820312,74144800,yahoo
2026-01-02,685.7100219726562,686.8699951171875,679.8200073242188,683.1699829101562,679.55859375,89377200,yahoo
2026-01-05,686.5399780273438,689.4299926757812,686.3800048828125,687.719970703125,684.0845947265625,71927200,yahoo
2026-01-06,687.9299926757812,692.3200073242188,687.780029296875,691.8099975585938,688.1529541015625,69273800,yahoo
2026-01-07,692.1900024414062,693.9600219726562,689.3200073242188,689.5800170898438,685.9347534179688,75588300,yahoo
2026-01-08,688.8200073242188,690.6199951171875,687.489990234375,689.510009765625,685.8651123046875,64019200,yahoo
2026-01-09,690.6300048828125,695.3099975585938,689.1799926757812,694.0700073242188,690.4010009765625,80125500,yahoo
2026-01-12,690.6799926757812,696.0900268554688,690.6300048828125,695.1599731445312,691.4852294921875,63976000,yahoo
2026-01-13,695.489990234375,696.0900268554688,691.3499755859375,693.77001953125,690.1026000976562,78309700,yahoo
2026-01-14,691.0,691.719970703125,686.0399780273438,690.3599853515625,686.7105712890625,94676700,yahoo
2026-01-15,694.5700073242188,695.4500122070312,691.25,692.239990234375,688.5806884765625,77862000,yahoo
2026-01-16,693.6599731445312,694.25,690.0999755859375,691.6599731445312,688.0037231445312,79289200,yahoo
2026-01-20,681.489990234375,684.77001953125,676.5700073242188,677.5800170898438,673.9981689453125,111623300,yahoo
2026-01-21,679.6500244140625,688.739990234375,678.1300048828125,685.4000244140625,681.77685546875,127844500,yahoo
2026-01-22,689.8499755859375,691.1300048828125,686.9199829101562,688.97998046875,685.3379516601562,77112200,yahoo
2026-01-23,688.1500244140625,690.9600219726562,687.1599731445312,689.22998046875,685.5865478515625,63059600,yahoo
2026-01-26,690.489990234375,694.1300048828125,689.9199829101562,692.72998046875,689.068115234375,60473800,yahoo
2026-01-27,694.1799926757812,696.530029296875,693.5700073242188,695.489990234375,691.8134765625,55506100,yahoo
2026-01-28,697.0499877929688,697.8400268554688,693.9400024414062,695.4199829101562,691.7438354492188,61172200,yahoo
2026-01-29,696.3900146484375,697.0599975585938,684.8300170898438,694.0399780273438,690.3711547851562,97486200,yahoo
2026-01-30,691.7899780273438,694.2100219726562,687.1199951171875,691.969970703125,688.3121337890625,101835100,yahoo
2026-02-02,689.5800170898438,696.9299926757812,689.4199829101562,695.4099731445312,691.73388671875,79286500,yahoo
2026-02-03,696.2100219726562,696.9600219726562,684.030029296875,689.530029296875,685.885009765625,107904600,yahoo
2026-02-04,690.3499755859375,691.4500122070312,681.760009765625,686.1900024414062,682.5626831054688,105204600,yahoo
2026-02-05,680.9400024414062,683.6900024414062,675.7899780273438,677.6199951171875,674.0379638671875,113610800,yahoo
2026-02-06,681.4600219726562,692.3099975585938,680.8499755859375,690.6199951171875,686.96923828125,89127600,yahoo
2026-02-09,689.4199829101562,695.8699951171875,688.3400268554688,693.9500122070312,690.2816162109375,73885200,yahoo
2026-02-10,694.9500122070312,696.5399780273438,691.6599731445312,692.1199951171875,688.4613037109375,65185700,yahoo
2026-02-11,696.3900146484375,697.1400146484375,689.1799926757812,691.9600219726562,688.3021850585938,76353900,yahoo
2026-02-12,694.239990234375,695.3499755859375,680.3699951171875,681.27001953125,677.668701171875,118829000,yahoo
2026-02-13,681.6900024414062,686.280029296875,677.52001953125,681.75,678.1461181640625,96267500,yahoo
2026-02-17,680.1400146484375,684.9400024414062,675.780029296875,682.8499755859375,679.2402954101562,81354700,yahoo
2026-02-18,684.02001953125,689.1500244140625,682.8300170898438,686.2899780273438,682.662109375,73570300,yahoo
2026-02-19,683.8400268554688,686.1799926757812,681.5499877929688,684.47998046875,680.8616943359375,58649400,yahoo
2026-02-20,682.3200073242188,690.0599975585938,681.72998046875,689.4299926757812,685.7855834960938,100034000,yahoo
2026-02-23,687.8300170898438,690.0,680.3699951171875,682.3900146484375,678.7827758789062,90558100,yahoo
2026-02-24,681.9000244140625,688.3499755859375,680.0,687.3499755859375,683.7164916992188,73798700,yahoo
2026-02-25,690.1799926757812,693.6799926757812,690.0999755859375,693.1500244140625,689.4859008789062,56369500,yahoo
2026-02-26,693.280029296875,693.2999877929688,684.3499755859375,689.2999877929688,685.6561889648438,71671000,yahoo
2026-02-27,683.0900268554688,686.8599853515625,681.6400146484375,685.989990234375,682.3637084960938,83308900,yahoo
2026-03-02,678.7000122070312,688.6199951171875,678.02001953125,686.3800048828125,682.7516479492188,87477200,yahoo
2026-03-03,675.0599975585938,682.6099853515625,669.6599731445312,680.3300170898438,676.7337036132812,105003100,yahoo
2026-03-04,681.6300048828125,687.0900268554688,679.6199951171875,685.1300048828125,681.50830078125,79182200,yahoo
2026-03-05,682.0800170898438,685.530029296875,675.6099853515625,681.3099975585938,677.7084350585938,106606500,yahoo
2026-03-06,673.4099731445312,676.1099853515625,669.760009765625,672.3800048828125,668.8256225585938,100687000,yahoo
2026-03-09,666.3900146484375,679.9199829101562,662.3900146484375,678.27001953125,674.6845092773438,102667700,yahoo
2026-03-10,677.719970703125,683.3599853515625,674.760009765625,677.1799926757812,673.6002807617188,81505300,yahoo
2026-03-11,677.5800170898438,680.0800170898438,673.3400268554688,676.3300170898438,672.7548217773438,68441700,yahoo
2026-03-12,671.1599731445312,671.6500244140625,665.8699951171875,666.0599975585938,662.5390625,108882200,yahoo
2026-03-13,669.27001953125,672.3400268554688,661.3599853515625,662.2899780273438,658.7890014648438,97200200,yahoo
2026-03-16,668.3800048828125,672.0700073242188,667.1199951171875,669.030029296875,665.493408203125,82023100,yahoo
2026-03-17,672.3900146484375,674.4400024414062,669.7000122070312,670.7899780273438,667.2440185546875,87128000,yahoo
2026-03-18,668.3599853515625,669.719970703125,661.1900024414062,661.4299926757812,657.9335327148438,82062600,yahoo
2026-03-19,656.969970703125,662.97998046875,655.1699829101562,659.7999877929688,656.3121337890625,111272500,yahoo
2026-03-20,656.510009765625,656.6900024414062,644.719970703125,648.5700073242188,646.9034423828125,163617500,yahoo
2026-03-23,658.0700073242188,662.6199951171875,653.9400024414062,655.3800048828125,653.6959228515625,134802700,yahoo
2026-03-24,651.3200073242188,657.030029296875,649.8800048828125,653.1799926757812,651.5015869140625,96457500,yahoo
2026-03-25,658.6699829101562,660.8900146484375,654.239990234375,656.8200073242188,655.1322021484375,90653800,yahoo
2026-03-26,652.0599975585938,654.8499755859375,644.8200073242188,645.0900268554688,643.432373046875,96494400,yahoo
2026-03-27,642.5,642.6599731445312,633.1099853515625,634.0900268554688,632.4606323242188,103649400,yahoo
2026-03-30,640.1099853515625,640.3699951171875,629.280029296875,631.969970703125,630.3460693359375,99275900,yahoo
2026-03-31,638.9400024414062,651.5399780273438,637.97998046875,650.3400268554688,648.6688842773438,152534100,yahoo
2026-04-01,653.9000244140625,658.52001953125,653.0,655.239990234375,653.5562744140625,97841500,yahoo
2026-04-02,646.4199829101562,658.2000122070312,645.1099853515625,655.8300170898438,654.144775390625,68358700,yahoo
2026-04-06,655.8599853515625,659.719970703125,655.52001953125,658.9299926757812,657.23681640625,39105800,yahoo
2026-04-07,656.6500244140625,659.6099853515625,651.0599975585938,659.219970703125,657.5260009765625,69980400,yahoo
2026-04-08,676.3900146484375,677.0800170898438,671.4600219726562,676.010009765625,674.27294921875,93606100,yahoo
2026-04-09,674.8400268554688,681.1599731445312,673.77001953125,679.9099731445312,678.162841796875,57134400,yahoo
2026-04-10,681.3200073242188,682.030029296875,678.4500122070312,679.4600219726562,677.7140502929688,42253500,yahoo
2026-04-13,677.4099731445312,686.2999877929688,676.5800170898438,686.0999755859375,684.3369750976562,54185800,yahoo
2026-04-14,687.6900024414062,694.5800170898438,687.6599731445312,694.4600219726562,692.675537109375,63480500,yahoo
2026-04-15,695.260009765625,700.280029296875,694.2000122070312,699.9400024414062,698.1414184570312,58240400,yahoo
2026-04-16,701.0599975585938,702.780029296875,698.530029296875,701.6599731445312,699.8569946289062,49972400,yahoo
2026-04-17,706.1400146484375,712.3900146484375,705.760009765625,710.1400146484375,708.3152465820312,70661900,yahoo
2026-04-20,708.780029296875,709.9099731445312,706.1400146484375,708.719970703125,706.8988037109375,43546800,yahoo
2026-04-21,710.280029296875,711.280029296875,702.6400146484375,704.0800170898438,702.2708129882812,58941400,yahoo
2026-04-22,709.1500244140625,711.4500122070312,708.219970703125,711.2100219726562,709.3825073242188,42518500,yahoo
2026-04-23,709.5,712.3599853515625,702.280029296875,708.4500122070312,706.6295776367188,56174000,yahoo
2026-04-24,710.75,714.469970703125,709.010009765625,713.9400024414062,712.10546875,45182000,yahoo
2026-04-27,713.1699829101562,715.6300048828125,712.2999877929688,715.1699829101562,713.332275390625,33135900,yahoo
2026-04-28,711.8200073242188,712.8800048828125,709.25,711.6900024414062,709.8612060546875,43117400,yahoo
2026-04-29,711.0,712.2000122070312,708.3699951171875,711.5800170898438,709.7515258789062,41859200,yahoo
2026-04-30,714.6300048828125,719.7899780273438,710.4500122070312,718.6599731445312,716.8132934570312,67240900,yahoo
2026-05-01,721.25,724.8699951171875,720.469970703125,720.6500244140625,718.7982177734375,43049800,yahoo
2026-05-04,720.0700073242188,722.1199951171875,714.989990234375,718.010009765625,716.1649780273438,51950600,yahoo
2026-05-05,721.77001953125,725.0399780273438,721.489990234375,723.77001953125,721.9102172851562,36933200,yahoo
2026-05-06,728.1599731445312,734.5900268554688,727.8200073242188,733.8300170898438,731.9443359375,53288900,yahoo
2026-05-07,735.0499877929688,736.1300048828125,729.75,731.5800170898438,729.7001342773438,51724600,yahoo
2026-05-08,734.9299926757812,738.0800170898438,734.5700073242188,737.6199951171875,735.724609375,47227100,yahoo
2026-05-11,736.4500122070312,740.7899780273438,736.4500122070312,739.2999877929688,737.4002685546875,44024000,yahoo
2026-05-12,736.8900146484375,738.8400268554688,731.8300170898438,738.1799926757812,736.2831420898438,54185300,yahoo
2026-05-13,738.469970703125,743.9099731445312,735.469970703125,742.3099975585938,740.4025268554688,44200200,yahoo
2026-05-14,743.6500244140625,749.530029296875,743.5599975585938,748.1699829101562,746.2474975585938,45307600,yahoo
2026-05-15,741.7899780273438,743.4600219726562,737.9600219726562,739.1699829101562,737.2706298828125,60410800,yahoo
2026-05-18,739.8300170898438,741.4199829101562,733.3900146484375,738.6500244140625,736.751953125,47843900,yahoo
2026-05-19,734.780029296875,737.6500244140625,731.530029296875,733.72998046875,731.8446044921875,54255900,yahoo
2026-05-20,735.7100219726562,741.8699951171875,733.8900146484375,741.25,739.3452758789062,45768000,yahoo
2026-05-21,738.6400146484375,744.8699951171875,737.030029296875,742.719970703125,740.8114624023438,43332200,yahoo
2026-05-22,746.239990234375,748.9400024414062,744.47998046875,745.6400146484375,743.7239990234375,41762000,yahoo
2026-05-26,750.010009765625,752.1300048828125,748.3699951171875,750.5900268554688,748.6613159179688,41123600,yahoo
2026-05-27,750.8800048828125,751.3800048828125,748.219970703125,750.4600219726562,748.5316162109375,42106300,yahoo
2026-05-28,750.25,755.1500244140625,749.22998046875,754.5999755859375,752.6609497070312,41562600,yahoo
2026-05-29,755.9000244140625,758.0800170898438,754.6900024414062,756.47998046875,754.5361328125,55075700,yahoo
2026-06-01,755.3599853515625,760.280029296875,754.6900024414062,758.5399780273438,756.5908203125,43634900,yahoo
2026-06-02,757.030029296875,760.4000244140625,756.75,759.5700073242188,757.6182250976562,31581900,yahoo
2026-06-03,758.1500244140625,758.7999877929688,753.5700073242188,754.239990234375,752.3018798828125,51402500,yahoo
2026-06-04,752.0999755859375,758.3099975585938,751.469970703125,757.0900268554688,755.1445922851562,49923000,yahoo
2026-06-05,752.3099975585938,752.8200073242188,735.530029296875,737.5499877929688,735.65478515625,93989400,yahoo
2026-06-08,743.3599853515625,745.3400268554688,738.1900024414062,739.219970703125,737.3204345703125,49319100,yahoo
2026-06-09,743.6300048828125,746.9000244140625,722.5900268554688,737.0499877929688,735.1560668945312,87683500,yahoo
2026-06-10,733.3900146484375,738.3800048828125,725.3300170898438,725.4299926757812,723.56591796875,60341300,yahoo
2026-06-11,728.760009765625,740.0,724.4099731445312,737.760009765625,735.8642578125,86330500,yahoo
2026-06-12,740.7100219726562,744.4400024414062,735.030029296875,741.75,739.843994140625,57079500,yahoo
2026-06-15,751.8499755859375,756.6799926757812,751.760009765625,754.8300170898438,752.890380859375,60176400,yahoo
2026-06-16,754.5499877929688,755.4400024414062,749.8800048828125,750.3300170898438,748.4019775390625,67093100,yahoo
2026-06-17,751.2899780273438,752.1500244140625,739.219970703125,740.9600219726562,739.0560302734375,85945200,yahoo
2026-06-18,747.760009765625,748.22998046875,743.8599853515625,746.739990234375,746.739990234375,80875700,yahoo
2026-06-22,747.7000122070312,750.1799926757812,743.1300048828125,744.3900146484375,744.3900146484375,46628100,yahoo
2026-06-23,733.8099975585938,739.6300048828125,732.2999877929688,733.5800170898438,733.5800170898438,66846800,yahoo
2026-06-24,735.1699829101562,739.9500122070312,730.8400268554688,733.239990234375,733.239990234375,57439500,yahoo
2026-06-25,738.9099731445312,739.3699951171875,729.5999755859375,734.2999877929688,734.2999877929688,53934400,yahoo
2026-06-26,728.9500122070312,736.530029296875,716.5800170898438,728.989990234375,728.989990234375,71034000,yahoo
2026-06-29,736.530029296875,741.5599975585938,732.0900268554688,741.0,741.0,58035200,yahoo
2026-06-30,741.2899780273438,748.02001953125,740.8900146484375,746.77001953125,746.77001953125,55626000,yahoo
2026-07-01,745.0,749.4400024414062,742.3800048828125,745.760009765625,745.760009765625,47100900,yahoo
2026-07-02,747.4000244140625,751.3099975585938,740.030029296875,744.780029296875,744.780029296875,57447800,yahoo
2026-07-06,748.739990234375,752.4099731445312,747.4099731445312,751.280029296875,751.280029296875,50673300,yahoo
2026-07-07,750.219970703125,750.9600219726562,745.2100219726562,747.7100219726562,747.7100219726562,43721500,yahoo
2026-07-08,743.1599731445312,746.1500244140625,739.510009765625,745.4000244140625,745.4000244140625,43767400,yahoo
2026-07-09,747.3499755859375,751.969970703125,745.5900268554688,751.7100219726562,751.7100219726562,41441700,yahoo
2026-07-10,752.0499877929688,755.4199829101562,748.0999755859375,754.9500122070312,754.9500122070312,42191300,yahoo
2026-07-13,752.469970703125,753.9099731445312,748.0,749.1699829101562,749.1699829101562,44013600,yahoo
2026-07-14,750.9099731445312,753.3400268554688,748.6599731445312,751.8300170898438,751.8300170898438,35143100,yahoo
2026-07-15,754.239990234375,755.5800170898438,750.2000122070312,754.8099975585938,754.8099975585938,43844800,yahoo
2026-07-16,752.760009765625,754.5700073242188,747.8800048828125,750.719970703125,750.719970703125,46409800,yahoo
2026-07-17,742.0800170898438,747.2899780273438,740.7999877929688,743.2899780273438,743.2899780273438,62651000,yahoo
2026-07-20,747.0599975585938,748.72998046875,741.510009765625,742.0900268554688,742.0900268554688,50422300,yahoo
2026-07-21,746.2899780273438,749.0399780273438,744.1799926757812,748.280029296875,748.280029296875,34324300,yahoo
2026-07-22,746.6199951171875,750.02001953125,746.3699951171875,747.4099731445312,747.4099731445312,32836200,yahoo
2026-07-23,739.3699951171875,742.5599975585938,735.2100219726562,738.1799926757812,738.1799926757812,55437300,yahoo
2026-07-24,738.510009765625,743.719970703125,737.2899780273438,738.9299926757812,738.9299926757812,44782000,yahoo
2026-07-27,744.9099731445312,745.530029296875,735.8699951171875,739.0900268554688,739.0900268554688,41461200,yahoo
2026-07-28,739.1900024414062,742.7899780273438,735.97998046875,740.8599853515625,740.8599853515625,47322200,yahoo
2026-07-29,739.969970703125,742.6799926757812,729.0999755859375,729.4600219726562,729.4600219726562,70697200,yahoo
2026-07-30,736.0499877929688,742.4500122070312,734.5900268554688,741.6900024414062,741.6900024414062,66811300,yahoo
2026-07-31,744.6799926757812,748.9000244140625,737.6799926757812,747.030029296875,747.030029296875,62339900,yahoo
2026-08-03,749.4400024414062,758.5800170898438,748.7999877929688,757.6699829101562,757.6699829101562,51941340,yahoo
2026-08-04,760.6300048828125,773.4099731445312,760.52001953125,771.3300170898438,771.3300170898438,58652412,yahoo
2026-08-05,775.8499755859375,776.8499755859375,769.52001953125,769.7899780273438,769.7899780273438,44246082,yahoo
2026-08-06,770.2100219726562,771.8200073242188,767.4600219726562,768.5599975585938,768.5599975585938,33043052,yahoo
2026-08-07,771.02001953125,773.9149780273438,769.6099853515625,773.260009765625,773.260009765625,42664673,yahoo
2026-08-10,772.5999755859375,775.030029296875,771.8900146484375,773.030029296875,773.030029296875,31958749,yahoo
2026-08-11,774.530029296875,774.6099853515625,769.3400268554688,770.5599975585938,770.5599975585938,36216318,yahoo
2026-08-12,774.7100219726562,774.8699951171875,771.2899780273438,772.489990234375,772.489990234375,32771433,yahoo
2026-08-13,774.8699951171875,779.3699951171875,774.1110229492188,777.8800048828125,777.8800048828125,30258928,yahoo
2026-08-14,778.5399780273438,778.7999877929688,775.4301147460938,776.3400268554688,776.3400268554688,29940248,yahoo
2026-08-17,776.1799926757812,776.7750244140625,772.510009765625,772.6699829101562,772.6699829101562,33285717,yahoo
2026-08-18,768.7000122070312,769.5,766.9199829101562,767.4500122070312,767.4500122070312,43244035,yahoo
2026-08-19,770.3599853515625,772.469970703125,768.1099853515625,769.0599975585938,769.0599975585938,39805642,yahoo
2026-08-20,765.9600219726562,768.1500244140625,762.0499877929688,762.5999755859375,762.5999755859375,45427032,yahoo
2026-08-21,766.0499877929688,767.8499755859375,764.1699829101562,765.719970703125,765.719970703125,38583716,yahoo
